    -6.50500    -6.50500    -6.50500    -6.50500    -6.50500    -6.50500    -6.50500    -6.50500    -6.50500    -6.50500    -6.50500    -6.50500    -6.50500    -6.50500    -6.50500    -6.50500    -6.50500    -6.50500    -6.50500    -6.50500    -6.50500    -6.50500    -6.50500    -6.50500    -6.50500    -6.50500    -6.50500    -6.50500    -6.50500    -6.50500    -6.50500    -6.50500    -6.50500    -6.50500    -6.50500    -6.50500    -6.50500    -6.50500    -6.50500    -6.50500    -6.50500    -6.50500    -6.50500    -6.50500    -6.50500    -6.50500    -6.50500    -6.50500    -6.50500    -6.50500    -6.50500    -6.50500    -6.50500    -6.50500    -6.50500    -6.50500    -6.50500    -6.50500    -6.50500    -6.50500    -6.50500    -6.50500    -6.50500    -6.50500    -6.50500    -6.50500    -6.50500    -6.50500    -6.50500    -6.50500    -6.50500    -6.50500    -6.50500    -6.50500    -6.50500    -6.50500    -6.50500    -6.50500    -6.50500    -6.50500    -6.50500    -6.50500    -6.50500    -6.50500    -6.50500    -6.50500    -6.50500    -6.50500    -6.50500    -6.50500    -6.50500    -6.50500    -6.50500    -6.50500    -6.50500    -6.50500    -6.50500    -6.50500    -6.50500    -6.50500    -6.50500    -6.50500    -6.50500    -6.50500    -6.50500    -6.50500    -6.50500    -6.50500    -6.50500    -6.50500    -6.50500    -6.50500    -6.50500    -6.50500    -6.50500    -6.50500    -6.50500    -6.50500    -6.50500    -6.50500    -6.50500    -6.50500    -6.50500    -6.50500    -6.50500    -6.50500    -6.50500    -6.50500    -6.50500    -6.50500    -6.50500    -6.50500    -6.50500    -6.50500    -6.50500    -6.50500    -6.50500    -6.50500    -6.50500    -6.50500    -6.50500    -6.50500    -6.50500    -6.50500    -6.50500    -6.50500    -6.50500    -6.50500    -6.50500    -6.50500    -6.50500    -6.50500    -6.50500    -6.50500    -6.50500    -6.50500    -6.50500    -6.50500    -6.50500    -6.50500    -6.50500    -6.50500
    -6.49500    -6.49500    -6.49500    -6.49500    -6.49500    -6.49500    -6.49500    -6.49500    -6.49500    -6.49500    -6.49500    -6.49500    -6.49500    -6.49500    -6.49500    -6.49500    -6.49500    -6.49500    -6.49500    -6.49500    -6.49500    -6.49500    -6.49500    -6.49500    -6.49500    -6.49500    -6.49500    -6.49500    -6.49500    -6.49500    -6.49500    -6.49500    -6.49500    -6.49500    -6.49500    -6.49500    -6.49500    -6.49500    -6.49500    -6.49500    -6.49500    -6.49500    -6.49500    -6.49500    -6.49500    -6.49500    -6.49500    -6.49500    -6.49500    -6.49500    -6.49500    -6.49500    -6.49500    -6.49500    -6.49500    -6.49500    -6.49500    -6.49500    -6.49500    -6.49500    -6.49500    -6.49500    -6.49500    -6.49500    -6.49500    -6.49500    -6.49500    -6.49500    -6.49500    -6.49500    -6.49500    -6.49500    -6.49500    -6.49500    -6.49500    -6.49500    -6.49500    -6.49500    -6.49500    -6.49500    -6.49500    -6.49500    -6.49500    -6.49500    -6.49500    -6.49500    -6.49500    -6.49500    -6.49500    -6.49500    -6.49500    -6.49500    -6.49500    -6.49500    -6.49500    -6.49500    -6.49500    -6.49500    -6.49500    -6.49500    -6.49500    -6.49500    -6.49500    -6.49500    -6.49500    -6.49500    -6.49500    -6.49500    -6.49500    -6.49500    -6.49500    -6.49500    -6.49500    -6.49500    -6.49500    -6.49500    -6.49500    -6.49500    -6.49500    -6.49500    -6.49500    -6.49500    -6.49500    -6.49500    -6.49500    -6.49500    -6.49500    -6.49500    -6.49500    -6.49500    -6.49500    -6.49500    -6.49500    -6.49500    -6.49500    -6.49500    -6.49500    -6.49500    -6.49500    -6.49500    -6.49500    -6.49500    -6.49500    -6.49500    -6.49500    -6.49500    -6.49500    -6.49500    -6.49500    -6.49500    -6.49500    -6.49500    -6.49500    -6.49500    -6.49500    -6.49500    -6.49500    -6.49500    -6.49500    -6.49500    -6.49500    -6.49500
    -6.48500    -6.48500    -6.48500    -6.48500    -6.48500    -6.48500    -6.48500    -6.48500    -6.48500    -6.48500    -6.48500    -6.48500    -6.48500    -6.48500    -6.48500    -6.48500    -6.48500    -6.48500    -6.48500    -6.48500    -6.48500    -6.48500    -6.48500    -6.48500    -6.48500    -6.48500    -6.48500    -6.48500    -6.48500    -6.48500    -6.48500    -6.48500    -6.48500    -6.48500    -6.48500    -6.48500    -6.48500    -6.48500    -6.48500    -6.48500    -6.48500    -6.48500    -6.48500    -6.48500    -6.48500    -6.48500    -6.48500    -6.48500    -6.48500    -6.48500    -6.48500    -6.48500    -6.48500    -6.48500    -6.48500    -6.48500    -6.48500    -6.48500    -6.48500    -6.48500    -6.48500    -6.48500    -6.48500    -6.48500    -6.48500    -6.48500    -6.48500    -6.48500    -6.48500    -6.48500    -6.48500    -6.48500    -6.48500    -6.48500    -6.48500    -6.48500    -6.48500    -6.48500    -6.48500    -6.48500    -6.48500    -6.48500    -6.48500    -6.48500    -6.48500    -6.48500    -6.48500    -6.48500    -6.48500    -6.48500    -6.48500    -6.48500    -6.48500    -6.48500    -6.48500    -6.48500    -6.48500    -6.48500    -6.48500    -6.48500    -6.48500    -6.48500    -6.48500    -6.48500    -6.48500    -6.48500    -6.48500    -6.48500    -6.48500    -6.48500    -6.48500    -6.48500    -6.48500    -6.48500    -6.48500    -6.48500    -6.48500    -6.48500    -6.48500    -6.48500    -6.48500    -6.48500    -6.48500    -6.48500    -6.48500    -6.48500    -6.48500    -6.48500    -6.48500    -6.48500    -6.48500    -6.48500    -6.48500    -6.48500    -6.48500    -6.48500    -6.48500    -6.48500    -6.48500    -6.48500    -6.48500    -6.48500    -6.48500    -6.48500    -6.48500    -6.48500    -6.48500    -6.48500    -6.48500    -6.48500    -6.48500    -6.48500    -6.48500    -6.48500    -6.48500    -6.48500    -6.48500    -6.48500    -6.48500    -6.48500    -6.48500    -6.48500
    -6.47500    -6.47500    -6.47500    -6.47500    -6.47500    -6.47500    -6.47500    -6.47500    -6.47500    -6.47500    -6.47500    -6.47500    -6.47500    -6.47500    -6.47500    -6.47500    -6.47500    -6.47500    -6.47500    -6.47500    -6.47500    -6.47500    -6.47500    -6.47500    -6.47500    -6.47500    -6.47500    -6.47500    -6.47500    -6.47500    -6.47500    -6.47500    -6.47500    -6.47500    -6.47500    -6.47500    -6.47500    -6.47500    -6.47500    -6.47500    -6.47500    -6.47500    -6.47500    -6.47500    -6.47500    -6.47500    -6.47500    -6.47500    -6.47500    -6.47500    -6.47500    -6.47500    -6.47500    -6.47500    -6.47500    -6.47500    -6.47500    -6.47500    -6.47500    -6.47500    -6.47500    -6.47500    -6.47500    -6.47500    -6.47500    -6.47500    -6.47500    -6.47500    -6.47500    -6.47500    -6.47500    -6.47500    -6.47500    -6.47500    -6.47500    -6.47500    -6.47500    -6.47500    -6.47500    -6.47500    -6.47500    -6.47500    -6.47500    -6.47500    -6.47500    -6.47500    -6.47500    -6.47500    -6.47500    -6.47500    -6.47500    -6.47500    -6.47500    -6.47500    -6.47500    -6.47500    -6.47500    -6.47500    -6.47500    -6.47500    -6.47500    -6.47500    -6.47500    -6.47500    -6.47500    -6.47500    -6.47500    -6.47500    -6.47500    -6.47500    -6.47500    -6.47500    -6.47500    -6.47500    -6.47500    -6.47500    -6.47500    -6.47500    -6.47500    -6.47500    -6.47500    -6.47500    -6.47500    -6.47500    -6.47500    -6.47500    -6.47500    -6.47500    -6.47500    -6.47500    -6.47500    -6.47500    -6.47500    -6.47500    -6.47500    -6.47500    -6.47500    -6.47500    -6.47500    -6.47500    -6.47500    -6.47500    -6.47500    -6.47500    -6.47500    -6.47500    -6.47500    -6.47500    -6.47500    -6.47500    -6.47500    -6.47500    -6.47500    -6.47500    -6.47500    -6.47500    -6.47500    -6.47500    -6.47500    -6.47500    -6.47500    -6.47500
    -6.46500    -6.46500    -6.46500    -6.46500    -6.46500    -6.46500    -6.46500    -6.46500    -6.46500    -6.46500    -6.46500    -6.46500    -6.46500    -6.46500    -6.46500    -6.46500    -6.46500    -6.46500    -6.46500    -6.46500    -6.46500    -6.46500    -6.46500    -6.46500    -6.46500    -6.46500    -6.46500    -6.46500    -6.46500    -6.46500    -6.46500    -6.46500    -6.46500    -6.46500    -6.46500    -6.46500    -6.46500    -6.46500    -6.46500    -6.46500    -6.46500    -6.46500    -6.46500    -6.46500    -6.46500    -6.46500    -6.46500    -6.46500    -6.46500    -6.46500    -6.46500    -6.46500    -6.46500    -6.46500    -6.46500    -6.46500    -6.46500    -6.46500    -6.46500    -6.46500    -6.46500    -6.46500    -6.46500    -6.46500    -6.46500    -6.46500    -6.46500    -6.46500    -6.46500    -6.46500    -6.46500    -6.46500    -6.46500    -6.46500    -6.46500    -6.46500    -6.46500    -6.46500    -6.46500    -6.46500    -6.46500    -6.46500    -6.46500    -6.46500    -6.46500    -6.46500    -6.46500    -6.46500    -6.46500    -6.46500    -6.46500    -6.46500    -6.46500    -6.46500    -6.46500    -6.46500    -6.46500    -6.46500    -6.46500    -6.46500    -6.46500    -6.46500    -6.46500    -6.46500    -6.46500    -6.46500    -6.46500    -6.46500    -6.46500    -6.46500    -6.46500    -6.46500    -6.46500    -6.46500    -6.46500    -6.46500    -6.46500    -6.46500    -6.46500    -6.46500    -6.46500    -6.46500    -6.46500    -6.46500    -6.46500    -6.46500    -6.46500    -6.46500    -6.46500    -6.46500    -6.46500    -6.46500    -6.46500    -6.46500    -6.46500    -6.46500    -6.46500    -6.46500    -6.46500    -6.46500    -6.46500    -6.46500    -6.46500    -6.46500    -6.46500    -6.46500    -6.46500    -6.46500    -6.46500    -6.46500    -6.46500    -6.46500    -6.46500    -6.46500    -6.46500    -6.46500    -6.46500    -6.46500    -6.46500    -6.46500    -6.46500    -6.46500
    -6.45500    -6.45500    -6.45500    -6.45500    -6.45500    -6.45500    -6.45500    -6.45500    -6.45500    -6.45500    -6.45500    -6.45500    -6.45500    -6.45500    -6.45500    -6.45500    -6.45500    -6.45500    -6.45500    -6.45500    -6.45500    -6.45500    -6.45500    -6.45500    -6.45500    -6.45500    -6.45500    -6.45500    -6.45500    -6.45500    -6.45500    -6.45500    -6.45500    -6.45500    -6.45500    -6.45500    -6.45500    -6.45500    -6.45500    -6.45500    -6.45500    -6.45500    -6.45500    -6.45500    -6.45500    -6.45500    -6.45500    -6.45500    -6.45500    -6.45500    -6.45500    -6.45500    -6.45500    -6.45500    -6.45500    -6.45500    -6.45500    -6.45500    -6.45500    -6.45500    -6.45500    -6.45500    -6.45500    -6.45500    -6.45500    -6.45500    -6.45500    -6.45500    -6.45500    -6.45500    -6.45500    -6.45500    -6.45500    -6.45500    -6.45500    -6.45500    -6.45500    -6.45500    -6.45500    -6.45500    -6.45500    -6.45500    -6.45500    -6.45500    -6.45500    -6.45500    -6.45500    -6.45500    -6.45500    -6.45500    -6.45500    -6.45500    -6.45500    -6.45500    -6.45500    -6.45500    -6.45500    -6.45500    -6.45500    -6.45500    -6.45500    -6.45500    -6.45500    -6.45500    -6.45500    -6.45500    -6.45500    -6.45500    -6.45500    -6.45500    -6.45500    -6.45500    -6.45500    -6.45500    -6.45500    -6.45500    -6.45500    -6.45500    -6.45500    -6.45500    -6.45500    -6.45500    -6.45500    -6.45500    -6.45500    -6.45500    -6.45500    -6.45500    -6.45500    -6.45500    -6.45500    -6.45500    -6.45500    -6.45500    -6.45500    -6.45500    -6.45500    -6.45500    -6.45500    -6.45500    -6.45500    -6.45500    -6.45500    -6.45500    -6.45500    -6.45500    -6.45500    -6.45500    -6.45500    -6.45500    -6.45500    -6.45500    -6.45500    -6.45500    -6.45500    -6.45500    -6.45500    -6.45500    -6.45500    -6.45500    -6.45500    -6.45500
    -6.44500    -6.44500    -6.44500    -6.44500    -6.44500    -6.44500    -6.44500    -6.44500    -6.44500    -6.44500    -6.44500    -6.44500    -6.44500    -6.44500    -6.44500    -6.44500    -6.44500    -6.44500    -6.44500    -6.44500    -6.44500    -6.44500    -6.44500    -6.44500    -6.44500    -6.44500    -6.44500    -6.44500    -6.44500    -6.44500    -6.44500    -6.44500    -6.44500    -6.44500    -6.44500    -6.44500    -6.44500    -6.44500    -6.44500    -6.44500    -6.44500    -6.44500    -6.44500    -6.44500    -6.44500    -6.44500    -6.44500    -6.44500    -6.44500    -6.44500    -6.44500    -6.44500    -6.44500    -6.44500    -6.44500    -6.44500    -6.44500    -6.44500    -6.44500    -6.44500    -6.44500    -6.44500    -6.44500    -6.44500    -6.44500    -6.44500    -6.44500    -6.44500    -6.44500    -6.44500    -6.44500    -6.44500    -6.44500    -6.44500    -6.44500    -6.44500    -6.44500    -6.44500    -6.44500    -6.44500    -6.44500    -6.44500    -6.44500    -6.44500    -6.44500    -6.44500    -6.44500    -6.44500    -6.44500    -6.44500    -6.44500    -6.44500    -6.44500    -6.44500    -6.44500    -6.44500    -6.44500    -6.44500    -6.44500    -6.44500    -6.44500    -6.44500    -6.44500    -6.44500    -6.44500    -6.44500    -6.44500    -6.44500    -6.44500    -6.44500    -6.44500    -6.44500    -6.44500    -6.44500    -6.44500    -6.44500    -6.44500    -6.44500    -6.44500    -6.44500    -6.44500    -6.44500    -6.44500    -6.44500    -6.44500    -6.44500    -6.44500    -6.44500    -6.44500    -6.44500    -6.44500    -6.44500    -6.44500    -6.44500    -6.44500    -6.44500    -6.44500    -6.44500    -6.44500    -6.44500    -6.44500    -6.44500    -6.44500    -6.44500    -6.44500    -6.44500    -6.44500    -6.44500    -6.44500    -6.44500    -6.44500    -6.44500    -6.44500    -6.44500    -6.44500    -6.44500    -6.44500    -6.44500    -6.44500    -6.44500    -6.44500    -6.44500
    -6.43500    -6.43500    -6.43500    -6.43500    -6.43500    -6.43500    -6.43500    -6.43500    -6.43500    -6.43500    -6.43500    -6.43500    -6.43500    -6.43500    -6.43500    -6.43500    -6.43500    -6.43500    -6.43500    -6.43500    -6.43500    -6.43500    -6.43500    -6.43500    -6.43500    -6.43500    -6.43500    -6.43500    -6.43500    -6.43500    -6.43500    -6.43500    -6.43500    -6.43500    -6.43500    -6.43500    -6.43500    -6.43500    -6.43500    -6.43500    -6.43500    -6.43500    -6.43500    -6.43500    -6.43500    -6.43500    -6.43500    -6.43500    -6.43500    -6.43500    -6.43500    -6.43500    -6.43500    -6.43500    -6.43500    -6.43500    -6.43500    -6.43500    -6.43500    -6.43500    -6.43500    -6.43500    -6.43500    -6.43500    -6.43500    -6.43500    -6.43500    -6.43500    -6.43500    -6.43500    -6.43500    -6.43500    -6.43500    -6.43500    -6.43500    -6.43500    -6.43500    -6.43500    -6.43500    -6.43500    -6.43500    -6.43500    -6.43500    -6.43500    -6.43500    -6.43500    -6.43500    -6.43500    -6.43500    -6.43500    -6.43500    -6.43500    -6.43500    -6.43500    -6.43500    -6.43500    -6.43500    -6.43500    -6.43500    -6.43500    -6.43500    -6.43500    -6.43500    -6.43500    -6.43500    -6.43500    -6.43500    -6.43500    -6.43500    -6.43500    -6.43500    -6.43500    -6.43500    -6.43500    -6.43500    -6.43500    -6.43500    -6.43500    -6.43500    -6.43500    -6.43500    -6.43500    -6.43500    -6.43500    -6.43500    -6.43500    -6.43500    -6.43500    -6.43500    -6.43500    -6.43500    -6.43500    -6.43500    -6.43500    -6.43500    -6.43500    -6.43500    -6.43500    -6.43500    -6.43500    -6.43500    -6.43500    -6.43500    -6.43500    -6.43500    -6.43500    -6.43500    -6.43500    -6.43500    -6.43500    -6.43500    -6.43500    -6.43500    -6.43500    -6.43500    -6.43500    -6.43500    -6.43500    -6.43500    -6.43500    -6.43500    -6.43500
    -6.42500    -6.42500    -6.42500    -6.42500    -6.42500    -6.42500    -6.42500    -6.42500    -6.42500    -6.42500    -6.42500    -6.42500    -6.42500    -6.42500    -6.42500    -6.42500    -6.42500    -6.42500    -6.42500    -6.42500    -6.42500    -6.42500    -6.42500    -6.42500    -6.42500    -6.42500    -6.42500    -6.42500    -6.42500    -6.42500    -6.42500    -6.42500    -6.42500    -6.42500    -6.42500    -6.42500    -6.42500    -6.42500    -6.42500    -6.42500    -6.42500    -6.42500    -6.42500    -6.42500    -6.42500    -6.42500    -6.42500    -6.42500    -6.42500    -6.42500    -6.42500    -6.42500    -6.42500    -6.42500    -6.42500    -6.42500    -6.42500    -6.42500    -6.42500    -6.42500    -6.42500    -6.42500    -6.42500    -6.42500    -6.42500    -6.42500    -6.42500    -6.42500    -6.42500    -6.42500    -6.42500    -6.42500    -6.42500    -6.42500    -6.42500    -6.42500    -6.42500    -6.42500    -6.42500    -6.42500    -6.42500    -6.42500    -6.42500    -6.42500    -6.42500    -6.42500    -6.42500    -6.42500    -6.42500    -6.42500    -6.42500    -6.42500    -6.42500    -6.42500    -6.42500    -6.42500    -6.42500    -6.42500    -6.42500    -6.42500    -6.42500    -6.42500    -6.42500    -6.42500    -6.42500    -6.42500    -6.42500    -6.42500    -6.42500    -6.42500    -6.42500    -6.42500    -6.42500    -6.42500    -6.42500    -6.42500    -6.42500    -6.42500    -6.42500    -6.42500    -6.42500    -6.42500    -6.42500    -6.42500    -6.42500    -6.42500    -6.42500    -6.42500    -6.42500    -6.42500    -6.42500    -6.42500    -6.42500    -6.42500    -6.42500    -6.42500    -6.42500    -6.42500    -6.42500    -6.42500    -6.42500    -6.42500    -6.42500    -6.42500    -6.42500    -6.42500    -6.42500    -6.42500    -6.42500    -6.42500    -6.42500    -6.42500    -6.42500    -6.42500    -6.42500    -6.42500    -6.42500    -6.42500    -6.42500    -6.42500    -6.42500    -6.42500
    -6.41500    -6.41500    -6.41500    -6.41500    -6.41500    -6.41500    -6.41500    -6.41500    -6.41500    -6.41500    -6.41500    -6.41500    -6.41500    -6.41500    -6.41500    -6.41500    -6.41500    -6.41500    -6.41500    -6.41500    -6.41500    -6.41500    -6.41500    -6.41500    -6.41500    -6.41500    -6.41500    -6.41500    -6.41500    -6.41500    -6.41500    -6.41500    -6.41500    -6.41500    -6.41500    -6.41500    -6.41500    -6.41500    -6.41500    -6.41500    -6.41500    -6.41500    -6.41500    -6.41500    -6.41500    -6.41500    -6.41500    -6.41500    -6.41500    -6.41500    -6.41500    -6.41500    -6.41500    -6.41500    -6.41500    -6.41500    -6.41500    -6.41500    -6.41500    -6.41500    -6.41500    -6.41500    -6.41500    -6.41500    -6.41500    -6.41500    -6.41500    -6.41500    -6.41500    -6.41500    -6.41500    -6.41500    -6.41500    -6.41500    -6.41500    -6.41500    -6.41500    -6.41500    -6.41500    -6.41500    -6.41500    -6.41500    -6.41500    -6.41500    -6.41500    -6.41500    -6.41500    -6.41500    -6.41500    -6.41500    -6.41500    -6.41500    -6.41500    -6.41500    -6.41500    -6.41500    -6.41500    -6.41500    -6.41500    -6.41500    -6.41500    -6.41500    -6.41500    -6.41500    -6.41500    -6.41500    -6.41500    -6.41500    -6.41500    -6.41500    -6.41500    -6.41500    -6.41500    -6.41500    -6.41500    -6.41500    -6.41500    -6.41500    -6.41500    -6.41500    -6.41500    -6.41500    -6.41500    -6.41500    -6.41500    -6.41500    -6.41500    -6.41500    -6.41500    -6.41500    -6.41500    -6.41500    -6.41500    -6.41500    -6.41500    -6.41500    -6.41500    -6.41500    -6.41500    -6.41500    -6.41500    -6.41500    -6.41500    -6.41500    -6.41500    -6.41500    -6.41500    -6.41500    -6.41500    -6.41500    -6.41500    -6.41500    -6.41500    -6.41500    -6.41500    -6.41500    -6.41500    -6.41500    -6.41500    -6.41500    -6.41500    -6.41500
    -6.40500    -6.40500    -6.40500    -6.40500    -6.40500    -6.40500    -6.40500    -6.40500    -6.40500    -6.40500    -6.40500    -6.40500    -6.40500    -6.40500    -6.40500    -6.40500    -6.40500    -6.40500    -6.40500    -6.40500    -6.40500    -6.40500    -6.40500    -6.40500    -6.40500    -6.40500    -6.40500    -6.40500    -6.40500    -6.40500    -6.40500    -6.40500    -6.40500    -6.40500    -6.40500    -6.40500    -6.40500    -6.40500    -6.40500    -6.40500    -6.40500    -6.40500    -6.40500    -6.40500    -6.40500    -6.40500    -6.40500    -6.40500    -6.40500    -6.40500    -6.40500    -6.40500    -6.40500    -6.40500    -6.40500    -6.40500    -6.40500    -6.40500    -6.40500    -6.40500    -6.40500    -6.40500    -6.40500    -6.40500    -6.40500    -6.40500    -6.40500    -6.40500    -6.40500    -6.40500    -6.40500    -6.40500    -6.40500    -6.40500    -6.40500    -6.40500    -6.40500    -6.40500    -6.40500    -6.40500    -6.40500    -6.40500    -6.40500    -6.40500    -6.40500    -6.40500    -6.40500    -6.40500    -6.40500    -6.40500    -6.40500    -6.40500    -6.40500    -6.40500    -6.40500    -6.40500    -6.40500    -6.40500    -6.40500    -6.40500    -6.40500    -6.40500    -6.40500    -6.40500    -6.40500    -6.40500    -6.40500    -6.40500    -6.40500    -6.40500    -6.40500    -6.40500    -6.40500    -6.40500    -6.40500    -6.40500    -6.40500    -6.40500    -6.40500    -6.40500    -6.40500    -6.40500    -6.40500    -6.40500    -6.40500    -6.40500    -6.40500    -6.40500    -6.40500    -6.40500    -6.40500    -6.40500    -6.40500    -6.40500    -6.40500    -6.40500    -6.40500    -6.40500    -6.40500    -6.40500    -6.40500    -6.40500    -6.40500    -6.40500    -6.40500    -6.40500    -6.40500    -6.40500    -6.40500    -6.40500    -6.40500    -6.40500    -6.40500    -6.40500    -6.40500    -6.40500    -6.40500    -6.40500    -6.40500    -6.40500    -6.40500    -6.40500
    -6.39500    -6.39500    -6.39500    -6.39500    -6.39500    -6.39500    -6.39500    -6.39500    -6.39500    -6.39500    -6.39500    -6.39500    -6.39500    -6.39500    -6.39500    -6.39500    -6.39500    -6.39500    -6.39500    -6.39500    -6.39500    -6.39500    -6.39500    -6.39500    -6.39500    -6.39500    -6.39500    -6.39500    -6.39500    -6.39500    -6.39500    -6.39500    -6.39500    -6.39500    -6.39500    -6.39500    -6.39500    -6.39500    -6.39500    -6.39500    -6.39500    -6.39500    -6.39500    -6.39500    -6.39500    -6.39500    -6.39500    -6.39500    -6.39500    -6.39500    -6.39500    -6.39500    -6.39500    -6.39500    -6.39500    -6.39500    -6.39500    -6.39500    -6.39500    -6.39500    -6.39500    -6.39500    -6.39500    -6.39500    -6.39500    -6.39500    -6.39500    -6.39500    -6.39500    -6.39500    -6.39500    -6.39500    -6.39500    -6.39500    -6.39500    -6.39500    -6.39500    -6.39500    -6.39500    -6.39500    -6.39500    -6.39500    -6.39500    -6.39500    -6.39500    -6.39500    -6.39500    -6.39500    -6.39500    -6.39500    -6.39500    -6.39500    -6.39500    -6.39500    -6.39500    -6.39500    -6.39500    -6.39500    -6.39500    -6.39500    -6.39500    -6.39500    -6.39500    -6.39500    -6.39500    -6.39500    -6.39500    -6.39500    -6.39500    -6.39500    -6.39500    -6.39500    -6.39500    -6.39500    -6.39500    -6.39500    -6.39500    -6.39500    -6.39500    -6.39500    -6.39500    -6.39500    -6.39500    -6.39500    -6.39500    -6.39500    -6.39500    -6.39500    -6.39500    -6.39500    -6.39500    -6.39500    -6.39500    -6.39500    -6.39500    -6.39500    -6.39500    -6.39500    -6.39500    -6.39500    -6.39500    -6.39500    -6.39500    -6.39500    -6.39500    -6.39500    -6.39500    -6.39500    -6.39500    -6.39500    -6.39500    -6.39500    -6.39500    -6.39500    -6.39500    -6.39500    -6.39500    -6.39500    -6.39500    -6.39500    -6.39500    -6.39500
    -6.38500    -6.38500    -6.38500    -6.38500    -6.38500    -6.38500    -6.38500    -6.38500    -6.38500    -6.38500    -6.38500    -6.38500    -6.38500    -6.38500    -6.38500    -6.38500    -6.38500    -6.38500    -6.38500    -6.38500    -6.38500    -6.38500    -6.38500    -6.38500    -6.38500    -6.38500    -6.38500    -6.38500    -6.38500    -6.38500    -6.38500    -6.38500    -6.38500    -6.38500    -6.38500    -6.38500    -6.38500    -6.38500    -6.38500    -6.38500    -6.38500    -6.38500    -6.38500    -6.38500    -6.38500    -6.38500    -6.38500    -6.38500    -6.38500    -6.38500    -6.38500    -6.38500    -6.38500    -6.38500    -6.38500    -6.38500    -6.38500    -6.38500    -6.38500    -6.38500    -6.38500    -6.38500    -6.38500    -6.38500    -6.38500    -6.38500    -6.38500    -6.38500    -6.38500    -6.38500    -6.38500    -6.38500    -6.38500    -6.38500    -6.38500    -6.38500    -6.38500    -6.38500    -6.38500    -6.38500    -6.38500    -6.38500    -6.38500    -6.38500    -6.38500    -6.38500    -6.38500    -6.38500    -6.38500    -6.38500    -6.38500    -6.38500    -6.38500    -6.38500    -6.38500    -6.38500    -6.38500    -6.38500    -6.38500    -6.38500    -6.38500    -6.38500    -6.38500    -6.38500    -6.38500    -6.38500    -6.38500    -6.38500    -6.38500    -6.38500    -6.38500    -6.38500    -6.38500    -6.38500    -6.38500    -6.38500    -6.38500    -6.38500    -6.38500    -6.38500    -6.38500    -6.38500    -6.38500    -6.38500    -6.38500    -6.38500    -6.38500    -6.38500    -6.38500    -6.38500    -6.38500    -6.38500    -6.38500    -6.38500    -6.38500    -6.38500    -6.38500    -6.38500    -6.38500    -6.38500    -6.38500    -6.38500    -6.38500    -6.38500    -6.38500    -6.38500    -6.38500    -6.38500    -6.38500    -6.38500    -6.38500    -6.38500    -6.38500    -6.38500    -6.38500    -6.38500    -6.38500    -6.38500    -6.38500    -6.38500    -6.38500    -6.38500
    -6.37500    -6.37500    -6.37500    -6.37500    -6.37500    -6.37500    -6.37500    -6.37500    -6.37500    -6.37500    -6.37500    -6.37500    -6.37500    -6.37500    -6.37500    -6.37500    -6.37500    -6.37500    -6.37500    -6.37500    -6.37500    -6.37500    -6.37500    -6.37500    -6.37500    -6.37500    -6.37500    -6.37500    -6.37500    -6.37500    -6.37500    -6.37500    -6.37500    -6.37500    -6.37500    -6.37500    -6.37500    -6.37500    -6.37500    -6.37500    -6.37500    -6.37500    -6.37500    -6.37500    -6.37500    -6.37500    -6.37500    -6.37500    -6.37500    -6.37500    -6.37500    -6.37500    -6.37500    -6.37500    -6.37500    -6.37500    -6.37500    -6.37500    -6.37500    -6.37500    -6.37500    -6.37500    -6.37500    -6.37500    -6.37500    -6.37500    -6.37500    -6.37500    -6.37500    -6.37500    -6.37500    -6.37500    -6.37500    -6.37500    -6.37500    -6.37500    -6.37500    -6.37500    -6.37500    -6.37500    -6.37500    -6.37500    -6.37500    -6.37500    -6.37500    -6.37500    -6.37500    -6.37500    -6.37500    -6.37500    -6.37500    -6.37500    -6.37500    -6.37500    -6.37500    -6.37500    -6.37500    -6.37500    -6.37500    -6.37500    -6.37500    -6.37500    -6.37500    -6.37500    -6.37500    -6.37500    -6.37500    -6.37500    -6.37500    -6.37500    -6.37500    -6.37500    -6.37500    -6.37500    -6.37500    -6.37500    -6.37500    -6.37500    -6.37500    -6.37500    -6.37500    -6.37500    -6.37500    -6.37500    -6.37500    -6.37500    -6.37500    -6.37500    -6.37500    -6.37500    -6.37500    -6.37500    -6.37500    -6.37500    -6.37500    -6.37500    -6.37500    -6.37500    -6.37500    -6.37500    -6.37500    -6.37500    -6.37500    -6.37500    -6.37500    -6.37500    -6.37500    -6.37500    -6.37500    -6.37500    -6.37500    -6.37500    -6.37500    -6.37500    -6.37500    -6.37500    -6.37500    -6.37500    -6.37500    -6.37500    -6.37500    -6.37500
    -6.36500    -6.36500    -6.36500    -6.36500    -6.36500    -6.36500    -6.36500    -6.36500    -6.36500    -6.36500    -6.36500    -6.36500    -6.36500    -6.36500    -6.36500    -6.36500    -6.36500    -6.36500    -6.36500    -6.36500    -6.36500    -6.36500    -6.36500    -6.36500    -6.36500    -6.36500    -6.36500    -6.36500    -6.36500    -6.36500    -6.36500    -6.36500    -6.36500    -6.36500    -6.36500    -6.36500    -6.36500    -6.36500    -6.36500    -6.36500    -6.36500    -6.36500    -6.36500    -6.36500    -6.36500    -6.36500    -6.36500    -6.36500    -6.36500    -6.36500    -6.36500    -6.36500    -6.36500    -6.36500    -6.36500    -6.36500    -6.36500    -6.36500    -6.36500    -6.36500    -6.36500    -6.36500    -6.36500    -6.36500    -6.36500    -6.36500    -6.36500    -6.36500    -6.36500    -6.36500    -6.36500    -6.36500    -6.36500    -6.36500    -6.36500    -6.36500    -6.36500    -6.36500    -6.36500    -6.36500    -6.36500    -6.36500    -6.36500    -6.36500    -6.36500    -6.36500    -6.36500    -6.36500    -6.36500    -6.36500    -6.36500    -6.36500    -6.36500    -6.36500    -6.36500    -6.36500    -6.36500    -6.36500    -6.36500    -6.36500    -6.36500    -6.36500    -6.36500    -6.36500    -6.36500    -6.36500    -6.36500    -6.36500    -6.36500    -6.36500    -6.36500    -6.36500    -6.36500    -6.36500    -6.36500    -6.36500    -6.36500    -6.36500    -6.36500    -6.36500    -6.36500    -6.36500    -6.36500    -6.36500    -6.36500    -6.36500    -6.36500    -6.36500    -6.36500    -6.36500    -6.36500    -6.36500    -6.36500    -6.36500    -6.36500    -6.36500    -6.36500    -6.36500    -6.36500    -6.36500    -6.36500    -6.36500    -6.36500    -6.36500    -6.36500    -6.36500    -6.36500    -6.36500    -6.36500    -6.36500    -6.36500    -6.36500    -6.36500    -6.36500    -6.36500    -6.36500    -6.36500    -6.36500    -6.36500    -6.36500    -6.36500    -6.36500
    -6.35500    -6.35500    -6.35500    -6.35500    -6.35500    -6.35500    -6.35500    -6.35500    -6.35500    -6.35500    -6.35500    -6.35500    -6.35500    -6.35500    -6.35500    -6.35500    -6.35500    -6.35500    -6.35500    -6.35500    -6.35500    -6.35500    -6.35500    -6.35500    -6.35500    -6.35500    -6.35500    -6.35500    -6.35500    -6.35500    -6.35500    -6.35500    -6.35500    -6.35500    -6.35500    -6.35500    -6.35500    -6.35500    -6.35500    -6.35500    -6.35500    -6.35500    -6.35500    -6.35500    -6.35500    -6.35500    -6.35500    -6.35500    -6.35500    -6.35500    -6.35500    -6.35500    -6.35500    -6.35500    -6.35500    -6.35500    -6.35500    -6.35500    -6.35500    -6.35500    -6.35500    -6.35500    -6.35500    -6.35500    -6.35500    -6.35500    -6.35500    -6.35500    -6.35500    -6.35500    -6.35500    -6.35500    -6.35500    -6.35500    -6.35500    -6.35500    -6.35500    -6.35500    -6.35500    -6.35500    -6.35500    -6.35500    -6.35500    -6.35500    -6.35500    -6.35500    -6.35500    -6.35500    -6.35500    -6.35500    -6.35500    -6.35500    -6.35500    -6.35500    -6.35500    -6.35500    -6.35500    -6.35500    -6.35500    -6.35500    -6.35500    -6.35500    -6.35500    -6.35500    -6.35500    -6.35500    -6.35500    -6.35500    -6.35500    -6.35500    -6.35500    -6.35500    -6.35500    -6.35500    -6.35500    -6.35500    -6.35500    -6.35500    -6.35500    -6.35500    -6.35500    -6.35500    -6.35500    -6.35500    -6.35500    -6.35500    -6.35500    -6.35500    -6.35500    -6.35500    -6.35500    -6.35500    -6.35500    -6.35500    -6.35500    -6.35500    -6.35500    -6.35500    -6.35500    -6.35500    -6.35500    -6.35500    -6.35500    -6.35500    -6.35500    -6.35500    -6.35500    -6.35500    -6.35500    -6.35500    -6.35500    -6.35500    -6.35500    -6.35500    -6.35500    -6.35500    -6.35500    -6.35500    -6.35500    -6.35500    -6.35500    -6.35500
    -6.34500    -6.34500    -6.34500    -6.34500    -6.34500    -6.34500    -6.34500    -6.34500    -6.34500    -6.34500    -6.34500    -6.34500    -6.34500    -6.34500    -6.34500    -6.34500    -6.34500    -6.34500    -6.34500    -6.34500    -6.34500    -6.34500    -6.34500    -6.34500    -6.34500    -6.34500    -6.34500    -6.34500    -6.34500    -6.34500    -6.34500    -6.34500    -6.34500    -6.34500    -6.34500    -6.34500    -6.34500    -6.34500    -6.34500    -6.34500    -6.34500    -6.34500    -6.34500    -6.34500    -6.34500    -6.34500    -6.34500    -6.34500    -6.34500    -6.34500    -6.34500    -6.34500    -6.34500    -6.34500    -6.34500    -6.34500    -6.34500    -6.34500    -6.34500    -6.34500    -6.34500    -6.34500    -6.34500    -6.34500    -6.34500    -6.34500    -6.34500    -6.34500    -6.34500    -6.34500    -6.34500    -6.34500    -6.34500    -6.34500    -6.34500    -6.34500    -6.34500    -6.34500    -6.34500    -6.34500    -6.34500    -6.34500    -6.34500    -6.34500    -6.34500    -6.34500    -6.34500    -6.34500    -6.34500    -6.34500    -6.34500    -6.34500    -6.34500    -6.34500    -6.34500    -6.34500    -6.34500    -6.34500    -6.34500    -6.34500    -6.34500    -6.34500    -6.34500    -6.34500    -6.34500    -6.34500    -6.34500    -6.34500    -6.34500    -6.34500    -6.34500    -6.34500    -6.34500    -6.34500    -6.34500    -6.34500    -6.34500    -6.34500    -6.34500    -6.34500    -6.34500    -6.34500    -6.34500    -6.34500    -6.34500    -6.34500    -6.34500    -6.34500    -6.34500    -6.34500    -6.34500    -6.34500    -6.34500    -6.34500    -6.34500    -6.34500    -6.34500    -6.34500    -6.34500    -6.34500    -6.34500    -6.34500    -6.34500    -6.34500    -6.34500    -6.34500    -6.34500    -6.34500    -6.34500    -6.34500    -6.34500    -6.34500    -6.34500    -6.34500    -6.34500    -6.34500    -6.34500    -6.34500    -6.34500    -6.34500    -6.34500    -6.34500
    -6.33500    -6.33500    -6.33500    -6.33500    -6.33500    -6.33500    -6.33500    -6.33500    -6.33500    -6.33500    -6.33500    -6.33500    -6.33500    -6.33500    -6.33500    -6.33500    -6.33500    -6.33500    -6.33500    -6.33500    -6.33500    -6.33500    -6.33500    -6.33500    -6.33500    -6.33500    -6.33500    -6.33500    -6.33500    -6.33500    -6.33500    -6.33500    -6.33500    -6.33500    -6.33500    -6.33500    -6.33500    -6.33500    -6.33500    -6.33500    -6.33500    -6.33500    -6.33500    -6.33500    -6.33500    -6.33500    -6.33500    -6.33500    -6.33500    -6.33500    -6.33500    -6.33500    -6.33500    -6.33500    -6.33500    -6.33500    -6.33500    -6.33500    -6.33500    -6.33500    -6.33500    -6.33500    -6.33500    -6.33500    -6.33500    -6.33500    -6.33500    -6.33500    -6.33500    -6.33500    -6.33500    -6.33500    -6.33500    -6.33500    -6.33500    -6.33500    -6.33500    -6.33500    -6.33500    -6.33500    -6.33500    -6.33500    -6.33500    -6.33500    -6.33500    -6.33500    -6.33500    -6.33500    -6.33500    -6.33500    -6.33500    -6.33500    -6.33500    -6.33500    -6.33500    -6.33500    -6.33500    -6.33500    -6.33500    -6.33500    -6.33500    -6.33500    -6.33500    -6.33500    -6.33500    -6.33500    -6.33500    -6.33500    -6.33500    -6.33500    -6.33500    -6.33500    -6.33500    -6.33500    -6.33500    -6.33500    -6.33500    -6.33500    -6.33500    -6.33500    -6.33500    -6.33500    -6.33500    -6.33500    -6.33500    -6.33500    -6.33500    -6.33500    -6.33500    -6.33500    -6.33500    -6.33500    -6.33500    -6.33500    -6.33500    -6.33500    -6.33500    -6.33500    -6.33500    -6.33500    -6.33500    -6.33500    -6.33500    -6.33500    -6.33500    -6.33500    -6.33500    -6.33500    -6.33500    -6.33500    -6.33500    -6.33500    -6.33500    -6.33500    -6.33500    -6.33500    -6.33500    -6.33500    -6.33500    -6.33500    -6.33500    -6.33500
    -6.32500    -6.32500    -6.32500    -6.32500    -6.32500    -6.32500    -6.32500    -6.32500    -6.32500    -6.32500    -6.32500    -6.32500    -6.32500    -6.32500    -6.32500    -6.32500    -6.32500    -6.32500    -6.32500    -6.32500    -6.32500    -6.32500    -6.32500    -6.32500    -6.32500    -6.32500    -6.32500    -6.32500    -6.32500    -6.32500    -6.32500    -6.32500    -6.32500    -6.32500    -6.32500    -6.32500    -6.32500    -6.32500    -6.32500    -6.32500    -6.32500    -6.32500    -6.32500    -6.32500    -6.32500    -6.32500    -6.32500    -6.32500    -6.32500    -6.32500    -6.32500    -6.32500    -6.32500    -6.32500    -6.32500    -6.32500    -6.32500    -6.32500    -6.32500    -6.32500    -6.32500    -6.32500    -6.32500    -6.32500    -6.32500    -6.32500    -6.32500    -6.32500    -6.32500    -6.32500    -6.32500    -6.32500    -6.32500    -6.32500    -6.32500    -6.32500    -6.32500    -6.32500    -6.32500    -6.32500    -6.32500    -6.32500    -6.32500    -6.32500    -6.32500    -6.32500    -6.32500    -6.32500    -6.32500    -6.32500    -6.32500    -6.32500    -6.32500    -6.32500    -6.32500    -6.32500    -6.32500    -6.32500    -6.32500    -6.32500    -6.32500    -6.32500    -6.32500    -6.32500    -6.32500    -6.32500    -6.32500    -6.32500    -6.32500    -6.32500    -6.32500    -6.32500    -6.32500    -6.32500    -6.32500    -6.32500    -6.32500    -6.32500    -6.32500    -6.32500    -6.32500    -6.32500    -6.32500    -6.32500    -6.32500    -6.32500    -6.32500    -6.32500    -6.32500    -6.32500    -6.32500    -6.32500    -6.32500    -6.32500    -6.32500    -6.32500    -6.32500    -6.32500    -6.32500    -6.32500    -6.32500    -6.32500    -6.32500    -6.32500    -6.32500    -6.32500    -6.32500    -6.32500    -6.32500    -6.32500    -6.32500    -6.32500    -6.32500    -6.32500    -6.32500    -6.32500    -6.32500    -6.32500    -6.32500    -6.32500    -6.32500    -6.32500
    -6.31500    -6.31500    -6.31500    -6.31500    -6.31500    -6.31500    -6.31500    -6.31500    -6.31500    -6.31500    -6.31500    -6.31500    -6.31500    -6.31500    -6.31500    -6.31500    -6.31500    -6.31500    -6.31500    -6.31500    -6.31500    -6.31500    -6.31500    -6.31500    -6.31500    -6.31500    -6.31500    -6.31500    -6.31500    -6.31500    -6.31500    -6.31500    -6.31500    -6.31500    -6.31500    -6.31500    -6.31500    -6.31500    -6.31500    -6.31500    -6.31500    -6.31500    -6.31500    -6.31500    -6.31500    -6.31500    -6.31500    -6.31500    -6.31500    -6.31500    -6.31500    -6.31500    -6.31500    -6.31500    -6.31500    -6.31500    -6.31500    -6.31500    -6.31500    -6.31500    -6.31500    -6.31500    -6.31500    -6.31500    -6.31500    -6.31500    -6.31500    -6.31500    -6.31500    -6.31500    -6.31500    -6.31500    -6.31500    -6.31500    -6.31500    -6.31500    -6.31500    -6.31500    -6.31500    -6.31500    -6.31500    -6.31500    -6.31500    -6.31500    -6.31500    -6.31500    -6.31500    -6.31500    -6.31500    -6.31500    -6.31500    -6.31500    -6.31500    -6.31500    -6.31500    -6.31500    -6.31500    -6.31500    -6.31500    -6.31500    -6.31500    -6.31500    -6.31500    -6.31500    -6.31500    -6.31500    -6.31500    -6.31500    -6.31500    -6.31500    -6.31500    -6.31500    -6.31500    -6.31500    -6.31500    -6.31500    -6.31500    -6.31500    -6.31500    -6.31500    -6.31500    -6.31500    -6.31500    -6.31500    -6.31500    -6.31500    -6.31500    -6.31500    -6.31500    -6.31500    -6.31500    -6.31500    -6.31500    -6.31500    -6.31500    -6.31500    -6.31500    -6.31500    -6.31500    -6.31500    -6.31500    -6.31500    -6.31500    -6.31500    -6.31500    -6.31500    -6.31500    -6.31500    -6.31500    -6.31500    -6.31500    -6.31500    -6.31500    -6.31500    -6.31500    -6.31500    -6.31500    -6.31500    -6.31500    -6.31500    -6.31500    -6.31500
    -6.30500    -6.30500    -6.30500    -6.30500    -6.30500    -6.30500    -6.30500    -6.30500    -6.30500    -6.30500    -6.30500    -6.30500    -6.30500    -6.30500    -6.30500    -6.30500    -6.30500    -6.30500    -6.30500    -6.30500    -6.30500    -6.30500    -6.30500    -6.30500    -6.30500    -6.30500    -6.30500    -6.30500    -6.30500    -6.30500    -6.30500    -6.30500    -6.30500    -6.30500    -6.30500    -6.30500    -6.30500    -6.30500    -6.30500    -6.30500    -6.30500    -6.30500    -6.30500    -6.30500    -6.30500    -6.30500    -6.30500    -6.30500    -6.30500    -6.30500    -6.30500    -6.30500    -6.30500    -6.30500    -6.30500    -6.30500    -6.30500    -6.30500    -6.30500    -6.30500    -6.30500    -6.30500    -6.30500    -6.30500    -6.30500    -6.30500    -6.30500    -6.30500    -6.30500    -6.30500    -6.30500    -6.30500    -6.30500    -6.30500    -6.30500    -6.30500    -6.30500    -6.30500    -6.30500    -6.30500    -6.30500    -6.30500    -6.30500    -6.30500    -6.30500    -6.30500    -6.30500    -6.30500    -6.30500    -6.30500    -6.30500    -6.30500    -6.30500    -6.30500    -6.30500    -6.30500    -6.30500    -6.30500    -6.30500    -6.30500    -6.30500    -6.30500    -6.30500    -6.30500    -6.30500    -6.30500    -6.30500    -6.30500    -6.30500    -6.30500    -6.30500    -6.30500    -6.30500    -6.30500    -6.30500    -6.30500    -6.30500    -6.30500    -6.30500    -6.30500    -6.30500    -6.30500    -6.30500    -6.30500    -6.30500    -6.30500    -6.30500    -6.30500    -6.30500    -6.30500    -6.30500    -6.30500    -6.30500    -6.30500    -6.30500    -6.30500    -6.30500    -6.30500    -6.30500    -6.30500    -6.30500    -6.30500    -6.30500    -6.30500    -6.30500    -6.30500    -6.30500    -6.30500    -6.30500    -6.30500    -6.30500    -6.30500    -6.30500    -6.30500    -6.30500    -6.30500    -6.30500    -6.30500    -6.30500    -6.30500    -6.30500    -6.30500
    -6.29500    -6.29500    -6.29500    -6.29500    -6.29500    -6.29500    -6.29500    -6.29500    -6.29500    -6.29500    -6.29500    -6.29500    -6.29500    -6.29500    -6.29500    -6.29500    -6.29500    -6.29500    -6.29500    -6.29500    -6.29500    -6.29500    -6.29500    -6.29500    -6.29500    -6.29500    -6.29500    -6.29500    -6.29500    -6.29500    -6.29500    -6.29500    -6.29500    -6.29500    -6.29500    -6.29500    -6.29500    -6.29500    -6.29500    -6.29500    -6.29500    -6.29500    -6.29500    -6.29500    -6.29500    -6.29500    -6.29500    -6.29500    -6.29500    -6.29500    -6.29500    -6.29500    -6.29500    -6.29500    -6.29500    -6.29500    -6.29500    -6.29500    -6.29500    -6.29500    -6.29500    -6.29500    -6.29500    -6.29500    -6.29500    -6.29500    -6.29500    -6.29500    -6.29500    -6.29500    -6.29500    -6.29500    -6.29500    -6.29500    -6.29500    -6.29500    -6.29500    -6.29500    -6.29500    -6.29500    -6.29500    -6.29500    -6.29500    -6.29500    -6.29500    -6.29500    -6.29500    -6.29500    -6.29500    -6.29500    -6.29500    -6.29500    -6.29500    -6.29500    -6.29500    -6.29500    -6.29500    -6.29500    -6.29500    -6.29500    -6.29500    -6.29500    -6.29500    -6.29500    -6.29500    -6.29500    -6.29500    -6.29500    -6.29500    -6.29500    -6.29500    -6.29500    -6.29500    -6.29500    -6.29500    -6.29500    -6.29500    -6.29500    -6.29500    -6.29500    -6.29500    -6.29500    -6.29500    -6.29500    -6.29500    -6.29500    -6.29500    -6.29500    -6.29500    -6.29500    -6.29500    -6.29500    -6.29500    -6.29500    -6.29500    -6.29500    -6.29500    -6.29500    -6.29500    -6.29500    -6.29500    -6.29500    -6.29500    -6.29500    -6.29500    -6.29500    -6.29500    -6.29500    -6.29500    -6.29500    -6.29500    -6.29500    -6.29500    -6.29500    -6.29500    -6.29500    -6.29500    -6.29500    -6.29500    -6.29500    -6.29500    -6.29500
    -6.28500    -6.28500    -6.28500    -6.28500    -6.28500    -6.28500    -6.28500    -6.28500    -6.28500    -6.28500    -6.28500    -6.28500    -6.28500    -6.28500    -6.28500    -6.28500    -6.28500    -6.28500    -6.28500    -6.28500    -6.28500    -6.28500    -6.28500    -6.28500    -6.28500    -6.28500    -6.28500    -6.28500    -6.28500    -6.28500    -6.28500    -6.28500    -6.28500    -6.28500    -6.28500    -6.28500    -6.28500    -6.28500    -6.28500    -6.28500    -6.28500    -6.28500    -6.28500    -6.28500    -6.28500    -6.28500    -6.28500    -6.28500    -6.28500    -6.28500    -6.28500    -6.28500    -6.28500    -6.28500    -6.28500    -6.28500    -6.28500    -6.28500    -6.28500    -6.28500    -6.28500    -6.28500    -6.28500    -6.28500    -6.28500    -6.28500    -6.28500    -6.28500    -6.28500    -6.28500    -6.28500    -6.28500    -6.28500    -6.28500    -6.28500    -6.28500    -6.28500    -6.28500    -6.28500    -6.28500    -6.28500    -6.28500    -6.28500    -6.28500    -6.28500    -6.28500    -6.28500    -6.28500    -6.28500    -6.28500    -6.28500    -6.28500    -6.28500    -6.28500    -6.28500    -6.28500    -6.28500    -6.28500    -6.28500    -6.28500    -6.28500    -6.28500    -6.28500    -6.28500    -6.28500    -6.28500    -6.28500    -6.28500    -6.28500    -6.28500    -6.28500    -6.28500    -6.28500    -6.28500    -6.28500    -6.28500    -6.28500    -6.28500    -6.28500    -6.28500    -6.28500    -6.28500    -6.28500    -6.28500    -6.28500    -6.28500    -6.28500    -6.28500    -6.28500    -6.28500    -6.28500    -6.28500    -6.28500    -6.28500    -6.28500    -6.28500    -6.28500    -6.28500    -6.28500    -6.28500    -6.28500    -6.28500    -6.28500    -6.28500    -6.28500    -6.28500    -6.28500    -6.28500    -6.28500    -6.28500    -6.28500    -6.28500    -6.28500    -6.28500    -6.28500    -6.28500    -6.28500    -6.28500    -6.28500    -6.28500    -6.28500    -6.28500
    -6.27500    -6.27500    -6.27500    -6.27500    -6.27500    -6.27500    -6.27500    -6.27500    -6.27500    -6.27500    -6.27500    -6.27500    -6.27500    -6.27500    -6.27500    -6.27500    -6.27500    -6.27500    -6.27500    -6.27500    -6.27500    -6.27500    -6.27500    -6.27500    -6.27500    -6.27500    -6.27500    -6.27500    -6.27500    -6.27500    -6.27500    -6.27500    -6.27500    -6.27500    -6.27500    -6.27500    -6.27500    -6.27500    -6.27500    -6.27500    -6.27500    -6.27500    -6.27500    -6.27500    -6.27500    -6.27500    -6.27500    -6.27500    -6.27500    -6.27500    -6.27500    -6.27500    -6.27500    -6.27500    -6.27500    -6.27500    -6.27500    -6.27500    -6.27500    -6.27500    -6.27500    -6.27500    -6.27500    -6.27500    -6.27500    -6.27500    -6.27500    -6.27500    -6.27500    -6.27500    -6.27500    -6.27500    -6.27500    -6.27500    -6.27500    -6.27500    -6.27500    -6.27500    -6.27500    -6.27500    -6.27500    -6.27500    -6.27500    -6.27500    -6.27500    -6.27500    -6.27500    -6.27500    -6.27500    -6.27500    -6.27500    -6.27500    -6.27500    -6.27500    -6.27500    -6.27500    -6.27500    -6.27500    -6.27500    -6.27500    -6.27500    -6.27500    -6.27500    -6.27500    -6.27500    -6.27500    -6.27500    -6.27500    -6.27500    -6.27500    -6.27500    -6.27500    -6.27500    -6.27500    -6.27500    -6.27500    -6.27500    -6.27500    -6.27500    -6.27500    -6.27500    -6.27500    -6.27500    -6.27500    -6.27500    -6.27500    -6.27500    -6.27500    -6.27500    -6.27500    -6.27500    -6.27500    -6.27500    -6.27500    -6.27500    -6.27500    -6.27500    -6.27500    -6.27500    -6.27500    -6.27500    -6.27500    -6.27500    -6.27500    -6.27500    -6.27500    -6.27500    -6.27500    -6.27500    -6.27500    -6.27500    -6.27500    -6.27500    -6.27500    -6.27500    -6.27500    -6.27500    -6.27500    -6.27500    -6.27500    -6.27500    -6.27500
    -6.26500    -6.26500    -6.26500    -6.26500    -6.26500    -6.26500    -6.26500    -6.26500    -6.26500    -6.26500    -6.26500    -6.26500    -6.26500    -6.26500    -6.26500    -6.26500    -6.26500    -6.26500    -6.26500    -6.26500    -6.26500    -6.26500    -6.26500    -6.26500    -6.26500    -6.26500    -6.26500    -6.26500    -6.26500    -6.26500    -6.26500    -6.26500    -6.26500    -6.26500    -6.26500    -6.26500    -6.26500    -6.26500    -6.26500    -6.26500    -6.26500    -6.26500    -6.26500    -6.26500    -6.26500    -6.26500    -6.26500    -6.26500    -6.26500    -6.26500    -6.26500    -6.26500    -6.26500    -6.26500    -6.26500    -6.26500    -6.26500    -6.26500    -6.26500    -6.26500    -6.26500    -6.26500    -6.26500    -6.26500    -6.26500    -6.26500    -6.26500    -6.26500    -6.26500    -6.26500    -6.26500    -6.26500    -6.26500    -6.26500    -6.26500    -6.26500    -6.26500    -6.26500    -6.26500    -6.26500    -6.26500    -6.26500    -6.26500    -6.26500    -6.26500    -6.26500    -6.26500    -6.26500    -6.26500    -6.26500    -6.26500    -6.26500    -6.26500    -6.26500    -6.26500    -6.26500    -6.26500    -6.26500    -6.26500    -6.26500    -6.26500    -6.26500    -6.26500    -6.26500    -6.26500    -6.26500    -6.26500    -6.26500    -6.26500    -6.26500    -6.26500    -6.26500    -6.26500    -6.26500    -6.26500    -6.26500    -6.26500    -6.26500    -6.26500    -6.26500    -6.26500    -6.26500    -6.26500    -6.26500    -6.26500    -6.26500    -6.26500    -6.26500    -6.26500    -6.26500    -6.26500    -6.26500    -6.26500    -6.26500    -6.26500    -6.26500    -6.26500    -6.26500    -6.26500    -6.26500    -6.26500    -6.26500    -6.26500    -6.26500    -6.26500    -6.26500    -6.26500    -6.26500    -6.26500    -6.26500    -6.26500    -6.26500    -6.26500    -6.26500    -6.26500    -6.26500    -6.26500    -6.26500    -6.26500    -6.26500    -6.26500    -6.26500
    -6.25500    -6.25500    -6.25500    -6.25500    -6.25500    -6.25500    -6.25500    -6.25500    -6.25500    -6.25500    -6.25500    -6.25500    -6.25500    -6.25500    -6.25500    -6.25500    -6.25500    -6.25500    -6.25500    -6.25500    -6.25500    -6.25500    -6.25500    -6.25500    -6.25500    -6.25500    -6.25500    -6.25500    -6.25500    -6.25500    -6.25500    -6.25500    -6.25500    -6.25500    -6.25500    -6.25500    -6.25500    -6.25500    -6.25500    -6.25500    -6.25500    -6.25500    -6.25500    -6.25500    -6.25500    -6.25500    -6.25500    -6.25500    -6.25500    -6.25500    -6.25500    -6.25500    -6.25500    -6.25500    -6.25500    -6.25500    -6.25500    -6.25500    -6.25500    -6.25500    -6.25500    -6.25500    -6.25500    -6.25500    -6.25500    -6.25500    -6.25500    -6.25500    -6.25500    -6.25500    -6.25500    -6.25500    -6.25500    -6.25500    -6.25500    -6.25500    -6.25500    -6.25500    -6.25500    -6.25500    -6.25500    -6.25500    -6.25500    -6.25500    -6.25500    -6.25500    -6.25500    -6.25500    -6.25500    -6.25500    -6.25500    -6.25500    -6.25500    -6.25500    -6.25500    -6.25500    -6.25500    -6.25500    -6.25500    -6.25500    -6.25500    -6.25500    -6.25500    -6.25500    -6.25500    -6.25500    -6.25500    -6.25500    -6.25500    -6.25500    -6.25500    -6.25500    -6.25500    -6.25500    -6.25500    -6.25500    -6.25500    -6.25500    -6.25500    -6.25500    -6.25500    -6.25500    -6.25500    -6.25500    -6.25500    -6.25500    -6.25500    -6.25500    -6.25500    -6.25500    -6.25500    -6.25500    -6.25500    -6.25500    -6.25500    -6.25500    -6.25500    -6.25500    -6.25500    -6.25500    -6.25500    -6.25500    -6.25500    -6.25500    -6.25500    -6.25500    -6.25500    -6.25500    -6.25500    -6.25500    -6.25500    -6.25500    -6.25500    -6.25500    -6.25500    -6.25500    -6.25500    -6.25500    -6.25500    -6.25500    -6.25500    -6.25500
    -6.24500    -6.24500    -6.24500    -6.24500    -6.24500    -6.24500    -6.24500    -6.24500    -6.24500    -6.24500    -6.24500    -6.24500    -6.24500    -6.24500    -6.24500    -6.24500    -6.24500    -6.24500    -6.24500    -6.24500    -6.24500    -6.24500    -6.24500    -6.24500    -6.24500    -6.24500    -6.24500    -6.24500    -6.24500    -6.24500    -6.24500    -6.24500    -6.24500    -6.24500    -6.24500    -6.24500    -6.24500    -6.24500    -6.24500    -6.24500    -6.24500    -6.24500    -6.24500    -6.24500    -6.24500    -6.24500    -6.24500    -6.24500    -6.24500    -6.24500    -6.24500    -6.24500    -6.24500    -6.24500    -6.24500    -6.24500    -6.24500    -6.24500    -6.24500    -6.24500    -6.24500    -6.24500    -6.24500    -6.24500    -6.24500    -6.24500    -6.24500    -6.24500    -6.24500    -6.24500    -6.24500    -6.24500    -6.24500    -6.24500    -6.24500    -6.24500    -6.24500    -6.24500    -6.24500    -6.24500    -6.24500    -6.24500    -6.24500    -6.24500    -6.24500    -6.24500    -6.24500    -6.24500    -6.24500    -6.24500    -6.24500    -6.24500    -6.24500    -6.24500    -6.24500    -6.24500    -6.24500    -6.24500    -6.24500    -6.24500    -6.24500    -6.24500    -6.24500    -6.24500    -6.24500    -6.24500    -6.24500    -6.24500    -6.24500    -6.24500    -6.24500    -6.24500    -6.24500    -6.24500    -6.24500    -6.24500    -6.24500    -6.24500    -6.24500    -6.24500    -6.24500    -6.24500    -6.24500    -6.24500    -6.24500    -6.24500    -6.24500    -6.24500    -6.24500    -6.24500    -6.24500    -6.24500    -6.24500    -6.24500    -6.24500    -6.24500    -6.24500    -6.24500    -6.24500    -6.24500    -6.24500    -6.24500    -6.24500    -6.24500    -6.24500    -6.24500    -6.24500    -6.24500    -6.24500    -6.24500    -6.24500    -6.24500    -6.24500    -6.24500    -6.24500    -6.24500    -6.24500    -6.24500    -6.24500    -6.24500    -6.24500    -6.24500
    -6.23500    -6.23500    -6.23500    -6.23500    -6.23500    -6.23500    -6.23500    -6.23500    -6.23500    -6.23500    -6.23500    -6.23500    -6.23500    -6.23500    -6.23500    -6.23500    -6.23500    -6.23500    -6.23500    -6.23500    -6.23500    -6.23500    -6.23500    -6.23500    -6.23500    -6.23500    -6.23500    -6.23500    -6.23500    -6.23500    -6.23500    -6.23500    -6.23500    -6.23500    -6.23500    -6.23500    -6.23500    -6.23500    -6.23500    -6.23500    -6.23500    -6.23500    -6.23500    -6.23500    -6.23500    -6.23500    -6.23500    -6.23500    -6.23500    -6.23500    -6.23500    -6.23500    -6.23500    -6.23500    -6.23500    -6.23500    -6.23500    -6.23500    -6.23500    -6.23500    -6.23500    -6.23500    -6.23500    -6.23500    -6.23500    -6.23500    -6.23500    -6.23500    -6.23500    -6.23500    -6.23500    -6.23500    -6.23500    -6.23500    -6.23500    -6.23500    -6.23500    -6.23500    -6.23500    -6.23500    -6.23500    -6.23500    -6.23500    -6.23500    -6.23500    -6.23500    -6.23500    -6.23500    -6.23500    -6.23500    -6.23500    -6.23500    -6.23500    -6.23500    -6.23500    -6.23500    -6.23500    -6.23500    -6.23500    -6.23500    -6.23500    -6.23500    -6.23500    -6.23500    -6.23500    -6.23500    -6.23500    -6.23500    -6.23500    -6.23500    -6.23500    -6.23500    -6.23500    -6.23500    -6.23500    -6.23500    -6.23500    -6.23500    -6.23500    -6.23500    -6.23500    -6.23500    -6.23500    -6.23500    -6.23500    -6.23500    -6.23500    -6.23500    -6.23500    -6.23500    -6.23500    -6.23500    -6.23500    -6.23500    -6.23500    -6.23500    -6.23500    -6.23500    -6.23500    -6.23500    -6.23500    -6.23500    -6.23500    -6.23500    -6.23500    -6.23500    -6.23500    -6.23500    -6.23500    -6.23500    -6.23500    -6.23500    -6.23500    -6.23500    -6.23500    -6.23500    -6.23500    -6.23500    -6.23500    -6.23500    -6.23500    -6.23500
    -6.22500    -6.22500    -6.22500    -6.22500    -6.22500    -6.22500    -6.22500    -6.22500    -6.22500    -6.22500    -6.22500    -6.22500    -6.22500    -6.22500    -6.22500    -6.22500    -6.22500    -6.22500    -6.22500    -6.22500    -6.22500    -6.22500    -6.22500    -6.22500    -6.22500    -6.22500    -6.22500    -6.22500    -6.22500    -6.22500    -6.22500    -6.22500    -6.22500    -6.22500    -6.22500    -6.22500    -6.22500    -6.22500    -6.22500    -6.22500    -6.22500    -6.22500    -6.22500    -6.22500    -6.22500    -6.22500    -6.22500    -6.22500    -6.22500    -6.22500    -6.22500    -6.22500    -6.22500    -6.22500    -6.22500    -6.22500    -6.22500    -6.22500    -6.22500    -6.22500    -6.22500    -6.22500    -6.22500    -6.22500    -6.22500    -6.22500    -6.22500    -6.22500    -6.22500    -6.22500    -6.22500    -6.22500    -6.22500    -6.22500    -6.22500    -6.22500    -6.22500    -6.22500    -6.22500    -6.22500    -6.22500    -6.22500    -6.22500    -6.22500    -6.22500    -6.22500    -6.22500    -6.22500    -6.22500    -6.22500    -6.22500    -6.22500    -6.22500    -6.22500    -6.22500    -6.22500    -6.22500    -6.22500    -6.22500    -6.22500    -6.22500    -6.22500    -6.22500    -6.22500    -6.22500    -6.22500    -6.22500    -6.22500    -6.22500    -6.22500    -6.22500    -6.22500    -6.22500    -6.22500    -6.22500    -6.22500    -6.22500    -6.22500    -6.22500    -6.22500    -6.22500    -6.22500    -6.22500    -6.22500    -6.22500    -6.22500    -6.22500    -6.22500    -6.22500    -6.22500    -6.22500    -6.22500    -6.22500    -6.22500    -6.22500    -6.22500    -6.22500    -6.22500    -6.22500    -6.22500    -6.22500    -6.22500    -6.22500    -6.22500    -6.22500    -6.22500    -6.22500    -6.22500    -6.22500    -6.22500    -6.22500    -6.22500    -6.22500    -6.22500    -6.22500    -6.22500    -6.22500    -6.22500    -6.22500    -6.22500    -6.22500    -6.22500
    -6.21500    -6.21500    -6.21500    -6.21500    -6.21500    -6.21500    -6.21500    -6.21500    -6.21500    -6.21500    -6.21500    -6.21500    -6.21500    -6.21500    -6.21500    -6.21500    -6.21500    -6.21500    -6.21500    -6.21500    -6.21500    -6.21500    -6.21500    -6.21500    -6.21500    -6.21500    -6.21500    -6.21500    -6.21500    -6.21500    -6.21500    -6.21500    -6.21500    -6.21500    -6.21500    -6.21500    -6.21500    -6.21500    -6.21500    -6.21500    -6.21500    -6.21500    -6.21500    -6.21500    -6.21500    -6.21500    -6.21500    -6.21500    -6.21500    -6.21500    -6.21500    -6.21500    -6.21500    -6.21500    -6.21500    -6.21500    -6.21500    -6.21500    -6.21500    -6.21500    -6.21500    -6.21500    -6.21500    -6.21500    -6.21500    -6.21500    -6.21500    -6.21500    -6.21500    -6.21500    -6.21500    -6.21500    -6.21500    -6.21500    -6.21500    -6.21500    -6.21500    -6.21500    -6.21500    -6.21500    -6.21500    -6.21500    -6.21500    -6.21500    -6.21500    -6.21500    -6.21500    -6.21500    -6.21500    -6.21500    -6.21500    -6.21500    -6.21500    -6.21500    -6.21500    -6.21500    -6.21500    -6.21500    -6.21500    -6.21500    -6.21500    -6.21500    -6.21500    -6.21500    -6.21500    -6.21500    -6.21500    -6.21500    -6.21500    -6.21500    -6.21500    -6.21500    -6.21500    -6.21500    -6.21500    -6.21500    -6.21500    -6.21500    -6.21500    -6.21500    -6.21500    -6.21500    -6.21500    -6.21500    -6.21500    -6.21500    -6.21500    -6.21500    -6.21500    -6.21500    -6.21500    -6.21500    -6.21500    -6.21500    -6.21500    -6.21500    -6.21500    -6.21500    -6.21500    -6.21500    -6.21500    -6.21500    -6.21500    -6.21500    -6.21500    -6.21500    -6.21500    -6.21500    -6.21500    -6.21500    -6.21500    -6.21500    -6.21500    -6.21500    -6.21500    -6.21500    -6.21500    -6.21500    -6.21500    -6.21500    -6.21500    -6.21500
    -6.20500    -6.20500    -6.20500    -6.20500    -6.20500    -6.20500    -6.20500    -6.20500    -6.20500    -6.20500    -6.20500    -6.20500    -6.20500    -6.20500    -6.20500    -6.20500    -6.20500    -6.20500    -6.20500    -6.20500    -6.20500    -6.20500    -6.20500    -6.20500    -6.20500    -6.20500    -6.20500    -6.20500    -6.20500    -6.20500    -6.20500    -6.20500    -6.20500    -6.20500    -6.20500    -6.20500    -6.20500    -6.20500    -6.20500    -6.20500    -6.20500    -6.20500    -6.20500    -6.20500    -6.20500    -6.20500    -6.20500    -6.20500    -6.20500    -6.20500    -6.20500    -6.20500    -6.20500    -6.20500    -6.20500    -6.20500    -6.20500    -6.20500    -6.20500    -6.20500    -6.20500    -6.20500    -6.20500    -6.20500    -6.20500    -6.20500    -6.20500    -6.20500    -6.20500    -6.20500    -6.20500    -6.20500    -6.20500    -6.20500    -6.20500    -6.20500    -6.20500    -6.20500    -6.20500    -6.20500    -6.20500    -6.20500    -6.20500    -6.20500    -6.20500    -6.20500    -6.20500    -6.20500    -6.20500    -6.20500    -6.20500    -6.20500    -6.20500    -6.20500    -6.20500    -6.20500    -6.20500    -6.20500    -6.20500    -6.20500    -6.20500    -6.20500    -6.20500    -6.20500    -6.20500    -6.20500    -6.20500    -6.20500    -6.20500    -6.20500    -6.20500    -6.20500    -6.20500    -6.20500    -6.20500    -6.20500    -6.20500    -6.20500    -6.20500    -6.20500    -6.20500    -6.20500    -6.20500    -6.20500    -6.20500    -6.20500    -6.20500    -6.20500    -6.20500    -6.20500    -6.20500    -6.20500    -6.20500    -6.20500    -6.20500    -6.20500    -6.20500    -6.20500    -6.20500    -6.20500    -6.20500    -6.20500    -6.20500    -6.20500    -6.20500    -6.20500    -6.20500    -6.20500    -6.20500    -6.20500    -6.20500    -6.20500    -6.20500    -6.20500    -6.20500    -6.20500    -6.20500    -6.20500    -6.20500    -6.20500    -6.20500    -6.20500
    13.90000    13.90000    13.90000    13.90000    13.90000    13.90000    13.90000    13.90000    13.90000    13.90000    13.90000    13.90000    13.90000    13.90000    13.90000    13.90000    13.90000    13.90000    13.90000    13.90000    13.90000    13.90000    13.90000    13.90000    13.90000    13.90000    13.90000    13.90000    13.90000    13.90000    13.90000    13.90000    13.90000    13.90000    13.90000    13.90000    13.90000    13.90000    13.90000    13.90000    13.90000    13.90000    13.90000    13.90000    13.90000    13.90000    13.90000    13.90000    13.90000    13.90000    13.90000    13.90000    13.90000    13.90000    13.90000    13.90000    13.90000    13.90000    13.90000    13.90000    13.90000    13.90000    13.90000    13.90000    13.90000    13.90000    13.90000    13.90000    13.90000    13.90000    13.90000    13.90000    13.90000    13.90000    13.90000    13.90000    13.90000    13.90000    13.90000    13.90000    13.90000    13.90000    13.90000    13.90000    13.90000    13.90000    13.90000    13.90000    13.90000    13.90000    13.90000    13.90000    13.90000    13.90000    13.90000    13.90000    13.90000    13.90000    13.90000    13.90000    13.90000    13.90000    13.90000    13.90000    13.90000    13.90000    13.90000    13.90000    13.90000    13.90000    13.90000    13.90000    13.90000    13.90000    13.90000    13.90000    13.90000    13.90000    13.90000    13.90000    13.90000    13.90000    13.90000    13.90000    13.90000    13.90000    13.90000    13.90000    13.90000    13.90000    13.90000    13.90000    13.90000    13.90000    13.90000    13.90000    13.90000    13.90000    13.90000    13.90000    13.90000    13.90000    13.90000    13.90000    13.90000    13.90000    13.90000    13.90000    13.90000    13.90000    13.90000    13.90000    13.90000    13.90000    13.90000    13.90000    13.90000    13.90000    13.90000    13.90000    13.90000    13.90000
    14.10000    14.10000    14.10000    14.10000    14.10000    14.10000    14.10000    14.10000    14.10000    14.10000    14.10000    14.10000    14.10000    14.10000    14.10000    14.10000    14.10000    14.10000    14.10000    14.10000    14.10000    14.10000    14.10000    14.10000    14.10000    14.10000    14.10000    14.10000    14.10000    14.10000    14.10000    14.10000    14.10000    14.10000    14.10000    14.10000    14.10000    14.10000    14.10000    14.10000    14.10000    14.10000    14.10000    14.10000    14.10000    14.10000    14.10000    14.10000    14.10000    14.10000    14.10000    14.10000    14.10000    14.10000    14.10000    14.10000    14.10000    14.10000    14.10000    14.10000    14.10000    14.10000    14.10000    14.10000    14.10000    14.10000    14.10000    14.10000    14.10000    14.10000    14.10000    14.10000    14.10000    14.10000    14.10000    14.10000    14.10000    14.10000    14.10000    14.10000    14.10000    14.10000    14.10000    14.10000    14.10000    14.10000    14.10000    14.10000    14.10000    14.10000    14.10000    14.10000    14.10000    14.10000    14.10000    14.10000    14.10000    14.10000    14.10000    14.10000    14.10000    14.10000    14.10000    14.10000    14.10000    14.10000    14.10000    14.10000    14.10000    14.10000    14.10000    14.10000    14.10000    14.10000    14.10000    14.10000    14.10000    14.10000    14.10000    14.10000    14.10000    14.10000    14.10000    14.10000    14.10000    14.10000    14.10000    14.10000    14.10000    14.10000    14.10000    14.10000    14.10000    14.10000    14.10000    14.10000    14.10000    14.10000    14.10000    14.10000    14.10000    14.10000    14.10000    14.10000    14.10000    14.10000    14.10000    14.10000    14.10000    14.10000    14.10000    14.10000    14.10000    14.10000    14.10000    14.10000    14.10000    14.10000    14.10000    14.10000    14.10000    14.10000
    14.30000    14.30000    14.30000    14.30000    14.30000    14.30000    14.30000    14.30000    14.30000    14.30000    14.30000    14.30000    14.30000    14.30000    14.30000    14.30000    14.30000    14.30000    14.30000    14.30000    14.30000    14.30000    14.30000    14.30000    14.30000    14.30000    14.30000    14.30000    14.30000    14.30000    14.30000    14.30000    14.30000    14.30000    14.30000    14.30000    14.30000    14.30000    14.30000    14.30000    14.30000    14.30000    14.30000    14.30000    14.30000    14.30000    14.30000    14.30000    14.30000    14.30000    14.30000    14.30000    14.30000    14.30000    14.30000    14.30000    14.30000    14.30000    14.30000    14.30000    14.30000    14.30000    14.30000    14.30000    14.30000    14.30000    14.30000    14.30000    14.30000    14.30000    14.30000    14.30000    14.30000    14.30000    14.30000    14.30000    14.30000    14.30000    14.30000    14.30000    14.30000    14.30000    14.30000    14.30000    14.30000    14.30000    14.30000    14.30000    14.30000    14.30000    14.30000    14.30000    14.30000    14.30000    14.30000    14.30000    14.30000    14.30000    14.30000    14.30000    14.30000    14.30000    14.30000    14.30000    14.30000    14.30000    14.30000    14.30000    14.30000    14.30000    14.30000    14.30000    14.30000    14.30000    14.30000    14.30000    14.30000    14.30000    14.30000    14.30000    14.30000    14.30000    14.30000    14.30000    14.30000    14.30000    14.30000    14.30000    14.30000    14.30000    14.30000    14.30000    14.30000    14.30000    14.30000    14.30000    14.30000    14.30000    14.30000    14.30000    14.30000    14.30000    14.30000    14.30000    14.30000    14.30000    14.30000    14.30000    14.30000    14.30000    14.30000    14.30000    14.30000    14.30000    14.30000    14.30000    14.30000    14.30000    14.30000    14.30000    14.30000    14.30000
    14.50000    14.50000    14.50000    14.50000    14.50000    14.50000    14.50000    14.50000    14.50000    14.50000    14.50000    14.50000    14.50000    14.50000    14.50000    14.50000    14.50000    14.50000    14.50000    14.50000    14.50000    14.50000    14.50000    14.50000    14.50000    14.50000    14.50000    14.50000    14.50000    14.50000    14.50000    14.50000    14.50000    14.50000    14.50000    14.50000    14.50000    14.50000    14.50000    14.50000    14.50000    14.50000    14.50000    14.50000    14.50000    14.50000    14.50000    14.50000    14.50000    14.50000    14.50000    14.50000    14.50000    14.50000    14.50000    14.50000    14.50000    14.50000    14.50000    14.50000    14.50000    14.50000    14.50000    14.50000    14.50000    14.50000    14.50000    14.50000    14.50000    14.50000    14.50000    14.50000    14.50000    14.50000    14.50000    14.50000    14.50000    14.50000    14.50000    14.50000    14.50000    14.50000    14.50000    14.50000    14.50000    14.50000    14.50000    14.50000    14.50000    14.50000    14.50000    14.50000    14.50000    14.50000    14.50000    14.50000    14.50000    14.50000    14.50000    14.50000    14.50000    14.50000    14.50000    14.50000    14.50000    14.50000    14.50000    14.50000    14.50000    14.50000    14.50000    14.50000    14.50000    14.50000    14.50000    14.50000    14.50000    14.50000    14.50000    14.50000    14.50000    14.50000    14.50000    14.50000    14.50000    14.50000    14.50000    14.50000    14.50000    14.50000    14.50000    14.50000    14.50000    14.50000    14.50000    14.50000    14.50000    14.50000    14.50000    14.50000    14.50000    14.50000    14.50000    14.50000    14.50000    14.50000    14.50000    14.50000    14.50000    14.50000    14.50000    14.50000    14.50000    14.50000    14.50000    14.50000    14.50000    14.50000    14.50000    14.50000    14.50000    14.50000
    14.70000    14.70000    14.70000    14.70000    14.70000    14.70000    14.70000    14.70000    14.70000    14.70000    14.70000    14.70000    14.70000    14.70000    14.70000    14.70000    14.70000    14.70000    14.70000    14.70000    14.70000    14.70000    14.70000    14.70000    14.70000    14.70000    14.70000    14.70000    14.70000    14.70000    14.70000    14.70000    14.70000    14.70000    14.70000    14.70000    14.70000    14.70000    14.70000    14.70000    14.70000    14.70000    14.70000    14.70000    14.70000    14.70000    14.70000    14.70000    14.70000    14.70000    14.70000    14.70000    14.70000    14.70000    14.70000    14.70000    14.70000    14.70000    14.70000    14.70000    14.70000    14.70000    14.70000    14.70000    14.70000    14.70000    14.70000    14.70000    14.70000    14.70000    14.70000    14.70000    14.70000    14.70000    14.70000    14.70000    14.70000    14.70000    14.70000    14.70000    14.70000    14.70000    14.70000    14.70000    14.70000    14.70000    14.70000    14.70000    14.70000    14.70000    14.70000    14.70000    14.70000    14.70000    14.70000    14.70000    14.70000    14.70000    14.70000    14.70000    14.70000    14.70000    14.70000    14.70000    14.70000    14.70000    14.70000    14.70000    14.70000    14.70000    14.70000    14.70000    14.70000    14.70000    14.70000    14.70000    14.70000    14.70000    14.70000    14.70000    14.70000    14.70000    14.70000    14.70000    14.70000    14.70000    14.70000    14.70000    14.70000    14.70000    14.70000    14.70000    14.70000    14.70000    14.70000    14.70000    14.70000    14.70000    14.70000    14.70000    14.70000    14.70000    14.70000    14.70000    14.70000    14.70000    14.70000    14.70000    14.70000    14.70000    14.70000    14.70000    14.70000    14.70000    14.70000    14.70000    14.70000    14.70000    14.70000    14.70000    14.70000    14.70000
    14.90000    14.90000    14.90000    14.90000    14.90000    14.90000    14.90000    14.90000    14.90000    14.90000    14.90000    14.90000    14.90000    14.90000    14.90000    14.90000    14.90000    14.90000    14.90000    14.90000    14.90000    14.90000    14.90000    14.90000    14.90000    14.90000    14.90000    14.90000    14.90000    14.90000    14.90000    14.90000    14.90000    14.90000    14.90000    14.90000    14.90000    14.90000    14.90000    14.90000    14.90000    14.90000    14.90000    14.90000    14.90000    14.90000    14.90000    14.90000    14.90000    14.90000    14.90000    14.90000    14.90000    14.90000    14.90000    14.90000    14.90000    14.90000    14.90000    14.90000    14.90000    14.90000    14.90000    14.90000    14.90000    14.90000    14.90000    14.90000    14.90000    14.90000    14.90000    14.90000    14.90000    14.90000    14.90000    14.90000    14.90000    14.90000    14.90000    14.90000    14.90000    14.90000    14.90000    14.90000    14.90000    14.90000    14.90000    14.90000    14.90000    14.90000    14.90000    14.90000    14.90000    14.90000    14.90000    14.90000    14.90000    14.90000    14.90000    14.90000    14.90000    14.90000    14.90000    14.90000    14.90000    14.90000    14.90000    14.90000    14.90000    14.90000    14.90000    14.90000    14.90000    14.90000    14.90000    14.90000    14.90000    14.90000    14.90000    14.90000    14.90000    14.90000    14.90000    14.90000    14.90000    14.90000    14.90000    14.90000    14.90000    14.90000    14.90000    14.90000    14.90000    14.90000    14.90000    14.90000    14.90000    14.90000    14.90000    14.90000    14.90000    14.90000    14.90000    14.90000    14.90000    14.90000    14.90000    14.90000    14.90000    14.90000    14.90000    14.90000    14.90000    14.90000    14.90000    14.90000    14.90000    14.90000    14.90000    14.90000    14.90000    14.90000
    15.10000    15.10000    15.10000    15.10000    15.10000    15.10000    15.10000    15.10000    15.10000    15.10000    15.10000    15.10000    15.10000    15.10000    15.10000    15.10000    15.10000    15.10000    15.10000    15.10000    15.10000    15.10000    15.10000    15.10000    15.10000    15.10000    15.10000    15.10000    15.10000    15.10000    15.10000    15.10000    15.10000    15.10000    15.10000    15.10000    15.10000    15.10000    15.10000    15.10000    15.10000    15.10000    15.10000    15.10000    15.10000    15.10000    15.10000    15.10000    15.10000    15.10000    15.10000    15.10000    15.10000    15.10000    15.10000    15.10000    15.10000    15.10000    15.10000    15.10000    15.10000    15.10000    15.10000    15.10000    15.10000    15.10000    15.10000    15.10000    15.10000    15.10000    15.10000    15.10000    15.10000    15.10000    15.10000    15.10000    15.10000    15.10000    15.10000    15.10000    15.10000    15.10000    15.10000    15.10000    15.10000    15.10000    15.10000    15.10000    15.10000    15.10000    15.10000    15.10000    15.10000    15.10000    15.10000    15.10000    15.10000    15.10000    15.10000    15.10000    15.10000    15.10000    15.10000    15.10000    15.10000    15.10000    15.10000    15.10000    15.10000    15.10000    15.10000    15.10000    15.10000    15.10000    15.10000    15.10000    15.10000    15.10000    15.10000    15.10000    15.10000    15.10000    15.10000    15.10000    15.10000    15.10000    15.10000    15.10000    15.10000    15.10000    15.10000    15.10000    15.10000    15.10000    15.10000    15.10000    15.10000    15.10000    15.10000    15.10000    15.10000    15.10000    15.10000    15.10000    15.10000    15.10000    15.10000    15.10000    15.10000    15.10000    15.10000    15.10000    15.10000    15.10000    15.10000    15.10000    15.10000    15.10000    15.10000    15.10000    15.10000    15.10000
    15.30000    15.30000    15.30000    15.30000    15.30000    15.30000    15.30000    15.30000    15.30000    15.30000    15.30000    15.30000    15.30000    15.30000    15.30000    15.30000    15.30000    15.30000    15.30000    15.30000    15.30000    15.30000    15.30000    15.30000    15.30000    15.30000    15.30000    15.30000    15.30000    15.30000    15.30000    15.30000    15.30000    15.30000    15.30000    15.30000    15.30000    15.30000    15.30000    15.30000    15.30000    15.30000    15.30000    15.30000    15.30000    15.30000    15.30000    15.30000    15.30000    15.30000    15.30000    15.30000    15.30000    15.30000    15.30000    15.30000    15.30000    15.30000    15.30000    15.30000    15.30000    15.30000    15.30000    15.30000    15.30000    15.30000    15.30000    15.30000    15.30000    15.30000    15.30000    15.30000    15.30000    15.30000    15.30000    15.30000    15.30000    15.30000    15.30000    15.30000    15.30000    15.30000    15.30000    15.30000    15.30000    15.30000    15.30000    15.30000    15.30000    15.30000    15.30000    15.30000    15.30000    15.30000    15.30000    15.30000    15.30000    15.30000    15.30000    15.30000    15.30000    15.30000    15.30000    15.30000    15.30000    15.30000    15.30000    15.30000    15.30000    15.30000    15.30000    15.30000    15.30000    15.30000    15.30000    15.30000    15.30000    15.30000    15.30000    15.30000    15.30000    15.30000    15.30000    15.30000    15.30000    15.30000    15.30000    15.30000    15.30000    15.30000    15.30000    15.30000    15.30000    15.30000    15.30000    15.30000    15.30000    15.30000    15.30000    15.30000    15.30000    15.30000    15.30000    15.30000    15.30000    15.30000    15.30000    15.30000    15.30000    15.30000    15.30000    15.30000    15.30000    15.30000    15.30000    15.30000    15.30000    15.30000    15.30000    15.30000    15.30000    15.30000
    15.50000    15.50000    15.50000    15.50000    15.50000    15.50000    15.50000    15.50000    15.50000    15.50000    15.50000    15.50000    15.50000    15.50000    15.50000    15.50000    15.50000    15.50000    15.50000    15.50000    15.50000    15.50000    15.50000    15.50000    15.50000    15.50000    15.50000    15.50000    15.50000    15.50000    15.50000    15.50000    15.50000    15.50000    15.50000    15.50000    15.50000    15.50000    15.50000    15.50000    15.50000    15.50000    15.50000    15.50000    15.50000    15.50000    15.50000    15.50000    15.50000    15.50000    15.50000    15.50000    15.50000    15.50000    15.50000    15.50000    15.50000    15.50000    15.50000    15.50000    15.50000    15.50000    15.50000    15.50000    15.50000    15.50000    15.50000    15.50000    15.50000    15.50000    15.50000    15.50000    15.50000    15.50000    15.50000    15.50000    15.50000    15.50000    15.50000    15.50000    15.50000    15.50000    15.50000    15.50000    15.50000    15.50000    15.50000    15.50000    15.50000    15.50000    15.50000    15.50000    15.50000    15.50000    15.50000    15.50000    15.50000    15.50000    15.50000    15.50000    15.50000    15.50000    15.50000    15.50000    15.50000    15.50000    15.50000    15.50000    15.50000    15.50000    15.50000    15.50000    15.50000    15.50000    15.50000    15.50000    15.50000    15.50000    15.50000    15.50000    15.50000    15.50000    15.50000    15.50000    15.50000    15.50000    15.50000    15.50000    15.50000    15.50000    15.50000    15.50000    15.50000    15.50000    15.50000    15.50000    15.50000    15.50000    15.50000    15.50000    15.50000    15.50000    15.50000    15.50000    15.50000    15.50000    15.50000    15.50000    15.50000    15.50000    15.50000    15.50000    15.50000    15.50000    15.50000    15.50000    15.50000    15.50000    15.50000    15.50000    15.50000    15.50000
    15.70000    15.70000    15.70000    15.70000    15.70000    15.70000    15.70000    15.70000    15.70000    15.70000    15.70000    15.70000    15.70000    15.70000    15.70000    15.70000    15.70000    15.70000    15.70000    15.70000    15.70000    15.70000    15.70000    15.70000    15.70000    15.70000    15.70000    15.70000    15.70000    15.70000    15.70000    15.70000    15.70000    15.70000    15.70000    15.70000    15.70000    15.70000    15.70000    15.70000    15.70000    15.70000    15.70000    15.70000    15.70000    15.70000    15.70000    15.70000    15.70000    15.70000    15.70000    15.70000    15.70000    15.70000    15.70000    15.70000    15.70000    15.70000    15.70000    15.70000    15.70000    15.70000    15.70000    15.70000    15.70000    15.70000    15.70000    15.70000    15.70000    15.70000    15.70000    15.70000    15.70000    15.70000    15.70000    15.70000    15.70000    15.70000    15.70000    15.70000    15.70000    15.70000    15.70000    15.70000    15.70000    15.70000    15.70000    15.70000    15.70000    15.70000    15.70000    15.70000    15.70000    15.70000    15.70000    15.70000    15.70000    15.70000    15.70000    15.70000    15.70000    15.70000    15.70000    15.70000    15.70000    15.70000    15.70000    15.70000    15.70000    15.70000    15.70000    15.70000    15.70000    15.70000    15.70000    15.70000    15.70000    15.70000    15.70000    15.70000    15.70000    15.70000    15.70000    15.70000    15.70000    15.70000    15.70000    15.70000    15.70000    15.70000    15.70000    15.70000    15.70000    15.70000    15.70000    15.70000    15.70000    15.70000    15.70000    15.70000    15.70000    15.70000    15.70000    15.70000    15.70000    15.70000    15.70000    15.70000    15.70000    15.70000    15.70000    15.70000    15.70000    15.70000    15.70000    15.70000    15.70000    15.70000    15.70000    15.70000    15.70000    15.70000
    15.90000    15.90000    15.90000    15.90000    15.90000    15.90000    15.90000    15.90000    15.90000    15.90000    15.90000    15.90000    15.90000    15.90000    15.90000    15.90000    15.90000    15.90000    15.90000    15.90000    15.90000    15.90000    15.90000    15.90000    15.90000    15.90000    15.90000    15.90000    15.90000    15.90000    15.90000    15.90000    15.90000    15.90000    15.90000    15.90000    15.90000    15.90000    15.90000    15.90000    15.90000    15.90000    15.90000    15.90000    15.90000    15.90000    15.90000    15.90000    15.90000    15.90000    15.90000    15.90000    15.90000    15.90000    15.90000    15.90000    15.90000    15.90000    15.90000    15.90000    15.90000    15.90000    15.90000    15.90000    15.90000    15.90000    15.90000    15.90000    15.90000    15.90000    15.90000    15.90000    15.90000    15.90000    15.90000    15.90000    15.90000    15.90000    15.90000    15.90000    15.90000    15.90000    15.90000    15.90000    15.90000    15.90000    15.90000    15.90000    15.90000    15.90000    15.90000    15.90000    15.90000    15.90000    15.90000    15.90000    15.90000    15.90000    15.90000    15.90000    15.90000    15.90000    15.90000    15.90000    15.90000    15.90000    15.90000    15.90000    15.90000    15.90000    15.90000    15.90000    15.90000    15.90000    15.90000    15.90000    15.90000    15.90000    15.90000    15.90000    15.90000    15.90000    15.90000    15.90000    15.90000    15.90000    15.90000    15.90000    15.90000    15.90000    15.90000    15.90000    15.90000    15.90000    15.90000    15.90000    15.90000    15.90000    15.90000    15.90000    15.90000    15.90000    15.90000    15.90000    15.90000    15.90000    15.90000    15.90000    15.90000    15.90000    15.90000    15.90000    15.90000    15.90000    15.90000    15.90000    15.90000    15.90000    15.90000    15.90000    15.90000    15.90000
    16.10000    16.10000    16.10000    16.10000    16.10000    16.10000    16.10000    16.10000    16.10000    16.10000    16.10000    16.10000    16.10000    16.10000    16.10000    16.10000    16.10000    16.10000    16.10000    16.10000    16.10000    16.10000    16.10000    16.10000    16.10000    16.10000    16.10000    16.10000    16.10000    16.10000    16.10000    16.10000    16.10000    16.10000    16.10000    16.10000    16.10000    16.10000    16.10000    16.10000    16.10000    16.10000    16.10000    16.10000    16.10000    16.10000    16.10000    16.10000    16.10000    16.10000    16.10000    16.10000    16.10000    16.10000    16.10000    16.10000    16.10000    16.10000    16.10000    16.10000    16.10000    16.10000    16.10000    16.10000    16.10000    16.10000    16.10000    16.10000    16.10000    16.10000    16.10000    16.10000    16.10000    16.10000    16.10000    16.10000    16.10000    16.10000    16.10000    16.10000    16.10000    16.10000    16.10000    16.10000    16.10000    16.10000    16.10000    16.10000    16.10000    16.10000    16.10000    16.10000    16.10000    16.10000    16.10000    16.10000    16.10000    16.10000    16.10000    16.10000    16.10000    16.10000    16.10000    16.10000    16.10000    16.10000    16.10000    16.10000    16.10000    16.10000    16.10000    16.10000    16.10000    16.10000    16.10000    16.10000    16.10000    16.10000    16.10000    16.10000    16.10000    16.10000    16.10000    16.10000    16.10000    16.10000    16.10000    16.10000    16.10000    16.10000    16.10000    16.10000    16.10000    16.10000    16.10000    16.10000    16.10000    16.10000    16.10000    16.10000    16.10000    16.10000    16.10000    16.10000    16.10000    16.10000    16.10000    16.10000    16.10000    16.10000    16.10000    16.10000    16.10000    16.10000    16.10000    16.10000    16.10000    16.10000    16.10000    16.10000    16.10000    16.10000
    16.30000    16.30000    16.30000    16.30000    16.30000    16.30000    16.30000    16.30000    16.30000    16.30000    16.30000    16.30000    16.30000    16.30000    16.30000    16.30000    16.30000    16.30000    16.30000    16.30000    16.30000    16.30000    16.30000    16.30000    16.30000    16.30000    16.30000    16.30000    16.30000    16.30000    16.30000    16.30000    16.30000    16.30000    16.30000    16.30000    16.30000    16.30000    16.30000    16.30000    16.30000    16.30000    16.30000    16.30000    16.30000    16.30000    16.30000    16.30000    16.30000    16.30000    16.30000    16.30000    16.30000    16.30000    16.30000    16.30000    16.30000    16.30000    16.30000    16.30000    16.30000    16.30000    16.30000    16.30000    16.30000    16.30000    16.30000    16.30000    16.30000    16.30000    16.30000    16.30000    16.30000    16.30000    16.30000    16.30000    16.30000    16.30000    16.30000    16.30000    16.30000    16.30000    16.30000    16.30000    16.30000    16.30000    16.30000    16.30000    16.30000    16.30000    16.30000    16.30000    16.30000    16.30000    16.30000    16.30000    16.30000    16.30000    16.30000    16.30000    16.30000    16.30000    16.30000    16.30000    16.30000    16.30000    16.30000    16.30000    16.30000    16.30000    16.30000    16.30000    16.30000    16.30000    16.30000    16.30000    16.30000    16.30000    16.30000    16.30000    16.30000    16.30000    16.30000    16.30000    16.30000    16.30000    16.30000    16.30000    16.30000    16.30000    16.30000    16.30000    16.30000    16.30000    16.30000    16.30000    16.30000    16.30000    16.30000    16.30000    16.30000    16.30000    16.30000    16.30000    16.30000    16.30000    16.30000    16.30000    16.30000    16.30000    16.30000    16.30000    16.30000    16.30000    16.30000    16.30000    16.30000    16.30000    16.30000    16.30000    16.30000    16.30000
    16.50000    16.50000    16.50000    16.50000    16.50000    16.50000    16.50000    16.50000    16.50000    16.50000    16.50000    16.50000    16.50000    16.50000    16.50000    16.50000    16.50000    16.50000    16.50000    16.50000    16.50000    16.50000    16.50000    16.50000    16.50000    16.50000    16.50000    16.50000    16.50000    16.50000    16.50000    16.50000    16.50000    16.50000    16.50000    16.50000    16.50000    16.50000    16.50000    16.50000    16.50000    16.50000    16.50000    16.50000    16.50000    16.50000    16.50000    16.50000    16.50000    16.50000    16.50000    16.50000    16.50000    16.50000    16.50000    16.50000    16.50000    16.50000    16.50000    16.50000    16.50000    16.50000    16.50000    16.50000    16.50000    16.50000    16.50000    16.50000    16.50000    16.50000    16.50000    16.50000    16.50000    16.50000    16.50000    16.50000    16.50000    16.50000    16.50000    16.50000    16.50000    16.50000    16.50000    16.50000    16.50000    16.50000    16.50000    16.50000    16.50000    16.50000    16.50000    16.50000    16.50000    16.50000    16.50000    16.50000    16.50000    16.50000    16.50000    16.50000    16.50000    16.50000    16.50000    16.50000    16.50000    16.50000    16.50000    16.50000    16.50000    16.50000    16.50000    16.50000    16.50000    16.50000    16.50000    16.50000    16.50000    16.50000    16.50000    16.50000    16.50000    16.50000    16.50000    16.50000    16.50000    16.50000    16.50000    16.50000    16.50000    16.50000    16.50000    16.50000    16.50000    16.50000    16.50000    16.50000    16.50000    16.50000    16.50000    16.50000    16.50000    16.50000    16.50000    16.50000    16.50000    16.50000    16.50000    16.50000    16.50000    16.50000    16.50000    16.50000    16.50000    16.50000    16.50000    16.50000    16.50000    16.50000    16.50000    16.50000    16.50000    16.50000
    16.70000    16.70000    16.70000    16.70000    16.70000    16.70000    16.70000    16.70000    16.70000    16.70000    16.70000    16.70000    16.70000    16.70000    16.70000    16.70000    16.70000    16.70000    16.70000    16.70000    16.70000    16.70000    16.70000    16.70000    16.70000    16.70000    16.70000    16.70000    16.70000    16.70000    16.70000    16.70000    16.70000    16.70000    16.70000    16.70000    16.70000    16.70000    16.70000    16.70000    16.70000    16.70000    16.70000    16.70000    16.70000    16.70000    16.70000    16.70000    16.70000    16.70000    16.70000    16.70000    16.70000    16.70000    16.70000    16.70000    16.70000    16.70000    16.70000    16.70000    16.70000    16.70000    16.70000    16.70000    16.70000    16.70000    16.70000    16.70000    16.70000    16.70000    16.70000    16.70000    16.70000    16.70000    16.70000    16.70000    16.70000    16.70000    16.70000    16.70000    16.70000    16.70000    16.70000    16.70000    16.70000    16.70000    16.70000    16.70000    16.70000    16.70000    16.70000    16.70000    16.70000    16.70000    16.70000    16.70000    16.70000    16.70000    16.70000    16.70000    16.70000    16.70000    16.70000    16.70000    16.70000    16.70000    16.70000    16.70000    16.70000    16.70000    16.70000    16.70000    16.70000    16.70000    16.70000    16.70000    16.70000    16.70000    16.70000    16.70000    16.70000    16.70000    16.70000    16.70000    16.70000    16.70000    16.70000    16.70000    16.70000    16.70000    16.70000    16.70000    16.70000    16.70000    16.70000    16.70000    16.70000    16.70000    16.70000    16.70000    16.70000    16.70000    16.70000    16.70000    16.70000    16.70000    16.70000    16.70000    16.70000    16.70000    16.70000    16.70000    16.70000    16.70000    16.70000    16.70000    16.70000    16.70000    16.70000    16.70000    16.70000    16.70000
    16.90000    16.90000    16.90000    16.90000    16.90000    16.90000    16.90000    16.90000    16.90000    16.90000    16.90000    16.90000    16.90000    16.90000    16.90000    16.90000    16.90000    16.90000    16.90000    16.90000    16.90000    16.90000    16.90000    16.90000    16.90000    16.90000    16.90000    16.90000    16.90000    16.90000    16.90000    16.90000    16.90000    16.90000    16.90000    16.90000    16.90000    16.90000    16.90000    16.90000    16.90000    16.90000    16.90000    16.90000    16.90000    16.90000    16.90000    16.90000    16.90000    16.90000    16.90000    16.90000    16.90000    16.90000    16.90000    16.90000    16.90000    16.90000    16.90000    16.90000    16.90000    16.90000    16.90000    16.90000    16.90000    16.90000    16.90000    16.90000    16.90000    16.90000    16.90000    16.90000    16.90000    16.90000    16.90000    16.90000    16.90000    16.90000    16.90000    16.90000    16.90000    16.90000    16.90000    16.90000    16.90000    16.90000    16.90000    16.90000    16.90000    16.90000    16.90000    16.90000    16.90000    16.90000    16.90000    16.90000    16.90000    16.90000    16.90000    16.90000    16.90000    16.90000    16.90000    16.90000    16.90000    16.90000    16.90000    16.90000    16.90000    16.90000    16.90000    16.90000    16.90000    16.90000    16.90000    16.90000    16.90000    16.90000    16.90000    16.90000    16.90000    16.90000    16.90000    16.90000    16.90000    16.90000    16.90000    16.90000    16.90000    16.90000    16.90000    16.90000    16.90000    16.90000    16.90000    16.90000    16.90000    16.90000    16.90000    16.90000    16.90000    16.90000    16.90000    16.90000    16.90000    16.90000    16.90000    16.90000    16.90000    16.90000    16.90000    16.90000    16.90000    16.90000    16.90000    16.90000    16.90000    16.90000    16.90000    16.90000    16.90000    16.90000
    17.10000    17.10000    17.10000    17.10000    17.10000    17.10000    17.10000    17.10000    17.10000    17.10000    17.10000    17.10000    17.10000    17.10000    17.10000    17.10000    17.10000    17.10000    17.10000    17.10000    17.10000    17.10000    17.10000    17.10000    17.10000    17.10000    17.10000    17.10000    17.10000    17.10000    17.10000    17.10000    17.10000    17.10000    17.10000    17.10000    17.10000    17.10000    17.10000    17.10000    17.10000    17.10000    17.10000    17.10000    17.10000    17.10000    17.10000    17.10000    17.10000    17.10000    17.10000    17.10000    17.10000    17.10000    17.10000    17.10000    17.10000    17.10000    17.10000    17.10000    17.10000    17.10000    17.10000    17.10000    17.10000    17.10000    17.10000    17.10000    17.10000    17.10000    17.10000    17.10000    17.10000    17.10000    17.10000    17.10000    17.10000    17.10000    17.10000    17.10000    17.10000    17.10000    17.10000    17.10000    17.10000    17.10000    17.10000    17.10000    17.10000    17.10000    17.10000    17.10000    17.10000    17.10000    17.10000    17.10000    17.10000    17.10000    17.10000    17.10000    17.10000    17.10000    17.10000    17.10000    17.10000    17.10000    17.10000    17.10000    17.10000    17.10000    17.10000    17.10000    17.10000    17.10000    17.10000    17.10000    17.10000    17.10000    17.10000    17.10000    17.10000    17.10000    17.10000    17.10000    17.10000    17.10000    17.10000    17.10000    17.10000    17.10000    17.10000    17.10000    17.10000    17.10000    17.10000    17.10000    17.10000    17.10000    17.10000    17.10000    17.10000    17.10000    17.10000    17.10000    17.10000    17.10000    17.10000    17.10000    17.10000    17.10000    17.10000    17.10000    17.10000    17.10000    17.10000    17.10000    17.10000    17.10000    17.10000    17.10000    17.10000    17.10000
    17.30000    17.30000    17.30000    17.30000    17.30000    17.30000    17.30000    17.30000    17.30000    17.30000    17.30000    17.30000    17.30000    17.30000    17.30000    17.30000    17.30000    17.30000    17.30000    17.30000    17.30000    17.30000    17.30000    17.30000    17.30000    17.30000    17.30000    17.30000    17.30000    17.30000    17.30000    17.30000    17.30000    17.30000    17.30000    17.30000    17.30000    17.30000    17.30000    17.30000    17.30000    17.30000    17.30000    17.30000    17.30000    17.30000    17.30000    17.30000    17.30000    17.30000    17.30000    17.30000    17.30000    17.30000    17.30000    17.30000    17.30000    17.30000    17.30000    17.30000    17.30000    17.30000    17.30000    17.30000    17.30000    17.30000    17.30000    17.30000    17.30000    17.30000    17.30000    17.30000    17.30000    17.30000    17.30000    17.30000    17.30000    17.30000    17.30000    17.30000    17.30000    17.30000    17.30000    17.30000    17.30000    17.30000    17.30000    17.30000    17.30000    17.30000    17.30000    17.30000    17.30000    17.30000    17.30000    17.30000    17.30000    17.30000    17.30000    17.30000    17.30000    17.30000    17.30000    17.30000    17.30000    17.30000    17.30000    17.30000    17.30000    17.30000    17.30000    17.30000    17.30000    17.30000    17.30000    17.30000    17.30000    17.30000    17.30000    17.30000    17.30000    17.30000    17.30000    17.30000    17.30000    17.30000    17.30000    17.30000    17.30000    17.30000    17.30000    17.30000    17.30000    17.30000    17.30000    17.30000    17.30000    17.30000    17.30000    17.30000    17.30000    17.30000    17.30000    17.30000    17.30000    17.30000    17.30000    17.30000    17.30000    17.30000    17.30000    17.30000    17.30000    17.30000    17.30000    17.30000    17.30000    17.30000    17.30000    17.30000    17.30000    17.30000
    17.50000    17.50000    17.50000    17.50000    17.50000    17.50000    17.50000    17.50000    17.50000    17.50000    17.50000    17.50000    17.50000    17.50000    17.50000    17.50000    17.50000    17.50000    17.50000    17.50000    17.50000    17.50000    17.50000    17.50000    17.50000    17.50000    17.50000    17.50000    17.50000    17.50000    17.50000    17.50000    17.50000    17.50000    17.50000    17.50000    17.50000    17.50000    17.50000    17.50000    17.50000    17.50000    17.50000    17.50000    17.50000    17.50000    17.50000    17.50000    17.50000    17.50000    17.50000    17.50000    17.50000    17.50000    17.50000    17.50000    17.50000    17.50000    17.50000    17.50000    17.50000    17.50000    17.50000    17.50000    17.50000    17.50000    17.50000    17.50000    17.50000    17.50000    17.50000    17.50000    17.50000    17.50000    17.50000    17.50000    17.50000    17.50000    17.50000    17.50000    17.50000    17.50000    17.50000    17.50000    17.50000    17.50000    17.50000    17.50000    17.50000    17.50000    17.50000    17.50000    17.50000    17.50000    17.50000    17.50000    17.50000    17.50000    17.50000    17.50000    17.50000    17.50000    17.50000    17.50000    17.50000    17.50000    17.50000    17.50000    17.50000    17.50000    17.50000    17.50000    17.50000    17.50000    17.50000    17.50000    17.50000    17.50000    17.50000    17.50000    17.50000    17.50000    17.50000    17.50000    17.50000    17.50000    17.50000    17.50000    17.50000    17.50000    17.50000    17.50000    17.50000    17.50000    17.50000    17.50000    17.50000    17.50000    17.50000    17.50000    17.50000    17.50000    17.50000    17.50000    17.50000    17.50000    17.50000    17.50000    17.50000    17.50000    17.50000    17.50000    17.50000    17.50000    17.50000    17.50000    17.50000    17.50000    17.50000    17.50000    17.50000    17.50000
    17.70000    17.70000    17.70000    17.70000    17.70000    17.70000    17.70000    17.70000    17.70000    17.70000    17.70000    17.70000    17.70000    17.70000    17.70000    17.70000    17.70000    17.70000    17.70000    17.70000    17.70000    17.70000    17.70000    17.70000    17.70000    17.70000    17.70000    17.70000    17.70000    17.70000    17.70000    17.70000    17.70000    17.70000    17.70000    17.70000    17.70000    17.70000    17.70000    17.70000    17.70000    17.70000    17.70000    17.70000    17.70000    17.70000    17.70000    17.70000    17.70000    17.70000    17.70000    17.70000    17.70000    17.70000    17.70000    17.70000    17.70000    17.70000    17.70000    17.70000    17.70000    17.70000    17.70000    17.70000    17.70000    17.70000    17.70000    17.70000    17.70000    17.70000    17.70000    17.70000    17.70000    17.70000    17.70000    17.70000    17.70000    17.70000    17.70000    17.70000    17.70000    17.70000    17.70000    17.70000    17.70000    17.70000    17.70000    17.70000    17.70000    17.70000    17.70000    17.70000    17.70000    17.70000    17.70000    17.70000    17.70000    17.70000    17.70000    17.70000    17.70000    17.70000    17.70000    17.70000    17.70000    17.70000    17.70000    17.70000    17.70000    17.70000    17.70000    17.70000    17.70000    17.70000    17.70000    17.70000    17.70000    17.70000    17.70000    17.70000    17.70000    17.70000    17.70000    17.70000    17.70000    17.70000    17.70000    17.70000    17.70000    17.70000    17.70000    17.70000    17.70000    17.70000    17.70000    17.70000    17.70000    17.70000    17.70000    17.70000    17.70000    17.70000    17.70000    17.70000    17.70000    17.70000    17.70000    17.70000    17.70000    17.70000    17.70000    17.70000    17.70000    17.70000    17.70000    17.70000    17.70000    17.70000    17.70000    17.70000    17.70000    17.70000
    17.90000    17.90000    17.90000    17.90000    17.90000    17.90000    17.90000    17.90000    17.90000    17.90000    17.90000    17.90000    17.90000    17.90000    17.90000    17.90000    17.90000    17.90000    17.90000    17.90000    17.90000    17.90000    17.90000    17.90000    17.90000    17.90000    17.90000    17.90000    17.90000    17.90000    17.90000    17.90000    17.90000    17.90000    17.90000    17.90000    17.90000    17.90000    17.90000    17.90000    17.90000    17.90000    17.90000    17.90000    17.90000    17.90000    17.90000    17.90000    17.90000    17.90000    17.90000    17.90000    17.90000    17.90000    17.90000    17.90000    17.90000    17.90000    17.90000    17.90000    17.90000    17.90000    17.90000    17.90000    17.90000    17.90000    17.90000    17.90000    17.90000    17.90000    17.90000    17.90000    17.90000    17.90000    17.90000    17.90000    17.90000    17.90000    17.90000    17.90000    17.90000    17.90000    17.90000    17.90000    17.90000    17.90000    17.90000    17.90000    17.90000    17.90000    17.90000    17.90000    17.90000    17.90000    17.90000    17.90000    17.90000    17.90000    17.90000    17.90000    17.90000    17.90000    17.90000    17.90000    17.90000    17.90000    17.90000    17.90000    17.90000    17.90000    17.90000    17.90000    17.90000    17.90000    17.90000    17.90000    17.90000    17.90000    17.90000    17.90000    17.90000    17.90000    17.90000    17.90000    17.90000    17.90000    17.90000    17.90000    17.90000    17.90000    17.90000    17.90000    17.90000    17.90000    17.90000    17.90000    17.90000    17.90000    17.90000    17.90000    17.90000    17.90000    17.90000    17.90000    17.90000    17.90000    17.90000    17.90000    17.90000    17.90000    17.90000    17.90000    17.90000    17.90000    17.90000    17.90000    17.90000    17.90000    17.90000    17.90000    17.90000    17.90000
    18.10000    18.10000    18.10000    18.10000    18.10000    18.10000    18.10000    18.10000    18.10000    18.10000    18.10000    18.10000    18.10000    18.10000    18.10000    18.10000    18.10000    18.10000    18.10000    18.10000    18.10000    18.10000    18.10000    18.10000    18.10000    18.10000    18.10000    18.10000    18.10000    18.10000    18.10000    18.10000    18.10000    18.10000    18.10000    18.10000    18.10000    18.10000    18.10000    18.10000    18.10000    18.10000    18.10000    18.10000    18.10000    18.10000    18.10000    18.10000    18.10000    18.10000    18.10000    18.10000    18.10000    18.10000    18.10000    18.10000    18.10000    18.10000    18.10000    18.10000    18.10000    18.10000    18.10000    18.10000    18.10000    18.10000    18.10000    18.10000    18.10000    18.10000    18.10000    18.10000    18.10000    18.10000    18.10000    18.10000    18.10000    18.10000    18.10000    18.10000    18.10000    18.10000    18.10000    18.10000    18.10000    18.10000    18.10000    18.10000    18.10000    18.10000    18.10000    18.10000    18.10000    18.10000    18.10000    18.10000    18.10000    18.10000    18.10000    18.10000    18.10000    18.10000    18.10000    18.10000    18.10000    18.10000    18.10000    18.10000    18.10000    18.10000    18.10000    18.10000    18.10000    18.10000    18.10000    18.10000    18.10000    18.10000    18.10000    18.10000    18.10000    18.10000    18.10000    18.10000    18.10000    18.10000    18.10000    18.10000    18.10000    18.10000    18.10000    18.10000    18.10000    18.10000    18.10000    18.10000    18.10000    18.10000    18.10000    18.10000    18.10000    18.10000    18.10000    18.10000    18.10000    18.10000    18.10000    18.10000    18.10000    18.10000    18.10000    18.10000    18.10000    18.10000    18.10000    18.10000    18.10000    18.10000    18.10000    18.10000    18.10000    18.10000
    18.30000    18.30000    18.30000    18.30000    18.30000    18.30000    18.30000    18.30000    18.30000    18.30000    18.30000    18.30000    18.30000    18.30000    18.30000    18.30000    18.30000    18.30000    18.30000    18.30000    18.30000    18.30000    18.30000    18.30000    18.30000    18.30000    18.30000    18.30000    18.30000    18.30000    18.30000    18.30000    18.30000    18.30000    18.30000    18.30000    18.30000    18.30000    18.30000    18.30000    18.30000    18.30000    18.30000    18.30000    18.30000    18.30000    18.30000    18.30000    18.30000    18.30000    18.30000    18.30000    18.30000    18.30000    18.30000    18.30000    18.30000    18.30000    18.30000    18.30000    18.30000    18.30000    18.30000    18.30000    18.30000    18.30000    18.30000    18.30000    18.30000    18.30000    18.30000    18.30000    18.30000    18.30000    18.30000    18.30000    18.30000    18.30000    18.30000    18.30000    18.30000    18.30000    18.30000    18.30000    18.30000    18.30000    18.30000    18.30000    18.30000    18.30000    18.30000    18.30000    18.30000    18.30000    18.30000    18.30000    18.30000    18.30000    18.30000    18.30000    18.30000    18.30000    18.30000    18.30000    18.30000    18.30000    18.30000    18.30000    18.30000    18.30000    18.30000    18.30000    18.30000    18.30000    18.30000    18.30000    18.30000    18.30000    18.30000    18.30000    18.30000    18.30000    18.30000    18.30000    18.30000    18.30000    18.30000    18.30000    18.30000    18.30000    18.30000    18.30000    18.30000    18.30000    18.30000    18.30000    18.30000    18.30000    18.30000    18.30000    18.30000    18.30000    18.30000    18.30000    18.30000    18.30000    18.30000    18.30000    18.30000    18.30000    18.30000    18.30000    18.30000    18.30000    18.30000    18.30000    18.30000    18.30000    18.30000    18.30000    18.30000    18.30000
    18.50000    18.50000    18.50000    18.50000    18.50000    18.50000    18.50000    18.50000    18.50000    18.50000    18.50000    18.50000    18.50000    18.50000    18.50000    18.50000    18.50000    18.50000    18.50000    18.50000    18.50000    18.50000    18.50000    18.50000    18.50000    18.50000    18.50000    18.50000    18.50000    18.50000    18.50000    18.50000    18.50000    18.50000    18.50000    18.50000    18.50000    18.50000    18.50000    18.50000    18.50000    18.50000    18.50000    18.50000    18.50000    18.50000    18.50000    18.50000    18.50000    18.50000    18.50000    18.50000    18.50000    18.50000    18.50000    18.50000    18.50000    18.50000    18.50000    18.50000    18.50000    18.50000    18.50000    18.50000    18.50000    18.50000    18.50000    18.50000    18.50000    18.50000    18.50000    18.50000    18.50000    18.50000    18.50000    18.50000    18.50000    18.50000    18.50000    18.50000    18.50000    18.50000    18.50000    18.50000    18.50000    18.50000    18.50000    18.50000    18.50000    18.50000    18.50000    18.50000    18.50000    18.50000    18.50000    18.50000    18.50000    18.50000    18.50000    18.50000    18.50000    18.50000    18.50000    18.50000    18.50000    18.50000    18.50000    18.50000    18.50000    18.50000    18.50000    18.50000    18.50000    18.50000    18.50000    18.50000    18.50000    18.50000    18.50000    18.50000    18.50000    18.50000    18.50000    18.50000    18.50000    18.50000    18.50000    18.50000    18.50000    18.50000    18.50000    18.50000    18.50000    18.50000    18.50000    18.50000    18.50000    18.50000    18.50000    18.50000    18.50000    18.50000    18.50000    18.50000    18.50000    18.50000    18.50000    18.50000    18.50000    18.50000    18.50000    18.50000    18.50000    18.50000    18.50000    18.50000    18.50000    18.50000    18.50000    18.50000    18.50000    18.50000
    18.70000    18.70000    18.70000    18.70000    18.70000    18.70000    18.70000    18.70000    18.70000    18.70000    18.70000    18.70000    18.70000    18.70000    18.70000    18.70000    18.70000    18.70000    18.70000    18.70000    18.70000    18.70000    18.70000    18.70000    18.70000    18.70000    18.70000    18.70000    18.70000    18.70000    18.70000    18.70000    18.70000    18.70000    18.70000    18.70000    18.70000    18.70000    18.70000    18.70000    18.70000    18.70000    18.70000    18.70000    18.70000    18.70000    18.70000    18.70000    18.70000    18.70000    18.70000    18.70000    18.70000    18.70000    18.70000    18.70000    18.70000    18.70000    18.70000    18.70000    18.70000    18.70000    18.70000    18.70000    18.70000    18.70000    18.70000    18.70000    18.70000    18.70000    18.70000    18.70000    18.70000    18.70000    18.70000    18.70000    18.70000    18.70000    18.70000    18.70000    18.70000    18.70000    18.70000    18.70000    18.70000    18.70000    18.70000    18.70000    18.70000    18.70000    18.70000    18.70000    18.70000    18.70000    18.70000    18.70000    18.70000    18.70000    18.70000    18.70000    18.70000    18.70000    18.70000    18.70000    18.70000    18.70000    18.70000    18.70000    18.70000    18.70000    18.70000    18.70000    18.70000    18.70000    18.70000    18.70000    18.70000    18.70000    18.70000    18.70000    18.70000    18.70000    18.70000    18.70000    18.70000    18.70000    18.70000    18.70000    18.70000    18.70000    18.70000    18.70000    18.70000    18.70000    18.70000    18.70000    18.70000    18.70000    18.70000    18.70000    18.70000    18.70000    18.70000    18.70000    18.70000    18.70000    18.70000    18.70000    18.70000    18.70000    18.70000    18.70000    18.70000    18.70000    18.70000    18.70000    18.70000    18.70000    18.70000    18.70000    18.70000    18.70000
    18.90000    18.90000    18.90000    18.90000    18.90000    18.90000    18.90000    18.90000    18.90000    18.90000    18.90000    18.90000    18.90000    18.90000    18.90000    18.90000    18.90000    18.90000    18.90000    18.90000    18.90000    18.90000    18.90000    18.90000    18.90000    18.90000    18.90000    18.90000    18.90000    18.90000    18.90000    18.90000    18.90000    18.90000    18.90000    18.90000    18.90000    18.90000    18.90000    18.90000    18.90000    18.90000    18.90000    18.90000    18.90000    18.90000    18.90000    18.90000    18.90000    18.90000    18.90000    18.90000    18.90000    18.90000    18.90000    18.90000    18.90000    18.90000    18.90000    18.90000    18.90000    18.90000    18.90000    18.90000    18.90000    18.90000    18.90000    18.90000    18.90000    18.90000    18.90000    18.90000    18.90000    18.90000    18.90000    18.90000    18.90000    18.90000    18.90000    18.90000    18.90000    18.90000    18.90000    18.90000    18.90000    18.90000    18.90000    18.90000    18.90000    18.90000    18.90000    18.90000    18.90000    18.90000    18.90000    18.90000    18.90000    18.90000    18.90000    18.90000    18.90000    18.90000    18.90000    18.90000    18.90000    18.90000    18.90000    18.90000    18.90000    18.90000    18.90000    18.90000    18.90000    18.90000    18.90000    18.90000    18.90000    18.90000    18.90000    18.90000    18.90000    18.90000    18.90000    18.90000    18.90000    18.90000    18.90000    18.90000    18.90000    18.90000    18.90000    18.90000    18.90000    18.90000    18.90000    18.90000    18.90000    18.90000    18.90000    18.90000    18.90000    18.90000    18.90000    18.90000    18.90000    18.90000    18.90000    18.90000    18.90000    18.90000    18.90000    18.90000    18.90000    18.90000    18.90000    18.90000    18.90000    18.90000    18.90000    18.90000    18.90000    18.90000
    19.10000    19.10000    19.10000    19.10000    19.10000    19.10000    19.10000    19.10000    19.10000    19.10000    19.10000    19.10000    19.10000    19.10000    19.10000    19.10000    19.10000    19.10000    19.10000    19.10000    19.10000    19.10000    19.10000    19.10000    19.10000    19.10000    19.10000    19.10000    19.10000    19.10000    19.10000    19.10000    19.10000    19.10000    19.10000    19.10000    19.10000    19.10000    19.10000    19.10000    19.10000    19.10000    19.10000    19.10000    19.10000    19.10000    19.10000    19.10000    19.10000    19.10000    19.10000    19.10000    19.10000    19.10000    19.10000    19.10000    19.10000    19.10000    19.10000    19.10000    19.10000    19.10000    19.10000    19.10000    19.10000    19.10000    19.10000    19.10000    19.10000    19.10000    19.10000    19.10000    19.10000    19.10000    19.10000    19.10000    19.10000    19.10000    19.10000    19.10000    19.10000    19.10000    19.10000    19.10000    19.10000    19.10000    19.10000    19.10000    19.10000    19.10000    19.10000    19.10000    19.10000    19.10000    19.10000    19.10000    19.10000    19.10000    19.10000    19.10000    19.10000    19.10000    19.10000    19.10000    19.10000    19.10000    19.10000    19.10000    19.10000    19.10000    19.10000    19.10000    19.10000    19.10000    19.10000    19.10000    19.10000    19.10000    19.10000    19.10000    19.10000    19.10000    19.10000    19.10000    19.10000    19.10000    19.10000    19.10000    19.10000    19.10000    19.10000    19.10000    19.10000    19.10000    19.10000    19.10000    19.10000    19.10000    19.10000    19.10000    19.10000    19.10000    19.10000    19.10000    19.10000    19.10000    19.10000    19.10000    19.10000    19.10000    19.10000    19.10000    19.10000    19.10000    19.10000    19.10000    19.10000    19.10000    19.10000    19.10000    19.10000    19.10000
    19.30000    19.30000    19.30000    19.30000    19.30000    19.30000    19.30000    19.30000    19.30000    19.30000    19.30000    19.30000    19.30000    19.30000    19.30000    19.30000    19.30000    19.30000    19.30000    19.30000    19.30000    19.30000    19.30000    19.30000    19.30000    19.30000    19.30000    19.30000    19.30000    19.30000    19.30000    19.30000    19.30000    19.30000    19.30000    19.30000    19.30000    19.30000    19.30000    19.30000    19.30000    19.30000    19.30000    19.30000    19.30000    19.30000    19.30000    19.30000    19.30000    19.30000    19.30000    19.30000    19.30000    19.30000    19.30000    19.30000    19.30000    19.30000    19.30000    19.30000    19.30000    19.30000    19.30000    19.30000    19.30000    19.30000    19.30000    19.30000    19.30000    19.30000    19.30000    19.30000    19.30000    19.30000    19.30000    19.30000    19.30000    19.30000    19.30000    19.30000    19.30000    19.30000    19.30000    19.30000    19.30000    19.30000    19.30000    19.30000    19.30000    19.30000    19.30000    19.30000    19.30000    19.30000    19.30000    19.30000    19.30000    19.30000    19.30000    19.30000    19.30000    19.30000    19.30000    19.30000    19.30000    19.30000    19.30000    19.30000    19.30000    19.30000    19.30000    19.30000    19.30000    19.30000    19.30000    19.30000    19.30000    19.30000    19.30000    19.30000    19.30000    19.30000    19.30000    19.30000    19.30000    19.30000    19.30000    19.30000    19.30000    19.30000    19.30000    19.30000    19.30000    19.30000    19.30000    19.30000    19.30000    19.30000    19.30000    19.30000    19.30000    19.30000    19.30000    19.30000    19.30000    19.30000    19.30000    19.30000    19.30000    19.30000    19.30000    19.30000    19.30000    19.30000    19.30000    19.30000    19.30000    19.30000    19.30000    19.30000    19.30000    19.30000
    19.50000    19.50000    19.50000    19.50000    19.50000    19.50000    19.50000    19.50000    19.50000    19.50000    19.50000    19.50000    19.50000    19.50000    19.50000    19.50000    19.50000    19.50000    19.50000    19.50000    19.50000    19.50000    19.50000    19.50000    19.50000    19.50000    19.50000    19.50000    19.50000    19.50000    19.50000    19.50000    19.50000    19.50000    19.50000    19.50000    19.50000    19.50000    19.50000    19.50000    19.50000    19.50000    19.50000    19.50000    19.50000    19.50000    19.50000    19.50000    19.50000    19.50000    19.50000    19.50000    19.50000    19.50000    19.50000    19.50000    19.50000    19.50000    19.50000    19.50000    19.50000    19.50000    19.50000    19.50000    19.50000    19.50000    19.50000    19.50000    19.50000    19.50000    19.50000    19.50000    19.50000    19.50000    19.50000    19.50000    19.50000    19.50000    19.50000    19.50000    19.50000    19.50000    19.50000    19.50000    19.50000    19.50000    19.50000    19.50000    19.50000    19.50000    19.50000    19.50000    19.50000    19.50000    19.50000    19.50000    19.50000    19.50000    19.50000    19.50000    19.50000    19.50000    19.50000    19.50000    19.50000    19.50000    19.50000    19.50000    19.50000    19.50000    19.50000    19.50000    19.50000    19.50000    19.50000    19.50000    19.50000    19.50000    19.50000    19.50000    19.50000    19.50000    19.50000    19.50000    19.50000    19.50000    19.50000    19.50000    19.50000    19.50000    19.50000    19.50000    19.50000    19.50000    19.50000    19.50000    19.50000    19.50000    19.50000    19.50000    19.50000    19.50000    19.50000    19.50000    19.50000    19.50000    19.50000    19.50000    19.50000    19.50000    19.50000    19.50000    19.50000    19.50000    19.50000    19.50000    19.50000    19.50000    19.50000    19.50000    19.50000    19.50000
    19.70000    19.70000    19.70000    19.70000    19.70000    19.70000    19.70000    19.70000    19.70000    19.70000    19.70000    19.70000    19.70000    19.70000    19.70000    19.70000    19.70000    19.70000    19.70000    19.70000    19.70000    19.70000    19.70000    19.70000    19.70000    19.70000    19.70000    19.70000    19.70000    19.70000    19.70000    19.70000    19.70000    19.70000    19.70000    19.70000    19.70000    19.70000    19.70000    19.70000    19.70000    19.70000    19.70000    19.70000    19.70000    19.70000    19.70000    19.70000    19.70000    19.70000    19.70000    19.70000    19.70000    19.70000    19.70000    19.70000    19.70000    19.70000    19.70000    19.70000    19.70000    19.70000    19.70000    19.70000    19.70000    19.70000    19.70000    19.70000    19.70000    19.70000    19.70000    19.70000    19.70000    19.70000    19.70000    19.70000    19.70000    19.70000    19.70000    19.70000    19.70000    19.70000    19.70000    19.70000    19.70000    19.70000    19.70000    19.70000    19.70000    19.70000    19.70000    19.70000    19.70000    19.70000    19.70000    19.70000    19.70000    19.70000    19.70000    19.70000    19.70000    19.70000    19.70000    19.70000    19.70000    19.70000    19.70000    19.70000    19.70000    19.70000    19.70000    19.70000    19.70000    19.70000    19.70000    19.70000    19.70000    19.70000    19.70000    19.70000    19.70000    19.70000    19.70000    19.70000    19.70000    19.70000    19.70000    19.70000    19.70000    19.70000    19.70000    19.70000    19.70000    19.70000    19.70000    19.70000    19.70000    19.70000    19.70000    19.70000    19.70000    19.70000    19.70000    19.70000    19.70000    19.70000    19.70000    19.70000    19.70000    19.70000    19.70000    19.70000    19.70000    19.70000    19.70000    19.70000    19.70000    19.70000    19.70000    19.70000    19.70000    19.70000
    19.90000    19.90000    19.90000    19.90000    19.90000    19.90000    19.90000    19.90000    19.90000    19.90000    19.90000    19.90000    19.90000    19.90000    19.90000    19.90000    19.90000    19.90000    19.90000    19.90000    19.90000    19.90000    19.90000    19.90000    19.90000    19.90000    19.90000    19.90000    19.90000    19.90000    19.90000    19.90000    19.90000    19.90000    19.90000    19.90000    19.90000    19.90000    19.90000    19.90000    19.90000    19.90000    19.90000    19.90000    19.90000    19.90000    19.90000    19.90000    19.90000    19.90000    19.90000    19.90000    19.90000    19.90000    19.90000    19.90000    19.90000    19.90000    19.90000    19.90000    19.90000    19.90000    19.90000    19.90000    19.90000    19.90000    19.90000    19.90000    19.90000    19.90000    19.90000    19.90000    19.90000    19.90000    19.90000    19.90000    19.90000    19.90000    19.90000    19.90000    19.90000    19.90000    19.90000    19.90000    19.90000    19.90000    19.90000    19.90000    19.90000    19.90000    19.90000    19.90000    19.90000    19.90000    19.90000    19.90000    19.90000    19.90000    19.90000    19.90000    19.90000    19.90000    19.90000    19.90000    19.90000    19.90000    19.90000    19.90000    19.90000    19.90000    19.90000    19.90000    19.90000    19.90000    19.90000    19.90000    19.90000    19.90000    19.90000    19.90000    19.90000    19.90000    19.90000    19.90000    19.90000    19.90000    19.90000    19.90000    19.90000    19.90000    19.90000    19.90000    19.90000    19.90000    19.90000    19.90000    19.90000    19.90000    19.90000    19.90000    19.90000    19.90000    19.90000    19.90000    19.90000    19.90000    19.90000    19.90000    19.90000    19.90000    19.90000    19.90000    19.90000    19.90000    19.90000    19.90000    19.90000    19.90000    19.90000    19.90000    19.90000    19.90000
    20.10000    20.10000    20.10000    20.10000    20.10000    20.10000    20.10000    20.10000    20.10000    20.10000    20.10000    20.10000    20.10000    20.10000    20.10000    20.10000    20.10000    20.10000    20.10000    20.10000    20.10000    20.10000    20.10000    20.10000    20.10000    20.10000    20.10000    20.10000    20.10000    20.10000    20.10000    20.10000    20.10000    20.10000    20.10000    20.10000    20.10000    20.10000    20.10000    20.10000    20.10000    20.10000    20.10000    20.10000    20.10000    20.10000    20.10000    20.10000    20.10000    20.10000    20.10000    20.10000    20.10000    20.10000    20.10000    20.10000    20.10000    20.10000    20.10000    20.10000    20.10000    20.10000    20.10000    20.10000    20.10000    20.10000    20.10000    20.10000    20.10000    20.10000    20.10000    20.10000    20.10000    20.10000    20.10000    20.10000    20.10000    20.10000    20.10000    20.10000    20.10000    20.10000    20.10000    20.10000    20.10000    20.10000    20.10000    20.10000    20.10000    20.10000    20.10000    20.10000    20.10000    20.10000    20.10000    20.10000    20.10000    20.10000    20.10000    20.10000    20.10000    20.10000    20.10000    20.10000    20.10000    20.10000    20.10000    20.10000    20.10000    20.10000    20.10000    20.10000    20.10000    20.10000    20.10000    20.10000    20.10000    20.10000    20.10000    20.10000    20.10000    20.10000    20.10000    20.10000    20.10000    20.10000    20.10000    20.10000    20.10000    20.10000    20.10000    20.10000    20.10000    20.10000    20.10000    20.10000    20.10000    20.10000    20.10000    20.10000    20.10000    20.10000    20.10000    20.10000    20.10000    20.10000    20.10000    20.10000    20.10000    20.10000    20.10000    20.10000    20.10000    20.10000    20.10000    20.10000    20.10000    20.10000    20.10000    20.10000    20.10000    20.10000
    20.30000    20.30000    20.30000    20.30000    20.30000    20.30000    20.30000    20.30000    20.30000    20.30000    20.30000    20.30000    20.30000    20.30000    20.30000    20.30000    20.30000    20.30000    20.30000    20.30000    20.30000    20.30000    20.30000    20.30000    20.30000    20.30000    20.30000    20.30000    20.30000    20.30000    20.30000    20.30000    20.30000    20.30000    20.30000    20.30000    20.30000    20.30000    20.30000    20.30000    20.30000    20.30000    20.30000    20.30000    20.30000    20.30000    20.30000    20.30000    20.30000    20.30000    20.30000    20.30000    20.30000    20.30000    20.30000    20.30000    20.30000    20.30000    20.30000    20.30000    20.30000    20.30000    20.30000    20.30000    20.30000    20.30000    20.30000    20.30000    20.30000    20.30000    20.30000    20.30000    20.30000    20.30000    20.30000    20.30000    20.30000    20.30000    20.30000    20.30000    20.30000    20.30000    20.30000    20.30000    20.30000    20.30000    20.30000    20.30000    20.30000    20.30000    20.30000    20.30000    20.30000    20.30000    20.30000    20.30000    20.30000    20.30000    20.30000    20.30000    20.30000    20.30000    20.30000    20.30000    20.30000    20.30000    20.30000    20.30000    20.30000    20.30000    20.30000    20.30000    20.30000    20.30000    20.30000    20.30000    20.30000    20.30000    20.30000    20.30000    20.30000    20.30000    20.30000    20.30000    20.30000    20.30000    20.30000    20.30000    20.30000    20.30000    20.30000    20.30000    20.30000    20.30000    20.30000    20.30000    20.30000    20.30000    20.30000    20.30000    20.30000    20.30000    20.30000    20.30000    20.30000    20.30000    20.30000    20.30000    20.30000    20.30000    20.30000    20.30000    20.30000    20.30000    20.30000    20.30000    20.30000    20.30000    20.30000    20.30000    20.30000    20.30000
    20.50000    20.50000    20.50000    20.50000    20.50000    20.50000    20.50000    20.50000    20.50000    20.50000    20.50000    20.50000    20.50000    20.50000    20.50000    20.50000    20.50000    20.50000    20.50000    20.50000    20.50000    20.50000    20.50000    20.50000    20.50000    20.50000    20.50000    20.50000    20.50000    20.50000    20.50000    20.50000    20.50000    20.50000    20.50000    20.50000    20.50000    20.50000    20.50000    20.50000    20.50000    20.50000    20.50000    20.50000    20.50000    20.50000    20.50000    20.50000    20.50000    20.50000    20.50000    20.50000    20.50000    20.50000    20.50000    20.50000    20.50000    20.50000    20.50000    20.50000    20.50000    20.50000    20.50000    20.50000    20.50000    20.50000    20.50000    20.50000    20.50000    20.50000    20.50000    20.50000    20.50000    20.50000    20.50000    20.50000    20.50000    20.50000    20.50000    20.50000    20.50000    20.50000    20.50000    20.50000    20.50000    20.50000    20.50000    20.50000    20.50000    20.50000    20.50000    20.50000    20.50000    20.50000    20.50000    20.50000    20.50000    20.50000    20.50000    20.50000    20.50000    20.50000    20.50000    20.50000    20.50000    20.50000    20.50000    20.50000    20.50000    20.50000    20.50000    20.50000    20.50000    20.50000    20.50000    20.50000    20.50000    20.50000    20.50000    20.50000    20.50000    20.50000    20.50000    20.50000    20.50000    20.50000    20.50000    20.50000    20.50000    20.50000    20.50000    20.50000    20.50000    20.50000    20.50000    20.50000    20.50000    20.50000    20.50000    20.50000    20.50000    20.50000    20.50000    20.50000    20.50000    20.50000    20.50000    20.50000    20.50000    20.50000    20.50000    20.50000    20.50000    20.50000    20.50000    20.50000    20.50000    20.50000    20.50000    20.50000    20.50000    20.50000
    20.70000    20.70000    20.70000    20.70000    20.70000    20.70000    20.70000    20.70000    20.70000    20.70000    20.70000    20.70000    20.70000    20.70000    20.70000    20.70000    20.70000    20.70000    20.70000    20.70000    20.70000    20.70000    20.70000    20.70000    20.70000    20.70000    20.70000    20.70000    20.70000    20.70000    20.70000    20.70000    20.70000    20.70000    20.70000    20.70000    20.70000    20.70000    20.70000    20.70000    20.70000    20.70000    20.70000    20.70000    20.70000    20.70000    20.70000    20.70000    20.70000    20.70000    20.70000    20.70000    20.70000    20.70000    20.70000    20.70000    20.70000    20.70000    20.70000    20.70000    20.70000    20.70000    20.70000    20.70000    20.70000    20.70000    20.70000    20.70000    20.70000    20.70000    20.70000    20.70000    20.70000    20.70000    20.70000    20.70000    20.70000    20.70000    20.70000    20.70000    20.70000    20.70000    20.70000    20.70000    20.70000    20.70000    20.70000    20.70000    20.70000    20.70000    20.70000    20.70000    20.70000    20.70000    20.70000    20.70000    20.70000    20.70000    20.70000    20.70000    20.70000    20.70000    20.70000    20.70000    20.70000    20.70000    20.70000    20.70000    20.70000    20.70000    20.70000    20.70000    20.70000    20.70000    20.70000    20.70000    20.70000    20.70000    20.70000    20.70000    20.70000    20.70000    20.70000    20.70000    20.70000    20.70000    20.70000    20.70000    20.70000    20.70000    20.70000    20.70000    20.70000    20.70000    20.70000    20.70000    20.70000    20.70000    20.70000    20.70000    20.70000    20.70000    20.70000    20.70000    20.70000    20.70000    20.70000    20.70000    20.70000    20.70000    20.70000    20.70000    20.70000    20.70000    20.70000    20.70000    20.70000    20.70000    20.70000    20.70000    20.70000    20.70000
    20.90000    20.90000    20.90000    20.90000    20.90000    20.90000    20.90000    20.90000    20.90000    20.90000    20.90000    20.90000    20.90000    20.90000    20.90000    20.90000    20.90000    20.90000    20.90000    20.90000    20.90000    20.90000    20.90000    20.90000    20.90000    20.90000    20.90000    20.90000    20.90000    20.90000    20.90000    20.90000    20.90000    20.90000    20.90000    20.90000    20.90000    20.90000    20.90000    20.90000    20.90000    20.90000    20.90000    20.90000    20.90000    20.90000    20.90000    20.90000    20.90000    20.90000    20.90000    20.90000    20.90000    20.90000    20.90000    20.90000    20.90000    20.90000    20.90000    20.90000    20.90000    20.90000    20.90000    20.90000    20.90000    20.90000    20.90000    20.90000    20.90000    20.90000    20.90000    20.90000    20.90000    20.90000    20.90000    20.90000    20.90000    20.90000    20.90000    20.90000    20.90000    20.90000    20.90000    20.90000    20.90000    20.90000    20.90000    20.90000    20.90000    20.90000    20.90000    20.90000    20.90000    20.90000    20.90000    20.90000    20.90000    20.90000    20.90000    20.90000    20.90000    20.90000    20.90000    20.90000    20.90000    20.90000    20.90000    20.90000    20.90000    20.90000    20.90000    20.90000    20.90000    20.90000    20.90000    20.90000    20.90000    20.90000    20.90000    20.90000    20.90000    20.90000    20.90000    20.90000    20.90000    20.90000    20.90000    20.90000    20.90000    20.90000    20.90000    20.90000    20.90000    20.90000    20.90000    20.90000    20.90000    20.90000    20.90000    20.90000    20.90000    20.90000    20.90000    20.90000    20.90000    20.90000    20.90000    20.90000    20.90000    20.90000    20.90000    20.90000    20.90000    20.90000    20.90000    20.90000    20.90000    20.90000    20.90000    20.90000    20.90000    20.90000
    21.10000    21.10000    21.10000    21.10000    21.10000    21.10000    21.10000    21.10000    21.10000    21.10000    21.10000    21.10000    21.10000    21.10000    21.10000    21.10000    21.10000    21.10000    21.10000    21.10000    21.10000    21.10000    21.10000    21.10000    21.10000    21.10000    21.10000    21.10000    21.10000    21.10000    21.10000    21.10000    21.10000    21.10000    21.10000    21.10000    21.10000    21.10000    21.10000    21.10000    21.10000    21.10000    21.10000    21.10000    21.10000    21.10000    21.10000    21.10000    21.10000    21.10000    21.10000    21.10000    21.10000    21.10000    21.10000    21.10000    21.10000    21.10000    21.10000    21.10000    21.10000    21.10000    21.10000    21.10000    21.10000    21.10000    21.10000    21.10000    21.10000    21.10000    21.10000    21.10000    21.10000    21.10000    21.10000    21.10000    21.10000    21.10000    21.10000    21.10000    21.10000    21.10000    21.10000    21.10000    21.10000    21.10000    21.10000    21.10000    21.10000    21.10000    21.10000    21.10000    21.10000    21.10000    21.10000    21.10000    21.10000    21.10000    21.10000    21.10000    21.10000    21.10000    21.10000    21.10000    21.10000    21.10000    21.10000    21.10000    21.10000    21.10000    21.10000    21.10000    21.10000    21.10000    21.10000    21.10000    21.10000    21.10000    21.10000    21.10000    21.10000    21.10000    21.10000    21.10000    21.10000    21.10000    21.10000    21.10000    21.10000    21.10000    21.10000    21.10000    21.10000    21.10000    21.10000    21.10000    21.10000    21.10000    21.10000    21.10000    21.10000    21.10000    21.10000    21.10000    21.10000    21.10000    21.10000    21.10000    21.10000    21.10000    21.10000    21.10000    21.10000    21.10000    21.10000    21.10000    21.10000    21.10000    21.10000    21.10000    21.10000    21.10000
    21.30000    21.30000    21.30000    21.30000    21.30000    21.30000    21.30000    21.30000    21.30000    21.30000    21.30000    21.30000    21.30000    21.30000    21.30000    21.30000    21.30000    21.30000    21.30000    21.30000    21.30000    21.30000    21.30000    21.30000    21.30000    21.30000    21.30000    21.30000    21.30000    21.30000    21.30000    21.30000    21.30000    21.30000    21.30000    21.30000    21.30000    21.30000    21.30000    21.30000    21.30000    21.30000    21.30000    21.30000    21.30000    21.30000    21.30000    21.30000    21.30000    21.30000    21.30000    21.30000    21.30000    21.30000    21.30000    21.30000    21.30000    21.30000    21.30000    21.30000    21.30000    21.30000    21.30000    21.30000    21.30000    21.30000    21.30000    21.30000    21.30000    21.30000    21.30000    21.30000    21.30000    21.30000    21.30000    21.30000    21.30000    21.30000    21.30000    21.30000    21.30000    21.30000    21.30000    21.30000    21.30000    21.30000    21.30000    21.30000    21.30000    21.30000    21.30000    21.30000    21.30000    21.30000    21.30000    21.30000    21.30000    21.30000    21.30000    21.30000    21.30000    21.30000    21.30000    21.30000    21.30000    21.30000    21.30000    21.30000    21.30000    21.30000    21.30000    21.30000    21.30000    21.30000    21.30000    21.30000    21.30000    21.30000    21.30000    21.30000    21.30000    21.30000    21.30000    21.30000    21.30000    21.30000    21.30000    21.30000    21.30000    21.30000    21.30000    21.30000    21.30000    21.30000    21.30000    21.30000    21.30000    21.30000    21.30000    21.30000    21.30000    21.30000    21.30000    21.30000    21.30000    21.30000    21.30000    21.30000    21.30000    21.30000    21.30000    21.30000    21.30000    21.30000    21.30000    21.30000    21.30000    21.30000    21.30000    21.30000    21.30000    21.30000
    21.50000    21.50000    21.50000    21.50000    21.50000    21.50000    21.50000    21.50000    21.50000    21.50000    21.50000    21.50000    21.50000    21.50000    21.50000    21.50000    21.50000    21.50000    21.50000    21.50000    21.50000    21.50000    21.50000    21.50000    21.50000    21.50000    21.50000    21.50000    21.50000    21.50000    21.50000    21.50000    21.50000    21.50000    21.50000    21.50000    21.50000    21.50000    21.50000    21.50000    21.50000    21.50000    21.50000    21.50000    21.50000    21.50000    21.50000    21.50000    21.50000    21.50000    21.50000    21.50000    21.50000    21.50000    21.50000    21.50000    21.50000    21.50000    21.50000    21.50000    21.50000    21.50000    21.50000    21.50000    21.50000    21.50000    21.50000    21.50000    21.50000    21.50000    21.50000    21.50000    21.50000    21.50000    21.50000    21.50000    21.50000    21.50000    21.50000    21.50000    21.50000    21.50000    21.50000    21.50000    21.50000    21.50000    21.50000    21.50000    21.50000    21.50000    21.50000    21.50000    21.50000    21.50000    21.50000    21.50000    21.50000    21.50000    21.50000    21.50000    21.50000    21.50000    21.50000    21.50000    21.50000    21.50000    21.50000    21.50000    21.50000    21.50000    21.50000    21.50000    21.50000    21.50000    21.50000    21.50000    21.50000    21.50000    21.50000    21.50000    21.50000    21.50000    21.50000    21.50000    21.50000    21.50000    21.50000    21.50000    21.50000    21.50000    21.50000    21.50000    21.50000    21.50000    21.50000    21.50000    21.50000    21.50000    21.50000    21.50000    21.50000    21.50000    21.50000    21.50000    21.50000    21.50000    21.50000    21.50000    21.50000    21.50000    21.50000    21.50000    21.50000    21.50000    21.50000    21.50000    21.50000    21.50000    21.50000    21.50000    21.50000    21.50000
    21.70000    21.70000    21.70000    21.70000    21.70000    21.70000    21.70000    21.70000    21.70000    21.70000    21.70000    21.70000    21.70000    21.70000    21.70000    21.70000    21.70000    21.70000    21.70000    21.70000    21.70000    21.70000    21.70000    21.70000    21.70000    21.70000    21.70000    21.70000    21.70000    21.70000    21.70000    21.70000    21.70000    21.70000    21.70000    21.70000    21.70000    21.70000    21.70000    21.70000    21.70000    21.70000    21.70000    21.70000    21.70000    21.70000    21.70000    21.70000    21.70000    21.70000    21.70000    21.70000    21.70000    21.70000    21.70000    21.70000    21.70000    21.70000    21.70000    21.70000    21.70000    21.70000    21.70000    21.70000    21.70000    21.70000    21.70000    21.70000    21.70000    21.70000    21.70000    21.70000    21.70000    21.70000    21.70000    21.70000    21.70000    21.70000    21.70000    21.70000    21.70000    21.70000    21.70000    21.70000    21.70000    21.70000    21.70000    21.70000    21.70000    21.70000    21.70000    21.70000    21.70000    21.70000    21.70000    21.70000    21.70000    21.70000    21.70000    21.70000    21.70000    21.70000    21.70000    21.70000    21.70000    21.70000    21.70000    21.70000    21.70000    21.70000    21.70000    21.70000    21.70000    21.70000    21.70000    21.70000    21.70000    21.70000    21.70000    21.70000    21.70000    21.70000    21.70000    21.70000    21.70000    21.70000    21.70000    21.70000    21.70000    21.70000    21.70000    21.70000    21.70000    21.70000    21.70000    21.70000    21.70000    21.70000    21.70000    21.70000    21.70000    21.70000    21.70000    21.70000    21.70000    21.70000    21.70000    21.70000    21.70000    21.70000    21.70000    21.70000    21.70000    21.70000    21.70000    21.70000    21.70000    21.70000    21.70000    21.70000    21.70000    21.70000
    21.90000    21.90000    21.90000    21.90000    21.90000    21.90000    21.90000    21.90000    21.90000    21.90000    21.90000    21.90000    21.90000    21.90000    21.90000    21.90000    21.90000    21.90000    21.90000    21.90000    21.90000    21.90000    21.90000    21.90000    21.90000    21.90000    21.90000    21.90000    21.90000    21.90000    21.90000    21.90000    21.90000    21.90000    21.90000    21.90000    21.90000    21.90000    21.90000    21.90000    21.90000    21.90000    21.90000    21.90000    21.90000    21.90000    21.90000    21.90000    21.90000    21.90000    21.90000    21.90000    21.90000    21.90000    21.90000    21.90000    21.90000    21.90000    21.90000    21.90000    21.90000    21.90000    21.90000    21.90000    21.90000    21.90000    21.90000    21.90000    21.90000    21.90000    21.90000    21.90000    21.90000    21.90000    21.90000    21.90000    21.90000    21.90000    21.90000    21.90000    21.90000    21.90000    21.90000    21.90000    21.90000    21.90000    21.90000    21.90000    21.90000    21.90000    21.90000    21.90000    21.90000    21.90000    21.90000    21.90000    21.90000    21.90000    21.90000    21.90000    21.90000    21.90000    21.90000    21.90000    21.90000    21.90000    21.90000    21.90000    21.90000    21.90000    21.90000    21.90000    21.90000    21.90000    21.90000    21.90000    21.90000    21.90000    21.90000    21.90000    21.90000    21.90000    21.90000    21.90000    21.90000    21.90000    21.90000    21.90000    21.90000    21.90000    21.90000    21.90000    21.90000    21.90000    21.90000    21.90000    21.90000    21.90000    21.90000    21.90000    21.90000    21.90000    21.90000    21.90000    21.90000    21.90000    21.90000    21.90000    21.90000    21.90000    21.90000    21.90000    21.90000    21.90000    21.90000    21.90000    21.90000    21.90000    21.90000    21.90000    21.90000    21.90000
    22.10000    22.10000    22.10000    22.10000    22.10000    22.10000    22.10000    22.10000    22.10000    22.10000    22.10000    22.10000    22.10000    22.10000    22.10000    22.10000    22.10000    22.10000    22.10000    22.10000    22.10000    22.10000    22.10000    22.10000    22.10000    22.10000    22.10000    22.10000    22.10000    22.10000    22.10000    22.10000    22.10000    22.10000    22.10000    22.10000    22.10000    22.10000    22.10000    22.10000    22.10000    22.10000    22.10000    22.10000    22.10000    22.10000    22.10000    22.10000    22.10000    22.10000    22.10000    22.10000    22.10000    22.10000    22.10000    22.10000    22.10000    22.10000    22.10000    22.10000    22.10000    22.10000    22.10000    22.10000    22.10000    22.10000    22.10000    22.10000    22.10000    22.10000    22.10000    22.10000    22.10000    22.10000    22.10000    22.10000    22.10000    22.10000    22.10000    22.10000    22.10000    22.10000    22.10000    22.10000    22.10000    22.10000    22.10000    22.10000    22.10000    22.10000    22.10000    22.10000    22.10000    22.10000    22.10000    22.10000    22.10000    22.10000    22.10000    22.10000    22.10000    22.10000    22.10000    22.10000    22.10000    22.10000    22.10000    22.10000    22.10000    22.10000    22.10000    22.10000    22.10000    22.10000    22.10000    22.10000    22.10000    22.10000    22.10000    22.10000    22.10000    22.10000    22.10000    22.10000    22.10000    22.10000    22.10000    22.10000    22.10000    22.10000    22.10000    22.10000    22.10000    22.10000    22.10000    22.10000    22.10000    22.10000    22.10000    22.10000    22.10000    22.10000    22.10000    22.10000    22.10000    22.10000    22.10000    22.10000    22.10000    22.10000    22.10000    22.10000    22.10000    22.10000    22.10000    22.10000    22.10000    22.10000    22.10000    22.10000    22.10000    22.10000
    22.30000    22.30000    22.30000    22.30000    22.30000    22.30000    22.30000    22.30000    22.30000    22.30000    22.30000    22.30000    22.30000    22.30000    22.30000    22.30000    22.30000    22.30000    22.30000    22.30000    22.30000    22.30000    22.30000    22.30000    22.30000    22.30000    22.30000    22.30000    22.30000    22.30000    22.30000    22.30000    22.30000    22.30000    22.30000    22.30000    22.30000    22.30000    22.30000    22.30000    22.30000    22.30000    22.30000    22.30000    22.30000    22.30000    22.30000    22.30000    22.30000    22.30000    22.30000    22.30000    22.30000    22.30000    22.30000    22.30000    22.30000    22.30000    22.30000    22.30000    22.30000    22.30000    22.30000    22.30000    22.30000    22.30000    22.30000    22.30000    22.30000    22.30000    22.30000    22.30000    22.30000    22.30000    22.30000    22.30000    22.30000    22.30000    22.30000    22.30000    22.30000    22.30000    22.30000    22.30000    22.30000    22.30000    22.30000    22.30000    22.30000    22.30000    22.30000    22.30000    22.30000    22.30000    22.30000    22.30000    22.30000    22.30000    22.30000    22.30000    22.30000    22.30000    22.30000    22.30000    22.30000    22.30000    22.30000    22.30000    22.30000    22.30000    22.30000    22.30000    22.30000    22.30000    22.30000    22.30000    22.30000    22.30000    22.30000    22.30000    22.30000    22.30000    22.30000    22.30000    22.30000    22.30000    22.30000    22.30000    22.30000    22.30000    22.30000    22.30000    22.30000    22.30000    22.30000    22.30000    22.30000    22.30000    22.30000    22.30000    22.30000    22.30000    22.30000    22.30000    22.30000    22.30000    22.30000    22.30000    22.30000    22.30000    22.30000    22.30000    22.30000    22.30000    22.30000    22.30000    22.30000    22.30000    22.30000    22.30000    22.30000    22.30000
    22.50000    22.50000    22.50000    22.50000    22.50000    22.50000    22.50000    22.50000    22.50000    22.50000    22.50000    22.50000    22.50000    22.50000    22.50000    22.50000    22.50000    22.50000    22.50000    22.50000    22.50000    22.50000    22.50000    22.50000    22.50000    22.50000    22.50000    22.50000    22.50000    22.50000    22.50000    22.50000    22.50000    22.50000    22.50000    22.50000    22.50000    22.50000    22.50000    22.50000    22.50000    22.50000    22.50000    22.50000    22.50000    22.50000    22.50000    22.50000    22.50000    22.50000    22.50000    22.50000    22.50000    22.50000    22.50000    22.50000    22.50000    22.50000    22.50000    22.50000    22.50000    22.50000    22.50000    22.50000    22.50000    22.50000    22.50000    22.50000    22.50000    22.50000    22.50000    22.50000    22.50000    22.50000    22.50000    22.50000    22.50000    22.50000    22.50000    22.50000    22.50000    22.50000    22.50000    22.50000    22.50000    22.50000    22.50000    22.50000    22.50000    22.50000    22.50000    22.50000    22.50000    22.50000    22.50000    22.50000    22.50000    22.50000    22.50000    22.50000    22.50000    22.50000    22.50000    22.50000    22.50000    22.50000    22.50000    22.50000    22.50000    22.50000    22.50000    22.50000    22.50000    22.50000    22.50000    22.50000    22.50000    22.50000    22.50000    22.50000    22.50000    22.50000    22.50000    22.50000    22.50000    22.50000    22.50000    22.50000    22.50000    22.50000    22.50000    22.50000    22.50000    22.50000    22.50000    22.50000    22.50000    22.50000    22.50000    22.50000    22.50000    22.50000    22.50000    22.50000    22.50000    22.50000    22.50000    22.50000    22.50000    22.50000    22.50000    22.50000    22.50000    22.50000    22.50000    22.50000    22.50000    22.50000    22.50000    22.50000    22.50000    22.50000
    22.70000    22.70000    22.70000    22.70000    22.70000    22.70000    22.70000    22.70000    22.70000    22.70000    22.70000    22.70000    22.70000    22.70000    22.70000    22.70000    22.70000    22.70000    22.70000    22.70000    22.70000    22.70000    22.70000    22.70000    22.70000    22.70000    22.70000    22.70000    22.70000    22.70000    22.70000    22.70000    22.70000    22.70000    22.70000    22.70000    22.70000    22.70000    22.70000    22.70000    22.70000    22.70000    22.70000    22.70000    22.70000    22.70000    22.70000    22.70000    22.70000    22.70000    22.70000    22.70000    22.70000    22.70000    22.70000    22.70000    22.70000    22.70000    22.70000    22.70000    22.70000    22.70000    22.70000    22.70000    22.70000    22.70000    22.70000    22.70000    22.70000    22.70000    22.70000    22.70000    22.70000    22.70000    22.70000    22.70000    22.70000    22.70000    22.70000    22.70000    22.70000    22.70000    22.70000    22.70000    22.70000    22.70000    22.70000    22.70000    22.70000    22.70000    22.70000    22.70000    22.70000    22.70000    22.70000    22.70000    22.70000    22.70000    22.70000    22.70000    22.70000    22.70000    22.70000    22.70000    22.70000    22.70000    22.70000    22.70000    22.70000    22.70000    22.70000    22.70000    22.70000    22.70000    22.70000    22.70000    22.70000    22.70000    22.70000    22.70000    22.70000    22.70000    22.70000    22.70000    22.70000    22.70000    22.70000    22.70000    22.70000    22.70000    22.70000    22.70000    22.70000    22.70000    22.70000    22.70000    22.70000    22.70000    22.70000    22.70000    22.70000    22.70000    22.70000    22.70000    22.70000    22.70000    22.70000    22.70000    22.70000    22.70000    22.70000    22.70000    22.70000    22.70000    22.70000    22.70000    22.70000    22.70000    22.70000    22.70000    22.70000    22.70000
    22.90000    22.90000    22.90000    22.90000    22.90000    22.90000    22.90000    22.90000    22.90000    22.90000    22.90000    22.90000    22.90000    22.90000    22.90000    22.90000    22.90000    22.90000    22.90000    22.90000    22.90000    22.90000    22.90000    22.90000    22.90000    22.90000    22.90000    22.90000    22.90000    22.90000    22.90000    22.90000    22.90000    22.90000    22.90000    22.90000    22.90000    22.90000    22.90000    22.90000    22.90000    22.90000    22.90000    22.90000    22.90000    22.90000    22.90000    22.90000    22.90000    22.90000    22.90000    22.90000    22.90000    22.90000    22.90000    22.90000    22.90000    22.90000    22.90000    22.90000    22.90000    22.90000    22.90000    22.90000    22.90000    22.90000    22.90000    22.90000    22.90000    22.90000    22.90000    22.90000    22.90000    22.90000    22.90000    22.90000    22.90000    22.90000    22.90000    22.90000    22.90000    22.90000    22.90000    22.90000    22.90000    22.90000    22.90000    22.90000    22.90000    22.90000    22.90000    22.90000    22.90000    22.90000    22.90000    22.90000    22.90000    22.90000    22.90000    22.90000    22.90000    22.90000    22.90000    22.90000    22.90000    22.90000    22.90000    22.90000    22.90000    22.90000    22.90000    22.90000    22.90000    22.90000    22.90000    22.90000    22.90000    22.90000    22.90000    22.90000    22.90000    22.90000    22.90000    22.90000    22.90000    22.90000    22.90000    22.90000    22.90000    22.90000    22.90000    22.90000    22.90000    22.90000    22.90000    22.90000    22.90000    22.90000    22.90000    22.90000    22.90000    22.90000    22.90000    22.90000    22.90000    22.90000    22.90000    22.90000    22.90000    22.90000    22.90000    22.90000    22.90000    22.90000    22.90000    22.90000    22.90000    22.90000    22.90000    22.90000    22.90000    22.90000
    23.10000    23.10000    23.10000    23.10000    23.10000    23.10000    23.10000    23.10000    23.10000    23.10000    23.10000    23.10000    23.10000    23.10000    23.10000    23.10000    23.10000    23.10000    23.10000    23.10000    23.10000    23.10000    23.10000    23.10000    23.10000    23.10000    23.10000    23.10000    23.10000    23.10000    23.10000    23.10000    23.10000    23.10000    23.10000    23.10000    23.10000    23.10000    23.10000    23.10000    23.10000    23.10000    23.10000    23.10000    23.10000    23.10000    23.10000    23.10000    23.10000    23.10000    23.10000    23.10000    23.10000    23.10000    23.10000    23.10000    23.10000    23.10000    23.10000    23.10000    23.10000    23.10000    23.10000    23.10000    23.10000    23.10000    23.10000    23.10000    23.10000    23.10000    23.10000    23.10000    23.10000    23.10000    23.10000    23.10000    23.10000    23.10000    23.10000    23.10000    23.10000    23.10000    23.10000    23.10000    23.10000    23.10000    23.10000    23.10000    23.10000    23.10000    23.10000    23.10000    23.10000    23.10000    23.10000    23.10000    23.10000    23.10000    23.10000    23.10000    23.10000    23.10000    23.10000    23.10000    23.10000    23.10000    23.10000    23.10000    23.10000    23.10000    23.10000    23.10000    23.10000    23.10000    23.10000    23.10000    23.10000    23.10000    23.10000    23.10000    23.10000    23.10000    23.10000    23.10000    23.10000    23.10000    23.10000    23.10000    23.10000    23.10000    23.10000    23.10000    23.10000    23.10000    23.10000    23.10000    23.10000    23.10000    23.10000    23.10000    23.10000    23.10000    23.10000    23.10000    23.10000    23.10000    23.10000    23.10000    23.10000    23.10000    23.10000    23.10000    23.10000    23.10000    23.10000    23.10000    23.10000    23.10000    23.10000    23.10000    23.10000    23.10000
    23.30000    23.30000    23.30000    23.30000    23.30000    23.30000    23.30000    23.30000    23.30000    23.30000    23.30000    23.30000    23.30000    23.30000    23.30000    23.30000    23.30000    23.30000    23.30000    23.30000    23.30000    23.30000    23.30000    23.30000    23.30000    23.30000    23.30000    23.30000    23.30000    23.30000    23.30000    23.30000    23.30000    23.30000    23.30000    23.30000    23.30000    23.30000    23.30000    23.30000    23.30000    23.30000    23.30000    23.30000    23.30000    23.30000    23.30000    23.30000    23.30000    23.30000    23.30000    23.30000    23.30000    23.30000    23.30000    23.30000    23.30000    23.30000    23.30000    23.30000    23.30000    23.30000    23.30000    23.30000    23.30000    23.30000    23.30000    23.30000    23.30000    23.30000    23.30000    23.30000    23.30000    23.30000    23.30000    23.30000    23.30000    23.30000    23.30000    23.30000    23.30000    23.30000    23.30000    23.30000    23.30000    23.30000    23.30000    23.30000    23.30000    23.30000    23.30000    23.30000    23.30000    23.30000    23.30000    23.30000    23.30000    23.30000    23.30000    23.30000    23.30000    23.30000    23.30000    23.30000    23.30000    23.30000    23.30000    23.30000    23.30000    23.30000    23.30000    23.30000    23.30000    23.30000    23.30000    23.30000    23.30000    23.30000    23.30000    23.30000    23.30000    23.30000    23.30000    23.30000    23.30000    23.30000    23.30000    23.30000    23.30000    23.30000    23.30000    23.30000    23.30000    23.30000    23.30000    23.30000    23.30000    23.30000    23.30000    23.30000    23.30000    23.30000    23.30000    23.30000    23.30000    23.30000    23.30000    23.30000    23.30000    23.30000    23.30000    23.30000    23.30000    23.30000    23.30000    23.30000    23.30000    23.30000    23.30000    23.30000    23.30000    23.30000
    23.50000    23.50000    23.50000    23.50000    23.50000    23.50000    23.50000    23.50000    23.50000    23.50000    23.50000    23.50000    23.50000    23.50000    23.50000    23.50000    23.50000    23.50000    23.50000    23.50000    23.50000    23.50000    23.50000    23.50000    23.50000    23.50000    23.50000    23.50000    23.50000    23.50000    23.50000    23.50000    23.50000    23.50000    23.50000    23.50000    23.50000    23.50000    23.50000    23.50000    23.50000    23.50000    23.50000    23.50000    23.50000    23.50000    23.50000    23.50000    23.50000    23.50000    23.50000    23.50000    23.50000    23.50000    23.50000    23.50000    23.50000    23.50000    23.50000    23.50000    23.50000    23.50000    23.50000    23.50000    23.50000    23.50000    23.50000    23.50000    23.50000    23.50000    23.50000    23.50000    23.50000    23.50000    23.50000    23.50000    23.50000    23.50000    23.50000    23.50000    23.50000    23.50000    23.50000    23.50000    23.50000    23.50000    23.50000    23.50000    23.50000    23.50000    23.50000    23.50000    23.50000    23.50000    23.50000    23.50000    23.50000    23.50000    23.50000    23.50000    23.50000    23.50000    23.50000    23.50000    23.50000    23.50000    23.50000    23.50000    23.50000    23.50000    23.50000    23.50000    23.50000    23.50000    23.50000    23.50000    23.50000    23.50000    23.50000    23.50000    23.50000    23.50000    23.50000    23.50000    23.50000    23.50000    23.50000    23.50000    23.50000    23.50000    23.50000    23.50000    23.50000    23.50000    23.50000    23.50000    23.50000    23.50000    23.50000    23.50000    23.50000    23.50000    23.50000    23.50000    23.50000    23.50000    23.50000    23.50000    23.50000    23.50000    23.50000    23.50000    23.50000    23.50000    23.50000    23.50000    23.50000    23.50000    23.50000    23.50000    23.50000    23.50000
    23.70000    23.70000    23.70000    23.70000    23.70000    23.70000    23.70000    23.70000    23.70000    23.70000    23.70000    23.70000    23.70000    23.70000    23.70000    23.70000    23.70000    23.70000    23.70000    23.70000    23.70000    23.70000    23.70000    23.70000    23.70000    23.70000    23.70000    23.70000    23.70000    23.70000    23.70000    23.70000    23.70000    23.70000    23.70000    23.70000    23.70000    23.70000    23.70000    23.70000    23.70000    23.70000    23.70000    23.70000    23.70000    23.70000    23.70000    23.70000    23.70000    23.70000    23.70000    23.70000    23.70000    23.70000    23.70000    23.70000    23.70000    23.70000    23.70000    23.70000    23.70000    23.70000    23.70000    23.70000    23.70000    23.70000    23.70000    23.70000    23.70000    23.70000    23.70000    23.70000    23.70000    23.70000    23.70000    23.70000    23.70000    23.70000    23.70000    23.70000    23.70000    23.70000    23.70000    23.70000    23.70000    23.70000    23.70000    23.70000    23.70000    23.70000    23.70000    23.70000    23.70000    23.70000    23.70000    23.70000    23.70000    23.70000    23.70000    23.70000    23.70000    23.70000    23.70000    23.70000    23.70000    23.70000    23.70000    23.70000    23.70000    23.70000    23.70000    23.70000    23.70000    23.70000    23.70000    23.70000    23.70000    23.70000    23.70000    23.70000    23.70000    23.70000    23.70000    23.70000    23.70000    23.70000    23.70000    23.70000    23.70000    23.70000    23.70000    23.70000    23.70000    23.70000    23.70000    23.70000    23.70000    23.70000    23.70000    23.70000    23.70000    23.70000    23.70000    23.70000    23.70000    23.70000    23.70000    23.70000    23.70000    23.70000    23.70000    23.70000    23.70000    23.70000    23.70000    23.70000    23.70000    23.70000    23.70000    23.70000    23.70000    23.70000
    23.90000    23.90000    23.90000    23.90000    23.90000    23.90000    23.90000    23.90000    23.90000    23.90000    23.90000    23.90000    23.90000    23.90000    23.90000    23.90000    23.90000    23.90000    23.90000    23.90000    23.90000    23.90000    23.90000    23.90000    23.90000    23.90000    23.90000    23.90000    23.90000    23.90000    23.90000    23.90000    23.90000    23.90000    23.90000    23.90000    23.90000    23.90000    23.90000    23.90000    23.90000    23.90000    23.90000    23.90000    23.90000    23.90000    23.90000    23.90000    23.90000    23.90000    23.90000    23.90000    23.90000    23.90000    23.90000    23.90000    23.90000    23.90000    23.90000    23.90000    23.90000    23.90000    23.90000    23.90000    23.90000    23.90000    23.90000    23.90000    23.90000    23.90000    23.90000    23.90000    23.90000    23.90000    23.90000    23.90000    23.90000    23.90000    23.90000    23.90000    23.90000    23.90000    23.90000    23.90000    23.90000    23.90000    23.90000    23.90000    23.90000    23.90000    23.90000    23.90000    23.90000    23.90000    23.90000    23.90000    23.90000    23.90000    23.90000    23.90000    23.90000    23.90000    23.90000    23.90000    23.90000    23.90000    23.90000    23.90000    23.90000    23.90000    23.90000    23.90000    23.90000    23.90000    23.90000    23.90000    23.90000    23.90000    23.90000    23.90000    23.90000    23.90000    23.90000    23.90000    23.90000    23.90000    23.90000    23.90000    23.90000    23.90000    23.90000    23.90000    23.90000    23.90000    23.90000    23.90000    23.90000    23.90000    23.90000    23.90000    23.90000    23.90000    23.90000    23.90000    23.90000    23.90000    23.90000    23.90000    23.90000    23.90000    23.90000    23.90000    23.90000    23.90000    23.90000    23.90000    23.90000    23.90000    23.90000    23.90000    23.90000    23.90000
    24.10000    24.10000    24.10000    24.10000    24.10000    24.10000    24.10000    24.10000    24.10000    24.10000    24.10000    24.10000    24.10000    24.10000    24.10000    24.10000    24.10000    24.10000    24.10000    24.10000    24.10000    24.10000    24.10000    24.10000    24.10000    24.10000    24.10000    24.10000    24.10000    24.10000    24.10000    24.10000    24.10000    24.10000    24.10000    24.10000    24.10000    24.10000    24.10000    24.10000    24.10000    24.10000    24.10000    24.10000    24.10000    24.10000    24.10000    24.10000    24.10000    24.10000    24.10000    24.10000    24.10000    24.10000    24.10000    24.10000    24.10000    24.10000    24.10000    24.10000    24.10000    24.10000    24.10000    24.10000    24.10000    24.10000    24.10000    24.10000    24.10000    24.10000    24.10000    24.10000    24.10000    24.10000    24.10000    24.10000    24.10000    24.10000    24.10000    24.10000    24.10000    24.10000    24.10000    24.10000    24.10000    24.10000    24.10000    24.10000    24.10000    24.10000    24.10000    24.10000    24.10000    24.10000    24.10000    24.10000    24.10000    24.10000    24.10000    24.10000    24.10000    24.10000    24.10000    24.10000    24.10000    24.10000    24.10000    24.10000    24.10000    24.10000    24.10000    24.10000    24.10000    24.10000    24.10000    24.10000    24.10000    24.10000    24.10000    24.10000    24.10000    24.10000    24.10000    24.10000    24.10000    24.10000    24.10000    24.10000    24.10000    24.10000    24.10000    24.10000    24.10000    24.10000    24.10000    24.10000    24.10000    24.10000    24.10000    24.10000    24.10000    24.10000    24.10000    24.10000    24.10000    24.10000    24.10000    24.10000    24.10000    24.10000    24.10000    24.10000    24.10000    24.10000    24.10000    24.10000    24.10000    24.10000    24.10000    24.10000    24.10000    24.10000
    24.30000    24.30000    24.30000    24.30000    24.30000    24.30000    24.30000    24.30000    24.30000    24.30000    24.30000    24.30000    24.30000    24.30000    24.30000    24.30000    24.30000    24.30000    24.30000    24.30000    24.30000    24.30000    24.30000    24.30000    24.30000    24.30000    24.30000    24.30000    24.30000    24.30000    24.30000    24.30000    24.30000    24.30000    24.30000    24.30000    24.30000    24.30000    24.30000    24.30000    24.30000    24.30000    24.30000    24.30000    24.30000    24.30000    24.30000    24.30000    24.30000    24.30000    24.30000    24.30000    24.30000    24.30000    24.30000    24.30000    24.30000    24.30000    24.30000    24.30000    24.30000    24.30000    24.30000    24.30000    24.30000    24.30000    24.30000    24.30000    24.30000    24.30000    24.30000    24.30000    24.30000    24.30000    24.30000    24.30000    24.30000    24.30000    24.30000    24.30000    24.30000    24.30000    24.30000    24.30000    24.30000    24.30000    24.30000    24.30000    24.30000    24.30000    24.30000    24.30000    24.30000    24.30000    24.30000    24.30000    24.30000    24.30000    24.30000    24.30000    24.30000    24.30000    24.30000    24.30000    24.30000    24.30000    24.30000    24.30000    24.30000    24.30000    24.30000    24.30000    24.30000    24.30000    24.30000    24.30000    24.30000    24.30000    24.30000    24.30000    24.30000    24.30000    24.30000    24.30000    24.30000    24.30000    24.30000    24.30000    24.30000    24.30000    24.30000    24.30000    24.30000    24.30000    24.30000    24.30000    24.30000    24.30000    24.30000    24.30000    24.30000    24.30000    24.30000    24.30000    24.30000    24.30000    24.30000    24.30000    24.30000    24.30000    24.30000    24.30000    24.30000    24.30000    24.30000    24.30000    24.30000    24.30000    24.30000    24.30000    24.30000    24.30000
    24.50000    24.50000    24.50000    24.50000    24.50000    24.50000    24.50000    24.50000    24.50000    24.50000    24.50000    24.50000    24.50000    24.50000    24.50000    24.50000    24.50000    24.50000    24.50000    24.50000    24.50000    24.50000    24.50000    24.50000    24.50000    24.50000    24.50000    24.50000    24.50000    24.50000    24.50000    24.50000    24.50000    24.50000    24.50000    24.50000    24.50000    24.50000    24.50000    24.50000    24.50000    24.50000    24.50000    24.50000    24.50000    24.50000    24.50000    24.50000    24.50000    24.50000    24.50000    24.50000    24.50000    24.50000    24.50000    24.50000    24.50000    24.50000    24.50000    24.50000    24.50000    24.50000    24.50000    24.50000    24.50000    24.50000    24.50000    24.50000    24.50000    24.50000    24.50000    24.50000    24.50000    24.50000    24.50000    24.50000    24.50000    24.50000    24.50000    24.50000    24.50000    24.50000    24.50000    24.50000    24.50000    24.50000    24.50000    24.50000    24.50000    24.50000    24.50000    24.50000    24.50000    24.50000    24.50000    24.50000    24.50000    24.50000    24.50000    24.50000    24.50000    24.50000    24.50000    24.50000    24.50000    24.50000    24.50000    24.50000    24.50000    24.50000    24.50000    24.50000    24.50000    24.50000    24.50000    24.50000    24.50000    24.50000    24.50000    24.50000    24.50000    24.50000    24.50000    24.50000    24.50000    24.50000    24.50000    24.50000    24.50000    24.50000    24.50000    24.50000    24.50000    24.50000    24.50000    24.50000    24.50000    24.50000    24.50000    24.50000    24.50000    24.50000    24.50000    24.50000    24.50000    24.50000    24.50000    24.50000    24.50000    24.50000    24.50000    24.50000    24.50000    24.50000    24.50000    24.50000    24.50000    24.50000    24.50000    24.50000    24.50000    24.50000
    24.70000    24.70000    24.70000    24.70000    24.70000    24.70000    24.70000    24.70000    24.70000    24.70000    24.70000    24.70000    24.70000    24.70000    24.70000    24.70000    24.70000    24.70000    24.70000    24.70000    24.70000    24.70000    24.70000    24.70000    24.70000    24.70000    24.70000    24.70000    24.70000    24.70000    24.70000    24.70000    24.70000    24.70000    24.70000    24.70000    24.70000    24.70000    24.70000    24.70000    24.70000    24.70000    24.70000    24.70000    24.70000    24.70000    24.70000    24.70000    24.70000    24.70000    24.70000    24.70000    24.70000    24.70000    24.70000    24.70000    24.70000    24.70000    24.70000    24.70000    24.70000    24.70000    24.70000    24.70000    24.70000    24.70000    24.70000    24.70000    24.70000    24.70000    24.70000    24.70000    24.70000    24.70000    24.70000    24.70000    24.70000    24.70000    24.70000    24.70000    24.70000    24.70000    24.70000    24.70000    24.70000    24.70000    24.70000    24.70000    24.70000    24.70000    24.70000    24.70000    24.70000    24.70000    24.70000    24.70000    24.70000    24.70000    24.70000    24.70000    24.70000    24.70000    24.70000    24.70000    24.70000    24.70000    24.70000    24.70000    24.70000    24.70000    24.70000    24.70000    24.70000    24.70000    24.70000    24.70000    24.70000    24.70000    24.70000    24.70000    24.70000    24.70000    24.70000    24.70000    24.70000    24.70000    24.70000    24.70000    24.70000    24.70000    24.70000    24.70000    24.70000    24.70000    24.70000    24.70000    24.70000    24.70000    24.70000    24.70000    24.70000    24.70000    24.70000    24.70000    24.70000    24.70000    24.70000    24.70000    24.70000    24.70000    24.70000    24.70000    24.70000    24.70000    24.70000    24.70000    24.70000    24.70000    24.70000    24.70000    24.70000    24.70000
    24.90000    24.90000    24.90000    24.90000    24.90000    24.90000    24.90000    24.90000    24.90000    24.90000    24.90000    24.90000    24.90000    24.90000    24.90000    24.90000    24.90000    24.90000    24.90000    24.90000    24.90000    24.90000    24.90000    24.90000    24.90000    24.90000    24.90000    24.90000    24.90000    24.90000    24.90000    24.90000    24.90000    24.90000    24.90000    24.90000    24.90000    24.90000    24.90000    24.90000    24.90000    24.90000    24.90000    24.90000    24.90000    24.90000    24.90000    24.90000    24.90000    24.90000    24.90000    24.90000    24.90000    24.90000    24.90000    24.90000    24.90000    24.90000    24.90000    24.90000    24.90000    24.90000    24.90000    24.90000    24.90000    24.90000    24.90000    24.90000    24.90000    24.90000    24.90000    24.90000    24.90000    24.90000    24.90000    24.90000    24.90000    24.90000    24.90000    24.90000    24.90000    24.90000    24.90000    24.90000    24.90000    24.90000    24.90000    24.90000    24.90000    24.90000    24.90000    24.90000    24.90000    24.90000    24.90000    24.90000    24.90000    24.90000    24.90000    24.90000    24.90000    24.90000    24.90000    24.90000    24.90000    24.90000    24.90000    24.90000    24.90000    24.90000    24.90000    24.90000    24.90000    24.90000    24.90000    24.90000    24.90000    24.90000    24.90000    24.90000    24.90000    24.90000    24.90000    24.90000    24.90000    24.90000    24.90000    24.90000    24.90000    24.90000    24.90000    24.90000    24.90000    24.90000    24.90000    24.90000    24.90000    24.90000    24.90000    24.90000    24.90000    24.90000    24.90000    24.90000    24.90000    24.90000    24.90000    24.90000    24.90000    24.90000    24.90000    24.90000    24.90000    24.90000    24.90000    24.90000    24.90000    24.90000    24.90000    24.90000    24.90000    24.90000
    25.10000    25.10000    25.10000    25.10000    25.10000    25.10000    25.10000    25.10000    25.10000    25.10000    25.10000    25.10000    25.10000    25.10000    25.10000    25.10000    25.10000    25.10000    25.10000    25.10000    25.10000    25.10000    25.10000    25.10000    25.10000    25.10000    25.10000    25.10000    25.10000    25.10000    25.10000    25.10000    25.10000    25.10000    25.10000    25.10000    25.10000    25.10000    25.10000    25.10000    25.10000    25.10000    25.10000    25.10000    25.10000    25.10000    25.10000    25.10000    25.10000    25.10000    25.10000    25.10000    25.10000    25.10000    25.10000    25.10000    25.10000    25.10000    25.10000    25.10000    25.10000    25.10000    25.10000    25.10000    25.10000    25.10000    25.10000    25.10000    25.10000    25.10000    25.10000    25.10000    25.10000    25.10000    25.10000    25.10000    25.10000    25.10000    25.10000    25.10000    25.10000    25.10000    25.10000    25.10000    25.10000    25.10000    25.10000    25.10000    25.10000    25.10000    25.10000    25.10000    25.10000    25.10000    25.10000    25.10000    25.10000    25.10000    25.10000    25.10000    25.10000    25.10000    25.10000    25.10000    25.10000    25.10000    25.10000    25.10000    25.10000    25.10000    25.10000    25.10000    25.10000    25.10000    25.10000    25.10000    25.10000    25.10000    25.10000    25.10000    25.10000    25.10000    25.10000    25.10000    25.10000    25.10000    25.10000    25.10000    25.10000    25.10000    25.10000    25.10000    25.10000    25.10000    25.10000    25.10000    25.10000    25.10000    25.10000    25.10000    25.10000    25.10000    25.10000    25.10000    25.10000    25.10000    25.10000    25.10000    25.10000    25.10000    25.10000    25.10000    25.10000    25.10000    25.10000    25.10000    25.10000    25.10000    25.10000    25.10000    25.10000    25.10000
    25.30000    25.30000    25.30000    25.30000    25.30000    25.30000    25.30000    25.30000    25.30000    25.30000    25.30000    25.30000    25.30000    25.30000    25.30000    25.30000    25.30000    25.30000    25.30000    25.30000    25.30000    25.30000    25.30000    25.30000    25.30000    25.30000    25.30000    25.30000    25.30000    25.30000    25.30000    25.30000    25.30000    25.30000    25.30000    25.30000    25.30000    25.30000    25.30000    25.30000    25.30000    25.30000    25.30000    25.30000    25.30000    25.30000    25.30000    25.30000    25.30000    25.30000    25.30000    25.30000    25.30000    25.30000    25.30000    25.30000    25.30000    25.30000    25.30000    25.30000    25.30000    25.30000    25.30000    25.30000    25.30000    25.30000    25.30000    25.30000    25.30000    25.30000    25.30000    25.30000    25.30000    25.30000    25.30000    25.30000    25.30000    25.30000    25.30000    25.30000    25.30000    25.30000    25.30000    25.30000    25.30000    25.30000    25.30000    25.30000    25.30000    25.30000    25.30000    25.30000    25.30000    25.30000    25.30000    25.30000    25.30000    25.30000    25.30000    25.30000    25.30000    25.30000    25.30000    25.30000    25.30000    25.30000    25.30000    25.30000    25.30000    25.30000    25.30000    25.30000    25.30000    25.30000    25.30000    25.30000    25.30000    25.30000    25.30000    25.30000    25.30000    25.30000    25.30000    25.30000    25.30000    25.30000    25.30000    25.30000    25.30000    25.30000    25.30000    25.30000    25.30000    25.30000    25.30000    25.30000    25.30000    25.30000    25.30000    25.30000    25.30000    25.30000    25.30000    25.30000    25.30000    25.30000    25.30000    25.30000    25.30000    25.30000    25.30000    25.30000    25.30000    25.30000    25.30000    25.30000    25.30000    25.30000    25.30000    25.30000    25.30000    25.30000
    25.50000    25.50000    25.50000    25.50000    25.50000    25.50000    25.50000    25.50000    25.50000    25.50000    25.50000    25.50000    25.50000    25.50000    25.50000    25.50000    25.50000    25.50000    25.50000    25.50000    25.50000    25.50000    25.50000    25.50000    25.50000    25.50000    25.50000    25.50000    25.50000    25.50000    25.50000    25.50000    25.50000    25.50000    25.50000    25.50000    25.50000    25.50000    25.50000    25.50000    25.50000    25.50000    25.50000    25.50000    25.50000    25.50000    25.50000    25.50000    25.50000    25.50000    25.50000    25.50000    25.50000    25.50000    25.50000    25.50000    25.50000    25.50000    25.50000    25.50000    25.50000    25.50000    25.50000    25.50000    25.50000    25.50000    25.50000    25.50000    25.50000    25.50000    25.50000    25.50000    25.50000    25.50000    25.50000    25.50000    25.50000    25.50000    25.50000    25.50000    25.50000    25.50000    25.50000    25.50000    25.50000    25.50000    25.50000    25.50000    25.50000    25.50000    25.50000    25.50000    25.50000    25.50000    25.50000    25.50000    25.50000    25.50000    25.50000    25.50000    25.50000    25.50000    25.50000    25.50000    25.50000    25.50000    25.50000    25.50000    25.50000    25.50000    25.50000    25.50000    25.50000    25.50000    25.50000    25.50000    25.50000    25.50000    25.50000    25.50000    25.50000    25.50000    25.50000    25.50000    25.50000    25.50000    25.50000    25.50000    25.50000    25.50000    25.50000    25.50000    25.50000    25.50000    25.50000    25.50000    25.50000    25.50000    25.50000    25.50000    25.50000    25.50000    25.50000    25.50000    25.50000    25.50000    25.50000    25.50000    25.50000    25.50000    25.50000    25.50000    25.50000    25.50000    25.50000    25.50000    25.50000    25.50000    25.50000    25.50000    25.50000    25.50000
    25.70000    25.70000    25.70000    25.70000    25.70000    25.70000    25.70000    25.70000    25.70000    25.70000    25.70000    25.70000    25.70000    25.70000    25.70000    25.70000    25.70000    25.70000    25.70000    25.70000    25.70000    25.70000    25.70000    25.70000    25.70000    25.70000    25.70000    25.70000    25.70000    25.70000    25.70000    25.70000    25.70000    25.70000    25.70000    25.70000    25.70000    25.70000    25.70000    25.70000    25.70000    25.70000    25.70000    25.70000    25.70000    25.70000    25.70000    25.70000    25.70000    25.70000    25.70000    25.70000    25.70000    25.70000    25.70000    25.70000    25.70000    25.70000    25.70000    25.70000    25.70000    25.70000    25.70000    25.70000    25.70000    25.70000    25.70000    25.70000    25.70000    25.70000    25.70000    25.70000    25.70000    25.70000    25.70000    25.70000    25.70000    25.70000    25.70000    25.70000    25.70000    25.70000    25.70000    25.70000    25.70000    25.70000    25.70000    25.70000    25.70000    25.70000    25.70000    25.70000    25.70000    25.70000    25.70000    25.70000    25.70000    25.70000    25.70000    25.70000    25.70000    25.70000    25.70000    25.70000    25.70000    25.70000    25.70000    25.70000    25.70000    25.70000    25.70000    25.70000    25.70000    25.70000    25.70000    25.70000    25.70000    25.70000    25.70000    25.70000    25.70000    25.70000    25.70000    25.70000    25.70000    25.70000    25.70000    25.70000    25.70000    25.70000    25.70000    25.70000    25.70000    25.70000    25.70000    25.70000    25.70000    25.70000    25.70000    25.70000    25.70000    25.70000    25.70000    25.70000    25.70000    25.70000    25.70000    25.70000    25.70000    25.70000    25.70000    25.70000    25.70000    25.70000    25.70000    25.70000    25.70000    25.70000    25.70000    25.70000    25.70000    25.70000
    25.90000    25.90000    25.90000    25.90000    25.90000    25.90000    25.90000    25.90000    25.90000    25.90000    25.90000    25.90000    25.90000    25.90000    25.90000    25.90000    25.90000    25.90000    25.90000    25.90000    25.90000    25.90000    25.90000    25.90000    25.90000    25.90000    25.90000    25.90000    25.90000    25.90000    25.90000    25.90000    25.90000    25.90000    25.90000    25.90000    25.90000    25.90000    25.90000    25.90000    25.90000    25.90000    25.90000    25.90000    25.90000    25.90000    25.90000    25.90000    25.90000    25.90000    25.90000    25.90000    25.90000    25.90000    25.90000    25.90000    25.90000    25.90000    25.90000    25.90000    25.90000    25.90000    25.90000    25.90000    25.90000    25.90000    25.90000    25.90000    25.90000    25.90000    25.90000    25.90000    25.90000    25.90000    25.90000    25.90000    25.90000    25.90000    25.90000    25.90000    25.90000    25.90000    25.90000    25.90000    25.90000    25.90000    25.90000    25.90000    25.90000    25.90000    25.90000    25.90000    25.90000    25.90000    25.90000    25.90000    25.90000    25.90000    25.90000    25.90000    25.90000    25.90000    25.90000    25.90000    25.90000    25.90000    25.90000    25.90000    25.90000    25.90000    25.90000    25.90000    25.90000    25.90000    25.90000    25.90000    25.90000    25.90000    25.90000    25.90000    25.90000    25.90000    25.90000    25.90000    25.90000    25.90000    25.90000    25.90000    25.90000    25.90000    25.90000    25.90000    25.90000    25.90000    25.90000    25.90000    25.90000    25.90000    25.90000    25.90000    25.90000    25.90000    25.90000    25.90000    25.90000    25.90000    25.90000    25.90000    25.90000    25.90000    25.90000    25.90000    25.90000    25.90000    25.90000    25.90000    25.90000    25.90000    25.90000    25.90000    25.90000    25.90000
    26.10000    26.10000    26.10000    26.10000    26.10000    26.10000    26.10000    26.10000    26.10000    26.10000    26.10000    26.10000    26.10000    26.10000    26.10000    26.10000    26.10000    26.10000    26.10000    26.10000    26.10000    26.10000    26.10000    26.10000    26.10000    26.10000    26.10000    26.10000    26.10000    26.10000    26.10000    26.10000    26.10000    26.10000    26.10000    26.10000    26.10000    26.10000    26.10000    26.10000    26.10000    26.10000    26.10000    26.10000    26.10000    26.10000    26.10000    26.10000    26.10000    26.10000    26.10000    26.10000    26.10000    26.10000    26.10000    26.10000    26.10000    26.10000    26.10000    26.10000    26.10000    26.10000    26.10000    26.10000    26.10000    26.10000    26.10000    26.10000    26.10000    26.10000    26.10000    26.10000    26.10000    26.10000    26.10000    26.10000    26.10000    26.10000    26.10000    26.10000    26.10000    26.10000    26.10000    26.10000    26.10000    26.10000    26.10000    26.10000    26.10000    26.10000    26.10000    26.10000    26.10000    26.10000    26.10000    26.10000    26.10000    26.10000    26.10000    26.10000    26.10000    26.10000    26.10000    26.10000    26.10000    26.10000    26.10000    26.10000    26.10000    26.10000    26.10000    26.10000    26.10000    26.10000    26.10000    26.10000    26.10000    26.10000    26.10000    26.10000    26.10000    26.10000    26.10000    26.10000    26.10000    26.10000    26.10000    26.10000    26.10000    26.10000    26.10000    26.10000    26.10000    26.10000    26.10000    26.10000    26.10000    26.10000    26.10000    26.10000    26.10000    26.10000    26.10000    26.10000    26.10000    26.10000    26.10000    26.10000    26.10000    26.10000    26.10000    26.10000    26.10000    26.10000    26.10000    26.10000    26.10000    26.10000    26.10000    26.10000    26.10000    26.10000
    26.30000    26.30000    26.30000    26.30000    26.30000    26.30000    26.30000    26.30000    26.30000    26.30000    26.30000    26.30000    26.30000    26.30000    26.30000    26.30000    26.30000    26.30000    26.30000    26.30000    26.30000    26.30000    26.30000    26.30000    26.30000    26.30000    26.30000    26.30000    26.30000    26.30000    26.30000    26.30000    26.30000    26.30000    26.30000    26.30000    26.30000    26.30000    26.30000    26.30000    26.30000    26.30000    26.30000    26.30000    26.30000    26.30000    26.30000    26.30000    26.30000    26.30000    26.30000    26.30000    26.30000    26.30000    26.30000    26.30000    26.30000    26.30000    26.30000    26.30000    26.30000    26.30000    26.30000    26.30000    26.30000    26.30000    26.30000    26.30000    26.30000    26.30000    26.30000    26.30000    26.30000    26.30000    26.30000    26.30000    26.30000    26.30000    26.30000    26.30000    26.30000    26.30000    26.30000    26.30000    26.30000    26.30000    26.30000    26.30000    26.30000    26.30000    26.30000    26.30000    26.30000    26.30000    26.30000    26.30000    26.30000    26.30000    26.30000    26.30000    26.30000    26.30000    26.30000    26.30000    26.30000    26.30000    26.30000    26.30000    26.30000    26.30000    26.30000    26.30000    26.30000    26.30000    26.30000    26.30000    26.30000    26.30000    26.30000    26.30000    26.30000    26.30000    26.30000    26.30000    26.30000    26.30000    26.30000    26.30000    26.30000    26.30000    26.30000    26.30000    26.30000    26.30000    26.30000    26.30000    26.30000    26.30000    26.30000    26.30000    26.30000    26.30000    26.30000    26.30000    26.30000    26.30000    26.30000    26.30000    26.30000    26.30000    26.30000    26.30000    26.30000    26.30000    26.30000    26.30000    26.30000    26.30000    26.30000    26.30000    26.30000    26.30000
    26.50000    26.50000    26.50000    26.50000    26.50000    26.50000    26.50000    26.50000    26.50000    26.50000    26.50000    26.50000    26.50000    26.50000    26.50000    26.50000    26.50000    26.50000    26.50000    26.50000    26.50000    26.50000    26.50000    26.50000    26.50000    26.50000    26.50000    26.50000    26.50000    26.50000    26.50000    26.50000    26.50000    26.50000    26.50000    26.50000    26.50000    26.50000    26.50000    26.50000    26.50000    26.50000    26.50000    26.50000    26.50000    26.50000    26.50000    26.50000    26.50000    26.50000    26.50000    26.50000    26.50000    26.50000    26.50000    26.50000    26.50000    26.50000    26.50000    26.50000    26.50000    26.50000    26.50000    26.50000    26.50000    26.50000    26.50000    26.50000    26.50000    26.50000    26.50000    26.50000    26.50000    26.50000    26.50000    26.50000    26.50000    26.50000    26.50000    26.50000    26.50000    26.50000    26.50000    26.50000    26.50000    26.50000    26.50000    26.50000    26.50000    26.50000    26.50000    26.50000    26.50000    26.50000    26.50000    26.50000    26.50000    26.50000    26.50000    26.50000    26.50000    26.50000    26.50000    26.50000    26.50000    26.50000    26.50000    26.50000    26.50000    26.50000    26.50000    26.50000    26.50000    26.50000    26.50000    26.50000    26.50000    26.50000    26.50000    26.50000    26.50000    26.50000    26.50000    26.50000    26.50000    26.50000    26.50000    26.50000    26.50000    26.50000    26.50000    26.50000    26.50000    26.50000    26.50000    26.50000    26.50000    26.50000    26.50000    26.50000    26.50000    26.50000    26.50000    26.50000    26.50000    26.50000    26.50000    26.50000    26.50000    26.50000    26.50000    26.50000    26.50000    26.50000    26.50000    26.50000    26.50000    26.50000    26.50000    26.50000    26.50000    26.50000
    26.70000    26.70000    26.70000    26.70000    26.70000    26.70000    26.70000    26.70000    26.70000    26.70000    26.70000    26.70000    26.70000    26.70000    26.70000    26.70000    26.70000    26.70000    26.70000    26.70000    26.70000    26.70000    26.70000    26.70000    26.70000    26.70000    26.70000    26.70000    26.70000    26.70000    26.70000    26.70000    26.70000    26.70000    26.70000    26.70000    26.70000    26.70000    26.70000    26.70000    26.70000    26.70000    26.70000    26.70000    26.70000    26.70000    26.70000    26.70000    26.70000    26.70000    26.70000    26.70000    26.70000    26.70000    26.70000    26.70000    26.70000    26.70000    26.70000    26.70000    26.70000    26.70000    26.70000    26.70000    26.70000    26.70000    26.70000    26.70000    26.70000    26.70000    26.70000    26.70000    26.70000    26.70000    26.70000    26.70000    26.70000    26.70000    26.70000    26.70000    26.70000    26.70000    26.70000    26.70000    26.70000    26.70000    26.70000    26.70000    26.70000    26.70000    26.70000    26.70000    26.70000    26.70000    26.70000    26.70000    26.70000    26.70000    26.70000    26.70000    26.70000    26.70000    26.70000    26.70000    26.70000    26.70000    26.70000    26.70000    26.70000    26.70000    26.70000    26.70000    26.70000    26.70000    26.70000    26.70000    26.70000    26.70000    26.70000    26.70000    26.70000    26.70000    26.70000    26.70000    26.70000    26.70000    26.70000    26.70000    26.70000    26.70000    26.70000    26.70000    26.70000    26.70000    26.70000    26.70000    26.70000    26.70000    26.70000    26.70000    26.70000    26.70000    26.70000    26.70000    26.70000    26.70000    26.70000    26.70000    26.70000    26.70000    26.70000    26.70000    26.70000    26.70000    26.70000    26.70000    26.70000    26.70000    26.70000    26.70000    26.70000    26.70000
    26.90000    26.90000    26.90000    26.90000    26.90000    26.90000    26.90000    26.90000    26.90000    26.90000    26.90000    26.90000    26.90000    26.90000    26.90000    26.90000    26.90000    26.90000    26.90000    26.90000    26.90000    26.90000    26.90000    26.90000    26.90000    26.90000    26.90000    26.90000    26.90000    26.90000    26.90000    26.90000    26.90000    26.90000    26.90000    26.90000    26.90000    26.90000    26.90000    26.90000    26.90000    26.90000    26.90000    26.90000    26.90000    26.90000    26.90000    26.90000    26.90000    26.90000    26.90000    26.90000    26.90000    26.90000    26.90000    26.90000    26.90000    26.90000    26.90000    26.90000    26.90000    26.90000    26.90000    26.90000    26.90000    26.90000    26.90000    26.90000    26.90000    26.90000    26.90000    26.90000    26.90000    26.90000    26.90000    26.90000    26.90000    26.90000    26.90000    26.90000    26.90000    26.90000    26.90000    26.90000    26.90000    26.90000    26.90000    26.90000    26.90000    26.90000    26.90000    26.90000    26.90000    26.90000    26.90000    26.90000    26.90000    26.90000    26.90000    26.90000    26.90000    26.90000    26.90000    26.90000    26.90000    26.90000    26.90000    26.90000    26.90000    26.90000    26.90000    26.90000    26.90000    26.90000    26.90000    26.90000    26.90000    26.90000    26.90000    26.90000    26.90000    26.90000    26.90000    26.90000    26.90000    26.90000    26.90000    26.90000    26.90000    26.90000    26.90000    26.90000    26.90000    26.90000    26.90000    26.90000    26.90000    26.90000    26.90000    26.90000    26.90000    26.90000    26.90000    26.90000    26.90000    26.90000    26.90000    26.90000    26.90000    26.90000    26.90000    26.90000    26.90000    26.90000    26.90000    26.90000    26.90000    26.90000    26.90000    26.90000    26.90000    26.90000
    27.10000    27.10000    27.10000    27.10000    27.10000    27.10000    27.10000    27.10000    27.10000    27.10000    27.10000    27.10000    27.10000    27.10000    27.10000    27.10000    27.10000    27.10000    27.10000    27.10000    27.10000    27.10000    27.10000    27.10000    27.10000    27.10000    27.10000    27.10000    27.10000    27.10000    27.10000    27.10000    27.10000    27.10000    27.10000    27.10000    27.10000    27.10000    27.10000    27.10000    27.10000    27.10000    27.10000    27.10000    27.10000    27.10000    27.10000    27.10000    27.10000    27.10000    27.10000    27.10000    27.10000    27.10000    27.10000    27.10000    27.10000    27.10000    27.10000    27.10000    27.10000    27.10000    27.10000    27.10000    27.10000    27.10000    27.10000    27.10000    27.10000    27.10000    27.10000    27.10000    27.10000    27.10000    27.10000    27.10000    27.10000    27.10000    27.10000    27.10000    27.10000    27.10000    27.10000    27.10000    27.10000    27.10000    27.10000    27.10000    27.10000    27.10000    27.10000    27.10000    27.10000    27.10000    27.10000    27.10000    27.10000    27.10000    27.10000    27.10000    27.10000    27.10000    27.10000    27.10000    27.10000    27.10000    27.10000    27.10000    27.10000    27.10000    27.10000    27.10000    27.10000    27.10000    27.10000    27.10000    27.10000    27.10000    27.10000    27.10000    27.10000    27.10000    27.10000    27.10000    27.10000    27.10000    27.10000    27.10000    27.10000    27.10000    27.10000    27.10000    27.10000    27.10000    27.10000    27.10000    27.10000    27.10000    27.10000    27.10000    27.10000    27.10000    27.10000    27.10000    27.10000    27.10000    27.10000    27.10000    27.10000    27.10000    27.10000    27.10000    27.10000    27.10000    27.10000    27.10000    27.10000    27.10000    27.10000    27.10000    27.10000    27.10000
    27.30000    27.30000    27.30000    27.30000    27.30000    27.30000    27.30000    27.30000    27.30000    27.30000    27.30000    27.30000    27.30000    27.30000    27.30000    27.30000    27.30000    27.30000    27.30000    27.30000    27.30000    27.30000    27.30000    27.30000    27.30000    27.30000    27.30000    27.30000    27.30000    27.30000    27.30000    27.30000    27.30000    27.30000    27.30000    27.30000    27.30000    27.30000    27.30000    27.30000    27.30000    27.30000    27.30000    27.30000    27.30000    27.30000    27.30000    27.30000    27.30000    27.30000    27.30000    27.30000    27.30000    27.30000    27.30000    27.30000    27.30000    27.30000    27.30000    27.30000    27.30000    27.30000    27.30000    27.30000    27.30000    27.30000    27.30000    27.30000    27.30000    27.30000    27.30000    27.30000    27.30000    27.30000    27.30000    27.30000    27.30000    27.30000    27.30000    27.30000    27.30000    27.30000    27.30000    27.30000    27.30000    27.30000    27.30000    27.30000    27.30000    27.30000    27.30000    27.30000    27.30000    27.30000    27.30000    27.30000    27.30000    27.30000    27.30000    27.30000    27.30000    27.30000    27.30000    27.30000    27.30000    27.30000    27.30000    27.30000    27.30000    27.30000    27.30000    27.30000    27.30000    27.30000    27.30000    27.30000    27.30000    27.30000    27.30000    27.30000    27.30000    27.30000    27.30000    27.30000    27.30000    27.30000    27.30000    27.30000    27.30000    27.30000    27.30000    27.30000    27.30000    27.30000    27.30000    27.30000    27.30000    27.30000    27.30000    27.30000    27.30000    27.30000    27.30000    27.30000    27.30000    27.30000    27.30000    27.30000    27.30000    27.30000    27.30000    27.30000    27.30000    27.30000    27.30000    27.30000    27.30000    27.30000    27.30000    27.30000    27.30000    27.30000
    27.50000    27.50000    27.50000    27.50000    27.50000    27.50000    27.50000    27.50000    27.50000    27.50000    27.50000    27.50000    27.50000    27.50000    27.50000    27.50000    27.50000    27.50000    27.50000    27.50000    27.50000    27.50000    27.50000    27.50000    27.50000    27.50000    27.50000    27.50000    27.50000    27.50000    27.50000    27.50000    27.50000    27.50000    27.50000    27.50000    27.50000    27.50000    27.50000    27.50000    27.50000    27.50000    27.50000    27.50000    27.50000    27.50000    27.50000    27.50000    27.50000    27.50000    27.50000    27.50000    27.50000    27.50000    27.50000    27.50000    27.50000    27.50000    27.50000    27.50000    27.50000    27.50000    27.50000    27.50000    27.50000    27.50000    27.50000    27.50000    27.50000    27.50000    27.50000    27.50000    27.50000    27.50000    27.50000    27.50000    27.50000    27.50000    27.50000    27.50000    27.50000    27.50000    27.50000    27.50000    27.50000    27.50000    27.50000    27.50000    27.50000    27.50000    27.50000    27.50000    27.50000    27.50000    27.50000    27.50000    27.50000    27.50000    27.50000    27.50000    27.50000    27.50000    27.50000    27.50000    27.50000    27.50000    27.50000    27.50000    27.50000    27.50000    27.50000    27.50000    27.50000    27.50000    27.50000    27.50000    27.50000    27.50000    27.50000    27.50000    27.50000    27.50000    27.50000    27.50000    27.50000    27.50000    27.50000    27.50000    27.50000    27.50000    27.50000    27.50000    27.50000    27.50000    27.50000    27.50000    27.50000    27.50000    27.50000    27.50000    27.50000    27.50000    27.50000    27.50000    27.50000    27.50000    27.50000    27.50000    27.50000    27.50000    27.50000    27.50000    27.50000    27.50000    27.50000    27.50000    27.50000    27.50000    27.50000    27.50000    27.50000    27.50000
    27.70000    27.70000    27.70000    27.70000    27.70000    27.70000    27.70000    27.70000    27.70000    27.70000    27.70000    27.70000    27.70000    27.70000    27.70000    27.70000    27.70000    27.70000    27.70000    27.70000    27.70000    27.70000    27.70000    27.70000    27.70000    27.70000    27.70000    27.70000    27.70000    27.70000    27.70000    27.70000    27.70000    27.70000    27.70000    27.70000    27.70000    27.70000    27.70000    27.70000    27.70000    27.70000    27.70000    27.70000    27.70000    27.70000    27.70000    27.70000    27.70000    27.70000    27.70000    27.70000    27.70000    27.70000    27.70000    27.70000    27.70000    27.70000    27.70000    27.70000    27.70000    27.70000    27.70000    27.70000    27.70000    27.70000    27.70000    27.70000    27.70000    27.70000    27.70000    27.70000    27.70000    27.70000    27.70000    27.70000    27.70000    27.70000    27.70000    27.70000    27.70000    27.70000    27.70000    27.70000    27.70000    27.70000    27.70000    27.70000    27.70000    27.70000    27.70000    27.70000    27.70000    27.70000    27.70000    27.70000    27.70000    27.70000    27.70000    27.70000    27.70000    27.70000    27.70000    27.70000    27.70000    27.70000    27.70000    27.70000    27.70000    27.70000    27.70000    27.70000    27.70000    27.70000    27.70000    27.70000    27.70000    27.70000    27.70000    27.70000    27.70000    27.70000    27.70000    27.70000    27.70000    27.70000    27.70000    27.70000    27.70000    27.70000    27.70000    27.70000    27.70000    27.70000    27.70000    27.70000    27.70000    27.70000    27.70000    27.70000    27.70000    27.70000    27.70000    27.70000    27.70000    27.70000    27.70000    27.70000    27.70000    27.70000    27.70000    27.70000    27.70000    27.70000    27.70000    27.70000    27.70000    27.70000    27.70000    27.70000    27.70000    27.70000
    27.90000    27.90000    27.90000    27.90000    27.90000    27.90000    27.90000    27.90000    27.90000    27.90000    27.90000    27.90000    27.90000    27.90000    27.90000    27.90000    27.90000    27.90000    27.90000    27.90000    27.90000    27.90000    27.90000    27.90000    27.90000    27.90000    27.90000    27.90000    27.90000    27.90000    27.90000    27.90000    27.90000    27.90000    27.90000    27.90000    27.90000    27.90000    27.90000    27.90000    27.90000    27.90000    27.90000    27.90000    27.90000    27.90000    27.90000    27.90000    27.90000    27.90000    27.90000    27.90000    27.90000    27.90000    27.90000    27.90000    27.90000    27.90000    27.90000    27.90000    27.90000    27.90000    27.90000    27.90000    27.90000    27.90000    27.90000    27.90000    27.90000    27.90000    27.90000    27.90000    27.90000    27.90000    27.90000    27.90000    27.90000    27.90000    27.90000    27.90000    27.90000    27.90000    27.90000    27.90000    27.90000    27.90000    27.90000    27.90000    27.90000    27.90000    27.90000    27.90000    27.90000    27.90000    27.90000    27.90000    27.90000    27.90000    27.90000    27.90000    27.90000    27.90000    27.90000    27.90000    27.90000    27.90000    27.90000    27.90000    27.90000    27.90000    27.90000    27.90000    27.90000    27.90000    27.90000    27.90000    27.90000    27.90000    27.90000    27.90000    27.90000    27.90000    27.90000    27.90000    27.90000    27.90000    27.90000    27.90000    27.90000    27.90000    27.90000    27.90000    27.90000    27.90000    27.90000    27.90000    27.90000    27.90000    27.90000    27.90000    27.90000    27.90000    27.90000    27.90000    27.90000    27.90000    27.90000    27.90000    27.90000    27.90000    27.90000    27.90000    27.90000    27.90000    27.90000    27.90000    27.90000    27.90000    27.90000    27.90000    27.90000    27.90000
    28.10000    28.10000    28.10000    28.10000    28.10000    28.10000    28.10000    28.10000    28.10000    28.10000    28.10000    28.10000    28.10000    28.10000    28.10000    28.10000    28.10000    28.10000    28.10000    28.10000    28.10000    28.10000    28.10000    28.10000    28.10000    28.10000    28.10000    28.10000    28.10000    28.10000    28.10000    28.10000    28.10000    28.10000    28.10000    28.10000    28.10000    28.10000    28.10000    28.10000    28.10000    28.10000    28.10000    28.10000    28.10000    28.10000    28.10000    28.10000    28.10000    28.10000    28.10000    28.10000    28.10000    28.10000    28.10000    28.10000    28.10000    28.10000    28.10000    28.10000    28.10000    28.10000    28.10000    28.10000    28.10000    28.10000    28.10000    28.10000    28.10000    28.10000    28.10000    28.10000    28.10000    28.10000    28.10000    28.10000    28.10000    28.10000    28.10000    28.10000    28.10000    28.10000    28.10000    28.10000    28.10000    28.10000    28.10000    28.10000    28.10000    28.10000    28.10000    28.10000    28.10000    28.10000    28.10000    28.10000    28.10000    28.10000    28.10000    28.10000    28.10000    28.10000    28.10000    28.10000    28.10000    28.10000    28.10000    28.10000    28.10000    28.10000    28.10000    28.10000    28.10000    28.10000    28.10000    28.10000    28.10000    28.10000    28.10000    28.10000    28.10000    28.10000    28.10000    28.10000    28.10000    28.10000    28.10000    28.10000    28.10000    28.10000    28.10000    28.10000    28.10000    28.10000    28.10000    28.10000    28.10000    28.10000    28.10000    28.10000    28.10000    28.10000    28.10000    28.10000    28.10000    28.10000    28.10000    28.10000    28.10000    28.10000    28.10000    28.10000    28.10000    28.10000    28.10000    28.10000    28.10000    28.10000    28.10000    28.10000    28.10000    28.10000
    28.30000    28.30000    28.30000    28.30000    28.30000    28.30000    28.30000    28.30000    28.30000    28.30000    28.30000    28.30000    28.30000    28.30000    28.30000    28.30000    28.30000    28.30000    28.30000    28.30000    28.30000    28.30000    28.30000    28.30000    28.30000    28.30000    28.30000    28.30000    28.30000    28.30000    28.30000    28.30000    28.30000    28.30000    28.30000    28.30000    28.30000    28.30000    28.30000    28.30000    28.30000    28.30000    28.30000    28.30000    28.30000    28.30000    28.30000    28.30000    28.30000    28.30000    28.30000    28.30000    28.30000    28.30000    28.30000    28.30000    28.30000    28.30000    28.30000    28.30000    28.30000    28.30000    28.30000    28.30000    28.30000    28.30000    28.30000    28.30000    28.30000    28.30000    28.30000    28.30000    28.30000    28.30000    28.30000    28.30000    28.30000    28.30000    28.30000    28.30000    28.30000    28.30000    28.30000    28.30000    28.30000    28.30000    28.30000    28.30000    28.30000    28.30000    28.30000    28.30000    28.30000    28.30000    28.30000    28.30000    28.30000    28.30000    28.30000    28.30000    28.30000    28.30000    28.30000    28.30000    28.30000    28.30000    28.30000    28.30000    28.30000    28.30000    28.30000    28.30000    28.30000    28.30000    28.30000    28.30000    28.30000    28.30000    28.30000    28.30000    28.30000    28.30000    28.30000    28.30000    28.30000    28.30000    28.30000    28.30000    28.30000    28.30000    28.30000    28.30000    28.30000    28.30000    28.30000    28.30000    28.30000    28.30000    28.30000    28.30000    28.30000    28.30000    28.30000    28.30000    28.30000    28.30000    28.30000    28.30000    28.30000    28.30000    28.30000    28.30000    28.30000    28.30000    28.30000    28.30000    28.30000    28.30000    28.30000    28.30000    28.30000    28.30000
    28.50000    28.50000    28.50000    28.50000    28.50000    28.50000    28.50000    28.50000    28.50000    28.50000    28.50000    28.50000    28.50000    28.50000    28.50000    28.50000    28.50000    28.50000    28.50000    28.50000    28.50000    28.50000    28.50000    28.50000    28.50000    28.50000    28.50000    28.50000    28.50000    28.50000    28.50000    28.50000    28.50000    28.50000    28.50000    28.50000    28.50000    28.50000    28.50000    28.50000    28.50000    28.50000    28.50000    28.50000    28.50000    28.50000    28.50000    28.50000    28.50000    28.50000    28.50000    28.50000    28.50000    28.50000    28.50000    28.50000    28.50000    28.50000    28.50000    28.50000    28.50000    28.50000    28.50000    28.50000    28.50000    28.50000    28.50000    28.50000    28.50000    28.50000    28.50000    28.50000    28.50000    28.50000    28.50000    28.50000    28.50000    28.50000    28.50000    28.50000    28.50000    28.50000    28.50000    28.50000    28.50000    28.50000    28.50000    28.50000    28.50000    28.50000    28.50000    28.50000    28.50000    28.50000    28.50000    28.50000    28.50000    28.50000    28.50000    28.50000    28.50000    28.50000    28.50000    28.50000    28.50000    28.50000    28.50000    28.50000    28.50000    28.50000    28.50000    28.50000    28.50000    28.50000    28.50000    28.50000    28.50000    28.50000    28.50000    28.50000    28.50000    28.50000    28.50000    28.50000    28.50000    28.50000    28.50000    28.50000    28.50000    28.50000    28.50000    28.50000    28.50000    28.50000    28.50000    28.50000    28.50000    28.50000    28.50000    28.50000    28.50000    28.50000    28.50000    28.50000    28.50000    28.50000    28.50000    28.50000    28.50000    28.50000    28.50000    28.50000    28.50000    28.50000    28.50000    28.50000    28.50000    28.50000    28.50000    28.50000    28.50000    28.50000
    28.70000    28.70000    28.70000    28.70000    28.70000    28.70000    28.70000    28.70000    28.70000    28.70000    28.70000    28.70000    28.70000    28.70000    28.70000    28.70000    28.70000    28.70000    28.70000    28.70000    28.70000    28.70000    28.70000    28.70000    28.70000    28.70000    28.70000    28.70000    28.70000    28.70000    28.70000    28.70000    28.70000    28.70000    28.70000    28.70000    28.70000    28.70000    28.70000    28.70000    28.70000    28.70000    28.70000    28.70000    28.70000    28.70000    28.70000    28.70000    28.70000    28.70000    28.70000    28.70000    28.70000    28.70000    28.70000    28.70000    28.70000    28.70000    28.70000    28.70000    28.70000    28.70000    28.70000    28.70000    28.70000    28.70000    28.70000    28.70000    28.70000    28.70000    28.70000    28.70000    28.70000    28.70000    28.70000    28.70000    28.70000    28.70000    28.70000    28.70000    28.70000    28.70000    28.70000    28.70000    28.70000    28.70000    28.70000    28.70000    28.70000    28.70000    28.70000    28.70000    28.70000    28.70000    28.70000    28.70000    28.70000    28.70000    28.70000    28.70000    28.70000    28.70000    28.70000    28.70000    28.70000    28.70000    28.70000    28.70000    28.70000    28.70000    28.70000    28.70000    28.70000    28.70000    28.70000    28.70000    28.70000    28.70000    28.70000    28.70000    28.70000    28.70000    28.70000    28.70000    28.70000    28.70000    28.70000    28.70000    28.70000    28.70000    28.70000    28.70000    28.70000    28.70000    28.70000    28.70000    28.70000    28.70000    28.70000    28.70000    28.70000    28.70000    28.70000    28.70000    28.70000    28.70000    28.70000    28.70000    28.70000    28.70000    28.70000    28.70000    28.70000    28.70000    28.70000    28.70000    28.70000    28.70000    28.70000    28.70000    28.70000    28.70000
    28.90000    28.90000    28.90000    28.90000    28.90000    28.90000    28.90000    28.90000    28.90000    28.90000    28.90000    28.90000    28.90000    28.90000    28.90000    28.90000    28.90000    28.90000    28.90000    28.90000    28.90000    28.90000    28.90000    28.90000    28.90000    28.90000    28.90000    28.90000    28.90000    28.90000    28.90000    28.90000    28.90000    28.90000    28.90000    28.90000    28.90000    28.90000    28.90000    28.90000    28.90000    28.90000    28.90000    28.90000    28.90000    28.90000    28.90000    28.90000    28.90000    28.90000    28.90000    28.90000    28.90000    28.90000    28.90000    28.90000    28.90000    28.90000    28.90000    28.90000    28.90000    28.90000    28.90000    28.90000    28.90000    28.90000    28.90000    28.90000    28.90000    28.90000    28.90000    28.90000    28.90000    28.90000    28.90000    28.90000    28.90000    28.90000    28.90000    28.90000    28.90000    28.90000    28.90000    28.90000    28.90000    28.90000    28.90000    28.90000    28.90000    28.90000    28.90000    28.90000    28.90000    28.90000    28.90000    28.90000    28.90000    28.90000    28.90000    28.90000    28.90000    28.90000    28.90000    28.90000    28.90000    28.90000    28.90000    28.90000    28.90000    28.90000    28.90000    28.90000    28.90000    28.90000    28.90000    28.90000    28.90000    28.90000    28.90000    28.90000    28.90000    28.90000    28.90000    28.90000    28.90000    28.90000    28.90000    28.90000    28.90000    28.90000    28.90000    28.90000    28.90000    28.90000    28.90000    28.90000    28.90000    28.90000    28.90000    28.90000    28.90000    28.90000    28.90000    28.90000    28.90000    28.90000    28.90000    28.90000    28.90000    28.90000    28.90000    28.90000    28.90000    28.90000    28.90000    28.90000    28.90000    28.90000    28.90000    28.90000    28.90000    28.90000
    29.10000    29.10000    29.10000    29.10000    29.10000    29.10000    29.10000    29.10000    29.10000    29.10000    29.10000    29.10000    29.10000    29.10000    29.10000    29.10000    29.10000    29.10000    29.10000    29.10000    29.10000    29.10000    29.10000    29.10000    29.10000    29.10000    29.10000    29.10000    29.10000    29.10000    29.10000    29.10000    29.10000    29.10000    29.10000    29.10000    29.10000    29.10000    29.10000    29.10000    29.10000    29.10000    29.10000    29.10000    29.10000    29.10000    29.10000    29.10000    29.10000    29.10000    29.10000    29.10000    29.10000    29.10000    29.10000    29.10000    29.10000    29.10000    29.10000    29.10000    29.10000    29.10000    29.10000    29.10000    29.10000    29.10000    29.10000    29.10000    29.10000    29.10000    29.10000    29.10000    29.10000    29.10000    29.10000    29.10000    29.10000    29.10000    29.10000    29.10000    29.10000    29.10000    29.10000    29.10000    29.10000    29.10000    29.10000    29.10000    29.10000    29.10000    29.10000    29.10000    29.10000    29.10000    29.10000    29.10000    29.10000    29.10000    29.10000    29.10000    29.10000    29.10000    29.10000    29.10000    29.10000    29.10000    29.10000    29.10000    29.10000    29.10000    29.10000    29.10000    29.10000    29.10000    29.10000    29.10000    29.10000    29.10000    29.10000    29.10000    29.10000    29.10000    29.10000    29.10000    29.10000    29.10000    29.10000    29.10000    29.10000    29.10000    29.10000    29.10000    29.10000    29.10000    29.10000    29.10000    29.10000    29.10000    29.10000    29.10000    29.10000    29.10000    29.10000    29.10000    29.10000    29.10000    29.10000    29.10000    29.10000    29.10000    29.10000    29.10000    29.10000    29.10000    29.10000    29.10000    29.10000    29.10000    29.10000    29.10000    29.10000    29.10000
    29.30000    29.30000    29.30000    29.30000    29.30000    29.30000    29.30000    29.30000    29.30000    29.30000    29.30000    29.30000    29.30000    29.30000    29.30000    29.30000    29.30000    29.30000    29.30000    29.30000    29.30000    29.30000    29.30000    29.30000    29.30000    29.30000    29.30000    29.30000    29.30000    29.30000    29.30000    29.30000    29.30000    29.30000    29.30000    29.30000    29.30000    29.30000    29.30000    29.30000    29.30000    29.30000    29.30000    29.30000    29.30000    29.30000    29.30000    29.30000    29.30000    29.30000    29.30000    29.30000    29.30000    29.30000    29.30000    29.30000    29.30000    29.30000    29.30000    29.30000    29.30000    29.30000    29.30000    29.30000    29.30000    29.30000    29.30000    29.30000    29.30000    29.30000    29.30000    29.30000    29.30000    29.30000    29.30000    29.30000    29.30000    29.30000    29.30000    29.30000    29.30000    29.30000    29.30000    29.30000    29.30000    29.30000    29.30000    29.30000    29.30000    29.30000    29.30000    29.30000    29.30000    29.30000    29.30000    29.30000    29.30000    29.30000    29.30000    29.30000    29.30000    29.30000    29.30000    29.30000    29.30000    29.30000    29.30000    29.30000    29.30000    29.30000    29.30000    29.30000    29.30000    29.30000    29.30000    29.30000    29.30000    29.30000    29.30000    29.30000    29.30000    29.30000    29.30000    29.30000    29.30000    29.30000    29.30000    29.30000    29.30000    29.30000    29.30000    29.30000    29.30000    29.30000    29.30000    29.30000    29.30000    29.30000    29.30000    29.30000    29.30000    29.30000    29.30000    29.30000    29.30000    29.30000    29.30000    29.30000    29.30000    29.30000    29.30000    29.30000    29.30000    29.30000    29.30000    29.30000    29.30000    29.30000    29.30000    29.30000    29.30000    29.30000
    29.50000    29.50000    29.50000    29.50000    29.50000    29.50000    29.50000    29.50000    29.50000    29.50000    29.50000    29.50000    29.50000    29.50000    29.50000    29.50000    29.50000    29.50000    29.50000    29.50000    29.50000    29.50000    29.50000    29.50000    29.50000    29.50000    29.50000    29.50000    29.50000    29.50000    29.50000    29.50000    29.50000    29.50000    29.50000    29.50000    29.50000    29.50000    29.50000    29.50000    29.50000    29.50000    29.50000    29.50000    29.50000    29.50000    29.50000    29.50000    29.50000    29.50000    29.50000    29.50000    29.50000    29.50000    29.50000    29.50000    29.50000    29.50000    29.50000    29.50000    29.50000    29.50000    29.50000    29.50000    29.50000    29.50000    29.50000    29.50000    29.50000    29.50000    29.50000    29.50000    29.50000    29.50000    29.50000    29.50000    29.50000    29.50000    29.50000    29.50000    29.50000    29.50000    29.50000    29.50000    29.50000    29.50000    29.50000    29.50000    29.50000    29.50000    29.50000    29.50000    29.50000    29.50000    29.50000    29.50000    29.50000    29.50000    29.50000    29.50000    29.50000    29.50000    29.50000    29.50000    29.50000    29.50000    29.50000    29.50000    29.50000    29.50000    29.50000    29.50000    29.50000    29.50000    29.50000    29.50000    29.50000    29.50000    29.50000    29.50000    29.50000    29.50000    29.50000    29.50000    29.50000    29.50000    29.50000    29.50000    29.50000    29.50000    29.50000    29.50000    29.50000    29.50000    29.50000    29.50000    29.50000    29.50000    29.50000    29.50000    29.50000    29.50000    29.50000    29.50000    29.50000    29.50000    29.50000    29.50000    29.50000    29.50000    29.50000    29.50000    29.50000    29.50000    29.50000    29.50000    29.50000    29.50000    29.50000    29.50000    29.50000    29.50000
    29.70000    29.70000    29.70000    29.70000    29.70000    29.70000    29.70000    29.70000    29.70000    29.70000    29.70000    29.70000    29.70000    29.70000    29.70000    29.70000    29.70000    29.70000    29.70000    29.70000    29.70000    29.70000    29.70000    29.70000    29.70000    29.70000    29.70000    29.70000    29.70000    29.70000    29.70000    29.70000    29.70000    29.70000    29.70000    29.70000    29.70000    29.70000    29.70000    29.70000    29.70000    29.70000    29.70000    29.70000    29.70000    29.70000    29.70000    29.70000    29.70000    29.70000    29.70000    29.70000    29.70000    29.70000    29.70000    29.70000    29.70000    29.70000    29.70000    29.70000    29.70000    29.70000    29.70000    29.70000    29.70000    29.70000    29.70000    29.70000    29.70000    29.70000    29.70000    29.70000    29.70000    29.70000    29.70000    29.70000    29.70000    29.70000    29.70000    29.70000    29.70000    29.70000    29.70000    29.70000    29.70000    29.70000    29.70000    29.70000    29.70000    29.70000    29.70000    29.70000    29.70000    29.70000    29.70000    29.70000    29.70000    29.70000    29.70000    29.70000    29.70000    29.70000    29.70000    29.70000    29.70000    29.70000    29.70000    29.70000    29.70000    29.70000    29.70000    29.70000    29.70000    29.70000    29.70000    29.70000    29.70000    29.70000    29.70000    29.70000    29.70000    29.70000    29.70000    29.70000    29.70000    29.70000    29.70000    29.70000    29.70000    29.70000    29.70000    29.70000    29.70000    29.70000    29.70000    29.70000    29.70000    29.70000    29.70000    29.70000    29.70000    29.70000    29.70000    29.70000    29.70000    29.70000    29.70000    29.70000    29.70000    29.70000    29.70000    29.70000    29.70000    29.70000    29.70000    29.70000    29.70000    29.70000    29.70000    29.70000    29.70000    29.70000
    29.90000    29.90000    29.90000    29.90000    29.90000    29.90000    29.90000    29.90000    29.90000    29.90000    29.90000    29.90000    29.90000    29.90000    29.90000    29.90000    29.90000    29.90000    29.90000    29.90000    29.90000    29.90000    29.90000    29.90000    29.90000    29.90000    29.90000    29.90000    29.90000    29.90000    29.90000    29.90000    29.90000    29.90000    29.90000    29.90000    29.90000    29.90000    29.90000    29.90000    29.90000    29.90000    29.90000    29.90000    29.90000    29.90000    29.90000    29.90000    29.90000    29.90000    29.90000    29.90000    29.90000    29.90000    29.90000    29.90000    29.90000    29.90000    29.90000    29.90000    29.90000    29.90000    29.90000    29.90000    29.90000    29.90000    29.90000    29.90000    29.90000    29.90000    29.90000    29.90000    29.90000    29.90000    29.90000    29.90000    29.90000    29.90000    29.90000    29.90000    29.90000    29.90000    29.90000    29.90000    29.90000    29.90000    29.90000    29.90000    29.90000    29.90000    29.90000    29.90000    29.90000    29.90000    29.90000    29.90000    29.90000    29.90000    29.90000    29.90000    29.90000    29.90000    29.90000    29.90000    29.90000    29.90000    29.90000    29.90000    29.90000    29.90000    29.90000    29.90000    29.90000    29.90000    29.90000    29.90000    29.90000    29.90000    29.90000    29.90000    29.90000    29.90000    29.90000    29.90000    29.90000    29.90000    29.90000    29.90000    29.90000    29.90000    29.90000    29.90000    29.90000    29.90000    29.90000    29.90000    29.90000    29.90000    29.90000    29.90000    29.90000    29.90000    29.90000    29.90000    29.90000    29.90000    29.90000    29.90000    29.90000    29.90000    29.90000    29.90000    29.90000    29.90000    29.90000    29.90000    29.90000    29.90000    29.90000    29.90000    29.90000    29.90000
    30.10000    30.10000    30.10000    30.10000    30.10000    30.10000    30.10000    30.10000    30.10000    30.10000    30.10000    30.10000    30.10000    30.10000    30.10000    30.10000    30.10000    30.10000    30.10000    30.10000    30.10000    30.10000    30.10000    30.10000    30.10000    30.10000    30.10000    30.10000    30.10000    30.10000    30.10000    30.10000    30.10000    30.10000    30.10000    30.10000    30.10000    30.10000    30.10000    30.10000    30.10000    30.10000    30.10000    30.10000    30.10000    30.10000    30.10000    30.10000    30.10000    30.10000    30.10000    30.10000    30.10000    30.10000    30.10000    30.10000    30.10000    30.10000    30.10000    30.10000    30.10000    30.10000    30.10000    30.10000    30.10000    30.10000    30.10000    30.10000    30.10000    30.10000    30.10000    30.10000    30.10000    30.10000    30.10000    30.10000    30.10000    30.10000    30.10000    30.10000    30.10000    30.10000    30.10000    30.10000    30.10000    30.10000    30.10000    30.10000    30.10000    30.10000    30.10000    30.10000    30.10000    30.10000    30.10000    30.10000    30.10000    30.10000    30.10000    30.10000    30.10000    30.10000    30.10000    30.10000    30.10000    30.10000    30.10000    30.10000    30.10000    30.10000    30.10000    30.10000    30.10000    30.10000    30.10000    30.10000    30.10000    30.10000    30.10000    30.10000    30.10000    30.10000    30.10000    30.10000    30.10000    30.10000    30.10000    30.10000    30.10000    30.10000    30.10000    30.10000    30.10000    30.10000    30.10000    30.10000    30.10000    30.10000    30.10000    30.10000    30.10000    30.10000    30.10000    30.10000    30.10000    30.10000    30.10000    30.10000    30.10000    30.10000    30.10000    30.10000    30.10000    30.10000    30.10000    30.10000    30.10000    30.10000    30.10000    30.10000    30.10000    30.10000
    30.30000    30.30000    30.30000    30.30000    30.30000    30.30000    30.30000    30.30000    30.30000    30.30000    30.30000    30.30000    30.30000    30.30000    30.30000    30.30000    30.30000    30.30000    30.30000    30.30000    30.30000    30.30000    30.30000    30.30000    30.30000    30.30000    30.30000    30.30000    30.30000    30.30000    30.30000    30.30000    30.30000    30.30000    30.30000    30.30000    30.30000    30.30000    30.30000    30.30000    30.30000    30.30000    30.30000    30.30000    30.30000    30.30000    30.30000    30.30000    30.30000    30.30000    30.30000    30.30000    30.30000    30.30000    30.30000    30.30000    30.30000    30.30000    30.30000    30.30000    30.30000    30.30000    30.30000    30.30000    30.30000    30.30000    30.30000    30.30000    30.30000    30.30000    30.30000    30.30000    30.30000    30.30000    30.30000    30.30000    30.30000    30.30000    30.30000    30.30000    30.30000    30.30000    30.30000    30.30000    30.30000    30.30000    30.30000    30.30000    30.30000    30.30000    30.30000    30.30000    30.30000    30.30000    30.30000    30.30000    30.30000    30.30000    30.30000    30.30000    30.30000    30.30000    30.30000    30.30000    30.30000    30.30000    30.30000    30.30000    30.30000    30.30000    30.30000    30.30000    30.30000    30.30000    30.30000    30.30000    30.30000    30.30000    30.30000    30.30000    30.30000    30.30000    30.30000    30.30000    30.30000    30.30000    30.30000    30.30000    30.30000    30.30000    30.30000    30.30000    30.30000    30.30000    30.30000    30.30000    30.30000    30.30000    30.30000    30.30000    30.30000    30.30000    30.30000    30.30000    30.30000    30.30000    30.30000    30.30000    30.30000    30.30000    30.30000    30.30000    30.30000    30.30000    30.30000    30.30000    30.30000    30.30000    30.30000    30.30000    30.30000    30.30000
    30.50000    30.50000    30.50000    30.50000    30.50000    30.50000    30.50000    30.50000    30.50000    30.50000    30.50000    30.50000    30.50000    30.50000    30.50000    30.50000    30.50000    30.50000    30.50000    30.50000    30.50000    30.50000    30.50000    30.50000    30.50000    30.50000    30.50000    30.50000    30.50000    30.50000    30.50000    30.50000    30.50000    30.50000    30.50000    30.50000    30.50000    30.50000    30.50000    30.50000    30.50000    30.50000    30.50000    30.50000    30.50000    30.50000    30.50000    30.50000    30.50000    30.50000    30.50000    30.50000    30.50000    30.50000    30.50000    30.50000    30.50000    30.50000    30.50000    30.50000    30.50000    30.50000    30.50000    30.50000    30.50000    30.50000    30.50000    30.50000    30.50000    30.50000    30.50000    30.50000    30.50000    30.50000    30.50000    30.50000    30.50000    30.50000    30.50000    30.50000    30.50000    30.50000    30.50000    30.50000    30.50000    30.50000    30.50000    30.50000    30.50000    30.50000    30.50000    30.50000    30.50000    30.50000    30.50000    30.50000    30.50000    30.50000    30.50000    30.50000    30.50000    30.50000    30.50000    30.50000    30.50000    30.50000    30.50000    30.50000    30.50000    30.50000    30.50000    30.50000    30.50000    30.50000    30.50000    30.50000    30.50000    30.50000    30.50000    30.50000    30.50000    30.50000    30.50000    30.50000    30.50000    30.50000    30.50000    30.50000    30.50000    30.50000    30.50000    30.50000    30.50000    30.50000    30.50000    30.50000    30.50000    30.50000    30.50000    30.50000    30.50000    30.50000    30.50000    30.50000    30.50000    30.50000    30.50000    30.50000    30.50000    30.50000    30.50000    30.50000    30.50000    30.50000    30.50000    30.50000    30.50000    30.50000    30.50000    30.50000    30.50000    30.50000
    30.70000    30.70000    30.70000    30.70000    30.70000    30.70000    30.70000    30.70000    30.70000    30.70000    30.70000    30.70000    30.70000    30.70000    30.70000    30.70000    30.70000    30.70000    30.70000    30.70000    30.70000    30.70000    30.70000    30.70000    30.70000    30.70000    30.70000    30.70000    30.70000    30.70000    30.70000    30.70000    30.70000    30.70000    30.70000    30.70000    30.70000    30.70000    30.70000    30.70000    30.70000    30.70000    30.70000    30.70000    30.70000    30.70000    30.70000    30.70000    30.70000    30.70000    30.70000    30.70000    30.70000    30.70000    30.70000    30.70000    30.70000    30.70000    30.70000    30.70000    30.70000    30.70000    30.70000    30.70000    30.70000    30.70000    30.70000    30.70000    30.70000    30.70000    30.70000    30.70000    30.70000    30.70000    30.70000    30.70000    30.70000    30.70000    30.70000    30.70000    30.70000    30.70000    30.70000    30.70000    30.70000    30.70000    30.70000    30.70000    30.70000    30.70000    30.70000    30.70000    30.70000    30.70000    30.70000    30.70000    30.70000    30.70000    30.70000    30.70000    30.70000    30.70000    30.70000    30.70000    30.70000    30.70000    30.70000    30.70000    30.70000    30.70000    30.70000    30.70000    30.70000    30.70000    30.70000    30.70000    30.70000    30.70000    30.70000    30.70000    30.70000    30.70000    30.70000    30.70000    30.70000    30.70000    30.70000    30.70000    30.70000    30.70000    30.70000    30.70000    30.70000    30.70000    30.70000    30.70000    30.70000    30.70000    30.70000    30.70000    30.70000    30.70000    30.70000    30.70000    30.70000    30.70000    30.70000    30.70000    30.70000    30.70000    30.70000    30.70000    30.70000    30.70000    30.70000    30.70000    30.70000    30.70000    30.70000    30.70000    30.70000    30.70000
    30.90000    30.90000    30.90000    30.90000    30.90000    30.90000    30.90000    30.90000    30.90000    30.90000    30.90000    30.90000    30.90000    30.90000    30.90000    30.90000    30.90000    30.90000    30.90000    30.90000    30.90000    30.90000    30.90000    30.90000    30.90000    30.90000    30.90000    30.90000    30.90000    30.90000    30.90000    30.90000    30.90000    30.90000    30.90000    30.90000    30.90000    30.90000    30.90000    30.90000    30.90000    30.90000    30.90000    30.90000    30.90000    30.90000    30.90000    30.90000    30.90000    30.90000    30.90000    30.90000    30.90000    30.90000    30.90000    30.90000    30.90000    30.90000    30.90000    30.90000    30.90000    30.90000    30.90000    30.90000    30.90000    30.90000    30.90000    30.90000    30.90000    30.90000    30.90000    30.90000    30.90000    30.90000    30.90000    30.90000    30.90000    30.90000    30.90000    30.90000    30.90000    30.90000    30.90000    30.90000    30.90000    30.90000    30.90000    30.90000    30.90000    30.90000    30.90000    30.90000    30.90000    30.90000    30.90000    30.90000    30.90000    30.90000    30.90000    30.90000    30.90000    30.90000    30.90000    30.90000    30.90000    30.90000    30.90000    30.90000    30.90000    30.90000    30.90000    30.90000    30.90000    30.90000    30.90000    30.90000    30.90000    30.90000    30.90000    30.90000    30.90000    30.90000    30.90000    30.90000    30.90000    30.90000    30.90000    30.90000    30.90000    30.90000    30.90000    30.90000    30.90000    30.90000    30.90000    30.90000    30.90000    30.90000    30.90000    30.90000    30.90000    30.90000    30.90000    30.90000    30.90000    30.90000    30.90000    30.90000    30.90000    30.90000    30.90000    30.90000    30.90000    30.90000    30.90000    30.90000    30.90000    30.90000    30.90000    30.90000    30.90000    30.90000
    31.10000    31.10000    31.10000    31.10000    31.10000    31.10000    31.10000    31.10000    31.10000    31.10000    31.10000    31.10000    31.10000    31.10000    31.10000    31.10000    31.10000    31.10000    31.10000    31.10000    31.10000    31.10000    31.10000    31.10000    31.10000    31.10000    31.10000    31.10000    31.10000    31.10000    31.10000    31.10000    31.10000    31.10000    31.10000    31.10000    31.10000    31.10000    31.10000    31.10000    31.10000    31.10000    31.10000    31.10000    31.10000    31.10000    31.10000    31.10000    31.10000    31.10000    31.10000    31.10000    31.10000    31.10000    31.10000    31.10000    31.10000    31.10000    31.10000    31.10000    31.10000    31.10000    31.10000    31.10000    31.10000    31.10000    31.10000    31.10000    31.10000    31.10000    31.10000    31.10000    31.10000    31.10000    31.10000    31.10000    31.10000    31.10000    31.10000    31.10000    31.10000    31.10000    31.10000    31.10000    31.10000    31.10000    31.10000    31.10000    31.10000    31.10000    31.10000    31.10000    31.10000    31.10000    31.10000    31.10000    31.10000    31.10000    31.10000    31.10000    31.10000    31.10000    31.10000    31.10000    31.10000    31.10000    31.10000    31.10000    31.10000    31.10000    31.10000    31.10000    31.10000    31.10000    31.10000    31.10000    31.10000    31.10000    31.10000    31.10000    31.10000    31.10000    31.10000    31.10000    31.10000    31.10000    31.10000    31.10000    31.10000    31.10000    31.10000    31.10000    31.10000    31.10000    31.10000    31.10000    31.10000    31.10000    31.10000    31.10000    31.10000    31.10000    31.10000    31.10000    31.10000    31.10000    31.10000    31.10000    31.10000    31.10000    31.10000    31.10000    31.10000    31.10000    31.10000    31.10000    31.10000    31.10000    31.10000    31.10000    31.10000    31.10000
    31.30000    31.30000    31.30000    31.30000    31.30000    31.30000    31.30000    31.30000    31.30000    31.30000    31.30000    31.30000    31.30000    31.30000    31.30000    31.30000    31.30000    31.30000    31.30000    31.30000    31.30000    31.30000    31.30000    31.30000    31.30000    31.30000    31.30000    31.30000    31.30000    31.30000    31.30000    31.30000    31.30000    31.30000    31.30000    31.30000    31.30000    31.30000    31.30000    31.30000    31.30000    31.30000    31.30000    31.30000    31.30000    31.30000    31.30000    31.30000    31.30000    31.30000    31.30000    31.30000    31.30000    31.30000    31.30000    31.30000    31.30000    31.30000    31.30000    31.30000    31.30000    31.30000    31.30000    31.30000    31.30000    31.30000    31.30000    31.30000    31.30000    31.30000    31.30000    31.30000    31.30000    31.30000    31.30000    31.30000    31.30000    31.30000    31.30000    31.30000    31.30000    31.30000    31.30000    31.30000    31.30000    31.30000    31.30000    31.30000    31.30000    31.30000    31.30000    31.30000    31.30000    31.30000    31.30000    31.30000    31.30000    31.30000    31.30000    31.30000    31.30000    31.30000    31.30000    31.30000    31.30000    31.30000    31.30000    31.30000    31.30000    31.30000    31.30000    31.30000    31.30000    31.30000    31.30000    31.30000    31.30000    31.30000    31.30000    31.30000    31.30000    31.30000    31.30000    31.30000    31.30000    31.30000    31.30000    31.30000    31.30000    31.30000    31.30000    31.30000    31.30000    31.30000    31.30000    31.30000    31.30000    31.30000    31.30000    31.30000    31.30000    31.30000    31.30000    31.30000    31.30000    31.30000    31.30000    31.30000    31.30000    31.30000    31.30000    31.30000    31.30000    31.30000    31.30000    31.30000    31.30000    31.30000    31.30000    31.30000    31.30000    31.30000
    31.50000    31.50000    31.50000    31.50000    31.50000    31.50000    31.50000    31.50000    31.50000    31.50000    31.50000    31.50000    31.50000    31.50000    31.50000    31.50000    31.50000    31.50000    31.50000    31.50000    31.50000    31.50000    31.50000    31.50000    31.50000    31.50000    31.50000    31.50000    31.50000    31.50000    31.50000    31.50000    31.50000    31.50000    31.50000    31.50000    31.50000    31.50000    31.50000    31.50000    31.50000    31.50000    31.50000    31.50000    31.50000    31.50000    31.50000    31.50000    31.50000    31.50000    31.50000    31.50000    31.50000    31.50000    31.50000    31.50000    31.50000    31.50000    31.50000    31.50000    31.50000    31.50000    31.50000    31.50000    31.50000    31.50000    31.50000    31.50000    31.50000    31.50000    31.50000    31.50000    31.50000    31.50000    31.50000    31.50000    31.50000    31.50000    31.50000    31.50000    31.50000    31.50000    31.50000    31.50000    31.50000    31.50000    31.50000    31.50000    31.50000    31.50000    31.50000    31.50000    31.50000    31.50000    31.50000    31.50000    31.50000    31.50000    31.50000    31.50000    31.50000    31.50000    31.50000    31.50000    31.50000    31.50000    31.50000    31.50000    31.50000    31.50000    31.50000    31.50000    31.50000    31.50000    31.50000    31.50000    31.50000    31.50000    31.50000    31.50000    31.50000    31.50000    31.50000    31.50000    31.50000    31.50000    31.50000    31.50000    31.50000    31.50000    31.50000    31.50000    31.50000    31.50000    31.50000    31.50000    31.50000    31.50000    31.50000    31.50000    31.50000    31.50000    31.50000    31.50000    31.50000    31.50000    31.50000    31.50000    31.50000    31.50000    31.50000    31.50000    31.50000    31.50000    31.50000    31.50000    31.50000    31.50000    31.50000    31.50000    31.50000    31.50000
    31.70000    31.70000    31.70000    31.70000    31.70000    31.70000    31.70000    31.70000    31.70000    31.70000    31.70000    31.70000    31.70000    31.70000    31.70000    31.70000    31.70000    31.70000    31.70000    31.70000    31.70000    31.70000    31.70000    31.70000    31.70000    31.70000    31.70000    31.70000    31.70000    31.70000    31.70000    31.70000    31.70000    31.70000    31.70000    31.70000    31.70000    31.70000    31.70000    31.70000    31.70000    31.70000    31.70000    31.70000    31.70000    31.70000    31.70000    31.70000    31.70000    31.70000    31.70000    31.70000    31.70000    31.70000    31.70000    31.70000    31.70000    31.70000    31.70000    31.70000    31.70000    31.70000    31.70000    31.70000    31.70000    31.70000    31.70000    31.70000    31.70000    31.70000    31.70000    31.70000    31.70000    31.70000    31.70000    31.70000    31.70000    31.70000    31.70000    31.70000    31.70000    31.70000    31.70000    31.70000    31.70000    31.70000    31.70000    31.70000    31.70000    31.70000    31.70000    31.70000    31.70000    31.70000    31.70000    31.70000    31.70000    31.70000    31.70000    31.70000    31.70000    31.70000    31.70000    31.70000    31.70000    31.70000    31.70000    31.70000    31.70000    31.70000    31.70000    31.70000    31.70000    31.70000    31.70000    31.70000    31.70000    31.70000    31.70000    31.70000    31.70000    31.70000    31.70000    31.70000    31.70000    31.70000    31.70000    31.70000    31.70000    31.70000    31.70000    31.70000    31.70000    31.70000    31.70000    31.70000    31.70000    31.70000    31.70000    31.70000    31.70000    31.70000    31.70000    31.70000    31.70000    31.70000    31.70000    31.70000    31.70000    31.70000    31.70000    31.70000    31.70000    31.70000    31.70000    31.70000    31.70000    31.70000    31.70000    31.70000    31.70000    31.70000
    31.90000    31.90000    31.90000    31.90000    31.90000    31.90000    31.90000    31.90000    31.90000    31.90000    31.90000    31.90000    31.90000    31.90000    31.90000    31.90000    31.90000    31.90000    31.90000    31.90000    31.90000    31.90000    31.90000    31.90000    31.90000    31.90000    31.90000    31.90000    31.90000    31.90000    31.90000    31.90000    31.90000    31.90000    31.90000    31.90000    31.90000    31.90000    31.90000    31.90000    31.90000    31.90000    31.90000    31.90000    31.90000    31.90000    31.90000    31.90000    31.90000    31.90000    31.90000    31.90000    31.90000    31.90000    31.90000    31.90000    31.90000    31.90000    31.90000    31.90000    31.90000    31.90000    31.90000    31.90000    31.90000    31.90000    31.90000    31.90000    31.90000    31.90000    31.90000    31.90000    31.90000    31.90000    31.90000    31.90000    31.90000    31.90000    31.90000    31.90000    31.90000    31.90000    31.90000    31.90000    31.90000    31.90000    31.90000    31.90000    31.90000    31.90000    31.90000    31.90000    31.90000    31.90000    31.90000    31.90000    31.90000    31.90000    31.90000    31.90000    31.90000    31.90000    31.90000    31.90000    31.90000    31.90000    31.90000    31.90000    31.90000    31.90000    31.90000    31.90000    31.90000    31.90000    31.90000    31.90000    31.90000    31.90000    31.90000    31.90000    31.90000    31.90000    31.90000    31.90000    31.90000    31.90000    31.90000    31.90000    31.90000    31.90000    31.90000    31.90000    31.90000    31.90000    31.90000    31.90000    31.90000    31.90000    31.90000    31.90000    31.90000    31.90000    31.90000    31.90000    31.90000    31.90000    31.90000    31.90000    31.90000    31.90000    31.90000    31.90000    31.90000    31.90000    31.90000    31.90000    31.90000    31.90000    31.90000    31.90000    31.90000    31.90000
    32.10000    32.10000    32.10000    32.10000    32.10000    32.10000    32.10000    32.10000    32.10000    32.10000    32.10000    32.10000    32.10000    32.10000    32.10000    32.10000    32.10000    32.10000    32.10000    32.10000    32.10000    32.10000    32.10000    32.10000    32.10000    32.10000    32.10000    32.10000    32.10000    32.10000    32.10000    32.10000    32.10000    32.10000    32.10000    32.10000    32.10000    32.10000    32.10000    32.10000    32.10000    32.10000    32.10000    32.10000    32.10000    32.10000    32.10000    32.10000    32.10000    32.10000    32.10000    32.10000    32.10000    32.10000    32.10000    32.10000    32.10000    32.10000    32.10000    32.10000    32.10000    32.10000    32.10000    32.10000    32.10000    32.10000    32.10000    32.10000    32.10000    32.10000    32.10000    32.10000    32.10000    32.10000    32.10000    32.10000    32.10000    32.10000    32.10000    32.10000    32.10000    32.10000    32.10000    32.10000    32.10000    32.10000    32.10000    32.10000    32.10000    32.10000    32.10000    32.10000    32.10000    32.10000    32.10000    32.10000    32.10000    32.10000    32.10000    32.10000    32.10000    32.10000    32.10000    32.10000    32.10000    32.10000    32.10000    32.10000    32.10000    32.10000    32.10000    32.10000    32.10000    32.10000    32.10000    32.10000    32.10000    32.10000    32.10000    32.10000    32.10000    32.10000    32.10000    32.10000    32.10000    32.10000    32.10000    32.10000    32.10000    32.10000    32.10000    32.10000    32.10000    32.10000    32.10000    32.10000    32.10000    32.10000    32.10000    32.10000    32.10000    32.10000    32.10000    32.10000    32.10000    32.10000    32.10000    32.10000    32.10000    32.10000    32.10000    32.10000    32.10000    32.10000    32.10000    32.10000    32.10000    32.10000    32.10000    32.10000    32.10000    32.10000
    32.30000    32.30000    32.30000    32.30000    32.30000    32.30000    32.30000    32.30000    32.30000    32.30000    32.30000    32.30000    32.30000    32.30000    32.30000    32.30000    32.30000    32.30000    32.30000    32.30000    32.30000    32.30000    32.30000    32.30000    32.30000    32.30000    32.30000    32.30000    32.30000    32.30000    32.30000    32.30000    32.30000    32.30000    32.30000    32.30000    32.30000    32.30000    32.30000    32.30000    32.30000    32.30000    32.30000    32.30000    32.30000    32.30000    32.30000    32.30000    32.30000    32.30000    32.30000    32.30000    32.30000    32.30000    32.30000    32.30000    32.30000    32.30000    32.30000    32.30000    32.30000    32.30000    32.30000    32.30000    32.30000    32.30000    32.30000    32.30000    32.30000    32.30000    32.30000    32.30000    32.30000    32.30000    32.30000    32.30000    32.30000    32.30000    32.30000    32.30000    32.30000    32.30000    32.30000    32.30000    32.30000    32.30000    32.30000    32.30000    32.30000    32.30000    32.30000    32.30000    32.30000    32.30000    32.30000    32.30000    32.30000    32.30000    32.30000    32.30000    32.30000    32.30000    32.30000    32.30000    32.30000    32.30000    32.30000    32.30000    32.30000    32.30000    32.30000    32.30000    32.30000    32.30000    32.30000    32.30000    32.30000    32.30000    32.30000    32.30000    32.30000    32.30000    32.30000    32.30000    32.30000    32.30000    32.30000    32.30000    32.30000    32.30000    32.30000    32.30000    32.30000    32.30000    32.30000    32.30000    32.30000    32.30000    32.30000    32.30000    32.30000    32.30000    32.30000    32.30000    32.30000    32.30000    32.30000    32.30000    32.30000    32.30000    32.30000    32.30000    32.30000    32.30000    32.30000    32.30000    32.30000    32.30000    32.30000    32.30000    32.30000    32.30000
    32.50000    32.50000    32.50000    32.50000    32.50000    32.50000    32.50000    32.50000    32.50000    32.50000    32.50000    32.50000    32.50000    32.50000    32.50000    32.50000    32.50000    32.50000    32.50000    32.50000    32.50000    32.50000    32.50000    32.50000    32.50000    32.50000    32.50000    32.50000    32.50000    32.50000    32.50000    32.50000    32.50000    32.50000    32.50000    32.50000    32.50000    32.50000    32.50000    32.50000    32.50000    32.50000    32.50000    32.50000    32.50000    32.50000    32.50000    32.50000    32.50000    32.50000    32.50000    32.50000    32.50000    32.50000    32.50000    32.50000    32.50000    32.50000    32.50000    32.50000    32.50000    32.50000    32.50000    32.50000    32.50000    32.50000    32.50000    32.50000    32.50000    32.50000    32.50000    32.50000    32.50000    32.50000    32.50000    32.50000    32.50000    32.50000    32.50000    32.50000    32.50000    32.50000    32.50000    32.50000    32.50000    32.50000    32.50000    32.50000    32.50000    32.50000    32.50000    32.50000    32.50000    32.50000    32.50000    32.50000    32.50000    32.50000    32.50000    32.50000    32.50000    32.50000    32.50000    32.50000    32.50000    32.50000    32.50000    32.50000    32.50000    32.50000    32.50000    32.50000    32.50000    32.50000    32.50000    32.50000    32.50000    32.50000    32.50000    32.50000    32.50000    32.50000    32.50000    32.50000    32.50000    32.50000    32.50000    32.50000    32.50000    32.50000    32.50000    32.50000    32.50000    32.50000    32.50000    32.50000    32.50000    32.50000    32.50000    32.50000    32.50000    32.50000    32.50000    32.50000    32.50000    32.50000    32.50000    32.50000    32.50000    32.50000    32.50000    32.50000    32.50000    32.50000    32.50000    32.50000    32.50000    32.50000    32.50000    32.50000    32.50000    32.50000
    32.70000    32.70000    32.70000    32.70000    32.70000    32.70000    32.70000    32.70000    32.70000    32.70000    32.70000    32.70000    32.70000    32.70000    32.70000    32.70000    32.70000    32.70000    32.70000    32.70000    32.70000    32.70000    32.70000    32.70000    32.70000    32.70000    32.70000    32.70000    32.70000    32.70000    32.70000    32.70000    32.70000    32.70000    32.70000    32.70000    32.70000    32.70000    32.70000    32.70000    32.70000    32.70000    32.70000    32.70000    32.70000    32.70000    32.70000    32.70000    32.70000    32.70000    32.70000    32.70000    32.70000    32.70000    32.70000    32.70000    32.70000    32.70000    32.70000    32.70000    32.70000    32.70000    32.70000    32.70000    32.70000    32.70000    32.70000    32.70000    32.70000    32.70000    32.70000    32.70000    32.70000    32.70000    32.70000    32.70000    32.70000    32.70000    32.70000    32.70000    32.70000    32.70000    32.70000    32.70000    32.70000    32.70000    32.70000    32.70000    32.70000    32.70000    32.70000    32.70000    32.70000    32.70000    32.70000    32.70000    32.70000    32.70000    32.70000    32.70000    32.70000    32.70000    32.70000    32.70000    32.70000    32.70000    32.70000    32.70000    32.70000    32.70000    32.70000    32.70000    32.70000    32.70000    32.70000    32.70000    32.70000    32.70000    32.70000    32.70000    32.70000    32.70000    32.70000    32.70000    32.70000    32.70000    32.70000    32.70000    32.70000    32.70000    32.70000    32.70000    32.70000    32.70000    32.70000    32.70000    32.70000    32.70000    32.70000    32.70000    32.70000    32.70000    32.70000    32.70000    32.70000    32.70000    32.70000    32.70000    32.70000    32.70000    32.70000    32.70000    32.70000    32.70000    32.70000    32.70000    32.70000    32.70000    32.70000    32.70000    32.70000    32.70000
    32.90000    32.90000    32.90000    32.90000    32.90000    32.90000    32.90000    32.90000    32.90000    32.90000    32.90000    32.90000    32.90000    32.90000    32.90000    32.90000    32.90000    32.90000    32.90000    32.90000    32.90000    32.90000    32.90000    32.90000    32.90000    32.90000    32.90000    32.90000    32.90000    32.90000    32.90000    32.90000    32.90000    32.90000    32.90000    32.90000    32.90000    32.90000    32.90000    32.90000    32.90000    32.90000    32.90000    32.90000    32.90000    32.90000    32.90000    32.90000    32.90000    32.90000    32.90000    32.90000    32.90000    32.90000    32.90000    32.90000    32.90000    32.90000    32.90000    32.90000    32.90000    32.90000    32.90000    32.90000    32.90000    32.90000    32.90000    32.90000    32.90000    32.90000    32.90000    32.90000    32.90000    32.90000    32.90000    32.90000    32.90000    32.90000    32.90000    32.90000    32.90000    32.90000    32.90000    32.90000    32.90000    32.90000    32.90000    32.90000    32.90000    32.90000    32.90000    32.90000    32.90000    32.90000    32.90000    32.90000    32.90000    32.90000    32.90000    32.90000    32.90000    32.90000    32.90000    32.90000    32.90000    32.90000    32.90000    32.90000    32.90000    32.90000    32.90000    32.90000    32.90000    32.90000    32.90000    32.90000    32.90000    32.90000    32.90000    32.90000    32.90000    32.90000    32.90000    32.90000    32.90000    32.90000    32.90000    32.90000    32.90000    32.90000    32.90000    32.90000    32.90000    32.90000    32.90000    32.90000    32.90000    32.90000    32.90000    32.90000    32.90000    32.90000    32.90000    32.90000    32.90000    32.90000    32.90000    32.90000    32.90000    32.90000    32.90000    32.90000    32.90000    32.90000    32.90000    32.90000    32.90000    32.90000    32.90000    32.90000    32.90000    32.90000
    33.10000    33.10000    33.10000    33.10000    33.10000    33.10000    33.10000    33.10000    33.10000    33.10000    33.10000    33.10000    33.10000    33.10000    33.10000    33.10000    33.10000    33.10000    33.10000    33.10000    33.10000    33.10000    33.10000    33.10000    33.10000    33.10000    33.10000    33.10000    33.10000    33.10000    33.10000    33.10000    33.10000    33.10000    33.10000    33.10000    33.10000    33.10000    33.10000    33.10000    33.10000    33.10000    33.10000    33.10000    33.10000    33.10000    33.10000    33.10000    33.10000    33.10000    33.10000    33.10000    33.10000    33.10000    33.10000    33.10000    33.10000    33.10000    33.10000    33.10000    33.10000    33.10000    33.10000    33.10000    33.10000    33.10000    33.10000    33.10000    33.10000    33.10000    33.10000    33.10000    33.10000    33.10000    33.10000    33.10000    33.10000    33.10000    33.10000    33.10000    33.10000    33.10000    33.10000    33.10000    33.10000    33.10000    33.10000    33.10000    33.10000    33.10000    33.10000    33.10000    33.10000    33.10000    33.10000    33.10000    33.10000    33.10000    33.10000    33.10000    33.10000    33.10000    33.10000    33.10000    33.10000    33.10000    33.10000    33.10000    33.10000    33.10000    33.10000    33.10000    33.10000    33.10000    33.10000    33.10000    33.10000    33.10000    33.10000    33.10000    33.10000    33.10000    33.10000    33.10000    33.10000    33.10000    33.10000    33.10000    33.10000    33.10000    33.10000    33.10000    33.10000    33.10000    33.10000    33.10000    33.10000    33.10000    33.10000    33.10000    33.10000    33.10000    33.10000    33.10000    33.10000    33.10000    33.10000    33.10000    33.10000    33.10000    33.10000    33.10000    33.10000    33.10000    33.10000    33.10000    33.10000    33.10000    33.10000    33.10000    33.10000    33.10000
    33.30000    33.30000    33.30000    33.30000    33.30000    33.30000    33.30000    33.30000    33.30000    33.30000    33.30000    33.30000    33.30000    33.30000    33.30000    33.30000    33.30000    33.30000    33.30000    33.30000    33.30000    33.30000    33.30000    33.30000    33.30000    33.30000    33.30000    33.30000    33.30000    33.30000    33.30000    33.30000    33.30000    33.30000    33.30000    33.30000    33.30000    33.30000    33.30000    33.30000    33.30000    33.30000    33.30000    33.30000    33.30000    33.30000    33.30000    33.30000    33.30000    33.30000    33.30000    33.30000    33.30000    33.30000    33.30000    33.30000    33.30000    33.30000    33.30000    33.30000    33.30000    33.30000    33.30000    33.30000    33.30000    33.30000    33.30000    33.30000    33.30000    33.30000    33.30000    33.30000    33.30000    33.30000    33.30000    33.30000    33.30000    33.30000    33.30000    33.30000    33.30000    33.30000    33.30000    33.30000    33.30000    33.30000    33.30000    33.30000    33.30000    33.30000    33.30000    33.30000    33.30000    33.30000    33.30000    33.30000    33.30000    33.30000    33.30000    33.30000    33.30000    33.30000    33.30000    33.30000    33.30000    33.30000    33.30000    33.30000    33.30000    33.30000    33.30000    33.30000    33.30000    33.30000    33.30000    33.30000    33.30000    33.30000    33.30000    33.30000    33.30000    33.30000    33.30000    33.30000    33.30000    33.30000    33.30000    33.30000    33.30000    33.30000    33.30000    33.30000    33.30000    33.30000    33.30000    33.30000    33.30000    33.30000    33.30000    33.30000    33.30000    33.30000    33.30000    33.30000    33.30000    33.30000    33.30000    33.30000    33.30000    33.30000    33.30000    33.30000    33.30000    33.30000    33.30000    33.30000    33.30000    33.30000    33.30000    33.30000    33.30000    33.30000
    33.50000    33.50000    33.50000    33.50000    33.50000    33.50000    33.50000    33.50000    33.50000    33.50000    33.50000    33.50000    33.50000    33.50000    33.50000    33.50000    33.50000    33.50000    33.50000    33.50000    33.50000    33.50000    33.50000    33.50000    33.50000    33.50000    33.50000    33.50000    33.50000    33.50000    33.50000    33.50000    33.50000    33.50000    33.50000    33.50000    33.50000    33.50000    33.50000    33.50000    33.50000    33.50000    33.50000    33.50000    33.50000    33.50000    33.50000    33.50000    33.50000    33.50000    33.50000    33.50000    33.50000    33.50000    33.50000    33.50000    33.50000    33.50000    33.50000    33.50000    33.50000    33.50000    33.50000    33.50000    33.50000    33.50000    33.50000    33.50000    33.50000    33.50000    33.50000    33.50000    33.50000    33.50000    33.50000    33.50000    33.50000    33.50000    33.50000    33.50000    33.50000    33.50000    33.50000    33.50000    33.50000    33.50000    33.50000    33.50000    33.50000    33.50000    33.50000    33.50000    33.50000    33.50000    33.50000    33.50000    33.50000    33.50000    33.50000    33.50000    33.50000    33.50000    33.50000    33.50000    33.50000    33.50000    33.50000    33.50000    33.50000    33.50000    33.50000    33.50000    33.50000    33.50000    33.50000    33.50000    33.50000    33.50000    33.50000    33.50000    33.50000    33.50000    33.50000    33.50000    33.50000    33.50000    33.50000    33.50000    33.50000    33.50000    33.50000    33.50000    33.50000    33.50000    33.50000    33.50000    33.50000    33.50000    33.50000    33.50000    33.50000    33.50000    33.50000    33.50000    33.50000    33.50000    33.50000    33.50000    33.50000    33.50000    33.50000    33.50000    33.50000    33.50000    33.50000    33.50000    33.50000    33.50000    33.50000    33.50000    33.50000    33.50000
    33.70000    33.70000    33.70000    33.70000    33.70000    33.70000    33.70000    33.70000    33.70000    33.70000    33.70000    33.70000    33.70000    33.70000    33.70000    33.70000    33.70000    33.70000    33.70000    33.70000    33.70000    33.70000    33.70000    33.70000    33.70000    33.70000    33.70000    33.70000    33.70000    33.70000    33.70000    33.70000    33.70000    33.70000    33.70000    33.70000    33.70000    33.70000    33.70000    33.70000    33.70000    33.70000    33.70000    33.70000    33.70000    33.70000    33.70000    33.70000    33.70000    33.70000    33.70000    33.70000    33.70000    33.70000    33.70000    33.70000    33.70000    33.70000    33.70000    33.70000    33.70000    33.70000    33.70000    33.70000    33.70000    33.70000    33.70000    33.70000    33.70000    33.70000    33.70000    33.70000    33.70000    33.70000    33.70000    33.70000    33.70000    33.70000    33.70000    33.70000    33.70000    33.70000    33.70000    33.70000    33.70000    33.70000    33.70000    33.70000    33.70000    33.70000    33.70000    33.70000    33.70000    33.70000    33.70000    33.70000    33.70000    33.70000    33.70000    33.70000    33.70000    33.70000    33.70000    33.70000    33.70000    33.70000    33.70000    33.70000    33.70000    33.70000    33.70000    33.70000    33.70000    33.70000    33.70000    33.70000    33.70000    33.70000    33.70000    33.70000    33.70000    33.70000    33.70000    33.70000    33.70000    33.70000    33.70000    33.70000    33.70000    33.70000    33.70000    33.70000    33.70000    33.70000    33.70000    33.70000    33.70000    33.70000    33.70000    33.70000    33.70000    33.70000    33.70000    33.70000    33.70000    33.70000    33.70000    33.70000    33.70000    33.70000    33.70000    33.70000    33.70000    33.70000    33.70000    33.70000    33.70000    33.70000    33.70000    33.70000    33.70000    33.70000
    33.90000    33.90000    33.90000    33.90000    33.90000    33.90000    33.90000    33.90000    33.90000    33.90000    33.90000    33.90000    33.90000    33.90000    33.90000    33.90000    33.90000    33.90000    33.90000    33.90000    33.90000    33.90000    33.90000    33.90000    33.90000    33.90000    33.90000    33.90000    33.90000    33.90000    33.90000    33.90000    33.90000    33.90000    33.90000    33.90000    33.90000    33.90000    33.90000    33.90000    33.90000    33.90000    33.90000    33.90000    33.90000    33.90000    33.90000    33.90000    33.90000    33.90000    33.90000    33.90000    33.90000    33.90000    33.90000    33.90000    33.90000    33.90000    33.90000    33.90000    33.90000    33.90000    33.90000    33.90000    33.90000    33.90000    33.90000    33.90000    33.90000    33.90000    33.90000    33.90000    33.90000    33.90000    33.90000    33.90000    33.90000    33.90000    33.90000    33.90000    33.90000    33.90000    33.90000    33.90000    33.90000    33.90000    33.90000    33.90000    33.90000    33.90000    33.90000    33.90000    33.90000    33.90000    33.90000    33.90000    33.90000    33.90000    33.90000    33.90000    33.90000    33.90000    33.90000    33.90000    33.90000    33.90000    33.90000    33.90000    33.90000    33.90000    33.90000    33.90000    33.90000    33.90000    33.90000    33.90000    33.90000    33.90000    33.90000    33.90000    33.90000    33.90000    33.90000    33.90000    33.90000    33.90000    33.90000    33.90000    33.90000    33.90000    33.90000    33.90000    33.90000    33.90000    33.90000    33.90000    33.90000    33.90000    33.90000    33.90000    33.90000    33.90000    33.90000    33.90000    33.90000    33.90000    33.90000    33.90000    33.90000    33.90000    33.90000    33.90000    33.90000    33.90000    33.90000    33.90000    33.90000    33.90000    33.90000    33.90000    33.90000    33.90000
    34.10000    34.10000    34.10000    34.10000    34.10000    34.10000    34.10000    34.10000    34.10000    34.10000    34.10000    34.10000    34.10000    34.10000    34.10000    34.10000    34.10000    34.10000    34.10000    34.10000    34.10000    34.10000    34.10000    34.10000    34.10000    34.10000    34.10000    34.10000    34.10000    34.10000    34.10000    34.10000    34.10000    34.10000    34.10000    34.10000    34.10000    34.10000    34.10000    34.10000    34.10000    34.10000    34.10000    34.10000    34.10000    34.10000    34.10000    34.10000    34.10000    34.10000    34.10000    34.10000    34.10000    34.10000    34.10000    34.10000    34.10000    34.10000    34.10000    34.10000    34.10000    34.10000    34.10000    34.10000    34.10000    34.10000    34.10000    34.10000    34.10000    34.10000    34.10000    34.10000    34.10000    34.10000    34.10000    34.10000    34.10000    34.10000    34.10000    34.10000    34.10000    34.10000    34.10000    34.10000    34.10000    34.10000    34.10000    34.10000    34.10000    34.10000    34.10000    34.10000    34.10000    34.10000    34.10000    34.10000    34.10000    34.10000    34.10000    34.10000    34.10000    34.10000    34.10000    34.10000    34.10000    34.10000    34.10000    34.10000    34.10000    34.10000    34.10000    34.10000    34.10000    34.10000    34.10000    34.10000    34.10000    34.10000    34.10000    34.10000    34.10000    34.10000    34.10000    34.10000    34.10000    34.10000    34.10000    34.10000    34.10000    34.10000    34.10000    34.10000    34.10000    34.10000    34.10000    34.10000    34.10000    34.10000    34.10000    34.10000    34.10000    34.10000    34.10000    34.10000    34.10000    34.10000    34.10000    34.10000    34.10000    34.10000    34.10000    34.10000    34.10000    34.10000    34.10000    34.10000    34.10000    34.10000    34.10000    34.10000    34.10000    34.10000
    34.30000    34.30000    34.30000    34.30000    34.30000    34.30000    34.30000    34.30000    34.30000    34.30000    34.30000    34.30000    34.30000    34.30000    34.30000    34.30000    34.30000    34.30000    34.30000    34.30000    34.30000    34.30000    34.30000    34.30000    34.30000    34.30000    34.30000    34.30000    34.30000    34.30000    34.30000    34.30000    34.30000    34.30000    34.30000    34.30000    34.30000    34.30000    34.30000    34.30000    34.30000    34.30000    34.30000    34.30000    34.30000    34.30000    34.30000    34.30000    34.30000    34.30000    34.30000    34.30000    34.30000    34.30000    34.30000    34.30000    34.30000    34.30000    34.30000    34.30000    34.30000    34.30000    34.30000    34.30000    34.30000    34.30000    34.30000    34.30000    34.30000    34.30000    34.30000    34.30000    34.30000    34.30000    34.30000    34.30000    34.30000    34.30000    34.30000    34.30000    34.30000    34.30000    34.30000    34.30000    34.30000    34.30000    34.30000    34.30000    34.30000    34.30000    34.30000    34.30000    34.30000    34.30000    34.30000    34.30000    34.30000    34.30000    34.30000    34.30000    34.30000    34.30000    34.30000    34.30000    34.30000    34.30000    34.30000    34.30000    34.30000    34.30000    34.30000    34.30000    34.30000    34.30000    34.30000    34.30000    34.30000    34.30000    34.30000    34.30000    34.30000    34.30000    34.30000    34.30000    34.30000    34.30000    34.30000    34.30000    34.30000    34.30000    34.30000    34.30000    34.30000    34.30000    34.30000    34.30000    34.30000    34.30000    34.30000    34.30000    34.30000    34.30000    34.30000    34.30000    34.30000    34.30000    34.30000    34.30000    34.30000    34.30000    34.30000    34.30000    34.30000    34.30000    34.30000    34.30000    34.30000    34.30000    34.30000    34.30000    34.30000    34.30000
    34.50000    34.50000    34.50000    34.50000    34.50000    34.50000    34.50000    34.50000    34.50000    34.50000    34.50000    34.50000    34.50000    34.50000    34.50000    34.50000    34.50000    34.50000    34.50000    34.50000    34.50000    34.50000    34.50000    34.50000    34.50000    34.50000    34.50000    34.50000    34.50000    34.50000    34.50000    34.50000    34.50000    34.50000    34.50000    34.50000    34.50000    34.50000    34.50000    34.50000    34.50000    34.50000    34.50000    34.50000    34.50000    34.50000    34.50000    34.50000    34.50000    34.50000    34.50000    34.50000    34.50000    34.50000    34.50000    34.50000    34.50000    34.50000    34.50000    34.50000    34.50000    34.50000    34.50000    34.50000    34.50000    34.50000    34.50000    34.50000    34.50000    34.50000    34.50000    34.50000    34.50000    34.50000    34.50000    34.50000    34.50000    34.50000    34.50000    34.50000    34.50000    34.50000    34.50000    34.50000    34.50000    34.50000    34.50000    34.50000    34.50000    34.50000    34.50000    34.50000    34.50000    34.50000    34.50000    34.50000    34.50000    34.50000    34.50000    34.50000    34.50000    34.50000    34.50000    34.50000    34.50000    34.50000    34.50000    34.50000    34.50000    34.50000    34.50000    34.50000    34.50000    34.50000    34.50000    34.50000    34.50000    34.50000    34.50000    34.50000    34.50000    34.50000    34.50000    34.50000    34.50000    34.50000    34.50000    34.50000    34.50000    34.50000    34.50000    34.50000    34.50000    34.50000    34.50000    34.50000    34.50000    34.50000    34.50000    34.50000    34.50000    34.50000    34.50000    34.50000    34.50000    34.50000    34.50000    34.50000    34.50000    34.50000    34.50000    34.50000    34.50000    34.50000    34.50000    34.50000    34.50000    34.50000    34.50000    34.50000    34.50000    34.50000
    34.70000    34.70000    34.70000    34.70000    34.70000    34.70000    34.70000    34.70000    34.70000    34.70000    34.70000    34.70000    34.70000    34.70000    34.70000    34.70000    34.70000    34.70000    34.70000    34.70000    34.70000    34.70000    34.70000    34.70000    34.70000    34.70000    34.70000    34.70000    34.70000    34.70000    34.70000    34.70000    34.70000    34.70000    34.70000    34.70000    34.70000    34.70000    34.70000    34.70000    34.70000    34.70000    34.70000    34.70000    34.70000    34.70000    34.70000    34.70000    34.70000    34.70000    34.70000    34.70000    34.70000    34.70000    34.70000    34.70000    34.70000    34.70000    34.70000    34.70000    34.70000    34.70000    34.70000    34.70000    34.70000    34.70000    34.70000    34.70000    34.70000    34.70000    34.70000    34.70000    34.70000    34.70000    34.70000    34.70000    34.70000    34.70000    34.70000    34.70000    34.70000    34.70000    34.70000    34.70000    34.70000    34.70000    34.70000    34.70000    34.70000    34.70000    34.70000    34.70000    34.70000    34.70000    34.70000    34.70000    34.70000    34.70000    34.70000    34.70000    34.70000    34.70000    34.70000    34.70000    34.70000    34.70000    34.70000    34.70000    34.70000    34.70000    34.70000    34.70000    34.70000    34.70000    34.70000    34.70000    34.70000    34.70000    34.70000    34.70000    34.70000    34.70000    34.70000    34.70000    34.70000    34.70000    34.70000    34.70000    34.70000    34.70000    34.70000    34.70000    34.70000    34.70000    34.70000    34.70000    34.70000    34.70000    34.70000    34.70000    34.70000    34.70000    34.70000    34.70000    34.70000    34.70000    34.70000    34.70000    34.70000    34.70000    34.70000    34.70000    34.70000    34.70000    34.70000    34.70000    34.70000    34.70000    34.70000    34.70000    34.70000    34.70000
    34.90000    34.90000    34.90000    34.90000    34.90000    34.90000    34.90000    34.90000    34.90000    34.90000    34.90000    34.90000    34.90000    34.90000    34.90000    34.90000    34.90000    34.90000    34.90000    34.90000    34.90000    34.90000    34.90000    34.90000    34.90000    34.90000    34.90000    34.90000    34.90000    34.90000    34.90000    34.90000    34.90000    34.90000    34.90000    34.90000    34.90000    34.90000    34.90000    34.90000    34.90000    34.90000    34.90000    34.90000    34.90000    34.90000    34.90000    34.90000    34.90000    34.90000    34.90000    34.90000    34.90000    34.90000    34.90000    34.90000    34.90000    34.90000    34.90000    34.90000    34.90000    34.90000    34.90000    34.90000    34.90000    34.90000    34.90000    34.90000    34.90000    34.90000    34.90000    34.90000    34.90000    34.90000    34.90000    34.90000    34.90000    34.90000    34.90000    34.90000    34.90000    34.90000    34.90000    34.90000    34.90000    34.90000    34.90000    34.90000    34.90000    34.90000    34.90000    34.90000    34.90000    34.90000    34.90000    34.90000    34.90000    34.90000    34.90000    34.90000    34.90000    34.90000    34.90000    34.90000    34.90000    34.90000    34.90000    34.90000    34.90000    34.90000    34.90000    34.90000    34.90000    34.90000    34.90000    34.90000    34.90000    34.90000    34.90000    34.90000    34.90000    34.90000    34.90000    34.90000    34.90000    34.90000    34.90000    34.90000    34.90000    34.90000    34.90000    34.90000    34.90000    34.90000    34.90000    34.90000    34.90000    34.90000    34.90000    34.90000    34.90000    34.90000    34.90000    34.90000    34.90000    34.90000    34.90000    34.90000    34.90000    34.90000    34.90000    34.90000    34.90000    34.90000    34.90000    34.90000    34.90000    34.90000    34.90000    34.90000    34.90000    34.90000
    35.10000    35.10000    35.10000    35.10000    35.10000    35.10000    35.10000    35.10000    35.10000    35.10000    35.10000    35.10000    35.10000    35.10000    35.10000    35.10000    35.10000    35.10000    35.10000    35.10000    35.10000    35.10000    35.10000    35.10000    35.10000    35.10000    35.10000    35.10000    35.10000    35.10000    35.10000    35.10000    35.10000    35.10000    35.10000    35.10000    35.10000    35.10000    35.10000    35.10000    35.10000    35.10000    35.10000    35.10000    35.10000    35.10000    35.10000    35.10000    35.10000    35.10000    35.10000    35.10000    35.10000    35.10000    35.10000    35.10000    35.10000    35.10000    35.10000    35.10000    35.10000    35.10000    35.10000    35.10000    35.10000    35.10000    35.10000    35.10000    35.10000    35.10000    35.10000    35.10000    35.10000    35.10000    35.10000    35.10000    35.10000    35.10000    35.10000    35.10000    35.10000    35.10000    35.10000    35.10000    35.10000    35.10000    35.10000    35.10000    35.10000    35.10000    35.10000    35.10000    35.10000    35.10000    35.10000    35.10000    35.10000    35.10000    35.10000    35.10000    35.10000    35.10000    35.10000    35.10000    35.10000    35.10000    35.10000    35.10000    35.10000    35.10000    35.10000    35.10000    35.10000    35.10000    35.10000    35.10000    35.10000    35.10000    35.10000    35.10000    35.10000    35.10000    35.10000    35.10000    35.10000    35.10000    35.10000    35.10000    35.10000    35.10000    35.10000    35.10000    35.10000    35.10000    35.10000    35.10000    35.10000    35.10000    35.10000    35.10000    35.10000    35.10000    35.10000    35.10000    35.10000    35.10000    35.10000    35.10000    35.10000    35.10000    35.10000    35.10000    35.10000    35.10000    35.10000    35.10000    35.10000    35.10000    35.10000    35.10000    35.10000    35.10000
    35.30000    35.30000    35.30000    35.30000    35.30000    35.30000    35.30000    35.30000    35.30000    35.30000    35.30000    35.30000    35.30000    35.30000    35.30000    35.30000    35.30000    35.30000    35.30000    35.30000    35.30000    35.30000    35.30000    35.30000    35.30000    35.30000    35.30000    35.30000    35.30000    35.30000    35.30000    35.30000    35.30000    35.30000    35.30000    35.30000    35.30000    35.30000    35.30000    35.30000    35.30000    35.30000    35.30000    35.30000    35.30000    35.30000    35.30000    35.30000    35.30000    35.30000    35.30000    35.30000    35.30000    35.30000    35.30000    35.30000    35.30000    35.30000    35.30000    35.30000    35.30000    35.30000    35.30000    35.30000    35.30000    35.30000    35.30000    35.30000    35.30000    35.30000    35.30000    35.30000    35.30000    35.30000    35.30000    35.30000    35.30000    35.30000    35.30000    35.30000    35.30000    35.30000    35.30000    35.30000    35.30000    35.30000    35.30000    35.30000    35.30000    35.30000    35.30000    35.30000    35.30000    35.30000    35.30000    35.30000    35.30000    35.30000    35.30000    35.30000    35.30000    35.30000    35.30000    35.30000    35.30000    35.30000    35.30000    35.30000    35.30000    35.30000    35.30000    35.30000    35.30000    35.30000    35.30000    35.30000    35.30000    35.30000    35.30000    35.30000    35.30000    35.30000    35.30000    35.30000    35.30000    35.30000    35.30000    35.30000    35.30000    35.30000    35.30000    35.30000    35.30000    35.30000    35.30000    35.30000    35.30000    35.30000    35.30000    35.30000    35.30000    35.30000    35.30000    35.30000    35.30000    35.30000    35.30000    35.30000    35.30000    35.30000    35.30000    35.30000    35.30000    35.30000    35.30000    35.30000    35.30000    35.30000    35.30000    35.30000    35.30000    35.30000
    35.50000    35.50000    35.50000    35.50000    35.50000    35.50000    35.50000    35.50000    35.50000    35.50000    35.50000    35.50000    35.50000    35.50000    35.50000    35.50000    35.50000    35.50000    35.50000    35.50000    35.50000    35.50000    35.50000    35.50000    35.50000    35.50000    35.50000    35.50000    35.50000    35.50000    35.50000    35.50000    35.50000    35.50000    35.50000    35.50000    35.50000    35.50000    35.50000    35.50000    35.50000    35.50000    35.50000    35.50000    35.50000    35.50000    35.50000    35.50000    35.50000    35.50000    35.50000    35.50000    35.50000    35.50000    35.50000    35.50000    35.50000    35.50000    35.50000    35.50000    35.50000    35.50000    35.50000    35.50000    35.50000    35.50000    35.50000    35.50000    35.50000    35.50000    35.50000    35.50000    35.50000    35.50000    35.50000    35.50000    35.50000    35.50000    35.50000    35.50000    35.50000    35.50000    35.50000    35.50000    35.50000    35.50000    35.50000    35.50000    35.50000    35.50000    35.50000    35.50000    35.50000    35.50000    35.50000    35.50000    35.50000    35.50000    35.50000    35.50000    35.50000    35.50000    35.50000    35.50000    35.50000    35.50000    35.50000    35.50000    35.50000    35.50000    35.50000    35.50000    35.50000    35.50000    35.50000    35.50000    35.50000    35.50000    35.50000    35.50000    35.50000    35.50000    35.50000    35.50000    35.50000    35.50000    35.50000    35.50000    35.50000    35.50000    35.50000    35.50000    35.50000    35.50000    35.50000    35.50000    35.50000    35.50000    35.50000    35.50000    35.50000    35.50000    35.50000    35.50000    35.50000    35.50000    35.50000    35.50000    35.50000    35.50000    35.50000    35.50000    35.50000    35.50000    35.50000    35.50000    35.50000    35.50000    35.50000    35.50000    35.50000    35.50000
    35.70000    35.70000    35.70000    35.70000    35.70000    35.70000    35.70000    35.70000    35.70000    35.70000    35.70000    35.70000    35.70000    35.70000    35.70000    35.70000    35.70000    35.70000    35.70000    35.70000    35.70000    35.70000    35.70000    35.70000    35.70000    35.70000    35.70000    35.70000    35.70000    35.70000    35.70000    35.70000    35.70000    35.70000    35.70000    35.70000    35.70000    35.70000    35.70000    35.70000    35.70000    35.70000    35.70000    35.70000    35.70000    35.70000    35.70000    35.70000    35.70000    35.70000    35.70000    35.70000    35.70000    35.70000    35.70000    35.70000    35.70000    35.70000    35.70000    35.70000    35.70000    35.70000    35.70000    35.70000    35.70000    35.70000    35.70000    35.70000    35.70000    35.70000    35.70000    35.70000    35.70000    35.70000    35.70000    35.70000    35.70000    35.70000    35.70000    35.70000    35.70000    35.70000    35.70000    35.70000    35.70000    35.70000    35.70000    35.70000    35.70000    35.70000    35.70000    35.70000    35.70000    35.70000    35.70000    35.70000    35.70000    35.70000    35.70000    35.70000    35.70000    35.70000    35.70000    35.70000    35.70000    35.70000    35.70000    35.70000    35.70000    35.70000    35.70000    35.70000    35.70000    35.70000    35.70000    35.70000    35.70000    35.70000    35.70000    35.70000    35.70000    35.70000    35.70000    35.70000    35.70000    35.70000    35.70000    35.70000    35.70000    35.70000    35.70000    35.70000    35.70000    35.70000    35.70000    35.70000    35.70000    35.70000    35.70000    35.70000    35.70000    35.70000    35.70000    35.70000    35.70000    35.70000    35.70000    35.70000    35.70000    35.70000    35.70000    35.70000    35.70000    35.70000    35.70000    35.70000    35.70000    35.70000    35.70000    35.70000    35.70000    35.70000
    35.90000    35.90000    35.90000    35.90000    35.90000    35.90000    35.90000    35.90000    35.90000    35.90000    35.90000    35.90000    35.90000    35.90000    35.90000    35.90000    35.90000    35.90000    35.90000    35.90000    35.90000    35.90000    35.90000    35.90000    35.90000    35.90000    35.90000    35.90000    35.90000    35.90000    35.90000    35.90000    35.90000    35.90000    35.90000    35.90000    35.90000    35.90000    35.90000    35.90000    35.90000    35.90000    35.90000    35.90000    35.90000    35.90000    35.90000    35.90000    35.90000    35.90000    35.90000    35.90000    35.90000    35.90000    35.90000    35.90000    35.90000    35.90000    35.90000    35.90000    35.90000    35.90000    35.90000    35.90000    35.90000    35.90000    35.90000    35.90000    35.90000    35.90000    35.90000    35.90000    35.90000    35.90000    35.90000    35.90000    35.90000    35.90000    35.90000    35.90000    35.90000    35.90000    35.90000    35.90000    35.90000    35.90000    35.90000    35.90000    35.90000    35.90000    35.90000    35.90000    35.90000    35.90000    35.90000    35.90000    35.90000    35.90000    35.90000    35.90000    35.90000    35.90000    35.90000    35.90000    35.90000    35.90000    35.90000    35.90000    35.90000    35.90000    35.90000    35.90000    35.90000    35.90000    35.90000    35.90000    35.90000    35.90000    35.90000    35.90000    35.90000    35.90000    35.90000    35.90000    35.90000    35.90000    35.90000    35.90000    35.90000    35.90000    35.90000    35.90000    35.90000    35.90000    35.90000    35.90000    35.90000    35.90000    35.90000    35.90000    35.90000    35.90000    35.90000    35.90000    35.90000    35.90000    35.90000    35.90000    35.90000    35.90000    35.90000    35.90000    35.90000    35.90000    35.90000    35.90000    35.90000    35.90000    35.90000    35.90000    35.90000    35.90000
    36.10000    36.10000    36.10000    36.10000    36.10000    36.10000    36.10000    36.10000    36.10000    36.10000    36.10000    36.10000    36.10000    36.10000    36.10000    36.10000    36.10000    36.10000    36.10000    36.10000    36.10000    36.10000    36.10000    36.10000    36.10000    36.10000    36.10000    36.10000    36.10000    36.10000    36.10000    36.10000    36.10000    36.10000    36.10000    36.10000    36.10000    36.10000    36.10000    36.10000    36.10000    36.10000    36.10000    36.10000    36.10000    36.10000    36.10000    36.10000    36.10000    36.10000    36.10000    36.10000    36.10000    36.10000    36.10000    36.10000    36.10000    36.10000    36.10000    36.10000    36.10000    36.10000    36.10000    36.10000    36.10000    36.10000    36.10000    36.10000    36.10000    36.10000    36.10000    36.10000    36.10000    36.10000    36.10000    36.10000    36.10000    36.10000    36.10000    36.10000    36.10000    36.10000    36.10000    36.10000    36.10000    36.10000    36.10000    36.10000    36.10000    36.10000    36.10000    36.10000    36.10000    36.10000    36.10000    36.10000    36.10000    36.10000    36.10000    36.10000    36.10000    36.10000    36.10000    36.10000    36.10000    36.10000    36.10000    36.10000    36.10000    36.10000    36.10000    36.10000    36.10000    36.10000    36.10000    36.10000    36.10000    36.10000    36.10000    36.10000    36.10000    36.10000    36.10000    36.10000    36.10000    36.10000    36.10000    36.10000    36.10000    36.10000    36.10000    36.10000    36.10000    36.10000    36.10000    36.10000    36.10000    36.10000    36.10000    36.10000    36.10000    36.10000    36.10000    36.10000    36.10000    36.10000    36.10000    36.10000    36.10000    36.10000    36.10000    36.10000    36.10000    36.10000    36.10000    36.10000    36.10000    36.10000    36.10000    36.10000    36.10000    36.10000
    36.30000    36.30000    36.30000    36.30000    36.30000    36.30000    36.30000    36.30000    36.30000    36.30000    36.30000    36.30000    36.30000    36.30000    36.30000    36.30000    36.30000    36.30000    36.30000    36.30000    36.30000    36.30000    36.30000    36.30000    36.30000    36.30000    36.30000    36.30000    36.30000    36.30000    36.30000    36.30000    36.30000    36.30000    36.30000    36.30000    36.30000    36.30000    36.30000    36.30000    36.30000    36.30000    36.30000    36.30000    36.30000    36.30000    36.30000    36.30000    36.30000    36.30000    36.30000    36.30000    36.30000    36.30000    36.30000    36.30000    36.30000    36.30000    36.30000    36.30000    36.30000    36.30000    36.30000    36.30000    36.30000    36.30000    36.30000    36.30000    36.30000    36.30000    36.30000    36.30000    36.30000    36.30000    36.30000    36.30000    36.30000    36.30000    36.30000    36.30000    36.30000    36.30000    36.30000    36.30000    36.30000    36.30000    36.30000    36.30000    36.30000    36.30000    36.30000    36.30000    36.30000    36.30000    36.30000    36.30000    36.30000    36.30000    36.30000    36.30000    36.30000    36.30000    36.30000    36.30000    36.30000    36.30000    36.30000    36.30000    36.30000    36.30000    36.30000    36.30000    36.30000    36.30000    36.30000    36.30000    36.30000    36.30000    36.30000    36.30000    36.30000    36.30000    36.30000    36.30000    36.30000    36.30000    36.30000    36.30000    36.30000    36.30000    36.30000    36.30000    36.30000    36.30000    36.30000    36.30000    36.30000    36.30000    36.30000    36.30000    36.30000    36.30000    36.30000    36.30000    36.30000    36.30000    36.30000    36.30000    36.30000    36.30000    36.30000    36.30000    36.30000    36.30000    36.30000    36.30000    36.30000    36.30000    36.30000    36.30000    36.30000    36.30000
    36.50000    36.50000    36.50000    36.50000    36.50000    36.50000    36.50000    36.50000    36.50000    36.50000    36.50000    36.50000    36.50000    36.50000    36.50000    36.50000    36.50000    36.50000    36.50000    36.50000    36.50000    36.50000    36.50000    36.50000    36.50000    36.50000    36.50000    36.50000    36.50000    36.50000    36.50000    36.50000    36.50000    36.50000    36.50000    36.50000    36.50000    36.50000    36.50000    36.50000    36.50000    36.50000    36.50000    36.50000    36.50000    36.50000    36.50000    36.50000    36.50000    36.50000    36.50000    36.50000    36.50000    36.50000    36.50000    36.50000    36.50000    36.50000    36.50000    36.50000    36.50000    36.50000    36.50000    36.50000    36.50000    36.50000    36.50000    36.50000    36.50000    36.50000    36.50000    36.50000    36.50000    36.50000    36.50000    36.50000    36.50000    36.50000    36.50000    36.50000    36.50000    36.50000    36.50000    36.50000    36.50000    36.50000    36.50000    36.50000    36.50000    36.50000    36.50000    36.50000    36.50000    36.50000    36.50000    36.50000    36.50000    36.50000    36.50000    36.50000    36.50000    36.50000    36.50000    36.50000    36.50000    36.50000    36.50000    36.50000    36.50000    36.50000    36.50000    36.50000    36.50000    36.50000    36.50000    36.50000    36.50000    36.50000    36.50000    36.50000    36.50000    36.50000    36.50000    36.50000    36.50000    36.50000    36.50000    36.50000    36.50000    36.50000    36.50000    36.50000    36.50000    36.50000    36.50000    36.50000    36.50000    36.50000    36.50000    36.50000    36.50000    36.50000    36.50000    36.50000    36.50000    36.50000    36.50000    36.50000    36.50000    36.50000    36.50000    36.50000    36.50000    36.50000    36.50000    36.50000    36.50000    36.50000    36.50000    36.50000    36.50000    36.50000
    36.70000    36.70000    36.70000    36.70000    36.70000    36.70000    36.70000    36.70000    36.70000    36.70000    36.70000    36.70000    36.70000    36.70000    36.70000    36.70000    36.70000    36.70000    36.70000    36.70000    36.70000    36.70000    36.70000    36.70000    36.70000    36.70000    36.70000    36.70000    36.70000    36.70000    36.70000    36.70000    36.70000    36.70000    36.70000    36.70000    36.70000    36.70000    36.70000    36.70000    36.70000    36.70000    36.70000    36.70000    36.70000    36.70000    36.70000    36.70000    36.70000    36.70000    36.70000    36.70000    36.70000    36.70000    36.70000    36.70000    36.70000    36.70000    36.70000    36.70000    36.70000    36.70000    36.70000    36.70000    36.70000    36.70000    36.70000    36.70000    36.70000    36.70000    36.70000    36.70000    36.70000    36.70000    36.70000    36.70000    36.70000    36.70000    36.70000    36.70000    36.70000    36.70000    36.70000    36.70000    36.70000    36.70000    36.70000    36.70000    36.70000    36.70000    36.70000    36.70000    36.70000    36.70000    36.70000    36.70000    36.70000    36.70000    36.70000    36.70000    36.70000    36.70000    36.70000    36.70000    36.70000    36.70000    36.70000    36.70000    36.70000    36.70000    36.70000    36.70000    36.70000    36.70000    36.70000    36.70000    36.70000    36.70000    36.70000    36.70000    36.70000    36.70000    36.70000    36.70000    36.70000    36.70000    36.70000    36.70000    36.70000    36.70000    36.70000    36.70000    36.70000    36.70000    36.70000    36.70000    36.70000    36.70000    36.70000    36.70000    36.70000    36.70000    36.70000    36.70000    36.70000    36.70000    36.70000    36.70000    36.70000    36.70000    36.70000    36.70000    36.70000    36.70000    36.70000    36.70000    36.70000    36.70000    36.70000    36.70000    36.70000    36.70000
    36.90000    36.90000    36.90000    36.90000    36.90000    36.90000    36.90000    36.90000    36.90000    36.90000    36.90000    36.90000    36.90000    36.90000    36.90000    36.90000    36.90000    36.90000    36.90000    36.90000    36.90000    36.90000    36.90000    36.90000    36.90000    36.90000    36.90000    36.90000    36.90000    36.90000    36.90000    36.90000    36.90000    36.90000    36.90000    36.90000    36.90000    36.90000    36.90000    36.90000    36.90000    36.90000    36.90000    36.90000    36.90000    36.90000    36.90000    36.90000    36.90000    36.90000    36.90000    36.90000    36.90000    36.90000    36.90000    36.90000    36.90000    36.90000    36.90000    36.90000    36.90000    36.90000    36.90000    36.90000    36.90000    36.90000    36.90000    36.90000    36.90000    36.90000    36.90000    36.90000    36.90000    36.90000    36.90000    36.90000    36.90000    36.90000    36.90000    36.90000    36.90000    36.90000    36.90000    36.90000    36.90000    36.90000    36.90000    36.90000    36.90000    36.90000    36.90000    36.90000    36.90000    36.90000    36.90000    36.90000    36.90000    36.90000    36.90000    36.90000    36.90000    36.90000    36.90000    36.90000    36.90000    36.90000    36.90000    36.90000    36.90000    36.90000    36.90000    36.90000    36.90000    36.90000    36.90000    36.90000    36.90000    36.90000    36.90000    36.90000    36.90000    36.90000    36.90000    36.90000    36.90000    36.90000    36.90000    36.90000    36.90000    36.90000    36.90000    36.90000    36.90000    36.90000    36.90000    36.90000    36.90000    36.90000    36.90000    36.90000    36.90000    36.90000    36.90000    36.90000    36.90000    36.90000    36.90000    36.90000    36.90000    36.90000    36.90000    36.90000    36.90000    36.90000    36.90000    36.90000    36.90000    36.90000    36.90000    36.90000    36.90000    36.90000
    37.10000    37.10000    37.10000    37.10000    37.10000    37.10000    37.10000    37.10000    37.10000    37.10000    37.10000    37.10000    37.10000    37.10000    37.10000    37.10000    37.10000    37.10000    37.10000    37.10000    37.10000    37.10000    37.10000    37.10000    37.10000    37.10000    37.10000    37.10000    37.10000    37.10000    37.10000    37.10000    37.10000    37.10000    37.10000    37.10000    37.10000    37.10000    37.10000    37.10000    37.10000    37.10000    37.10000    37.10000    37.10000    37.10000    37.10000    37.10000    37.10000    37.10000    37.10000    37.10000    37.10000    37.10000    37.10000    37.10000    37.10000    37.10000    37.10000    37.10000    37.10000    37.10000    37.10000    37.10000    37.10000    37.10000    37.10000    37.10000    37.10000    37.10000    37.10000    37.10000    37.10000    37.10000    37.10000    37.10000    37.10000    37.10000    37.10000    37.10000    37.10000    37.10000    37.10000    37.10000    37.10000    37.10000    37.10000    37.10000    37.10000    37.10000    37.10000    37.10000    37.10000    37.10000    37.10000    37.10000    37.10000    37.10000    37.10000    37.10000    37.10000    37.10000    37.10000    37.10000    37.10000    37.10000    37.10000    37.10000    37.10000    37.10000    37.10000    37.10000    37.10000    37.10000    37.10000    37.10000    37.10000    37.10000    37.10000    37.10000    37.10000    37.10000    37.10000    37.10000    37.10000    37.10000    37.10000    37.10000    37.10000    37.10000    37.10000    37.10000    37.10000    37.10000    37.10000    37.10000    37.10000    37.10000    37.10000    37.10000    37.10000    37.10000    37.10000    37.10000    37.10000    37.10000    37.10000    37.10000    37.10000    37.10000    37.10000    37.10000    37.10000    37.10000    37.10000    37.10000    37.10000    37.10000    37.10000    37.10000    37.10000    37.10000
    37.30000    37.30000    37.30000    37.30000    37.30000    37.30000    37.30000    37.30000    37.30000    37.30000    37.30000    37.30000    37.30000    37.30000    37.30000    37.30000    37.30000    37.30000    37.30000    37.30000    37.30000    37.30000    37.30000    37.30000    37.30000    37.30000    37.30000    37.30000    37.30000    37.30000    37.30000    37.30000    37.30000    37.30000    37.30000    37.30000    37.30000    37.30000    37.30000    37.30000    37.30000    37.30000    37.30000    37.30000    37.30000    37.30000    37.30000    37.30000    37.30000    37.30000    37.30000    37.30000    37.30000    37.30000    37.30000    37.30000    37.30000    37.30000    37.30000    37.30000    37.30000    37.30000    37.30000    37.30000    37.30000    37.30000    37.30000    37.30000    37.30000    37.30000    37.30000    37.30000    37.30000    37.30000    37.30000    37.30000    37.30000    37.30000    37.30000    37.30000    37.30000    37.30000    37.30000    37.30000    37.30000    37.30000    37.30000    37.30000    37.30000    37.30000    37.30000    37.30000    37.30000    37.30000    37.30000    37.30000    37.30000    37.30000    37.30000    37.30000    37.30000    37.30000    37.30000    37.30000    37.30000    37.30000    37.30000    37.30000    37.30000    37.30000    37.30000    37.30000    37.30000    37.30000    37.30000    37.30000    37.30000    37.30000    37.30000    37.30000    37.30000    37.30000    37.30000    37.30000    37.30000    37.30000    37.30000    37.30000    37.30000    37.30000    37.30000    37.30000    37.30000    37.30000    37.30000    37.30000    37.30000    37.30000    37.30000    37.30000    37.30000    37.30000    37.30000    37.30000    37.30000    37.30000    37.30000    37.30000    37.30000    37.30000    37.30000    37.30000    37.30000    37.30000    37.30000    37.30000    37.30000    37.30000    37.30000    37.30000    37.30000    37.30000
    37.50000    37.50000    37.50000    37.50000    37.50000    37.50000    37.50000    37.50000    37.50000    37.50000    37.50000    37.50000    37.50000    37.50000    37.50000    37.50000    37.50000    37.50000    37.50000    37.50000    37.50000    37.50000    37.50000    37.50000    37.50000    37.50000    37.50000    37.50000    37.50000    37.50000    37.50000    37.50000    37.50000    37.50000    37.50000    37.50000    37.50000    37.50000    37.50000    37.50000    37.50000    37.50000    37.50000    37.50000    37.50000    37.50000    37.50000    37.50000    37.50000    37.50000    37.50000    37.50000    37.50000    37.50000    37.50000    37.50000    37.50000    37.50000    37.50000    37.50000    37.50000    37.50000    37.50000    37.50000    37.50000    37.50000    37.50000    37.50000    37.50000    37.50000    37.50000    37.50000    37.50000    37.50000    37.50000    37.50000    37.50000    37.50000    37.50000    37.50000    37.50000    37.50000    37.50000    37.50000    37.50000    37.50000    37.50000    37.50000    37.50000    37.50000    37.50000    37.50000    37.50000    37.50000    37.50000    37.50000    37.50000    37.50000    37.50000    37.50000    37.50000    37.50000    37.50000    37.50000    37.50000    37.50000    37.50000    37.50000    37.50000    37.50000    37.50000    37.50000    37.50000    37.50000    37.50000    37.50000    37.50000    37.50000    37.50000    37.50000    37.50000    37.50000    37.50000    37.50000    37.50000    37.50000    37.50000    37.50000    37.50000    37.50000    37.50000    37.50000    37.50000    37.50000    37.50000    37.50000    37.50000    37.50000    37.50000    37.50000    37.50000    37.50000    37.50000    37.50000    37.50000    37.50000    37.50000    37.50000    37.50000    37.50000    37.50000    37.50000    37.50000    37.50000    37.50000    37.50000    37.50000    37.50000    37.50000    37.50000    37.50000    37.50000
    37.70000    37.70000    37.70000    37.70000    37.70000    37.70000    37.70000    37.70000    37.70000    37.70000    37.70000    37.70000    37.70000    37.70000    37.70000    37.70000    37.70000    37.70000    37.70000    37.70000    37.70000    37.70000    37.70000    37.70000    37.70000    37.70000    37.70000    37.70000    37.70000    37.70000    37.70000    37.70000    37.70000    37.70000    37.70000    37.70000    37.70000    37.70000    37.70000    37.70000    37.70000    37.70000    37.70000    37.70000    37.70000    37.70000    37.70000    37.70000    37.70000    37.70000    37.70000    37.70000    37.70000    37.70000    37.70000    37.70000    37.70000    37.70000    37.70000    37.70000    37.70000    37.70000    37.70000    37.70000    37.70000    37.70000    37.70000    37.70000    37.70000    37.70000    37.70000    37.70000    37.70000    37.70000    37.70000    37.70000    37.70000    37.70000    37.70000    37.70000    37.70000    37.70000    37.70000    37.70000    37.70000    37.70000    37.70000    37.70000    37.70000    37.70000    37.70000    37.70000    37.70000    37.70000    37.70000    37.70000    37.70000    37.70000    37.70000    37.70000    37.70000    37.70000    37.70000    37.70000    37.70000    37.70000    37.70000    37.70000    37.70000    37.70000    37.70000    37.70000    37.70000    37.70000    37.70000    37.70000    37.70000    37.70000    37.70000    37.70000    37.70000    37.70000    37.70000    37.70000    37.70000    37.70000    37.70000    37.70000    37.70000    37.70000    37.70000    37.70000    37.70000    37.70000    37.70000    37.70000    37.70000    37.70000    37.70000    37.70000    37.70000    37.70000    37.70000    37.70000    37.70000    37.70000    37.70000    37.70000    37.70000    37.70000    37.70000    37.70000    37.70000    37.70000    37.70000    37.70000    37.70000    37.70000    37.70000    37.70000    37.70000    37.70000
    37.90000    37.90000    37.90000    37.90000    37.90000    37.90000    37.90000    37.90000    37.90000    37.90000    37.90000    37.90000    37.90000    37.90000    37.90000    37.90000    37.90000    37.90000    37.90000    37.90000    37.90000    37.90000    37.90000    37.90000    37.90000    37.90000    37.90000    37.90000    37.90000    37.90000    37.90000    37.90000    37.90000    37.90000    37.90000    37.90000    37.90000    37.90000    37.90000    37.90000    37.90000    37.90000    37.90000    37.90000    37.90000    37.90000    37.90000    37.90000    37.90000    37.90000    37.90000    37.90000    37.90000    37.90000    37.90000    37.90000    37.90000    37.90000    37.90000    37.90000    37.90000    37.90000    37.90000    37.90000    37.90000    37.90000    37.90000    37.90000    37.90000    37.90000    37.90000    37.90000    37.90000    37.90000    37.90000    37.90000    37.90000    37.90000    37.90000    37.90000    37.90000    37.90000    37.90000    37.90000    37.90000    37.90000    37.90000    37.90000    37.90000    37.90000    37.90000    37.90000    37.90000    37.90000    37.90000    37.90000    37.90000    37.90000    37.90000    37.90000    37.90000    37.90000    37.90000    37.90000    37.90000    37.90000    37.90000    37.90000    37.90000    37.90000    37.90000    37.90000    37.90000    37.90000    37.90000    37.90000    37.90000    37.90000    37.90000    37.90000    37.90000    37.90000    37.90000    37.90000    37.90000    37.90000    37.90000    37.90000    37.90000    37.90000    37.90000    37.90000    37.90000    37.90000    37.90000    37.90000    37.90000    37.90000    37.90000    37.90000    37.90000    37.90000    37.90000    37.90000    37.90000    37.90000    37.90000    37.90000    37.90000    37.90000    37.90000    37.90000    37.90000    37.90000    37.90000    37.90000    37.90000    37.90000    37.90000    37.90000    37.90000    37.90000
    38.10000    38.10000    38.10000    38.10000    38.10000    38.10000    38.10000    38.10000    38.10000    38.10000    38.10000    38.10000    38.10000    38.10000    38.10000    38.10000    38.10000    38.10000    38.10000    38.10000    38.10000    38.10000    38.10000    38.10000    38.10000    38.10000    38.10000    38.10000    38.10000    38.10000    38.10000    38.10000    38.10000    38.10000    38.10000    38.10000    38.10000    38.10000    38.10000    38.10000    38.10000    38.10000    38.10000    38.10000    38.10000    38.10000    38.10000    38.10000    38.10000    38.10000    38.10000    38.10000    38.10000    38.10000    38.10000    38.10000    38.10000    38.10000    38.10000    38.10000    38.10000    38.10000    38.10000    38.10000    38.10000    38.10000    38.10000    38.10000    38.10000    38.10000    38.10000    38.10000    38.10000    38.10000    38.10000    38.10000    38.10000    38.10000    38.10000    38.10000    38.10000    38.10000    38.10000    38.10000    38.10000    38.10000    38.10000    38.10000    38.10000    38.10000    38.10000    38.10000    38.10000    38.10000    38.10000    38.10000    38.10000    38.10000    38.10000    38.10000    38.10000    38.10000    38.10000    38.10000    38.10000    38.10000    38.10000    38.10000    38.10000    38.10000    38.10000    38.10000    38.10000    38.10000    38.10000    38.10000    38.10000    38.10000    38.10000    38.10000    38.10000    38.10000    38.10000    38.10000    38.10000    38.10000    38.10000    38.10000    38.10000    38.10000    38.10000    38.10000    38.10000    38.10000    38.10000    38.10000    38.10000    38.10000    38.10000    38.10000    38.10000    38.10000    38.10000    38.10000    38.10000    38.10000    38.10000    38.10000    38.10000    38.10000    38.10000    38.10000    38.10000    38.10000    38.10000    38.10000    38.10000    38.10000    38.10000    38.10000    38.10000    38.10000
    38.30000    38.30000    38.30000    38.30000    38.30000    38.30000    38.30000    38.30000    38.30000    38.30000    38.30000    38.30000    38.30000    38.30000    38.30000    38.30000    38.30000    38.30000    38.30000    38.30000    38.30000    38.30000    38.30000    38.30000    38.30000    38.30000    38.30000    38.30000    38.30000    38.30000    38.30000    38.30000    38.30000    38.30000    38.30000    38.30000    38.30000    38.30000    38.30000    38.30000    38.30000    38.30000    38.30000    38.30000    38.30000    38.30000    38.30000    38.30000    38.30000    38.30000    38.30000    38.30000    38.30000    38.30000    38.30000    38.30000    38.30000    38.30000    38.30000    38.30000    38.30000    38.30000    38.30000    38.30000    38.30000    38.30000    38.30000    38.30000    38.30000    38.30000    38.30000    38.30000    38.30000    38.30000    38.30000    38.30000    38.30000    38.30000    38.30000    38.30000    38.30000    38.30000    38.30000    38.30000    38.30000    38.30000    38.30000    38.30000    38.30000    38.30000    38.30000    38.30000    38.30000    38.30000    38.30000    38.30000    38.30000    38.30000    38.30000    38.30000    38.30000    38.30000    38.30000    38.30000    38.30000    38.30000    38.30000    38.30000    38.30000    38.30000    38.30000    38.30000    38.30000    38.30000    38.30000    38.30000    38.30000    38.30000    38.30000    38.30000    38.30000    38.30000    38.30000    38.30000    38.30000    38.30000    38.30000    38.30000    38.30000    38.30000    38.30000    38.30000    38.30000    38.30000    38.30000    38.30000    38.30000    38.30000    38.30000    38.30000    38.30000    38.30000    38.30000    38.30000    38.30000    38.30000    38.30000    38.30000    38.30000    38.30000    38.30000    38.30000    38.30000    38.30000    38.30000    38.30000    38.30000    38.30000    38.30000    38.30000    38.30000    38.30000
    38.50000    38.50000    38.50000    38.50000    38.50000    38.50000    38.50000    38.50000    38.50000    38.50000    38.50000    38.50000    38.50000    38.50000    38.50000    38.50000    38.50000    38.50000    38.50000    38.50000    38.50000    38.50000    38.50000    38.50000    38.50000    38.50000    38.50000    38.50000    38.50000    38.50000    38.50000    38.50000    38.50000    38.50000    38.50000    38.50000    38.50000    38.50000    38.50000    38.50000    38.50000    38.50000    38.50000    38.50000    38.50000    38.50000    38.50000    38.50000    38.50000    38.50000    38.50000    38.50000    38.50000    38.50000    38.50000    38.50000    38.50000    38.50000    38.50000    38.50000    38.50000    38.50000    38.50000    38.50000    38.50000    38.50000    38.50000    38.50000    38.50000    38.50000    38.50000    38.50000    38.50000    38.50000    38.50000    38.50000    38.50000    38.50000    38.50000    38.50000    38.50000    38.50000    38.50000    38.50000    38.50000    38.50000    38.50000    38.50000    38.50000    38.50000    38.50000    38.50000    38.50000    38.50000    38.50000    38.50000    38.50000    38.50000    38.50000    38.50000    38.50000    38.50000    38.50000    38.50000    38.50000    38.50000    38.50000    38.50000    38.50000    38.50000    38.50000    38.50000    38.50000    38.50000    38.50000    38.50000    38.50000    38.50000    38.50000    38.50000    38.50000    38.50000    38.50000    38.50000    38.50000    38.50000    38.50000    38.50000    38.50000    38.50000    38.50000    38.50000    38.50000    38.50000    38.50000    38.50000    38.50000    38.50000    38.50000    38.50000    38.50000    38.50000    38.50000    38.50000    38.50000    38.50000    38.50000    38.50000    38.50000    38.50000    38.50000    38.50000    38.50000    38.50000    38.50000    38.50000    38.50000    38.50000    38.50000    38.50000    38.50000    38.50000
    38.70000    38.70000    38.70000    38.70000    38.70000    38.70000    38.70000    38.70000    38.70000    38.70000    38.70000    38.70000    38.70000    38.70000    38.70000    38.70000    38.70000    38.70000    38.70000    38.70000    38.70000    38.70000    38.70000    38.70000    38.70000    38.70000    38.70000    38.70000    38.70000    38.70000    38.70000    38.70000    38.70000    38.70000    38.70000    38.70000    38.70000    38.70000    38.70000    38.70000    38.70000    38.70000    38.70000    38.70000    38.70000    38.70000    38.70000    38.70000    38.70000    38.70000    38.70000    38.70000    38.70000    38.70000    38.70000    38.70000    38.70000    38.70000    38.70000    38.70000    38.70000    38.70000    38.70000    38.70000    38.70000    38.70000    38.70000    38.70000    38.70000    38.70000    38.70000    38.70000    38.70000    38.70000    38.70000    38.70000    38.70000    38.70000    38.70000    38.70000    38.70000    38.70000    38.70000    38.70000    38.70000    38.70000    38.70000    38.70000    38.70000    38.70000    38.70000    38.70000    38.70000    38.70000    38.70000    38.70000    38.70000    38.70000    38.70000    38.70000    38.70000    38.70000    38.70000    38.70000    38.70000    38.70000    38.70000    38.70000    38.70000    38.70000    38.70000    38.70000    38.70000    38.70000    38.70000    38.70000    38.70000    38.70000    38.70000    38.70000    38.70000    38.70000    38.70000    38.70000    38.70000    38.70000    38.70000    38.70000    38.70000    38.70000    38.70000    38.70000    38.70000    38.70000    38.70000    38.70000    38.70000    38.70000    38.70000    38.70000    38.70000    38.70000    38.70000    38.70000    38.70000    38.70000    38.70000    38.70000    38.70000    38.70000    38.70000    38.70000    38.70000    38.70000    38.70000    38.70000    38.70000    38.70000    38.70000    38.70000    38.70000    38.70000
    38.90000    38.90000    38.90000    38.90000    38.90000    38.90000    38.90000    38.90000    38.90000    38.90000    38.90000    38.90000    38.90000    38.90000    38.90000    38.90000    38.90000    38.90000    38.90000    38.90000    38.90000    38.90000    38.90000    38.90000    38.90000    38.90000    38.90000    38.90000    38.90000    38.90000    38.90000    38.90000    38.90000    38.90000    38.90000    38.90000    38.90000    38.90000    38.90000    38.90000    38.90000    38.90000    38.90000    38.90000    38.90000    38.90000    38.90000    38.90000    38.90000    38.90000    38.90000    38.90000    38.90000    38.90000    38.90000    38.90000    38.90000    38.90000    38.90000    38.90000    38.90000    38.90000    38.90000    38.90000    38.90000    38.90000    38.90000    38.90000    38.90000    38.90000    38.90000    38.90000    38.90000    38.90000    38.90000    38.90000    38.90000    38.90000    38.90000    38.90000    38.90000    38.90000    38.90000    38.90000    38.90000    38.90000    38.90000    38.90000    38.90000    38.90000    38.90000    38.90000    38.90000    38.90000    38.90000    38.90000    38.90000    38.90000    38.90000    38.90000    38.90000    38.90000    38.90000    38.90000    38.90000    38.90000    38.90000    38.90000    38.90000    38.90000    38.90000    38.90000    38.90000    38.90000    38.90000    38.90000    38.90000    38.90000    38.90000    38.90000    38.90000    38.90000    38.90000    38.90000    38.90000    38.90000    38.90000    38.90000    38.90000    38.90000    38.90000    38.90000    38.90000    38.90000    38.90000    38.90000    38.90000    38.90000    38.90000    38.90000    38.90000    38.90000    38.90000    38.90000    38.90000    38.90000    38.90000    38.90000    38.90000    38.90000    38.90000    38.90000    38.90000    38.90000    38.90000    38.90000    38.90000    38.90000    38.90000    38.90000    38.90000    38.90000
    39.10000    39.10000    39.10000    39.10000    39.10000    39.10000    39.10000    39.10000    39.10000    39.10000    39.10000    39.10000    39.10000    39.10000    39.10000    39.10000    39.10000    39.10000    39.10000    39.10000    39.10000    39.10000    39.10000    39.10000    39.10000    39.10000    39.10000    39.10000    39.10000    39.10000    39.10000    39.10000    39.10000    39.10000    39.10000    39.10000    39.10000    39.10000    39.10000    39.10000    39.10000    39.10000    39.10000    39.10000    39.10000    39.10000    39.10000    39.10000    39.10000    39.10000    39.10000    39.10000    39.10000    39.10000    39.10000    39.10000    39.10000    39.10000    39.10000    39.10000    39.10000    39.10000    39.10000    39.10000    39.10000    39.10000    39.10000    39.10000    39.10000    39.10000    39.10000    39.10000    39.10000    39.10000    39.10000    39.10000    39.10000    39.10000    39.10000    39.10000    39.10000    39.10000    39.10000    39.10000    39.10000    39.10000    39.10000    39.10000    39.10000    39.10000    39.10000    39.10000    39.10000    39.10000    39.10000    39.10000    39.10000    39.10000    39.10000    39.10000    39.10000    39.10000    39.10000    39.10000    39.10000    39.10000    39.10000    39.10000    39.10000    39.10000    39.10000    39.10000    39.10000    39.10000    39.10000    39.10000    39.10000    39.10000    39.10000    39.10000    39.10000    39.10000    39.10000    39.10000    39.10000    39.10000    39.10000    39.10000    39.10000    39.10000    39.10000    39.10000    39.10000    39.10000    39.10000    39.10000    39.10000    39.10000    39.10000    39.10000    39.10000    39.10000    39.10000    39.10000    39.10000    39.10000    39.10000    39.10000    39.10000    39.10000    39.10000    39.10000    39.10000    39.10000    39.10000    39.10000    39.10000    39.10000    39.10000    39.10000    39.10000    39.10000
    39.30000    39.30000    39.30000    39.30000    39.30000    39.30000    39.30000    39.30000    39.30000    39.30000    39.30000    39.30000    39.30000    39.30000    39.30000    39.30000    39.30000    39.30000    39.30000    39.30000    39.30000    39.30000    39.30000    39.30000    39.30000    39.30000    39.30000    39.30000    39.30000    39.30000    39.30000    39.30000    39.30000    39.30000    39.30000    39.30000    39.30000    39.30000    39.30000    39.30000    39.30000    39.30000    39.30000    39.30000    39.30000    39.30000    39.30000    39.30000    39.30000    39.30000    39.30000    39.30000    39.30000    39.30000    39.30000    39.30000    39.30000    39.30000    39.30000    39.30000    39.30000    39.30000    39.30000    39.30000    39.30000    39.30000    39.30000    39.30000    39.30000    39.30000    39.30000    39.30000    39.30000    39.30000    39.30000    39.30000    39.30000    39.30000    39.30000    39.30000    39.30000    39.30000    39.30000    39.30000    39.30000    39.30000    39.30000    39.30000    39.30000    39.30000    39.30000    39.30000    39.30000    39.30000    39.30000    39.30000    39.30000    39.30000    39.30000    39.30000    39.30000    39.30000    39.30000    39.30000    39.30000    39.30000    39.30000    39.30000    39.30000    39.30000    39.30000    39.30000    39.30000    39.30000    39.30000    39.30000    39.30000    39.30000    39.30000    39.30000    39.30000    39.30000    39.30000    39.30000    39.30000    39.30000    39.30000    39.30000    39.30000    39.30000    39.30000    39.30000    39.30000    39.30000    39.30000    39.30000    39.30000    39.30000    39.30000    39.30000    39.30000    39.30000    39.30000    39.30000    39.30000    39.30000    39.30000    39.30000    39.30000    39.30000    39.30000    39.30000    39.30000    39.30000    39.30000    39.30000    39.30000    39.30000    39.30000    39.30000    39.30000    39.30000
    39.50000    39.50000    39.50000    39.50000    39.50000    39.50000    39.50000    39.50000    39.50000    39.50000    39.50000    39.50000    39.50000    39.50000    39.50000    39.50000    39.50000    39.50000    39.50000    39.50000    39.50000    39.50000    39.50000    39.50000    39.50000    39.50000    39.50000    39.50000    39.50000    39.50000    39.50000    39.50000    39.50000    39.50000    39.50000    39.50000    39.50000    39.50000    39.50000    39.50000    39.50000    39.50000    39.50000    39.50000    39.50000    39.50000    39.50000    39.50000    39.50000    39.50000    39.50000    39.50000    39.50000    39.50000    39.50000    39.50000    39.50000    39.50000    39.50000    39.50000    39.50000    39.50000    39.50000    39.50000    39.50000    39.50000    39.50000    39.50000    39.50000    39.50000    39.50000    39.50000    39.50000    39.50000    39.50000    39.50000    39.50000    39.50000    39.50000    39.50000    39.50000    39.50000    39.50000    39.50000    39.50000    39.50000    39.50000    39.50000    39.50000    39.50000    39.50000    39.50000    39.50000    39.50000    39.50000    39.50000    39.50000    39.50000    39.50000    39.50000    39.50000    39.50000    39.50000    39.50000    39.50000    39.50000    39.50000    39.50000    39.50000    39.50000    39.50000    39.50000    39.50000    39.50000    39.50000    39.50000    39.50000    39.50000    39.50000    39.50000    39.50000    39.50000    39.50000    39.50000    39.50000    39.50000    39.50000    39.50000    39.50000    39.50000    39.50000    39.50000    39.50000    39.50000    39.50000    39.50000    39.50000    39.50000    39.50000    39.50000    39.50000    39.50000    39.50000    39.50000    39.50000    39.50000    39.50000    39.50000    39.50000    39.50000    39.50000    39.50000    39.50000    39.50000    39.50000    39.50000    39.50000    39.50000    39.50000    39.50000    39.50000    39.50000
    39.70000    39.70000    39.70000    39.70000    39.70000    39.70000    39.70000    39.70000    39.70000    39.70000    39.70000    39.70000    39.70000    39.70000    39.70000    39.70000    39.70000    39.70000    39.70000    39.70000    39.70000    39.70000    39.70000    39.70000    39.70000    39.70000    39.70000    39.70000    39.70000    39.70000    39.70000    39.70000    39.70000    39.70000    39.70000    39.70000    39.70000    39.70000    39.70000    39.70000    39.70000    39.70000    39.70000    39.70000    39.70000    39.70000    39.70000    39.70000    39.70000    39.70000    39.70000    39.70000    39.70000    39.70000    39.70000    39.70000    39.70000    39.70000    39.70000    39.70000    39.70000    39.70000    39.70000    39.70000    39.70000    39.70000    39.70000    39.70000    39.70000    39.70000    39.70000    39.70000    39.70000    39.70000    39.70000    39.70000    39.70000    39.70000    39.70000    39.70000    39.70000    39.70000    39.70000    39.70000    39.70000    39.70000    39.70000    39.70000    39.70000    39.70000    39.70000    39.70000    39.70000    39.70000    39.70000    39.70000    39.70000    39.70000    39.70000    39.70000    39.70000    39.70000    39.70000    39.70000    39.70000    39.70000    39.70000    39.70000    39.70000    39.70000    39.70000    39.70000    39.70000    39.70000    39.70000    39.70000    39.70000    39.70000    39.70000    39.70000    39.70000    39.70000    39.70000    39.70000    39.70000    39.70000    39.70000    39.70000    39.70000    39.70000    39.70000    39.70000    39.70000    39.70000    39.70000    39.70000    39.70000    39.70000    39.70000    39.70000    39.70000    39.70000    39.70000    39.70000    39.70000    39.70000    39.70000    39.70000    39.70000    39.70000    39.70000    39.70000    39.70000    39.70000    39.70000    39.70000    39.70000    39.70000    39.70000    39.70000    39.70000    39.70000
    39.90000    39.90000    39.90000    39.90000    39.90000    39.90000    39.90000    39.90000    39.90000    39.90000    39.90000    39.90000    39.90000    39.90000    39.90000    39.90000    39.90000    39.90000    39.90000    39.90000    39.90000    39.90000    39.90000    39.90000    39.90000    39.90000    39.90000    39.90000    39.90000    39.90000    39.90000    39.90000    39.90000    39.90000    39.90000    39.90000    39.90000    39.90000    39.90000    39.90000    39.90000    39.90000    39.90000    39.90000    39.90000    39.90000    39.90000    39.90000    39.90000    39.90000    39.90000    39.90000    39.90000    39.90000    39.90000    39.90000    39.90000    39.90000    39.90000    39.90000    39.90000    39.90000    39.90000    39.90000    39.90000    39.90000    39.90000    39.90000    39.90000    39.90000    39.90000    39.90000    39.90000    39.90000    39.90000    39.90000    39.90000    39.90000    39.90000    39.90000    39.90000    39.90000    39.90000    39.90000    39.90000    39.90000    39.90000    39.90000    39.90000    39.90000    39.90000    39.90000    39.90000    39.90000    39.90000    39.90000    39.90000    39.90000    39.90000    39.90000    39.90000    39.90000    39.90000    39.90000    39.90000    39.90000    39.90000    39.90000    39.90000    39.90000    39.90000    39.90000    39.90000    39.90000    39.90000    39.90000    39.90000    39.90000    39.90000    39.90000    39.90000    39.90000    39.90000    39.90000    39.90000    39.90000    39.90000    39.90000    39.90000    39.90000    39.90000    39.90000    39.90000    39.90000    39.90000    39.90000    39.90000    39.90000    39.90000    39.90000    39.90000    39.90000    39.90000    39.90000    39.90000    39.90000    39.90000    39.90000    39.90000    39.90000    39.90000    39.90000    39.90000    39.90000    39.90000    39.90000    39.90000    39.90000    39.90000    39.90000    39.90000    39.90000
