     0.00000     0.00000     0.00000     0.00000     0.00000     0.00000     0.00000     0.00000     0.00000     0.00000     0.00000     0.00000     0.00000     0.00000     0.00000     0.00000     0.00000     0.00000     0.00000     0.00000     0.00000     0.00000     0.00000     0.00000     0.00000     0.00000     0.00000     0.00000     0.00000     0.00000     0.00000     0.00000     0.00000     0.00000     0.00000     0.00000     0.00000     0.00000     0.00000     0.00000     0.00000     0.00000     0.00000     0.00000     0.00000     0.00000     0.00000     0.00000     0.00000     0.00000     0.00000     0.00000     0.00000     0.00000     0.00000     0.00000     0.00000     0.00000     0.00000     0.00000     0.00000     0.00000     0.00000     0.00000     0.00000     0.00000     0.00000     0.00000     0.00000     0.00000     0.00000     0.00000     0.00000     0.00000     0.00000     0.00000     0.00000     0.00000     0.00000     0.00000     0.00000     0.00000     0.00000     0.00000     0.00000     0.00000     0.00000     0.00000     0.00000     0.00000     0.00000     0.00000     0.00000     0.00000     0.00000     0.00000     0.00000     0.00000     0.00000     0.00000     0.00000     0.00000     0.00000     0.00000     0.00000     0.00000     0.00000     0.00000     0.00000     0.00000     0.00000     0.00000     0.00000     0.00000    -6.50683     0.00000     0.00000     0.00000     0.00000     0.00000     0.00000     0.00000     0.00000     0.00000     0.00000     0.00000     0.00000     0.00000     0.00000     0.00000     0.00000     0.00000     0.00000     0.00000     0.00000     0.00000     0.00000     0.00000     0.00000     0.00000     0.00000     0.00000     0.00000     0.00000     0.00000     0.00000     0.00000     0.00000     0.00000     0.00000     0.00000     0.00000     0.00000     0.00000     0.00000     0.00000     0.00000     0.00000     0.00000     0.00000     0.00000     0.00000     0.00000     0.00000     0.00000     0.00000     0.00000     0.00000     0.00000     0.00000     0.00000     0.00000     0.00000     0.00000     0.00000     0.00000     0.00000     0.00000     0.00000     0.00000     0.00000     0.00000     0.00000     0.00000     0.00000     0.00000     0.00000     0.00000     0.00000     0.00000     0.00000     0.00000     0.00000     0.00000     0.00000     0.00000     0.00000     0.00000     0.00000     0.00000     0.00000     0.00000     0.00000     0.00000     0.00000     0.00000     0.00000     0.00000     0.00000     0.00000     0.00000     0.00000     0.00000     0.00000     0.00000     0.00000     0.00000     0.00000     0.00000     0.00000     0.00000     0.00000     0.00000     0.00000     0.00000     0.00000     0.00000     0.00000     0.00000
     0.00000     0.00000     0.00000     0.00000     0.00000     0.00000     0.00000     0.00000     0.00000     0.00000     0.00000     0.00000     0.00000     0.00000     0.00000     0.00000     0.00000     0.00000     0.00000     0.00000     0.00000     0.00000     0.00000     0.00000     0.00000     0.00000     0.00000     0.00000     0.00000     0.00000     0.00000     0.00000     0.00000     0.00000     0.00000     0.00000     0.00000     0.00000     0.00000     0.00000     0.00000     0.00000     0.00000     0.00000     0.00000     0.00000     0.00000     0.00000     0.00000     0.00000     0.00000     0.00000     0.00000     0.00000     0.00000     0.00000     0.00000     0.00000     0.00000     0.00000     0.00000     0.00000     0.00000     0.00000     0.00000     0.00000     0.00000     0.00000     0.00000     0.00000     0.00000     0.00000     0.00000     0.00000     0.00000     0.00000     0.00000     0.00000     0.00000     0.00000     0.00000     0.00000     0.00000     0.00000     0.00000     0.00000     0.00000     0.00000     0.00000     0.00000     0.00000     0.00000     0.00000     0.00000     0.00000     0.00000     0.00000     0.00000     0.00000     0.00000     0.00000     0.00000     0.00000     0.00000     0.00000     0.00000     0.00000     0.00000     0.00000     0.00000     0.00000     0.00000     0.00000    -6.50683    -6.49976    -6.49268     0.00000     0.00000     0.00000     0.00000     0.00000     0.00000     0.00000     0.00000     0.00000     0.00000     0.00000     0.00000     0.00000     0.00000     0.00000     0.00000     0.00000     0.00000     0.00000     0.00000     0.00000     0.00000     0.00000     0.00000     0.00000     0.00000     0.00000     0.00000     0.00000     0.00000     0.00000     0.00000     0.00000     0.00000     0.00000     0.00000     0.00000     0.00000     0.00000     0.00000     0.00000     0.00000     0.00000     0.00000     0.00000     0.00000     0.00000     0.00000     0.00000     0.00000     0.00000     0.00000     0.00000     0.00000     0.00000     0.00000     0.00000     0.00000     0.00000     0.00000     0.00000     0.00000     0.00000     0.00000     0.00000     0.00000     0.00000     0.00000     0.00000     0.00000     0.00000     0.00000     0.00000     0.00000     0.00000     0.00000     0.00000     0.00000     0.00000     0.00000     0.00000     0.00000     0.00000     0.00000     0.00000     0.00000     0.00000     0.00000     0.00000     0.00000     0.00000     0.00000     0.00000     0.00000     0.00000     0.00000     0.00000     0.00000     0.00000     0.00000     0.00000     0.00000     0.00000     0.00000     0.00000     0.00000     0.00000     0.00000     0.00000     0.00000     0.00000     0.00000     0.00000
     0.00000     0.00000     0.00000     0.00000     0.00000     0.00000     0.00000     0.00000     0.00000     0.00000     0.00000     0.00000     0.00000     0.00000     0.00000     0.00000     0.00000     0.00000     0.00000     0.00000     0.00000     0.00000     0.00000     0.00000     0.00000     0.00000     0.00000     0.00000     0.00000     0.00000     0.00000     0.00000     0.00000     0.00000     0.00000     0.00000     0.00000     0.00000     0.00000     0.00000     0.00000     0.00000     0.00000     0.00000     0.00000     0.00000     0.00000     0.00000     0.00000     0.00000     0.00000     0.00000     0.00000     0.00000     0.00000     0.00000     0.00000     0.00000     0.00000     0.00000     0.00000     0.00000     0.00000     0.00000     0.00000     0.00000     0.00000     0.00000     0.00000     0.00000     0.00000     0.00000     0.00000     0.00000     0.00000     0.00000     0.00000     0.00000     0.00000     0.00000     0.00000     0.00000     0.00000     0.00000     0.00000     0.00000     0.00000     0.00000     0.00000     0.00000     0.00000     0.00000     0.00000     0.00000     0.00000     0.00000     0.00000     0.00000     0.00000     0.00000     0.00000     0.00000     0.00000     0.00000     0.00000     0.00000     0.00000     0.00000     0.00000     0.00000     0.00000     0.00000    -6.50683    -6.49976    -6.49268    -6.48561    -6.47854     0.00000     0.00000     0.00000     0.00000     0.00000     0.00000     0.00000     0.00000     0.00000     0.00000     0.00000     0.00000     0.00000     0.00000     0.00000     0.00000     0.00000     0.00000     0.00000     0.00000     0.00000     0.00000     0.00000     0.00000     0.00000     0.00000     0.00000     0.00000     0.00000     0.00000     0.00000     0.00000     0.00000     0.00000     0.00000     0.00000     0.00000     0.00000     0.00000     0.00000     0.00000     0.00000     0.00000     0.00000     0.00000     0.00000     0.00000     0.00000     0.00000     0.00000     0.00000     0.00000     0.00000     0.00000     0.00000     0.00000     0.00000     0.00000     0.00000     0.00000     0.00000     0.00000     0.00000     0.00000     0.00000     0.00000     0.00000     0.00000     0.00000     0.00000     0.00000     0.00000     0.00000     0.00000     0.00000     0.00000     0.00000     0.00000     0.00000     0.00000     0.00000     0.00000     0.00000     0.00000     0.00000     0.00000     0.00000     0.00000     0.00000     0.00000     0.00000     0.00000     0.00000     0.00000     0.00000     0.00000     0.00000     0.00000     0.00000     0.00000     0.00000     0.00000     0.00000     0.00000     0.00000     0.00000     0.00000     0.00000     0.00000     0.00000     0.00000     0.00000
     0.00000     0.00000     0.00000     0.00000     0.00000     0.00000     0.00000     0.00000     0.00000     0.00000     0.00000     0.00000     0.00000     0.00000     0.00000     0.00000     0.00000     0.00000     0.00000     0.00000     0.00000     0.00000     0.00000     0.00000     0.00000     0.00000     0.00000     0.00000     0.00000     0.00000     0.00000     0.00000     0.00000     0.00000     0.00000     0.00000     0.00000     0.00000     0.00000     0.00000     0.00000     0.00000     0.00000     0.00000     0.00000     0.00000     0.00000     0.00000     0.00000     0.00000     0.00000     0.00000     0.00000     0.00000     0.00000     0.00000     0.00000     0.00000     0.00000     0.00000     0.00000     0.00000     0.00000     0.00000     0.00000     0.00000     0.00000     0.00000     0.00000     0.00000     0.00000     0.00000     0.00000     0.00000     0.00000     0.00000     0.00000     0.00000     0.00000     0.00000     0.00000     0.00000     0.00000     0.00000     0.00000     0.00000     0.00000     0.00000     0.00000     0.00000     0.00000     0.00000     0.00000     0.00000     0.00000     0.00000     0.00000     0.00000     0.00000     0.00000     0.00000     0.00000     0.00000     0.00000     0.00000     0.00000     0.00000     0.00000     0.00000     0.00000     0.00000    -6.50683    -6.49976    -6.49268    -6.48561    -6.47854    -6.47147    -6.46440     0.00000     0.00000     0.00000     0.00000     0.00000     0.00000     0.00000     0.00000     0.00000     0.00000     0.00000     0.00000     0.00000     0.00000     0.00000     0.00000     0.00000     0.00000     0.00000     0.00000     0.00000     0.00000     0.00000     0.00000     0.00000     0.00000     0.00000     0.00000     0.00000     0.00000     0.00000     0.00000     0.00000     0.00000     0.00000     0.00000     0.00000     0.00000     0.00000     0.00000     0.00000     0.00000     0.00000     0.00000     0.00000     0.00000     0.00000     0.00000     0.00000     0.00000     0.00000     0.00000     0.00000     0.00000     0.00000     0.00000     0.00000     0.00000     0.00000     0.00000     0.00000     0.00000     0.00000     0.00000     0.00000     0.00000     0.00000     0.00000     0.00000     0.00000     0.00000     0.00000     0.00000     0.00000     0.00000     0.00000     0.00000     0.00000     0.00000     0.00000     0.00000     0.00000     0.00000     0.00000     0.00000     0.00000     0.00000     0.00000     0.00000     0.00000     0.00000     0.00000     0.00000     0.00000     0.00000     0.00000     0.00000     0.00000     0.00000     0.00000     0.00000     0.00000     0.00000     0.00000     0.00000     0.00000     0.00000     0.00000     0.00000     0.00000     0.00000
     0.00000     0.00000     0.00000     0.00000     0.00000     0.00000     0.00000     0.00000     0.00000     0.00000     0.00000     0.00000     0.00000     0.00000     0.00000     0.00000     0.00000     0.00000     0.00000     0.00000     0.00000     0.00000     0.00000     0.00000     0.00000     0.00000     0.00000     0.00000     0.00000     0.00000     0.00000     0.00000     0.00000     0.00000     0.00000     0.00000     0.00000     0.00000     0.00000     0.00000     0.00000     0.00000     0.00000     0.00000     0.00000     0.00000     0.00000     0.00000     0.00000     0.00000     0.00000     0.00000     0.00000     0.00000     0.00000     0.00000     0.00000     0.00000     0.00000     0.00000     0.00000     0.00000     0.00000     0.00000     0.00000     0.00000     0.00000     0.00000     0.00000     0.00000     0.00000     0.00000     0.00000     0.00000     0.00000     0.00000     0.00000     0.00000     0.00000     0.00000     0.00000     0.00000     0.00000     0.00000     0.00000     0.00000     0.00000     0.00000     0.00000     0.00000     0.00000     0.00000     0.00000     0.00000     0.00000     0.00000     0.00000     0.00000     0.00000     0.00000     0.00000     0.00000     0.00000     0.00000     0.00000     0.00000     0.00000     0.00000     0.00000     0.00000    -6.50683    -6.49976    -6.49268    -6.48561    -6.47854    -6.47147    -6.46440    -6.45733    -6.45026     0.00000     0.00000     0.00000     0.00000     0.00000     0.00000     0.00000     0.00000     0.00000     0.00000     0.00000     0.00000     0.00000     0.00000     0.00000     0.00000     0.00000     0.00000     0.00000     0.00000     0.00000     0.00000     0.00000     0.00000     0.00000     0.00000     0.00000     0.00000     0.00000     0.00000     0.00000     0.00000     0.00000     0.00000     0.00000     0.00000     0.00000     0.00000     0.00000     0.00000     0.00000     0.00000     0.00000     0.00000     0.00000     0.00000     0.00000     0.00000     0.00000     0.00000     0.00000     0.00000     0.00000     0.00000     0.00000     0.00000     0.00000     0.00000     0.00000     0.00000     0.00000     0.00000     0.00000     0.00000     0.00000     0.00000     0.00000     0.00000     0.00000     0.00000     0.00000     0.00000     0.00000     0.00000     0.00000     0.00000     0.00000     0.00000     0.00000     0.00000     0.00000     0.00000     0.00000     0.00000     0.00000     0.00000     0.00000     0.00000     0.00000     0.00000     0.00000     0.00000     0.00000     0.00000     0.00000     0.00000     0.00000     0.00000     0.00000     0.00000     0.00000     0.00000     0.00000     0.00000     0.00000     0.00000     0.00000     0.00000     0.00000     0.00000
     0.00000     0.00000     0.00000     0.00000     0.00000     0.00000     0.00000     0.00000     0.00000     0.00000     0.00000     0.00000     0.00000     0.00000     0.00000     0.00000     0.00000     0.00000     0.00000     0.00000     0.00000     0.00000     0.00000     0.00000     0.00000     0.00000     0.00000     0.00000     0.00000     0.00000     0.00000     0.00000     0.00000     0.00000     0.00000     0.00000     0.00000     0.00000     0.00000     0.00000     0.00000     0.00000     0.00000     0.00000     0.00000     0.00000     0.00000     0.00000     0.00000     0.00000     0.00000     0.00000     0.00000     0.00000     0.00000     0.00000     0.00000     0.00000     0.00000     0.00000     0.00000     0.00000     0.00000     0.00000     0.00000     0.00000     0.00000     0.00000     0.00000     0.00000     0.00000     0.00000     0.00000     0.00000     0.00000     0.00000     0.00000     0.00000     0.00000     0.00000     0.00000     0.00000     0.00000     0.00000     0.00000     0.00000     0.00000     0.00000     0.00000     0.00000     0.00000     0.00000     0.00000     0.00000     0.00000     0.00000     0.00000     0.00000     0.00000     0.00000     0.00000     0.00000     0.00000     0.00000     0.00000     0.00000     0.00000     0.00000     0.00000    -6.50683    -6.49976    -6.49268    -6.48561    -6.47854    -6.47147    -6.46440    -6.45733    -6.45026    -6.44319    -6.43612     0.00000     0.00000     0.00000     0.00000     0.00000     0.00000     0.00000     0.00000     0.00000     0.00000     0.00000     0.00000     0.00000     0.00000     0.00000     0.00000     0.00000     0.00000     0.00000     0.00000     0.00000     0.00000     0.00000     0.00000     0.00000     0.00000     0.00000     0.00000     0.00000     0.00000     0.00000     0.00000     0.00000     0.00000     0.00000     0.00000     0.00000     0.00000     0.00000     0.00000     0.00000     0.00000     0.00000     0.00000     0.00000     0.00000     0.00000     0.00000     0.00000     0.00000     0.00000     0.00000     0.00000     0.00000     0.00000     0.00000     0.00000     0.00000     0.00000     0.00000     0.00000     0.00000     0.00000     0.00000     0.00000     0.00000     0.00000     0.00000     0.00000     0.00000     0.00000     0.00000     0.00000     0.00000     0.00000     0.00000     0.00000     0.00000     0.00000     0.00000     0.00000     0.00000     0.00000     0.00000     0.00000     0.00000     0.00000     0.00000     0.00000     0.00000     0.00000     0.00000     0.00000     0.00000     0.00000     0.00000     0.00000     0.00000     0.00000     0.00000     0.00000     0.00000     0.00000     0.00000     0.00000     0.00000     0.00000     0.00000     0.00000
     0.00000     0.00000     0.00000     0.00000     0.00000     0.00000     0.00000     0.00000     0.00000     0.00000     0.00000     0.00000     0.00000     0.00000     0.00000     0.00000     0.00000     0.00000     0.00000     0.00000     0.00000     0.00000     0.00000     0.00000     0.00000     0.00000     0.00000     0.00000     0.00000     0.00000     0.00000     0.00000     0.00000     0.00000     0.00000     0.00000     0.00000     0.00000     0.00000     0.00000     0.00000     0.00000     0.00000     0.00000     0.00000     0.00000     0.00000     0.00000     0.00000     0.00000     0.00000     0.00000     0.00000     0.00000     0.00000     0.00000     0.00000     0.00000     0.00000     0.00000     0.00000     0.00000     0.00000     0.00000     0.00000     0.00000     0.00000     0.00000     0.00000     0.00000     0.00000     0.00000     0.00000     0.00000     0.00000     0.00000     0.00000     0.00000     0.00000     0.00000     0.00000     0.00000     0.00000     0.00000     0.00000     0.00000     0.00000     0.00000     0.00000     0.00000     0.00000     0.00000     0.00000     0.00000     0.00000     0.00000     0.00000     0.00000     0.00000     0.00000     0.00000     0.00000     0.00000     0.00000     0.00000     0.00000     0.00000     0.00000    -6.50683    -6.49976    -6.49268    -6.48561    -6.47854    -6.47147    -6.46440    -6.45733    -6.45026    -6.44319    -6.43612    -6.42905    -6.42197     0.00000     0.00000     0.00000     0.00000     0.00000     0.00000     0.00000     0.00000     0.00000     0.00000     0.00000     0.00000     0.00000     0.00000     0.00000     0.00000     0.00000     0.00000     0.00000     0.00000     0.00000     0.00000     0.00000     0.00000     0.00000     0.00000     0.00000     0.00000     0.00000     0.00000     0.00000     0.00000     0.00000     0.00000     0.00000     0.00000     0.00000     0.00000     0.00000     0.00000     0.00000     0.00000     0.00000     0.00000     0.00000     0.00000     0.00000     0.00000     0.00000     0.00000     0.00000     0.00000     0.00000     0.00000     0.00000     0.00000     0.00000     0.00000     0.00000     0.00000     0.00000     0.00000     0.00000     0.00000     0.00000     0.00000     0.00000     0.00000     0.00000     0.00000     0.00000     0.00000     0.00000     0.00000     0.00000     0.00000     0.00000     0.00000     0.00000     0.00000     0.00000     0.00000     0.00000     0.00000     0.00000     0.00000     0.00000     0.00000     0.00000     0.00000     0.00000     0.00000     0.00000     0.00000     0.00000     0.00000     0.00000     0.00000     0.00000     0.00000     0.00000     0.00000     0.00000     0.00000     0.00000     0.00000     0.00000     0.00000
     0.00000     0.00000     0.00000     0.00000     0.00000     0.00000     0.00000     0.00000     0.00000     0.00000     0.00000     0.00000     0.00000     0.00000     0.00000     0.00000     0.00000     0.00000     0.00000     0.00000     0.00000     0.00000     0.00000     0.00000     0.00000     0.00000     0.00000     0.00000     0.00000     0.00000     0.00000     0.00000     0.00000     0.00000     0.00000     0.00000     0.00000     0.00000     0.00000     0.00000     0.00000     0.00000     0.00000     0.00000     0.00000     0.00000     0.00000     0.00000     0.00000     0.00000     0.00000     0.00000     0.00000     0.00000     0.00000     0.00000     0.00000     0.00000     0.00000     0.00000     0.00000     0.00000     0.00000     0.00000     0.00000     0.00000     0.00000     0.00000     0.00000     0.00000     0.00000     0.00000     0.00000     0.00000     0.00000     0.00000     0.00000     0.00000     0.00000     0.00000     0.00000     0.00000     0.00000     0.00000     0.00000     0.00000     0.00000     0.00000     0.00000     0.00000     0.00000     0.00000     0.00000     0.00000     0.00000     0.00000     0.00000     0.00000     0.00000     0.00000     0.00000     0.00000     0.00000     0.00000     0.00000     0.00000     0.00000    -6.50683    -6.49976    -6.49268    -6.48561    -6.47854    -6.47147    -6.46440    -6.45733    -6.45026    -6.44319    -6.43612    -6.42905    -6.42197    -6.41490    -6.40783     0.00000     0.00000     0.00000     0.00000     0.00000     0.00000     0.00000     0.00000     0.00000     0.00000     0.00000     0.00000     0.00000     0.00000     0.00000     0.00000     0.00000     0.00000     0.00000     0.00000     0.00000     0.00000     0.00000     0.00000     0.00000     0.00000     0.00000     0.00000     0.00000     0.00000     0.00000     0.00000     0.00000     0.00000     0.00000     0.00000     0.00000     0.00000     0.00000     0.00000     0.00000     0.00000     0.00000     0.00000     0.00000     0.00000     0.00000     0.00000     0.00000     0.00000     0.00000     0.00000     0.00000     0.00000     0.00000     0.00000     0.00000     0.00000     0.00000     0.00000     0.00000     0.00000     0.00000     0.00000     0.00000     0.00000     0.00000     0.00000     0.00000     0.00000     0.00000     0.00000     0.00000     0.00000     0.00000     0.00000     0.00000     0.00000     0.00000     0.00000     0.00000     0.00000     0.00000     0.00000     0.00000     0.00000     0.00000     0.00000     0.00000     0.00000     0.00000     0.00000     0.00000     0.00000     0.00000     0.00000     0.00000     0.00000     0.00000     0.00000     0.00000     0.00000     0.00000     0.00000     0.00000     0.00000     0.00000
     0.00000     0.00000     0.00000     0.00000     0.00000     0.00000     0.00000     0.00000     0.00000     0.00000     0.00000     0.00000     0.00000     0.00000     0.00000     0.00000     0.00000     0.00000     0.00000     0.00000     0.00000     0.00000     0.00000     0.00000     0.00000     0.00000     0.00000     0.00000     0.00000     0.00000     0.00000     0.00000     0.00000     0.00000     0.00000     0.00000     0.00000     0.00000     0.00000     0.00000     0.00000     0.00000     0.00000     0.00000     0.00000     0.00000     0.00000     0.00000     0.00000     0.00000     0.00000     0.00000     0.00000     0.00000     0.00000     0.00000     0.00000     0.00000     0.00000     0.00000     0.00000     0.00000     0.00000     0.00000     0.00000     0.00000     0.00000     0.00000     0.00000     0.00000     0.00000     0.00000     0.00000     0.00000     0.00000     0.00000     0.00000     0.00000     0.00000     0.00000     0.00000     0.00000     0.00000     0.00000     0.00000     0.00000     0.00000     0.00000     0.00000     0.00000     0.00000     0.00000     0.00000     0.00000     0.00000     0.00000     0.00000     0.00000     0.00000     0.00000     0.00000     0.00000     0.00000     0.00000     0.00000     0.00000    -6.50683    -6.49976    -6.49268    -6.48561    -6.47854    -6.47147    -6.46440    -6.45733    -6.45026    -6.44319    -6.43612    -6.42905    -6.42197    -6.41490    -6.40783    -6.40076    -6.39369     0.00000     0.00000     0.00000     0.00000     0.00000     0.00000     0.00000     0.00000     0.00000     0.00000     0.00000     0.00000     0.00000     0.00000     0.00000     0.00000     0.00000     0.00000     0.00000     0.00000     0.00000     0.00000     0.00000     0.00000     0.00000     0.00000     0.00000     0.00000     0.00000     0.00000     0.00000     0.00000     0.00000     0.00000     0.00000     0.00000     0.00000     0.00000     0.00000     0.00000     0.00000     0.00000     0.00000     0.00000     0.00000     0.00000     0.00000     0.00000     0.00000     0.00000     0.00000     0.00000     0.00000     0.00000     0.00000     0.00000     0.00000     0.00000     0.00000     0.00000     0.00000     0.00000     0.00000     0.00000     0.00000     0.00000     0.00000     0.00000     0.00000     0.00000     0.00000     0.00000     0.00000     0.00000     0.00000     0.00000     0.00000     0.00000     0.00000     0.00000     0.00000     0.00000     0.00000     0.00000     0.00000     0.00000     0.00000     0.00000     0.00000     0.00000     0.00000     0.00000     0.00000     0.00000     0.00000     0.00000     0.00000     0.00000     0.00000     0.00000     0.00000     0.00000     0.00000     0.00000     0.00000     0.00000
     0.00000     0.00000     0.00000     0.00000     0.00000     0.00000     0.00000     0.00000     0.00000     0.00000     0.00000     0.00000     0.00000     0.00000     0.00000     0.00000     0.00000     0.00000     0.00000     0.00000     0.00000     0.00000     0.00000     0.00000     0.00000     0.00000     0.00000     0.00000     0.00000     0.00000     0.00000     0.00000     0.00000     0.00000     0.00000     0.00000     0.00000     0.00000     0.00000     0.00000     0.00000     0.00000     0.00000     0.00000     0.00000     0.00000     0.00000     0.00000     0.00000     0.00000     0.00000     0.00000     0.00000     0.00000     0.00000     0.00000     0.00000     0.00000     0.00000     0.00000     0.00000     0.00000     0.00000     0.00000     0.00000     0.00000     0.00000     0.00000     0.00000     0.00000     0.00000     0.00000     0.00000     0.00000     0.00000     0.00000     0.00000     0.00000     0.00000     0.00000     0.00000     0.00000     0.00000     0.00000     0.00000     0.00000     0.00000     0.00000     0.00000     0.00000     0.00000     0.00000     0.00000     0.00000     0.00000     0.00000     0.00000     0.00000     0.00000     0.00000     0.00000     0.00000     0.00000     0.00000     0.00000    -6.50683    -6.49976    -6.49268    -6.48561    -6.47854    -6.47147    -6.46440    -6.45733    -6.45026    -6.44319    -6.43612    -6.42905    -6.42197    -6.41490    -6.40783    -6.40076    -6.39369    -6.38662    -6.37955     0.00000     0.00000     0.00000     0.00000     0.00000     0.00000     0.00000     0.00000     0.00000     0.00000     0.00000     0.00000     0.00000     0.00000     0.00000     0.00000     0.00000     0.00000     0.00000     0.00000     0.00000     0.00000     0.00000     0.00000     0.00000     0.00000     0.00000     0.00000     0.00000     0.00000     0.00000     0.00000     0.00000     0.00000     0.00000     0.00000     0.00000     0.00000     0.00000     0.00000     0.00000     0.00000     0.00000     0.00000     0.00000     0.00000     0.00000     0.00000     0.00000     0.00000     0.00000     0.00000     0.00000     0.00000     0.00000     0.00000     0.00000     0.00000     0.00000     0.00000     0.00000     0.00000     0.00000     0.00000     0.00000     0.00000     0.00000     0.00000     0.00000     0.00000     0.00000     0.00000     0.00000     0.00000     0.00000     0.00000     0.00000     0.00000     0.00000     0.00000     0.00000     0.00000     0.00000     0.00000     0.00000     0.00000     0.00000     0.00000     0.00000     0.00000     0.00000     0.00000     0.00000     0.00000     0.00000     0.00000     0.00000     0.00000     0.00000     0.00000     0.00000     0.00000     0.00000     0.00000     0.00000
     0.00000     0.00000     0.00000     0.00000     0.00000     0.00000     0.00000     0.00000     0.00000     0.00000     0.00000     0.00000     0.00000     0.00000     0.00000     0.00000     0.00000     0.00000     0.00000     0.00000     0.00000     0.00000     0.00000     0.00000     0.00000     0.00000     0.00000     0.00000     0.00000     0.00000     0.00000     0.00000     0.00000     0.00000     0.00000     0.00000     0.00000     0.00000     0.00000     0.00000     0.00000     0.00000     0.00000     0.00000     0.00000     0.00000     0.00000     0.00000     0.00000     0.00000     0.00000     0.00000     0.00000     0.00000     0.00000     0.00000     0.00000     0.00000     0.00000     0.00000     0.00000     0.00000     0.00000     0.00000     0.00000     0.00000     0.00000     0.00000     0.00000     0.00000     0.00000     0.00000     0.00000     0.00000     0.00000     0.00000     0.00000     0.00000     0.00000     0.00000     0.00000     0.00000     0.00000     0.00000     0.00000     0.00000     0.00000     0.00000     0.00000     0.00000     0.00000     0.00000     0.00000     0.00000     0.00000     0.00000     0.00000     0.00000     0.00000     0.00000     0.00000     0.00000     0.00000     0.00000    -6.50683    -6.49976    -6.49268    -6.48561    -6.47854    -6.47147    -6.46440    -6.45733    -6.45026    -6.44319    -6.43612    -6.42905    -6.42197    -6.41490    -6.40783    -6.40076    -6.39369    -6.38662    -6.37955    -6.37248    -6.36541     0.00000     0.00000     0.00000     0.00000     0.00000     0.00000     0.00000     0.00000     0.00000     0.00000     0.00000     0.00000     0.00000     0.00000     0.00000     0.00000     0.00000     0.00000     0.00000     0.00000     0.00000     0.00000     0.00000     0.00000     0.00000     0.00000     0.00000     0.00000     0.00000     0.00000     0.00000     0.00000     0.00000     0.00000     0.00000     0.00000     0.00000     0.00000     0.00000     0.00000     0.00000     0.00000     0.00000     0.00000     0.00000     0.00000     0.00000     0.00000     0.00000     0.00000     0.00000     0.00000     0.00000     0.00000     0.00000     0.00000     0.00000     0.00000     0.00000     0.00000     0.00000     0.00000     0.00000     0.00000     0.00000     0.00000     0.00000     0.00000     0.00000     0.00000     0.00000     0.00000     0.00000     0.00000     0.00000     0.00000     0.00000     0.00000     0.00000     0.00000     0.00000     0.00000     0.00000     0.00000     0.00000     0.00000     0.00000     0.00000     0.00000     0.00000     0.00000     0.00000     0.00000     0.00000     0.00000     0.00000     0.00000     0.00000     0.00000     0.00000     0.00000     0.00000     0.00000     0.00000
     0.00000     0.00000     0.00000     0.00000     0.00000     0.00000     0.00000     0.00000     0.00000     0.00000     0.00000     0.00000     0.00000     0.00000     0.00000     0.00000     0.00000     0.00000     0.00000     0.00000     0.00000     0.00000     0.00000     0.00000     0.00000     0.00000     0.00000     0.00000     0.00000     0.00000     0.00000     0.00000     0.00000     0.00000     0.00000     0.00000     0.00000     0.00000     0.00000     0.00000     0.00000     0.00000     0.00000     0.00000     0.00000     0.00000     0.00000     0.00000     0.00000     0.00000     0.00000     0.00000     0.00000     0.00000     0.00000     0.00000     0.00000     0.00000     0.00000     0.00000     0.00000     0.00000     0.00000     0.00000     0.00000     0.00000     0.00000     0.00000     0.00000     0.00000     0.00000     0.00000     0.00000     0.00000     0.00000     0.00000     0.00000     0.00000     0.00000     0.00000     0.00000     0.00000     0.00000     0.00000     0.00000     0.00000     0.00000     0.00000     0.00000     0.00000     0.00000     0.00000     0.00000     0.00000     0.00000     0.00000     0.00000     0.00000     0.00000     0.00000     0.00000     0.00000     0.00000    -6.50683    -6.49976    -6.49268    -6.48561    -6.47854    -6.47147    -6.46440    -6.45733    -6.45026    -6.44319    -6.43612    -6.42905    -6.42197    -6.41490    -6.40783    -6.40076    -6.39369    -6.38662    -6.37955    -6.37248    -6.36541    -6.35833    -6.35126     0.00000     0.00000     0.00000     0.00000     0.00000     0.00000     0.00000     0.00000     0.00000     0.00000     0.00000     0.00000     0.00000     0.00000     0.00000     0.00000     0.00000     0.00000     0.00000     0.00000     0.00000     0.00000     0.00000     0.00000     0.00000     0.00000     0.00000     0.00000     0.00000     0.00000     0.00000     0.00000     0.00000     0.00000     0.00000     0.00000     0.00000     0.00000     0.00000     0.00000     0.00000     0.00000     0.00000     0.00000     0.00000     0.00000     0.00000     0.00000     0.00000     0.00000     0.00000     0.00000     0.00000     0.00000     0.00000     0.00000     0.00000     0.00000     0.00000     0.00000     0.00000     0.00000     0.00000     0.00000     0.00000     0.00000     0.00000     0.00000     0.00000     0.00000     0.00000     0.00000     0.00000     0.00000     0.00000     0.00000     0.00000     0.00000     0.00000     0.00000     0.00000     0.00000     0.00000     0.00000     0.00000     0.00000     0.00000     0.00000     0.00000     0.00000     0.00000     0.00000     0.00000     0.00000     0.00000     0.00000     0.00000     0.00000     0.00000     0.00000     0.00000     0.00000     0.00000
     0.00000     0.00000     0.00000     0.00000     0.00000     0.00000     0.00000     0.00000     0.00000     0.00000     0.00000     0.00000     0.00000     0.00000     0.00000     0.00000     0.00000     0.00000     0.00000     0.00000     0.00000     0.00000     0.00000     0.00000     0.00000     0.00000     0.00000     0.00000     0.00000     0.00000     0.00000     0.00000     0.00000     0.00000     0.00000     0.00000     0.00000     0.00000     0.00000     0.00000     0.00000     0.00000     0.00000     0.00000     0.00000     0.00000     0.00000     0.00000     0.00000     0.00000     0.00000     0.00000     0.00000     0.00000     0.00000     0.00000     0.00000     0.00000     0.00000     0.00000     0.00000     0.00000     0.00000     0.00000     0.00000     0.00000     0.00000     0.00000     0.00000     0.00000     0.00000     0.00000     0.00000     0.00000     0.00000     0.00000     0.00000     0.00000     0.00000     0.00000     0.00000     0.00000     0.00000     0.00000     0.00000     0.00000     0.00000     0.00000     0.00000     0.00000     0.00000     0.00000     0.00000     0.00000     0.00000     0.00000     0.00000     0.00000     0.00000     0.00000     0.00000     0.00000    -6.50683    -6.49976    -6.49268    -6.48561    -6.47854    -6.47147    -6.46440    -6.45733    -6.45026    -6.44319    -6.43612    -6.42905    -6.42197    -6.41490    -6.40783    -6.40076    -6.39369    -6.38662    -6.37955    -6.37248    -6.36541    -6.35833    -6.35126    -6.34419    -6.33712     0.00000     0.00000     0.00000     0.00000     0.00000     0.00000     0.00000     0.00000     0.00000     0.00000     0.00000     0.00000     0.00000     0.00000     0.00000     0.00000     0.00000     0.00000     0.00000     0.00000     0.00000     0.00000     0.00000     0.00000     0.00000     0.00000     0.00000     0.00000     0.00000     0.00000     0.00000     0.00000     0.00000     0.00000     0.00000     0.00000     0.00000     0.00000     0.00000     0.00000     0.00000     0.00000     0.00000     0.00000     0.00000     0.00000     0.00000     0.00000     0.00000     0.00000     0.00000     0.00000     0.00000     0.00000     0.00000     0.00000     0.00000     0.00000     0.00000     0.00000     0.00000     0.00000     0.00000     0.00000     0.00000     0.00000     0.00000     0.00000     0.00000     0.00000     0.00000     0.00000     0.00000     0.00000     0.00000     0.00000     0.00000     0.00000     0.00000     0.00000     0.00000     0.00000     0.00000     0.00000     0.00000     0.00000     0.00000     0.00000     0.00000     0.00000     0.00000     0.00000     0.00000     0.00000     0.00000     0.00000     0.00000     0.00000     0.00000     0.00000     0.00000     0.00000
     0.00000     0.00000     0.00000     0.00000     0.00000     0.00000     0.00000     0.00000     0.00000     0.00000     0.00000     0.00000     0.00000     0.00000     0.00000     0.00000     0.00000     0.00000     0.00000     0.00000     0.00000     0.00000     0.00000     0.00000     0.00000     0.00000     0.00000     0.00000     0.00000     0.00000     0.00000     0.00000     0.00000     0.00000     0.00000     0.00000     0.00000     0.00000     0.00000     0.00000     0.00000     0.00000     0.00000     0.00000     0.00000     0.00000     0.00000     0.00000     0.00000     0.00000     0.00000     0.00000     0.00000     0.00000     0.00000     0.00000     0.00000     0.00000     0.00000     0.00000     0.00000     0.00000     0.00000     0.00000     0.00000     0.00000     0.00000     0.00000     0.00000     0.00000     0.00000     0.00000     0.00000     0.00000     0.00000     0.00000     0.00000     0.00000     0.00000     0.00000     0.00000     0.00000     0.00000     0.00000     0.00000     0.00000     0.00000     0.00000     0.00000     0.00000     0.00000     0.00000     0.00000     0.00000     0.00000     0.00000     0.00000     0.00000     0.00000     0.00000     0.00000    -6.50683    -6.49976    -6.49268    -6.48561    -6.47854    -6.47147    -6.46440    -6.45733    -6.45026    -6.44319    -6.43612    -6.42905    -6.42197    -6.41490    -6.40783    -6.40076    -6.39369    -6.38662    -6.37955    -6.37248    -6.36541    -6.35833    -6.35126    -6.34419    -6.33712    -6.33005    -6.32298     0.00000     0.00000     0.00000     0.00000     0.00000     0.00000     0.00000     0.00000     0.00000     0.00000     0.00000     0.00000     0.00000     0.00000     0.00000     0.00000     0.00000     0.00000     0.00000     0.00000     0.00000     0.00000     0.00000     0.00000     0.00000     0.00000     0.00000     0.00000     0.00000     0.00000     0.00000     0.00000     0.00000     0.00000     0.00000     0.00000     0.00000     0.00000     0.00000     0.00000     0.00000     0.00000     0.00000     0.00000     0.00000     0.00000     0.00000     0.00000     0.00000     0.00000     0.00000     0.00000     0.00000     0.00000     0.00000     0.00000     0.00000     0.00000     0.00000     0.00000     0.00000     0.00000     0.00000     0.00000     0.00000     0.00000     0.00000     0.00000     0.00000     0.00000     0.00000     0.00000     0.00000     0.00000     0.00000     0.00000     0.00000     0.00000     0.00000     0.00000     0.00000     0.00000     0.00000     0.00000     0.00000     0.00000     0.00000     0.00000     0.00000     0.00000     0.00000     0.00000     0.00000     0.00000     0.00000     0.00000     0.00000     0.00000     0.00000     0.00000     0.00000
     0.00000     0.00000     0.00000     0.00000     0.00000     0.00000     0.00000     0.00000     0.00000     0.00000     0.00000     0.00000     0.00000     0.00000     0.00000     0.00000     0.00000     0.00000     0.00000     0.00000     0.00000     0.00000     0.00000     0.00000     0.00000     0.00000     0.00000     0.00000     0.00000     0.00000     0.00000     0.00000     0.00000     0.00000     0.00000     0.00000     0.00000     0.00000     0.00000     0.00000     0.00000     0.00000     0.00000     0.00000     0.00000     0.00000     0.00000     0.00000     0.00000     0.00000     0.00000     0.00000     0.00000     0.00000     0.00000     0.00000     0.00000     0.00000     0.00000     0.00000     0.00000     0.00000     0.00000     0.00000     0.00000     0.00000     0.00000     0.00000     0.00000     0.00000     0.00000     0.00000     0.00000     0.00000     0.00000     0.00000     0.00000     0.00000     0.00000     0.00000     0.00000     0.00000     0.00000     0.00000     0.00000     0.00000     0.00000     0.00000     0.00000     0.00000     0.00000     0.00000     0.00000     0.00000     0.00000     0.00000     0.00000     0.00000     0.00000     0.00000    -6.50683    -6.49976    -6.49268    -6.48561    -6.47854    -6.47147    -6.46440    -6.45733    -6.45026    -6.44319    -6.43612    -6.42905    -6.42197    -6.41490    -6.40783    -6.40076    -6.39369    -6.38662    -6.37955    -6.37248    -6.36541    -6.35833    -6.35126    -6.34419    -6.33712    -6.33005    -6.32298    -6.31591    -6.30884     0.00000     0.00000     0.00000     0.00000     0.00000     0.00000     0.00000     0.00000     0.00000     0.00000     0.00000     0.00000     0.00000     0.00000     0.00000     0.00000     0.00000     0.00000     0.00000     0.00000     0.00000     0.00000     0.00000     0.00000     0.00000     0.00000     0.00000     0.00000     0.00000     0.00000     0.00000     0.00000     0.00000     0.00000     0.00000     0.00000     0.00000     0.00000     0.00000     0.00000     0.00000     0.00000     0.00000     0.00000     0.00000     0.00000     0.00000     0.00000     0.00000     0.00000     0.00000     0.00000     0.00000     0.00000     0.00000     0.00000     0.00000     0.00000     0.00000     0.00000     0.00000     0.00000     0.00000     0.00000     0.00000     0.00000     0.00000     0.00000     0.00000     0.00000     0.00000     0.00000     0.00000     0.00000     0.00000     0.00000     0.00000     0.00000     0.00000     0.00000     0.00000     0.00000     0.00000     0.00000     0.00000     0.00000     0.00000     0.00000     0.00000     0.00000     0.00000     0.00000     0.00000     0.00000     0.00000     0.00000     0.00000     0.00000     0.00000     0.00000
     0.00000     0.00000     0.00000     0.00000     0.00000     0.00000     0.00000     0.00000     0.00000     0.00000     0.00000     0.00000     0.00000     0.00000     0.00000     0.00000     0.00000     0.00000     0.00000     0.00000     0.00000     0.00000     0.00000     0.00000     0.00000     0.00000     0.00000     0.00000     0.00000     0.00000     0.00000     0.00000     0.00000     0.00000     0.00000     0.00000     0.00000     0.00000     0.00000     0.00000     0.00000     0.00000     0.00000     0.00000     0.00000     0.00000     0.00000     0.00000     0.00000     0.00000     0.00000     0.00000     0.00000     0.00000     0.00000     0.00000     0.00000     0.00000     0.00000     0.00000     0.00000     0.00000     0.00000     0.00000     0.00000     0.00000     0.00000     0.00000     0.00000     0.00000     0.00000     0.00000     0.00000     0.00000     0.00000     0.00000     0.00000     0.00000     0.00000     0.00000     0.00000     0.00000     0.00000     0.00000     0.00000     0.00000     0.00000     0.00000     0.00000     0.00000     0.00000     0.00000     0.00000     0.00000     0.00000     0.00000     0.00000     0.00000     0.00000    -6.50683    -6.49976    -6.49268    -6.48561    -6.47854    -6.47147    -6.46440    -6.45733    -6.45026    -6.44319    -6.43612    -6.42905    -6.42197    -6.41490    -6.40783    -6.40076    -6.39369    -6.38662    -6.37955    -6.37248    -6.36541    -6.35833    -6.35126    -6.34419    -6.33712    -6.33005    -6.32298    -6.31591    -6.30884    -6.30177    -6.29469     0.00000     0.00000     0.00000     0.00000     0.00000     0.00000     0.00000     0.00000     0.00000     0.00000     0.00000     0.00000     0.00000     0.00000     0.00000     0.00000     0.00000     0.00000     0.00000     0.00000     0.00000     0.00000     0.00000     0.00000     0.00000     0.00000     0.00000     0.00000     0.00000     0.00000     0.00000     0.00000     0.00000     0.00000     0.00000     0.00000     0.00000     0.00000     0.00000     0.00000     0.00000     0.00000     0.00000     0.00000     0.00000     0.00000     0.00000     0.00000     0.00000     0.00000     0.00000     0.00000     0.00000     0.00000     0.00000     0.00000     0.00000     0.00000     0.00000     0.00000     0.00000     0.00000     0.00000     0.00000     0.00000     0.00000     0.00000     0.00000     0.00000     0.00000     0.00000     0.00000     0.00000     0.00000     0.00000     0.00000     0.00000     0.00000     0.00000     0.00000     0.00000     0.00000     0.00000     0.00000     0.00000     0.00000     0.00000     0.00000     0.00000     0.00000     0.00000     0.00000     0.00000     0.00000     0.00000     0.00000     0.00000     0.00000     0.00000
     0.00000     0.00000     0.00000     0.00000     0.00000     0.00000     0.00000     0.00000     0.00000     0.00000     0.00000     0.00000     0.00000     0.00000     0.00000     0.00000     0.00000     0.00000     0.00000     0.00000     0.00000     0.00000     0.00000     0.00000     0.00000     0.00000     0.00000     0.00000     0.00000     0.00000     0.00000     0.00000     0.00000     0.00000     0.00000     0.00000     0.00000     0.00000     0.00000     0.00000     0.00000     0.00000     0.00000     0.00000     0.00000     0.00000     0.00000     0.00000     0.00000     0.00000     0.00000     0.00000     0.00000     0.00000     0.00000     0.00000     0.00000     0.00000     0.00000     0.00000     0.00000     0.00000     0.00000     0.00000     0.00000     0.00000     0.00000     0.00000     0.00000     0.00000     0.00000     0.00000     0.00000     0.00000     0.00000     0.00000     0.00000     0.00000     0.00000     0.00000     0.00000     0.00000     0.00000     0.00000     0.00000     0.00000     0.00000     0.00000     0.00000     0.00000     0.00000     0.00000     0.00000     0.00000     0.00000     0.00000     0.00000     0.00000    -6.50683    -6.49976    -6.49268    -6.48561    -6.47854    -6.47147    -6.46440    -6.45733    -6.45026    -6.44319    -6.43612    -6.42905    -6.42197    -6.41490    -6.40783    -6.40076    -6.39369    -6.38662    -6.37955    -6.37248    -6.36541    -6.35833    -6.35126    -6.34419    -6.33712    -6.33005    -6.32298    -6.31591    -6.30884    -6.30177    -6.29469    -6.28762    -6.28055     0.00000     0.00000     0.00000     0.00000     0.00000     0.00000     0.00000     0.00000     0.00000     0.00000     0.00000     0.00000     0.00000     0.00000     0.00000     0.00000     0.00000     0.00000     0.00000     0.00000     0.00000     0.00000     0.00000     0.00000     0.00000     0.00000     0.00000     0.00000     0.00000     0.00000     0.00000     0.00000     0.00000     0.00000     0.00000     0.00000     0.00000     0.00000     0.00000     0.00000     0.00000     0.00000     0.00000     0.00000     0.00000     0.00000     0.00000     0.00000     0.00000     0.00000     0.00000     0.00000     0.00000     0.00000     0.00000     0.00000     0.00000     0.00000     0.00000     0.00000     0.00000     0.00000     0.00000     0.00000     0.00000     0.00000     0.00000     0.00000     0.00000     0.00000     0.00000     0.00000     0.00000     0.00000     0.00000     0.00000     0.00000     0.00000     0.00000     0.00000     0.00000     0.00000     0.00000     0.00000     0.00000     0.00000     0.00000     0.00000     0.00000     0.00000     0.00000     0.00000     0.00000     0.00000     0.00000     0.00000     0.00000     0.00000
     0.00000     0.00000     0.00000     0.00000     0.00000     0.00000     0.00000     0.00000     0.00000     0.00000     0.00000     0.00000     0.00000     0.00000     0.00000     0.00000     0.00000     0.00000     0.00000     0.00000     0.00000     0.00000     0.00000     0.00000     0.00000     0.00000     0.00000     0.00000     0.00000     0.00000     0.00000     0.00000     0.00000     0.00000     0.00000     0.00000     0.00000     0.00000     0.00000     0.00000     0.00000     0.00000     0.00000     0.00000     0.00000     0.00000     0.00000     0.00000     0.00000     0.00000     0.00000     0.00000     0.00000     0.00000     0.00000     0.00000     0.00000     0.00000     0.00000     0.00000     0.00000     0.00000     0.00000     0.00000     0.00000     0.00000     0.00000     0.00000     0.00000     0.00000     0.00000     0.00000     0.00000     0.00000     0.00000     0.00000     0.00000     0.00000     0.00000     0.00000     0.00000     0.00000     0.00000     0.00000     0.00000     0.00000     0.00000     0.00000     0.00000     0.00000     0.00000     0.00000     0.00000     0.00000     0.00000     0.00000     0.00000    -6.50683    -6.49976    -6.49268    -6.48561    -6.47854    -6.47147    -6.46440    -6.45733    -6.45026    -6.44319    -6.43612    -6.42905    -6.42197    -6.41490    -6.40783    -6.40076    -6.39369    -6.38662    -6.37955    -6.37248    -6.36541    -6.35833    -6.35126    -6.34419    -6.33712    -6.33005    -6.32298    -6.31591    -6.30884    -6.30177    -6.29469    -6.28762    -6.28055    -6.27348    -6.26641     0.00000     0.00000     0.00000     0.00000     0.00000     0.00000     0.00000     0.00000     0.00000     0.00000     0.00000     0.00000     0.00000     0.00000     0.00000     0.00000     0.00000     0.00000     0.00000     0.00000     0.00000     0.00000     0.00000     0.00000     0.00000     0.00000     0.00000     0.00000     0.00000     0.00000     0.00000     0.00000     0.00000     0.00000     0.00000     0.00000     0.00000     0.00000     0.00000     0.00000     0.00000     0.00000     0.00000     0.00000     0.00000     0.00000     0.00000     0.00000     0.00000     0.00000     0.00000     0.00000     0.00000     0.00000     0.00000     0.00000     0.00000     0.00000     0.00000     0.00000     0.00000     0.00000     0.00000     0.00000     0.00000     0.00000     0.00000     0.00000     0.00000     0.00000     0.00000     0.00000     0.00000     0.00000     0.00000     0.00000     0.00000     0.00000     0.00000     0.00000     0.00000     0.00000     0.00000     0.00000     0.00000     0.00000     0.00000     0.00000     0.00000     0.00000     0.00000     0.00000     0.00000     0.00000     0.00000     0.00000     0.00000
     0.00000     0.00000     0.00000     0.00000     0.00000     0.00000     0.00000     0.00000     0.00000     0.00000     0.00000     0.00000     0.00000     0.00000     0.00000     0.00000     0.00000     0.00000     0.00000     0.00000     0.00000     0.00000     0.00000     0.00000     0.00000     0.00000     0.00000     0.00000     0.00000     0.00000     0.00000     0.00000     0.00000     0.00000     0.00000     0.00000     0.00000     0.00000     0.00000     0.00000     0.00000     0.00000     0.00000     0.00000     0.00000     0.00000     0.00000     0.00000     0.00000     0.00000     0.00000     0.00000     0.00000     0.00000     0.00000     0.00000     0.00000     0.00000     0.00000     0.00000     0.00000     0.00000     0.00000     0.00000     0.00000     0.00000     0.00000     0.00000     0.00000     0.00000     0.00000     0.00000     0.00000     0.00000     0.00000     0.00000     0.00000     0.00000     0.00000     0.00000     0.00000     0.00000     0.00000     0.00000     0.00000     0.00000     0.00000     0.00000     0.00000     0.00000     0.00000     0.00000     0.00000     0.00000     0.00000     0.00000    -6.50683    -6.49976    -6.49268    -6.48561    -6.47854    -6.47147    -6.46440    -6.45733    -6.45026    -6.44319    -6.43612    -6.42905    -6.42197    -6.41490    -6.40783    -6.40076    -6.39369    -6.38662    -6.37955    -6.37248    -6.36541    -6.35833    -6.35126    -6.34419    -6.33712    -6.33005    -6.32298    -6.31591    -6.30884    -6.30177    -6.29469    -6.28762    -6.28055    -6.27348    -6.26641    -6.25934    -6.25227     0.00000     0.00000     0.00000     0.00000     0.00000     0.00000     0.00000     0.00000     0.00000     0.00000     0.00000     0.00000     0.00000     0.00000     0.00000     0.00000     0.00000     0.00000     0.00000     0.00000     0.00000     0.00000     0.00000     0.00000     0.00000     0.00000     0.00000     0.00000     0.00000     0.00000     0.00000     0.00000     0.00000     0.00000     0.00000     0.00000     0.00000     0.00000     0.00000     0.00000     0.00000     0.00000     0.00000     0.00000     0.00000     0.00000     0.00000     0.00000     0.00000     0.00000     0.00000     0.00000     0.00000     0.00000     0.00000     0.00000     0.00000     0.00000     0.00000     0.00000     0.00000     0.00000     0.00000     0.00000     0.00000     0.00000     0.00000     0.00000     0.00000     0.00000     0.00000     0.00000     0.00000     0.00000     0.00000     0.00000     0.00000     0.00000     0.00000     0.00000     0.00000     0.00000     0.00000     0.00000     0.00000     0.00000     0.00000     0.00000     0.00000     0.00000     0.00000     0.00000     0.00000     0.00000     0.00000     0.00000
     0.00000     0.00000     0.00000     0.00000     0.00000     0.00000     0.00000     0.00000     0.00000     0.00000     0.00000     0.00000     0.00000     0.00000     0.00000     0.00000     0.00000     0.00000     0.00000     0.00000     0.00000     0.00000     0.00000     0.00000     0.00000     0.00000     0.00000     0.00000     0.00000     0.00000     0.00000     0.00000     0.00000     0.00000     0.00000     0.00000     0.00000     0.00000     0.00000     0.00000     0.00000     0.00000     0.00000     0.00000     0.00000     0.00000     0.00000     0.00000     0.00000     0.00000     0.00000     0.00000     0.00000     0.00000     0.00000     0.00000     0.00000     0.00000     0.00000     0.00000     0.00000     0.00000     0.00000     0.00000     0.00000     0.00000     0.00000     0.00000     0.00000     0.00000     0.00000     0.00000     0.00000     0.00000     0.00000     0.00000     0.00000     0.00000     0.00000     0.00000     0.00000     0.00000     0.00000     0.00000     0.00000     0.00000     0.00000     0.00000     0.00000     0.00000     0.00000     0.00000     0.00000     0.00000     0.00000    -6.50683    -6.49976    -6.49268    -6.48561    -6.47854    -6.47147    -6.46440    -6.45733    -6.45026    -6.44319    -6.43612    -6.42905    -6.42197    -6.41490    -6.40783    -6.40076    -6.39369    -6.38662    -6.37955    -6.37248    -6.36541    -6.35833    -6.35126    -6.34419    -6.33712    -6.33005    -6.32298    -6.31591    -6.30884    -6.30177    -6.29469    -6.28762    -6.28055    -6.27348    -6.26641    -6.25934    -6.25227    -6.24520    -6.23813     0.00000     0.00000     0.00000     0.00000     0.00000     0.00000     0.00000     0.00000     0.00000     0.00000     0.00000     0.00000     0.00000     0.00000     0.00000     0.00000     0.00000     0.00000     0.00000     0.00000     0.00000     0.00000     0.00000     0.00000     0.00000     0.00000     0.00000     0.00000     0.00000     0.00000     0.00000     0.00000     0.00000     0.00000     0.00000     0.00000     0.00000     0.00000     0.00000     0.00000     0.00000     0.00000     0.00000     0.00000     0.00000     0.00000     0.00000     0.00000     0.00000     0.00000     0.00000     0.00000     0.00000     0.00000     0.00000     0.00000     0.00000     0.00000     0.00000     0.00000     0.00000     0.00000     0.00000     0.00000     0.00000     0.00000     0.00000     0.00000     0.00000     0.00000     0.00000     0.00000     0.00000     0.00000     0.00000     0.00000     0.00000     0.00000     0.00000     0.00000     0.00000     0.00000     0.00000     0.00000     0.00000     0.00000     0.00000     0.00000     0.00000     0.00000     0.00000     0.00000     0.00000     0.00000     0.00000
     0.00000     0.00000     0.00000     0.00000     0.00000     0.00000     0.00000     0.00000     0.00000     0.00000     0.00000     0.00000     0.00000     0.00000     0.00000     0.00000     0.00000     0.00000     0.00000     0.00000     0.00000     0.00000     0.00000     0.00000     0.00000     0.00000     0.00000     0.00000     0.00000     0.00000     0.00000     0.00000     0.00000     0.00000     0.00000     0.00000     0.00000     0.00000     0.00000     0.00000     0.00000     0.00000     0.00000     0.00000     0.00000     0.00000     0.00000     0.00000     0.00000     0.00000     0.00000     0.00000     0.00000     0.00000     0.00000     0.00000     0.00000     0.00000     0.00000     0.00000     0.00000     0.00000     0.00000     0.00000     0.00000     0.00000     0.00000     0.00000     0.00000     0.00000     0.00000     0.00000     0.00000     0.00000     0.00000     0.00000     0.00000     0.00000     0.00000     0.00000     0.00000     0.00000     0.00000     0.00000     0.00000     0.00000     0.00000     0.00000     0.00000     0.00000     0.00000     0.00000     0.00000     0.00000    -6.50683    -6.49976    -6.49268    -6.48561    -6.47854    -6.47147    -6.46440    -6.45733    -6.45026    -6.44319    -6.43612    -6.42905    -6.42197    -6.41490    -6.40783    -6.40076    -6.39369    -6.38662    -6.37955    -6.37248    -6.36541    -6.35833    -6.35126    -6.34419    -6.33712    -6.33005    -6.32298    -6.31591    -6.30884    -6.30177    -6.29469    -6.28762    -6.28055    -6.27348    -6.26641    -6.25934    -6.25227    -6.24520    -6.23813    -6.23106    -6.22398     0.00000     0.00000     0.00000     0.00000     0.00000     0.00000     0.00000     0.00000     0.00000     0.00000     0.00000     0.00000     0.00000     0.00000     0.00000     0.00000     0.00000     0.00000     0.00000     0.00000     0.00000     0.00000     0.00000     0.00000     0.00000     0.00000     0.00000     0.00000     0.00000     0.00000     0.00000     0.00000     0.00000     0.00000     0.00000     0.00000     0.00000     0.00000     0.00000     0.00000     0.00000     0.00000     0.00000     0.00000     0.00000     0.00000     0.00000     0.00000     0.00000     0.00000     0.00000     0.00000     0.00000     0.00000     0.00000     0.00000     0.00000     0.00000     0.00000     0.00000     0.00000     0.00000     0.00000     0.00000     0.00000     0.00000     0.00000     0.00000     0.00000     0.00000     0.00000     0.00000     0.00000     0.00000     0.00000     0.00000     0.00000     0.00000     0.00000     0.00000     0.00000     0.00000     0.00000     0.00000     0.00000     0.00000     0.00000     0.00000     0.00000     0.00000     0.00000     0.00000     0.00000     0.00000
     0.00000     0.00000     0.00000     0.00000     0.00000     0.00000     0.00000     0.00000     0.00000     0.00000     0.00000     0.00000     0.00000     0.00000     0.00000     0.00000     0.00000     0.00000     0.00000     0.00000     0.00000     0.00000     0.00000     0.00000     0.00000     0.00000     0.00000     0.00000     0.00000     0.00000     0.00000     0.00000     0.00000     0.00000     0.00000     0.00000     0.00000     0.00000     0.00000     0.00000     0.00000     0.00000     0.00000     0.00000     0.00000     0.00000     0.00000     0.00000     0.00000     0.00000     0.00000     0.00000     0.00000     0.00000     0.00000     0.00000     0.00000     0.00000     0.00000     0.00000     0.00000     0.00000     0.00000     0.00000     0.00000     0.00000     0.00000     0.00000     0.00000     0.00000     0.00000     0.00000     0.00000     0.00000     0.00000     0.00000     0.00000     0.00000     0.00000     0.00000     0.00000     0.00000     0.00000     0.00000     0.00000     0.00000     0.00000     0.00000     0.00000     0.00000     0.00000     0.00000     0.00000    -6.50683    -6.49976    -6.49268    -6.48561    -6.47854    -6.47147    -6.46440    -6.45733    -6.45026    -6.44319    -6.43612    -6.42905    -6.42197    -6.41490    -6.40783    -6.40076    -6.39369    -6.38662    -6.37955    -6.37248    -6.36541    -6.35833    -6.35126    -6.34419    -6.33712    -6.33005    -6.32298    -6.31591    -6.30884    -6.30177    -6.29469    -6.28762    -6.28055    -6.27348    -6.26641    -6.25934    -6.25227    -6.24520    -6.23813    -6.23106    -6.22398    -6.21691    -6.20984     0.00000     0.00000     0.00000     0.00000     0.00000     0.00000     0.00000     0.00000     0.00000     0.00000     0.00000     0.00000     0.00000     0.00000     0.00000     0.00000     0.00000     0.00000     0.00000     0.00000     0.00000     0.00000     0.00000     0.00000     0.00000     0.00000     0.00000     0.00000     0.00000     0.00000     0.00000     0.00000     0.00000     0.00000     0.00000     0.00000     0.00000     0.00000     0.00000     0.00000     0.00000     0.00000     0.00000     0.00000     0.00000     0.00000     0.00000     0.00000     0.00000     0.00000     0.00000     0.00000     0.00000     0.00000     0.00000     0.00000     0.00000     0.00000     0.00000     0.00000     0.00000     0.00000     0.00000     0.00000     0.00000     0.00000     0.00000     0.00000     0.00000     0.00000     0.00000     0.00000     0.00000     0.00000     0.00000     0.00000     0.00000     0.00000     0.00000     0.00000     0.00000     0.00000     0.00000     0.00000     0.00000     0.00000     0.00000     0.00000     0.00000     0.00000     0.00000     0.00000     0.00000
     0.00000     0.00000     0.00000     0.00000     0.00000     0.00000     0.00000     0.00000     0.00000     0.00000     0.00000     0.00000     0.00000     0.00000     0.00000     0.00000     0.00000     0.00000     0.00000     0.00000     0.00000     0.00000     0.00000     0.00000     0.00000     0.00000     0.00000     0.00000     0.00000     0.00000     0.00000     0.00000     0.00000     0.00000     0.00000     0.00000     0.00000     0.00000     0.00000     0.00000     0.00000     0.00000     0.00000     0.00000     0.00000     0.00000     0.00000     0.00000     0.00000     0.00000     0.00000     0.00000     0.00000     0.00000     0.00000     0.00000     0.00000     0.00000     0.00000     0.00000     0.00000     0.00000     0.00000     0.00000     0.00000     0.00000     0.00000     0.00000     0.00000     0.00000     0.00000     0.00000     0.00000     0.00000     0.00000     0.00000     0.00000     0.00000     0.00000     0.00000     0.00000     0.00000     0.00000     0.00000     0.00000     0.00000     0.00000     0.00000     0.00000     0.00000     0.00000     0.00000    -6.50683    -6.49976    -6.49268    -6.48561    -6.47854    -6.47147    -6.46440    -6.45733    -6.45026    -6.44319    -6.43612    -6.42905    -6.42197    -6.41490    -6.40783    -6.40076    -6.39369    -6.38662    -6.37955    -6.37248    -6.36541    -6.35833    -6.35126    -6.34419    -6.33712    -6.33005    -6.32298    -6.31591    -6.30884    -6.30177    -6.29469    -6.28762    -6.28055    -6.27348    -6.26641    -6.25934    -6.25227    -6.24520    -6.23813    -6.23106    -6.22398    -6.21691    -6.20984    -6.20277   175.10634     0.00000     0.00000     0.00000     0.00000     0.00000     0.00000     0.00000     0.00000     0.00000     0.00000     0.00000     0.00000     0.00000     0.00000     0.00000     0.00000     0.00000     0.00000     0.00000     0.00000     0.00000     0.00000     0.00000     0.00000     0.00000     0.00000     0.00000     0.00000     0.00000     0.00000     0.00000     0.00000     0.00000     0.00000     0.00000     0.00000     0.00000     0.00000     0.00000     0.00000     0.00000     0.00000     0.00000     0.00000     0.00000     0.00000     0.00000     0.00000     0.00000     0.00000     0.00000     0.00000     0.00000     0.00000     0.00000     0.00000     0.00000     0.00000     0.00000     0.00000     0.00000     0.00000     0.00000     0.00000     0.00000     0.00000     0.00000     0.00000     0.00000     0.00000     0.00000     0.00000     0.00000     0.00000     0.00000     0.00000     0.00000     0.00000     0.00000     0.00000     0.00000     0.00000     0.00000     0.00000     0.00000     0.00000     0.00000     0.00000     0.00000     0.00000     0.00000     0.00000
     0.00000     0.00000     0.00000     0.00000     0.00000     0.00000     0.00000     0.00000     0.00000     0.00000     0.00000     0.00000     0.00000     0.00000     0.00000     0.00000     0.00000     0.00000     0.00000     0.00000     0.00000     0.00000     0.00000     0.00000     0.00000     0.00000     0.00000     0.00000     0.00000     0.00000     0.00000     0.00000     0.00000     0.00000     0.00000     0.00000     0.00000     0.00000     0.00000     0.00000     0.00000     0.00000     0.00000     0.00000     0.00000     0.00000     0.00000     0.00000     0.00000     0.00000     0.00000     0.00000     0.00000     0.00000     0.00000     0.00000     0.00000     0.00000     0.00000     0.00000     0.00000     0.00000     0.00000     0.00000     0.00000     0.00000     0.00000     0.00000     0.00000     0.00000     0.00000     0.00000     0.00000     0.00000     0.00000     0.00000     0.00000     0.00000     0.00000     0.00000     0.00000     0.00000     0.00000     0.00000     0.00000     0.00000     0.00000     0.00000     0.00000     0.00000     0.00000    -6.50683    -6.49976    -6.49268    -6.48561    -6.47854    -6.47147    -6.46440    -6.45733    -6.45026    -6.44319    -6.43612    -6.42905    -6.42197    -6.41490    -6.40783    -6.40076    -6.39369    -6.38662    -6.37955    -6.37248    -6.36541    -6.35833    -6.35126    -6.34419    -6.33712    -6.33005    -6.32298    -6.31591    -6.30884    -6.30177    -6.29469    -6.28762    -6.28055    -6.27348    -6.26641    -6.25934    -6.25227    -6.24520    -6.23813    -6.23106    -6.22398    -6.21691    -6.20984    -6.20277   172.27792   173.83356   175.38918     0.00000     0.00000     0.00000     0.00000     0.00000     0.00000     0.00000     0.00000     0.00000     0.00000     0.00000     0.00000     0.00000     0.00000     0.00000     0.00000     0.00000     0.00000     0.00000     0.00000     0.00000     0.00000     0.00000     0.00000     0.00000     0.00000     0.00000     0.00000     0.00000     0.00000     0.00000     0.00000     0.00000     0.00000     0.00000     0.00000     0.00000     0.00000     0.00000     0.00000     0.00000     0.00000     0.00000     0.00000     0.00000     0.00000     0.00000     0.00000     0.00000     0.00000     0.00000     0.00000     0.00000     0.00000     0.00000     0.00000     0.00000     0.00000     0.00000     0.00000     0.00000     0.00000     0.00000     0.00000     0.00000     0.00000     0.00000     0.00000     0.00000     0.00000     0.00000     0.00000     0.00000     0.00000     0.00000     0.00000     0.00000     0.00000     0.00000     0.00000     0.00000     0.00000     0.00000     0.00000     0.00000     0.00000     0.00000     0.00000     0.00000     0.00000     0.00000
     0.00000     0.00000     0.00000     0.00000     0.00000     0.00000     0.00000     0.00000     0.00000     0.00000     0.00000     0.00000     0.00000     0.00000     0.00000     0.00000     0.00000     0.00000     0.00000     0.00000     0.00000     0.00000     0.00000     0.00000     0.00000     0.00000     0.00000     0.00000     0.00000     0.00000     0.00000     0.00000     0.00000     0.00000     0.00000     0.00000     0.00000     0.00000     0.00000     0.00000     0.00000     0.00000     0.00000     0.00000     0.00000     0.00000     0.00000     0.00000     0.00000     0.00000     0.00000     0.00000     0.00000     0.00000     0.00000     0.00000     0.00000     0.00000     0.00000     0.00000     0.00000     0.00000     0.00000     0.00000     0.00000     0.00000     0.00000     0.00000     0.00000     0.00000     0.00000     0.00000     0.00000     0.00000     0.00000     0.00000     0.00000     0.00000     0.00000     0.00000     0.00000     0.00000     0.00000     0.00000     0.00000     0.00000     0.00000     0.00000     0.00000     0.00000    -6.50683    -6.49976    -6.49268    -6.48561    -6.47854    -6.47147    -6.46440    -6.45733    -6.45026    -6.44319    -6.43612    -6.42905    -6.42197    -6.41490    -6.40783    -6.40076    -6.39369    -6.38662    -6.37955    -6.37248    -6.36541    -6.35833    -6.35126    -6.34419    -6.33712    -6.33005    -6.32298    -6.31591    -6.30884    -6.30177    -6.29469    -6.28762    -6.28055    -6.27348    -6.26641    -6.25934    -6.25227    -6.24520    -6.23813    -6.23106    -6.22398    -6.21691    -6.20984    -6.20277   169.44948   171.00511   172.56076   174.11639   175.67201     0.00000     0.00000     0.00000     0.00000     0.00000     0.00000     0.00000     0.00000     0.00000     0.00000     0.00000     0.00000     0.00000     0.00000     0.00000     0.00000     0.00000     0.00000     0.00000     0.00000     0.00000     0.00000     0.00000     0.00000     0.00000     0.00000     0.00000     0.00000     0.00000     0.00000     0.00000     0.00000     0.00000     0.00000     0.00000     0.00000     0.00000     0.00000     0.00000     0.00000     0.00000     0.00000     0.00000     0.00000     0.00000     0.00000     0.00000     0.00000     0.00000     0.00000     0.00000     0.00000     0.00000     0.00000     0.00000     0.00000     0.00000     0.00000     0.00000     0.00000     0.00000     0.00000     0.00000     0.00000     0.00000     0.00000     0.00000     0.00000     0.00000     0.00000     0.00000     0.00000     0.00000     0.00000     0.00000     0.00000     0.00000     0.00000     0.00000     0.00000     0.00000     0.00000     0.00000     0.00000     0.00000     0.00000     0.00000     0.00000     0.00000     0.00000
     0.00000     0.00000     0.00000     0.00000     0.00000     0.00000     0.00000     0.00000     0.00000     0.00000     0.00000     0.00000     0.00000     0.00000     0.00000     0.00000     0.00000     0.00000     0.00000     0.00000     0.00000     0.00000     0.00000     0.00000     0.00000     0.00000     0.00000     0.00000     0.00000     0.00000     0.00000     0.00000     0.00000     0.00000     0.00000     0.00000     0.00000     0.00000     0.00000     0.00000     0.00000     0.00000     0.00000     0.00000     0.00000     0.00000     0.00000     0.00000     0.00000     0.00000     0.00000     0.00000     0.00000     0.00000     0.00000     0.00000     0.00000     0.00000     0.00000     0.00000     0.00000     0.00000     0.00000     0.00000     0.00000     0.00000     0.00000     0.00000     0.00000     0.00000     0.00000     0.00000     0.00000     0.00000     0.00000     0.00000     0.00000     0.00000     0.00000     0.00000     0.00000     0.00000     0.00000     0.00000     0.00000     0.00000     0.00000     0.00000     0.00000    -6.50683    -6.49976    -6.49268    -6.48561    -6.47854    -6.47147    -6.46440    -6.45733    -6.45026    -6.44319    -6.43612    -6.42905    -6.42197    -6.41490    -6.40783    -6.40076    -6.39369    -6.38662    -6.37955    -6.37248    -6.36541    -6.35833    -6.35126    -6.34419    -6.33712    -6.33005    -6.32298    -6.31591    -6.30884    -6.30177    -6.29469    -6.28762    -6.28055    -6.27348    -6.26641    -6.25934    -6.25227    -6.24520    -6.23813    -6.23106    -6.22398    -6.21691    -6.20984    -6.20277   166.62106   168.17670   169.73232   171.28795   172.84360   174.39925   175.95486     0.00000     0.00000     0.00000     0.00000     0.00000     0.00000     0.00000     0.00000     0.00000     0.00000     0.00000     0.00000     0.00000     0.00000     0.00000     0.00000     0.00000     0.00000     0.00000     0.00000     0.00000     0.00000     0.00000     0.00000     0.00000     0.00000     0.00000     0.00000     0.00000     0.00000     0.00000     0.00000     0.00000     0.00000     0.00000     0.00000     0.00000     0.00000     0.00000     0.00000     0.00000     0.00000     0.00000     0.00000     0.00000     0.00000     0.00000     0.00000     0.00000     0.00000     0.00000     0.00000     0.00000     0.00000     0.00000     0.00000     0.00000     0.00000     0.00000     0.00000     0.00000     0.00000     0.00000     0.00000     0.00000     0.00000     0.00000     0.00000     0.00000     0.00000     0.00000     0.00000     0.00000     0.00000     0.00000     0.00000     0.00000     0.00000     0.00000     0.00000     0.00000     0.00000     0.00000     0.00000     0.00000     0.00000     0.00000     0.00000     0.00000
     0.00000     0.00000     0.00000     0.00000     0.00000     0.00000     0.00000     0.00000     0.00000     0.00000     0.00000     0.00000     0.00000     0.00000     0.00000     0.00000     0.00000     0.00000     0.00000     0.00000     0.00000     0.00000     0.00000     0.00000     0.00000     0.00000     0.00000     0.00000     0.00000     0.00000     0.00000     0.00000     0.00000     0.00000     0.00000     0.00000     0.00000     0.00000     0.00000     0.00000     0.00000     0.00000     0.00000     0.00000     0.00000     0.00000     0.00000     0.00000     0.00000     0.00000     0.00000     0.00000     0.00000     0.00000     0.00000     0.00000     0.00000     0.00000     0.00000     0.00000     0.00000     0.00000     0.00000     0.00000     0.00000     0.00000     0.00000     0.00000     0.00000     0.00000     0.00000     0.00000     0.00000     0.00000     0.00000     0.00000     0.00000     0.00000     0.00000     0.00000     0.00000     0.00000     0.00000     0.00000     0.00000     0.00000     0.00000     0.00000    -6.50683    -6.49976    -6.49268    -6.48561    -6.47854    -6.47147    -6.46440    -6.45733    -6.45026    -6.44319    -6.43612    -6.42905    -6.42197    -6.41490    -6.40783    -6.40076    -6.39369    -6.38662    -6.37955    -6.37248    -6.36541    -6.35833    -6.35126    -6.34419    -6.33712    -6.33005    -6.32298    -6.31591    -6.30884    -6.30177    -6.29469    -6.28762    -6.28055    -6.27348    -6.26641    -6.25934    -6.25227    -6.24520    -6.23813    -6.23106    -6.22398    -6.21691    -6.20984    -6.20277   163.79262   165.34827   166.90390   168.45953   170.01515   171.57080   173.12645   174.68208   176.23770     0.00000     0.00000     0.00000     0.00000     0.00000     0.00000     0.00000     0.00000     0.00000     0.00000     0.00000     0.00000     0.00000     0.00000     0.00000     0.00000     0.00000     0.00000     0.00000     0.00000     0.00000     0.00000     0.00000     0.00000     0.00000     0.00000     0.00000     0.00000     0.00000     0.00000     0.00000     0.00000     0.00000     0.00000     0.00000     0.00000     0.00000     0.00000     0.00000     0.00000     0.00000     0.00000     0.00000     0.00000     0.00000     0.00000     0.00000     0.00000     0.00000     0.00000     0.00000     0.00000     0.00000     0.00000     0.00000     0.00000     0.00000     0.00000     0.00000     0.00000     0.00000     0.00000     0.00000     0.00000     0.00000     0.00000     0.00000     0.00000     0.00000     0.00000     0.00000     0.00000     0.00000     0.00000     0.00000     0.00000     0.00000     0.00000     0.00000     0.00000     0.00000     0.00000     0.00000     0.00000     0.00000     0.00000     0.00000     0.00000
     0.00000     0.00000     0.00000     0.00000     0.00000     0.00000     0.00000     0.00000     0.00000     0.00000     0.00000     0.00000     0.00000     0.00000     0.00000     0.00000     0.00000     0.00000     0.00000     0.00000     0.00000     0.00000     0.00000     0.00000     0.00000     0.00000     0.00000     0.00000     0.00000     0.00000     0.00000     0.00000     0.00000     0.00000     0.00000     0.00000     0.00000     0.00000     0.00000     0.00000     0.00000     0.00000     0.00000     0.00000     0.00000     0.00000     0.00000     0.00000     0.00000     0.00000     0.00000     0.00000     0.00000     0.00000     0.00000     0.00000     0.00000     0.00000     0.00000     0.00000     0.00000     0.00000     0.00000     0.00000     0.00000     0.00000     0.00000     0.00000     0.00000     0.00000     0.00000     0.00000     0.00000     0.00000     0.00000     0.00000     0.00000     0.00000     0.00000     0.00000     0.00000     0.00000     0.00000     0.00000     0.00000     0.00000     0.00000    -6.50683    -6.49976    -6.49268    -6.48561    -6.47854    -6.47147    -6.46440    -6.45733    -6.45026    -6.44319    -6.43612    -6.42905    -6.42197    -6.41490    -6.40783    -6.40076    -6.39369    -6.38662    -6.37955    -6.37248    -6.36541    -6.35833    -6.35126    -6.34419    -6.33712    -6.33005    -6.32298    -6.31591    -6.30884    -6.30177    -6.29469    -6.28762    -6.28055    -6.27348    -6.26641    -6.25934    -6.25227    -6.24520    -6.23813    -6.23106    -6.22398    -6.21691    -6.20984    -6.20277   160.96420   162.51984   164.07545   165.63110   167.18674   168.74239   170.29800   171.85364   173.40929   174.96492   176.52055     0.00000     0.00000     0.00000     0.00000     0.00000     0.00000     0.00000     0.00000     0.00000     0.00000     0.00000     0.00000     0.00000     0.00000     0.00000     0.00000     0.00000     0.00000     0.00000     0.00000     0.00000     0.00000     0.00000     0.00000     0.00000     0.00000     0.00000     0.00000     0.00000     0.00000     0.00000     0.00000     0.00000     0.00000     0.00000     0.00000     0.00000     0.00000     0.00000     0.00000     0.00000     0.00000     0.00000     0.00000     0.00000     0.00000     0.00000     0.00000     0.00000     0.00000     0.00000     0.00000     0.00000     0.00000     0.00000     0.00000     0.00000     0.00000     0.00000     0.00000     0.00000     0.00000     0.00000     0.00000     0.00000     0.00000     0.00000     0.00000     0.00000     0.00000     0.00000     0.00000     0.00000     0.00000     0.00000     0.00000     0.00000     0.00000     0.00000     0.00000     0.00000     0.00000     0.00000     0.00000     0.00000     0.00000     0.00000
     0.00000     0.00000     0.00000     0.00000     0.00000     0.00000     0.00000     0.00000     0.00000     0.00000     0.00000     0.00000     0.00000     0.00000     0.00000     0.00000     0.00000     0.00000     0.00000     0.00000     0.00000     0.00000     0.00000     0.00000     0.00000     0.00000     0.00000     0.00000     0.00000     0.00000     0.00000     0.00000     0.00000     0.00000     0.00000     0.00000     0.00000     0.00000     0.00000     0.00000     0.00000     0.00000     0.00000     0.00000     0.00000     0.00000     0.00000     0.00000     0.00000     0.00000     0.00000     0.00000     0.00000     0.00000     0.00000     0.00000     0.00000     0.00000     0.00000     0.00000     0.00000     0.00000     0.00000     0.00000     0.00000     0.00000     0.00000     0.00000     0.00000     0.00000     0.00000     0.00000     0.00000     0.00000     0.00000     0.00000     0.00000     0.00000     0.00000     0.00000     0.00000     0.00000     0.00000     0.00000     0.00000     0.00000    -6.50683    -6.49976    -6.49268    -6.48561    -6.47854    -6.47147    -6.46440    -6.45733    -6.45026    -6.44319    -6.43612    -6.42905    -6.42197    -6.41490    -6.40783    -6.40076    -6.39369    -6.38662    -6.37955    -6.37248    -6.36541    -6.35833    -6.35126    -6.34419    -6.33712    -6.33005    -6.32298    -6.31591    -6.30884    -6.30177    -6.29469    -6.28762    -6.28055    -6.27348    -6.26641    -6.25934    -6.25227    -6.24520    -6.23813    -6.23106    -6.22398    -6.21691    -6.20984    -6.20277   158.13579   159.69141   161.24704   162.80267   164.35829   165.91396   167.46959   169.02522   170.58084   172.13647   173.69214   175.24777   176.80339     0.00000     0.00000     0.00000     0.00000     0.00000     0.00000     0.00000     0.00000     0.00000     0.00000     0.00000     0.00000     0.00000     0.00000     0.00000     0.00000     0.00000     0.00000     0.00000     0.00000     0.00000     0.00000     0.00000     0.00000     0.00000     0.00000     0.00000     0.00000     0.00000     0.00000     0.00000     0.00000     0.00000     0.00000     0.00000     0.00000     0.00000     0.00000     0.00000     0.00000     0.00000     0.00000     0.00000     0.00000     0.00000     0.00000     0.00000     0.00000     0.00000     0.00000     0.00000     0.00000     0.00000     0.00000     0.00000     0.00000     0.00000     0.00000     0.00000     0.00000     0.00000     0.00000     0.00000     0.00000     0.00000     0.00000     0.00000     0.00000     0.00000     0.00000     0.00000     0.00000     0.00000     0.00000     0.00000     0.00000     0.00000     0.00000     0.00000     0.00000     0.00000     0.00000     0.00000     0.00000     0.00000     0.00000
     0.00000     0.00000     0.00000     0.00000     0.00000     0.00000     0.00000     0.00000     0.00000     0.00000     0.00000     0.00000     0.00000     0.00000     0.00000     0.00000     0.00000     0.00000     0.00000     0.00000     0.00000     0.00000     0.00000     0.00000     0.00000     0.00000     0.00000     0.00000     0.00000     0.00000     0.00000     0.00000     0.00000     0.00000     0.00000     0.00000     0.00000     0.00000     0.00000     0.00000     0.00000     0.00000     0.00000     0.00000     0.00000     0.00000     0.00000     0.00000     0.00000     0.00000     0.00000     0.00000     0.00000     0.00000     0.00000     0.00000     0.00000     0.00000     0.00000     0.00000     0.00000     0.00000     0.00000     0.00000     0.00000     0.00000     0.00000     0.00000     0.00000     0.00000     0.00000     0.00000     0.00000     0.00000     0.00000     0.00000     0.00000     0.00000     0.00000     0.00000     0.00000     0.00000     0.00000     0.00000     0.00000    -6.50683    -6.49976    -6.49268    -6.48561    -6.47854    -6.47147    -6.46440    -6.45733    -6.45026    -6.44319    -6.43612    -6.42905    -6.42197    -6.41490    -6.40783    -6.40076    -6.39369    -6.38662    -6.37955    -6.37248    -6.36541    -6.35833    -6.35126    -6.34419    -6.33712    -6.33005    -6.32298    -6.31591    -6.30884    -6.30177    -6.29469    -6.28762    -6.28055    -6.27348    -6.26641    -6.25934    -6.25227    -6.24520    -6.23813    -6.23106    -6.22398    -6.21691    -6.20984    -6.20277   155.30734   156.86298   158.41862   159.97424   161.52988   163.08553   164.64114   166.19679   167.75243   169.30806   170.86369   172.41933   173.97498   175.53061   177.08623     0.00000     0.00000     0.00000     0.00000     0.00000     0.00000     0.00000     0.00000     0.00000     0.00000     0.00000     0.00000     0.00000     0.00000     0.00000     0.00000     0.00000     0.00000     0.00000     0.00000     0.00000     0.00000     0.00000     0.00000     0.00000     0.00000     0.00000     0.00000     0.00000     0.00000     0.00000     0.00000     0.00000     0.00000     0.00000     0.00000     0.00000     0.00000     0.00000     0.00000     0.00000     0.00000     0.00000     0.00000     0.00000     0.00000     0.00000     0.00000     0.00000     0.00000     0.00000     0.00000     0.00000     0.00000     0.00000     0.00000     0.00000     0.00000     0.00000     0.00000     0.00000     0.00000     0.00000     0.00000     0.00000     0.00000     0.00000     0.00000     0.00000     0.00000     0.00000     0.00000     0.00000     0.00000     0.00000     0.00000     0.00000     0.00000     0.00000     0.00000     0.00000     0.00000     0.00000     0.00000     0.00000
     0.00000     0.00000     0.00000     0.00000     0.00000     0.00000     0.00000     0.00000     0.00000     0.00000     0.00000     0.00000     0.00000     0.00000     0.00000     0.00000     0.00000     0.00000     0.00000     0.00000     0.00000     0.00000     0.00000     0.00000     0.00000     0.00000     0.00000     0.00000     0.00000     0.00000     0.00000     0.00000     0.00000     0.00000     0.00000     0.00000     0.00000     0.00000     0.00000     0.00000     0.00000     0.00000     0.00000     0.00000     0.00000     0.00000     0.00000     0.00000     0.00000     0.00000     0.00000     0.00000     0.00000     0.00000     0.00000     0.00000     0.00000     0.00000     0.00000     0.00000     0.00000     0.00000     0.00000     0.00000     0.00000     0.00000     0.00000     0.00000     0.00000     0.00000     0.00000     0.00000     0.00000     0.00000     0.00000     0.00000     0.00000     0.00000     0.00000     0.00000     0.00000     0.00000     0.00000     0.00000    -6.50683    -6.49976    -6.49268    -6.48561    -6.47854    -6.47147    -6.46440    -6.45733    -6.45026    -6.44319    -6.43612    -6.42905    -6.42197    -6.41490    -6.40783    -6.40076    -6.39369    -6.38662    -6.37955    -6.37248    -6.36541    -6.35833    -6.35126    -6.34419    -6.33712    -6.33005    -6.32298    -6.31591    -6.30884    -6.30177    -6.29469    -6.28762    -6.28055    -6.27348    -6.26641    -6.25934    -6.25227    -6.24520    -6.23813    -6.23106    -6.22398    -6.21691    -6.20984    -6.20277   152.47893   154.03455   155.59018   157.14581   158.70146   160.25710   161.81273   163.36836   164.92398   166.47963   168.03528   169.59091   171.14653   172.70216   174.25781   175.81345   177.36908     0.00000     0.00000     0.00000     0.00000     0.00000     0.00000     0.00000     0.00000     0.00000     0.00000     0.00000     0.00000     0.00000     0.00000     0.00000     0.00000     0.00000     0.00000     0.00000     0.00000     0.00000     0.00000     0.00000     0.00000     0.00000     0.00000     0.00000     0.00000     0.00000     0.00000     0.00000     0.00000     0.00000     0.00000     0.00000     0.00000     0.00000     0.00000     0.00000     0.00000     0.00000     0.00000     0.00000     0.00000     0.00000     0.00000     0.00000     0.00000     0.00000     0.00000     0.00000     0.00000     0.00000     0.00000     0.00000     0.00000     0.00000     0.00000     0.00000     0.00000     0.00000     0.00000     0.00000     0.00000     0.00000     0.00000     0.00000     0.00000     0.00000     0.00000     0.00000     0.00000     0.00000     0.00000     0.00000     0.00000     0.00000     0.00000     0.00000     0.00000     0.00000     0.00000     0.00000     0.00000
     0.00000     0.00000     0.00000     0.00000     0.00000     0.00000     0.00000     0.00000     0.00000     0.00000     0.00000     0.00000     0.00000     0.00000     0.00000     0.00000     0.00000     0.00000     0.00000     0.00000     0.00000     0.00000     0.00000     0.00000     0.00000     0.00000     0.00000     0.00000     0.00000     0.00000     0.00000     0.00000     0.00000     0.00000     0.00000     0.00000     0.00000     0.00000     0.00000     0.00000     0.00000     0.00000     0.00000     0.00000     0.00000     0.00000     0.00000     0.00000     0.00000     0.00000     0.00000     0.00000     0.00000     0.00000     0.00000     0.00000     0.00000     0.00000     0.00000     0.00000     0.00000     0.00000     0.00000     0.00000     0.00000     0.00000     0.00000     0.00000     0.00000     0.00000     0.00000     0.00000     0.00000     0.00000     0.00000     0.00000     0.00000     0.00000     0.00000     0.00000     0.00000     0.00000     0.00000    -6.50683    -6.49976    -6.49268    -6.48561    -6.47854    -6.47147    -6.46440    -6.45733    -6.45026    -6.44319    -6.43612    -6.42905    -6.42197    -6.41490    -6.40783    -6.40076    -6.39369    -6.38662    -6.37955    -6.37248    -6.36541    -6.35833    -6.35126    -6.34419    -6.33712    -6.33005    -6.32298    -6.31591    -6.30884    -6.30177    -6.29469    -6.28762    -6.28055    -6.27348    -6.26641    -6.25934    -6.25227    -6.24520    -6.23813    -6.23106    -6.22398    -6.21691    -6.20984    -6.20277   149.65051   151.20613   152.76176   154.31738   155.87302   157.42867   158.98431   160.53993   162.09557   163.65120   165.20683   166.76248   168.31812   169.87375   171.42937   172.98502   174.54066   176.09630   177.65192     0.00000     0.00000     0.00000     0.00000     0.00000     0.00000     0.00000     0.00000     0.00000     0.00000     0.00000     0.00000     0.00000     0.00000     0.00000     0.00000     0.00000     0.00000     0.00000     0.00000     0.00000     0.00000     0.00000     0.00000     0.00000     0.00000     0.00000     0.00000     0.00000     0.00000     0.00000     0.00000     0.00000     0.00000     0.00000     0.00000     0.00000     0.00000     0.00000     0.00000     0.00000     0.00000     0.00000     0.00000     0.00000     0.00000     0.00000     0.00000     0.00000     0.00000     0.00000     0.00000     0.00000     0.00000     0.00000     0.00000     0.00000     0.00000     0.00000     0.00000     0.00000     0.00000     0.00000     0.00000     0.00000     0.00000     0.00000     0.00000     0.00000     0.00000     0.00000     0.00000     0.00000     0.00000     0.00000     0.00000     0.00000     0.00000     0.00000     0.00000     0.00000     0.00000     0.00000
     0.00000     0.00000     0.00000     0.00000     0.00000     0.00000     0.00000     0.00000     0.00000     0.00000     0.00000     0.00000     0.00000     0.00000     0.00000     0.00000     0.00000     0.00000     0.00000     0.00000     0.00000     0.00000     0.00000     0.00000     0.00000     0.00000     0.00000     0.00000     0.00000     0.00000     0.00000     0.00000     0.00000     0.00000     0.00000     0.00000     0.00000     0.00000     0.00000     0.00000     0.00000     0.00000     0.00000     0.00000     0.00000     0.00000     0.00000     0.00000     0.00000     0.00000     0.00000     0.00000     0.00000     0.00000     0.00000     0.00000     0.00000     0.00000     0.00000     0.00000     0.00000     0.00000     0.00000     0.00000     0.00000     0.00000     0.00000     0.00000     0.00000     0.00000     0.00000     0.00000     0.00000     0.00000     0.00000     0.00000     0.00000     0.00000     0.00000     0.00000     0.00000     0.00000    -6.50683    -6.49976    -6.49268    -6.48561    -6.47854    -6.47147    -6.46440    -6.45733    -6.45026    -6.44319    -6.43612    -6.42905    -6.42197    -6.41490    -6.40783    -6.40076    -6.39369    -6.38662    -6.37955    -6.37248    -6.36541    -6.35833    -6.35126    -6.34419    -6.33712    -6.33005    -6.32298    -6.31591    -6.30884    -6.30177    -6.29469    -6.28762    -6.28055    -6.27348    -6.26641    -6.25934    -6.25227    -6.24520    -6.23813    -6.23106    -6.22398    -6.21691    -6.20984    -6.20277   146.82207   148.37769   149.93335   151.48897   153.04460   154.60023   156.15587   157.71150   159.26715   160.82277   162.37842   163.93405   165.48967   167.04532   168.60095   170.15659   171.71222   173.26785   174.82350   176.37914   177.93475     0.00000     0.00000     0.00000     0.00000     0.00000     0.00000     0.00000     0.00000     0.00000     0.00000     0.00000     0.00000     0.00000     0.00000     0.00000     0.00000     0.00000     0.00000     0.00000     0.00000     0.00000     0.00000     0.00000     0.00000     0.00000     0.00000     0.00000     0.00000     0.00000     0.00000     0.00000     0.00000     0.00000     0.00000     0.00000     0.00000     0.00000     0.00000     0.00000     0.00000     0.00000     0.00000     0.00000     0.00000     0.00000     0.00000     0.00000     0.00000     0.00000     0.00000     0.00000     0.00000     0.00000     0.00000     0.00000     0.00000     0.00000     0.00000     0.00000     0.00000     0.00000     0.00000     0.00000     0.00000     0.00000     0.00000     0.00000     0.00000     0.00000     0.00000     0.00000     0.00000     0.00000     0.00000     0.00000     0.00000     0.00000     0.00000     0.00000     0.00000     0.00000     0.00000
     0.00000     0.00000     0.00000     0.00000     0.00000     0.00000     0.00000     0.00000     0.00000     0.00000     0.00000     0.00000     0.00000     0.00000     0.00000     0.00000     0.00000     0.00000     0.00000     0.00000     0.00000     0.00000     0.00000     0.00000     0.00000     0.00000     0.00000     0.00000     0.00000     0.00000     0.00000     0.00000     0.00000     0.00000     0.00000     0.00000     0.00000     0.00000     0.00000     0.00000     0.00000     0.00000     0.00000     0.00000     0.00000     0.00000     0.00000     0.00000     0.00000     0.00000     0.00000     0.00000     0.00000     0.00000     0.00000     0.00000     0.00000     0.00000     0.00000     0.00000     0.00000     0.00000     0.00000     0.00000     0.00000     0.00000     0.00000     0.00000     0.00000     0.00000     0.00000     0.00000     0.00000     0.00000     0.00000     0.00000     0.00000     0.00000     0.00000     0.00000     0.00000    -6.50683    -6.49976    -6.49268    -6.48561    -6.47854    -6.47147    -6.46440    -6.45733    -6.45026    -6.44319    -6.43612    -6.42905    -6.42197    -6.41490    -6.40783    -6.40076    -6.39369    -6.38662    -6.37955    -6.37248    -6.36541    -6.35833    -6.35126    -6.34419    -6.33712    -6.33005    -6.32298    -6.31591    -6.30884    -6.30177    -6.29469    -6.28762    -6.28055    -6.27348    -6.26641    -6.25934    -6.25227    -6.24520    -6.23813    -6.23106    -6.22398    -6.21691    -6.20984    -6.20277   143.99365   145.54927   147.10490   148.66052   150.21619   151.77182   153.32745   154.88307   156.43871   157.99434   159.55000   161.10562   162.66125   164.21689   165.77251   167.32816   168.88380   170.43944   171.99506   173.55069   175.10635   176.66199   178.21761     0.00000     0.00000     0.00000     0.00000     0.00000     0.00000     0.00000     0.00000     0.00000     0.00000     0.00000     0.00000     0.00000     0.00000     0.00000     0.00000     0.00000     0.00000     0.00000     0.00000     0.00000     0.00000     0.00000     0.00000     0.00000     0.00000     0.00000     0.00000     0.00000     0.00000     0.00000     0.00000     0.00000     0.00000     0.00000     0.00000     0.00000     0.00000     0.00000     0.00000     0.00000     0.00000     0.00000     0.00000     0.00000     0.00000     0.00000     0.00000     0.00000     0.00000     0.00000     0.00000     0.00000     0.00000     0.00000     0.00000     0.00000     0.00000     0.00000     0.00000     0.00000     0.00000     0.00000     0.00000     0.00000     0.00000     0.00000     0.00000     0.00000     0.00000     0.00000     0.00000     0.00000     0.00000     0.00000     0.00000     0.00000     0.00000     0.00000     0.00000     0.00000
     0.00000     0.00000     0.00000     0.00000     0.00000     0.00000     0.00000     0.00000     0.00000     0.00000     0.00000     0.00000     0.00000     0.00000     0.00000     0.00000     0.00000     0.00000     0.00000     0.00000     0.00000     0.00000     0.00000     0.00000     0.00000     0.00000     0.00000     0.00000     0.00000     0.00000     0.00000     0.00000     0.00000     0.00000     0.00000     0.00000     0.00000     0.00000     0.00000     0.00000     0.00000     0.00000     0.00000     0.00000     0.00000     0.00000     0.00000     0.00000     0.00000     0.00000     0.00000     0.00000     0.00000     0.00000     0.00000     0.00000     0.00000     0.00000     0.00000     0.00000     0.00000     0.00000     0.00000     0.00000     0.00000     0.00000     0.00000     0.00000     0.00000     0.00000     0.00000     0.00000     0.00000     0.00000     0.00000     0.00000     0.00000     0.00000     0.00000     0.00000    -6.50683    -6.49976    -6.49268    -6.48561    -6.47854    -6.47147    -6.46440    -6.45733    -6.45026    -6.44319    -6.43612    -6.42905    -6.42197    -6.41490    -6.40783    -6.40076    -6.39369    -6.38662    -6.37955    -6.37248    -6.36541    -6.35833    -6.35126    -6.34419    -6.33712    -6.33005    -6.32298    -6.31591    -6.30884    -6.30177    -6.29469    -6.28762    -6.28055    -6.27348    -6.26641    -6.25934    -6.25227    -6.24520    -6.23813    -6.23106    -6.22398    -6.21691    -6.20984    -6.20277   141.16519   142.72086   144.27649   145.83211   147.38774   148.94337   150.49904   152.05466   153.61029   155.16591   156.72156   158.27719   159.83284   161.38846   162.94409   164.49973   166.05536   167.61101   169.16664   170.72227   172.27789   173.83354   175.38919   176.94482   178.50044     0.00000     0.00000     0.00000     0.00000     0.00000     0.00000     0.00000     0.00000     0.00000     0.00000     0.00000     0.00000     0.00000     0.00000     0.00000     0.00000     0.00000     0.00000     0.00000     0.00000     0.00000     0.00000     0.00000     0.00000     0.00000     0.00000     0.00000     0.00000     0.00000     0.00000     0.00000     0.00000     0.00000     0.00000     0.00000     0.00000     0.00000     0.00000     0.00000     0.00000     0.00000     0.00000     0.00000     0.00000     0.00000     0.00000     0.00000     0.00000     0.00000     0.00000     0.00000     0.00000     0.00000     0.00000     0.00000     0.00000     0.00000     0.00000     0.00000     0.00000     0.00000     0.00000     0.00000     0.00000     0.00000     0.00000     0.00000     0.00000     0.00000     0.00000     0.00000     0.00000     0.00000     0.00000     0.00000     0.00000     0.00000     0.00000     0.00000     0.00000
     0.00000     0.00000     0.00000     0.00000     0.00000     0.00000     0.00000     0.00000     0.00000     0.00000     0.00000     0.00000     0.00000     0.00000     0.00000     0.00000     0.00000     0.00000     0.00000     0.00000     0.00000     0.00000     0.00000     0.00000     0.00000     0.00000     0.00000     0.00000     0.00000     0.00000     0.00000     0.00000     0.00000     0.00000     0.00000     0.00000     0.00000     0.00000     0.00000     0.00000     0.00000     0.00000     0.00000     0.00000     0.00000     0.00000     0.00000     0.00000     0.00000     0.00000     0.00000     0.00000     0.00000     0.00000     0.00000     0.00000     0.00000     0.00000     0.00000     0.00000     0.00000     0.00000     0.00000     0.00000     0.00000     0.00000     0.00000     0.00000     0.00000     0.00000     0.00000     0.00000     0.00000     0.00000     0.00000     0.00000     0.00000     0.00000     0.00000    -6.50683    -6.49976    -6.49268    -6.48561    -6.47854    -6.47147    -6.46440    -6.45733    -6.45026    -6.44319    -6.43612    -6.42905    -6.42197    -6.41490    -6.40783    -6.40076    -6.39369    -6.38662    -6.37955    -6.37248    -6.36541    -6.35833    -6.35126    -6.34419    -6.33712    -6.33005    -6.32298    -6.31591    -6.30884    -6.30177    -6.29469    -6.28762    -6.28055    -6.27348    -6.26641    -6.25934    -6.25227    -6.24520    -6.23813    -6.23106    -6.22398    -6.21691    -6.20984    -6.20277   138.33678   139.89241   141.44803   143.00369   144.55933   146.11496   147.67059   149.22621   150.78188   152.33749   153.89314   155.44876   157.00439   158.56003   160.11568   161.67130   163.22694   164.78258   166.33820   167.89384   169.44949   171.00513   172.56075   174.11638   175.67203   177.22766   178.78329     0.00000     0.00000     0.00000     0.00000     0.00000     0.00000     0.00000     0.00000     0.00000     0.00000     0.00000     0.00000     0.00000     0.00000     0.00000     0.00000     0.00000     0.00000     0.00000     0.00000     0.00000     0.00000     0.00000     0.00000     0.00000     0.00000     0.00000     0.00000     0.00000     0.00000     0.00000     0.00000     0.00000     0.00000     0.00000     0.00000     0.00000     0.00000     0.00000     0.00000     0.00000     0.00000     0.00000     0.00000     0.00000     0.00000     0.00000     0.00000     0.00000     0.00000     0.00000     0.00000     0.00000     0.00000     0.00000     0.00000     0.00000     0.00000     0.00000     0.00000     0.00000     0.00000     0.00000     0.00000     0.00000     0.00000     0.00000     0.00000     0.00000     0.00000     0.00000     0.00000     0.00000     0.00000     0.00000     0.00000     0.00000     0.00000     0.00000
     0.00000     0.00000     0.00000     0.00000     0.00000     0.00000     0.00000     0.00000     0.00000     0.00000     0.00000     0.00000     0.00000     0.00000     0.00000     0.00000     0.00000     0.00000     0.00000     0.00000     0.00000     0.00000     0.00000     0.00000     0.00000     0.00000     0.00000     0.00000     0.00000     0.00000     0.00000     0.00000     0.00000     0.00000     0.00000     0.00000     0.00000     0.00000     0.00000     0.00000     0.00000     0.00000     0.00000     0.00000     0.00000     0.00000     0.00000     0.00000     0.00000     0.00000     0.00000     0.00000     0.00000     0.00000     0.00000     0.00000     0.00000     0.00000     0.00000     0.00000     0.00000     0.00000     0.00000     0.00000     0.00000     0.00000     0.00000     0.00000     0.00000     0.00000     0.00000     0.00000     0.00000     0.00000     0.00000     0.00000     0.00000     0.00000    -6.50683    -6.49976    -6.49268    -6.48561    -6.47854    -6.47147    -6.46440    -6.45733    -6.45026    -6.44319    -6.43612    -6.42905    -6.42197    -6.41490    -6.40783    -6.40076    -6.39369    -6.38662    -6.37955    -6.37248    -6.36541    -6.35833    -6.35126    -6.34419    -6.33712    -6.33005    -6.32298    -6.31591    -6.30884    -6.30177    -6.29469    -6.28762    -6.28055    -6.27348    -6.26641    -6.25934    -6.25227    -6.24520    -6.23813    -6.23106    -6.22398    -6.21691    -6.20984    -6.20277   135.50836   137.06400   138.61963   140.17525   141.73088   143.28654   144.84218   146.39780   147.95343   149.50905   151.06473   152.62035   154.17598   155.73160   157.28723   158.84286   160.39853   161.95415   163.50978   165.06541   166.62103   168.17670   169.73233   171.28796   172.84358   174.39923   175.95488   177.51051   179.06613     0.00000     0.00000     0.00000     0.00000     0.00000     0.00000     0.00000     0.00000     0.00000     0.00000     0.00000     0.00000     0.00000     0.00000     0.00000     0.00000     0.00000     0.00000     0.00000     0.00000     0.00000     0.00000     0.00000     0.00000     0.00000     0.00000     0.00000     0.00000     0.00000     0.00000     0.00000     0.00000     0.00000     0.00000     0.00000     0.00000     0.00000     0.00000     0.00000     0.00000     0.00000     0.00000     0.00000     0.00000     0.00000     0.00000     0.00000     0.00000     0.00000     0.00000     0.00000     0.00000     0.00000     0.00000     0.00000     0.00000     0.00000     0.00000     0.00000     0.00000     0.00000     0.00000     0.00000     0.00000     0.00000     0.00000     0.00000     0.00000     0.00000     0.00000     0.00000     0.00000     0.00000     0.00000     0.00000     0.00000     0.00000     0.00000
     0.00000     0.00000     0.00000     0.00000     0.00000     0.00000     0.00000     0.00000     0.00000     0.00000     0.00000     0.00000     0.00000     0.00000     0.00000     0.00000     0.00000     0.00000     0.00000     0.00000     0.00000     0.00000     0.00000     0.00000     0.00000     0.00000     0.00000     0.00000     0.00000     0.00000     0.00000     0.00000     0.00000     0.00000     0.00000     0.00000     0.00000     0.00000     0.00000     0.00000     0.00000     0.00000     0.00000     0.00000     0.00000     0.00000     0.00000     0.00000     0.00000     0.00000     0.00000     0.00000     0.00000     0.00000     0.00000     0.00000     0.00000     0.00000     0.00000     0.00000     0.00000     0.00000     0.00000     0.00000     0.00000     0.00000     0.00000     0.00000     0.00000     0.00000     0.00000     0.00000     0.00000     0.00000     0.00000     0.00000     0.00000    -6.50683    -6.49976    -6.49268    -6.48561    -6.47854    -6.47147    -6.46440    -6.45733    -6.45026    -6.44319    -6.43612    -6.42905    -6.42197    -6.41490    -6.40783    -6.40076    -6.39369    -6.38662    -6.37955    -6.37248    -6.36541    -6.35833    -6.35126    -6.34419    -6.33712    -6.33005    -6.32298    -6.31591    -6.30884    -6.30177    -6.29469    -6.28762    -6.28055    -6.27348    -6.26641    -6.25934    -6.25227    -6.24520    -6.23813    -6.23106    -6.22398    -6.21691    -6.20984    -6.20277   132.67992   134.23555   135.79120   137.34683   138.90247   140.45810   142.01372   143.56938   145.12502   146.68063   148.23628   149.79190   151.34756   152.90318   154.45882   156.01443   157.57008   159.12572   160.68137   162.23698   163.79263   165.34827   166.90388   168.45953   170.01517   171.57080   173.12643   174.68207   176.23772   177.79335   179.34897     0.00000     0.00000     0.00000     0.00000     0.00000     0.00000     0.00000     0.00000     0.00000     0.00000     0.00000     0.00000     0.00000     0.00000     0.00000     0.00000     0.00000     0.00000     0.00000     0.00000     0.00000     0.00000     0.00000     0.00000     0.00000     0.00000     0.00000     0.00000     0.00000     0.00000     0.00000     0.00000     0.00000     0.00000     0.00000     0.00000     0.00000     0.00000     0.00000     0.00000     0.00000     0.00000     0.00000     0.00000     0.00000     0.00000     0.00000     0.00000     0.00000     0.00000     0.00000     0.00000     0.00000     0.00000     0.00000     0.00000     0.00000     0.00000     0.00000     0.00000     0.00000     0.00000     0.00000     0.00000     0.00000     0.00000     0.00000     0.00000     0.00000     0.00000     0.00000     0.00000     0.00000     0.00000     0.00000     0.00000     0.00000
     0.00000     0.00000     0.00000     0.00000     0.00000     0.00000     0.00000     0.00000     0.00000     0.00000     0.00000     0.00000     0.00000     0.00000     0.00000     0.00000     0.00000     0.00000     0.00000     0.00000     0.00000     0.00000     0.00000     0.00000     0.00000     0.00000     0.00000     0.00000     0.00000     0.00000     0.00000     0.00000     0.00000     0.00000     0.00000     0.00000     0.00000     0.00000     0.00000     0.00000     0.00000     0.00000     0.00000     0.00000     0.00000     0.00000     0.00000     0.00000     0.00000     0.00000     0.00000     0.00000     0.00000     0.00000     0.00000     0.00000     0.00000     0.00000     0.00000     0.00000     0.00000     0.00000     0.00000     0.00000     0.00000     0.00000     0.00000     0.00000     0.00000     0.00000     0.00000     0.00000     0.00000     0.00000     0.00000     0.00000    -6.50683    -6.49976    -6.49268    -6.48561    -6.47854    -6.47147    -6.46440    -6.45733    -6.45026    -6.44319    -6.43612    -6.42905    -6.42197    -6.41490    -6.40783    -6.40076    -6.39369    -6.38662    -6.37955    -6.37248    -6.36541    -6.35833    -6.35126    -6.34419    -6.33712    -6.33005    -6.32298    -6.31591    -6.30884    -6.30177    -6.29469    -6.28762    -6.28055    -6.27348    -6.26641    -6.25934    -6.25227    -6.24520    -6.23813    -6.23106    -6.22398    -6.21691    -6.20984    -6.20277   129.85150   131.40714   132.96277   134.51839   136.07405   137.62968   139.18530   140.74094   142.29657   143.85222   145.40787   146.96349   148.51912   150.07474   151.63040   153.18604   154.74167   156.29729   157.85292   159.40855   160.96420   162.51984   164.07547   165.63110   167.18672   168.74237   170.29802   171.85365   173.40927   174.96490   176.52055   178.07620   179.63182     0.00000     0.00000     0.00000     0.00000     0.00000     0.00000     0.00000     0.00000     0.00000     0.00000     0.00000     0.00000     0.00000     0.00000     0.00000     0.00000     0.00000     0.00000     0.00000     0.00000     0.00000     0.00000     0.00000     0.00000     0.00000     0.00000     0.00000     0.00000     0.00000     0.00000     0.00000     0.00000     0.00000     0.00000     0.00000     0.00000     0.00000     0.00000     0.00000     0.00000     0.00000     0.00000     0.00000     0.00000     0.00000     0.00000     0.00000     0.00000     0.00000     0.00000     0.00000     0.00000     0.00000     0.00000     0.00000     0.00000     0.00000     0.00000     0.00000     0.00000     0.00000     0.00000     0.00000     0.00000     0.00000     0.00000     0.00000     0.00000     0.00000     0.00000     0.00000     0.00000     0.00000     0.00000     0.00000     0.00000
     0.00000     0.00000     0.00000     0.00000     0.00000     0.00000     0.00000     0.00000     0.00000     0.00000     0.00000     0.00000     0.00000     0.00000     0.00000     0.00000     0.00000     0.00000     0.00000     0.00000     0.00000     0.00000     0.00000     0.00000     0.00000     0.00000     0.00000     0.00000     0.00000     0.00000     0.00000     0.00000     0.00000     0.00000     0.00000     0.00000     0.00000     0.00000     0.00000     0.00000     0.00000     0.00000     0.00000     0.00000     0.00000     0.00000     0.00000     0.00000     0.00000     0.00000     0.00000     0.00000     0.00000     0.00000     0.00000     0.00000     0.00000     0.00000     0.00000     0.00000     0.00000     0.00000     0.00000     0.00000     0.00000     0.00000     0.00000     0.00000     0.00000     0.00000     0.00000     0.00000     0.00000     0.00000     0.00000    -6.50683    -6.49976    -6.49268    -6.48561    -6.47854    -6.47147    -6.46440    -6.45733    -6.45026    -6.44319    -6.43612    -6.42905    -6.42197    -6.41490    -6.40783    -6.40076    -6.39369    -6.38662    -6.37955    -6.37248    -6.36541    -6.35833    -6.35126    -6.34419    -6.33712    -6.33005    -6.32298    -6.31591    -6.30884    -6.30177    -6.29469    -6.28762    -6.28055    -6.27348    -6.26641    -6.25934    -6.25227    -6.24520    -6.23813    -6.23106    -6.22398    -6.21691    -6.20984    -6.20277   127.02308   128.57870   130.13434   131.68997   133.24561   134.80124   136.35689   137.91252   139.46815   141.02377   142.57941   144.13507   145.69070   147.24632   148.80196   150.35757   151.91325   153.46887   155.02451   156.58012   158.13577   159.69141   161.24706   162.80267   164.35831   165.91394   167.46957   169.02522   170.58086   172.13649   173.69211   175.24774   176.80341   178.35904   179.91466     0.00000     0.00000     0.00000     0.00000     0.00000     0.00000     0.00000     0.00000     0.00000     0.00000     0.00000     0.00000     0.00000     0.00000     0.00000     0.00000     0.00000     0.00000     0.00000     0.00000     0.00000     0.00000     0.00000     0.00000     0.00000     0.00000     0.00000     0.00000     0.00000     0.00000     0.00000     0.00000     0.00000     0.00000     0.00000     0.00000     0.00000     0.00000     0.00000     0.00000     0.00000     0.00000     0.00000     0.00000     0.00000     0.00000     0.00000     0.00000     0.00000     0.00000     0.00000     0.00000     0.00000     0.00000     0.00000     0.00000     0.00000     0.00000     0.00000     0.00000     0.00000     0.00000     0.00000     0.00000     0.00000     0.00000     0.00000     0.00000     0.00000     0.00000     0.00000     0.00000     0.00000     0.00000     0.00000
     0.00000     0.00000     0.00000     0.00000     0.00000     0.00000     0.00000     0.00000     0.00000     0.00000     0.00000     0.00000     0.00000     0.00000     0.00000     0.00000     0.00000     0.00000     0.00000     0.00000     0.00000     0.00000     0.00000     0.00000     0.00000     0.00000     0.00000     0.00000     0.00000     0.00000     0.00000     0.00000     0.00000     0.00000     0.00000     0.00000     0.00000     0.00000     0.00000     0.00000     0.00000     0.00000     0.00000     0.00000     0.00000     0.00000     0.00000     0.00000     0.00000     0.00000     0.00000     0.00000     0.00000     0.00000     0.00000     0.00000     0.00000     0.00000     0.00000     0.00000     0.00000     0.00000     0.00000     0.00000     0.00000     0.00000     0.00000     0.00000     0.00000     0.00000     0.00000     0.00000     0.00000     0.00000    -6.50683    -6.49976    -6.49268    -6.48561    -6.47854    -6.47147    -6.46440    -6.45733    -6.45026    -6.44319    -6.43612    -6.42905    -6.42197    -6.41490    -6.40783    -6.40076    -6.39369    -6.38662    -6.37955    -6.37248    -6.36541    -6.35833    -6.35126    -6.34419    -6.33712    -6.33005    -6.32298    -6.31591    -6.30884    -6.30177    -6.29469    -6.28762    -6.28055    -6.27348    -6.26641    -6.25934    -6.25227    -6.24520    -6.23813    -6.23106    -6.22398    -6.21691    -6.20984    -6.20277   124.19464   125.75027   127.30592   128.86156   130.41719   131.97282   133.52844   135.08408   136.63974   138.19536   139.75099   141.30663   142.86224   144.41791   145.97354   147.52917   149.08481   150.64043   152.19609   153.75171   155.30734   156.86298   158.41861   159.97424   161.52989   163.08551   164.64116   166.19679   167.75241   169.30806   170.86369   172.41934   173.97496   175.53059   177.08624   178.64188   180.19751     0.00000     0.00000     0.00000     0.00000     0.00000     0.00000     0.00000     0.00000     0.00000     0.00000     0.00000     0.00000     0.00000     0.00000     0.00000     0.00000     0.00000     0.00000     0.00000     0.00000     0.00000     0.00000     0.00000     0.00000     0.00000     0.00000     0.00000     0.00000     0.00000     0.00000     0.00000     0.00000     0.00000     0.00000     0.00000     0.00000     0.00000     0.00000     0.00000     0.00000     0.00000     0.00000     0.00000     0.00000     0.00000     0.00000     0.00000     0.00000     0.00000     0.00000     0.00000     0.00000     0.00000     0.00000     0.00000     0.00000     0.00000     0.00000     0.00000     0.00000     0.00000     0.00000     0.00000     0.00000     0.00000     0.00000     0.00000     0.00000     0.00000     0.00000     0.00000     0.00000     0.00000     0.00000
     0.00000     0.00000     0.00000     0.00000     0.00000     0.00000     0.00000     0.00000     0.00000     0.00000     0.00000     0.00000     0.00000     0.00000     0.00000     0.00000     0.00000     0.00000     0.00000     0.00000     0.00000     0.00000     0.00000     0.00000     0.00000     0.00000     0.00000     0.00000     0.00000     0.00000     0.00000     0.00000     0.00000     0.00000     0.00000     0.00000     0.00000     0.00000     0.00000     0.00000     0.00000     0.00000     0.00000     0.00000     0.00000     0.00000     0.00000     0.00000     0.00000     0.00000     0.00000     0.00000     0.00000     0.00000     0.00000     0.00000     0.00000     0.00000     0.00000     0.00000     0.00000     0.00000     0.00000     0.00000     0.00000     0.00000     0.00000     0.00000     0.00000     0.00000     0.00000     0.00000     0.00000    -6.50683    -6.49976    -6.49268    -6.48561    -6.47854    -6.47147    -6.46440    -6.45733    -6.45026    -6.44319    -6.43612    -6.42905    -6.42197    -6.41490    -6.40783    -6.40076    -6.39369    -6.38662    -6.37955    -6.37248    -6.36541    -6.35833    -6.35126    -6.34419    -6.33712    -6.33005    -6.32298    -6.31591    -6.30884    -6.30177    -6.29469    -6.28762    -6.28055    -6.27348    -6.26641    -6.25934    -6.25227    -6.24520    -6.23813    -6.23106    -6.22398    -6.21691    -6.20984    -6.20277   121.36622   122.92185   124.47749   126.03311   127.58877   129.14439   130.70003   132.25566   133.81129   135.36691   136.92258   138.47821   140.03383   141.58946   143.14510   144.70074   146.25639   147.81201   149.36765   150.92326   152.47894   154.03456   155.59019   157.14581   158.70145   160.25708   161.81274   163.36836   164.92400   166.47963   168.03525   169.59091   171.14655   172.70218   174.25780   175.81343   177.36908   178.92473   180.48035     0.00000     0.00000     0.00000     0.00000     0.00000     0.00000     0.00000     0.00000     0.00000     0.00000     0.00000     0.00000     0.00000     0.00000     0.00000     0.00000     0.00000     0.00000     0.00000     0.00000     0.00000     0.00000     0.00000     0.00000     0.00000     0.00000     0.00000     0.00000     0.00000     0.00000     0.00000     0.00000     0.00000     0.00000     0.00000     0.00000     0.00000     0.00000     0.00000     0.00000     0.00000     0.00000     0.00000     0.00000     0.00000     0.00000     0.00000     0.00000     0.00000     0.00000     0.00000     0.00000     0.00000     0.00000     0.00000     0.00000     0.00000     0.00000     0.00000     0.00000     0.00000     0.00000     0.00000     0.00000     0.00000     0.00000     0.00000     0.00000     0.00000     0.00000     0.00000     0.00000     0.00000
     0.00000     0.00000     0.00000     0.00000     0.00000     0.00000     0.00000     0.00000     0.00000     0.00000     0.00000     0.00000     0.00000     0.00000     0.00000     0.00000     0.00000     0.00000     0.00000     0.00000     0.00000     0.00000     0.00000     0.00000     0.00000     0.00000     0.00000     0.00000     0.00000     0.00000     0.00000     0.00000     0.00000     0.00000     0.00000     0.00000     0.00000     0.00000     0.00000     0.00000     0.00000     0.00000     0.00000     0.00000     0.00000     0.00000     0.00000     0.00000     0.00000     0.00000     0.00000     0.00000     0.00000     0.00000     0.00000     0.00000     0.00000     0.00000     0.00000     0.00000     0.00000     0.00000     0.00000     0.00000     0.00000     0.00000     0.00000     0.00000     0.00000     0.00000     0.00000     0.00000    -6.50683    -6.49976    -6.49268    -6.48561    -6.47854    -6.47147    -6.46440    -6.45733    -6.45026    -6.44319    -6.43612    -6.42905    -6.42197    -6.41490    -6.40783    -6.40076    -6.39369    -6.38662    -6.37955    -6.37248    -6.36541    -6.35833    -6.35126    -6.34419    -6.33712    -6.33005    -6.32298    -6.31591    -6.30884    -6.30177    -6.29469    -6.28762    -6.28055    -6.27348    -6.26641    -6.25934    -6.25227    -6.24520    -6.23813    -6.23106    -6.22398    -6.21691    -6.20984    -6.20277   118.53778   120.09344   121.64906   123.20470   124.76033   126.31596   127.87161   129.42725   130.98288   132.53850   134.09413   135.64977   137.20541   138.76105   140.31668   141.87231   143.42793   144.98360   146.53923   148.09485   149.65048   151.20612   152.76178   154.31740   155.87303   157.42865   158.98430   160.53993   162.09558   163.65120   165.20683   166.76248   168.31810   169.87375   171.42938   172.98502   174.54065   176.09628   177.65193   179.20757   180.76318     0.00000     0.00000     0.00000     0.00000     0.00000     0.00000     0.00000     0.00000     0.00000     0.00000     0.00000     0.00000     0.00000     0.00000     0.00000     0.00000     0.00000     0.00000     0.00000     0.00000     0.00000     0.00000     0.00000     0.00000     0.00000     0.00000     0.00000     0.00000     0.00000     0.00000     0.00000     0.00000     0.00000     0.00000     0.00000     0.00000     0.00000     0.00000     0.00000     0.00000     0.00000     0.00000     0.00000     0.00000     0.00000     0.00000     0.00000     0.00000     0.00000     0.00000     0.00000     0.00000     0.00000     0.00000     0.00000     0.00000     0.00000     0.00000     0.00000     0.00000     0.00000     0.00000     0.00000     0.00000     0.00000     0.00000     0.00000     0.00000     0.00000     0.00000     0.00000     0.00000
     0.00000     0.00000     0.00000     0.00000     0.00000     0.00000     0.00000     0.00000     0.00000     0.00000     0.00000     0.00000     0.00000     0.00000     0.00000     0.00000     0.00000     0.00000     0.00000     0.00000     0.00000     0.00000     0.00000     0.00000     0.00000     0.00000     0.00000     0.00000     0.00000     0.00000     0.00000     0.00000     0.00000     0.00000     0.00000     0.00000     0.00000     0.00000     0.00000     0.00000     0.00000     0.00000     0.00000     0.00000     0.00000     0.00000     0.00000     0.00000     0.00000     0.00000     0.00000     0.00000     0.00000     0.00000     0.00000     0.00000     0.00000     0.00000     0.00000     0.00000     0.00000     0.00000     0.00000     0.00000     0.00000     0.00000     0.00000     0.00000     0.00000     0.00000     0.00000    -6.50683    -6.49976    -6.49268    -6.48561    -6.47854    -6.47147    -6.46440    -6.45733    -6.45026    -6.44319    -6.43612    -6.42905    -6.42197    -6.41490    -6.40783    -6.40076    -6.39369    -6.38662    -6.37955    -6.37248    -6.36541    -6.35833    -6.35126    -6.34419    -6.33712    -6.33005    -6.32298    -6.31591    -6.30884    -6.30177    -6.29469    -6.28762    -6.28055    -6.27348    -6.26641    -6.25934    -6.25227    -6.24520    -6.23813    -6.23106    -6.22398    -6.21691    -6.20984    -6.20277   115.70936   117.26499   118.82063   120.37628   121.93191   123.48753   125.04317   126.59880   128.15445   129.71008   131.26572   132.82135   134.37697   135.93260   137.48827   139.04388   140.59952   142.15515   143.71078   145.26643   146.82208   148.37770   149.93333   151.48895   153.04462   154.60025   156.15588   157.71150   159.26714   160.82277   162.37842   163.93405   165.48969   167.04532   168.60094   170.15659   171.71222   173.26787   174.82349   176.37912   177.93477   179.49042   181.04604     0.00000     0.00000     0.00000     0.00000     0.00000     0.00000     0.00000     0.00000     0.00000     0.00000     0.00000     0.00000     0.00000     0.00000     0.00000     0.00000     0.00000     0.00000     0.00000     0.00000     0.00000     0.00000     0.00000     0.00000     0.00000     0.00000     0.00000     0.00000     0.00000     0.00000     0.00000     0.00000     0.00000     0.00000     0.00000     0.00000     0.00000     0.00000     0.00000     0.00000     0.00000     0.00000     0.00000     0.00000     0.00000     0.00000     0.00000     0.00000     0.00000     0.00000     0.00000     0.00000     0.00000     0.00000     0.00000     0.00000     0.00000     0.00000     0.00000     0.00000     0.00000     0.00000     0.00000     0.00000     0.00000     0.00000     0.00000     0.00000     0.00000     0.00000     0.00000
     0.00000     0.00000     0.00000     0.00000     0.00000     0.00000     0.00000     0.00000     0.00000     0.00000     0.00000     0.00000     0.00000     0.00000     0.00000     0.00000     0.00000     0.00000     0.00000     0.00000     0.00000     0.00000     0.00000     0.00000     0.00000     0.00000     0.00000     0.00000     0.00000     0.00000     0.00000     0.00000     0.00000     0.00000     0.00000     0.00000     0.00000     0.00000     0.00000     0.00000     0.00000     0.00000     0.00000     0.00000     0.00000     0.00000     0.00000     0.00000     0.00000     0.00000     0.00000     0.00000     0.00000     0.00000     0.00000     0.00000     0.00000     0.00000     0.00000     0.00000     0.00000     0.00000     0.00000     0.00000     0.00000     0.00000     0.00000     0.00000     0.00000     0.00000    -6.50683    -6.49976    -6.49268    -6.48561    -6.47854    -6.47147    -6.46440    -6.45733    -6.45026    -6.44319    -6.43612    -6.42905    -6.42197    -6.41490    -6.40783    -6.40076    -6.39369    -6.38662    -6.37955    -6.37248    -6.36541    -6.35833    -6.35126    -6.34419    -6.33712    -6.33005    -6.32298    -6.31591    -6.30884    -6.30177    -6.29469    -6.28762    -6.28055    -6.27348    -6.26641    -6.25934    -6.25227    -6.24520    -6.23813    -6.23106    -6.22398    -6.21691    -6.20984    -6.20277   112.88094   114.43658   115.99220   117.54784   119.10347   120.65912   122.21475   123.77038   125.32601   126.88165   128.43730   129.99292   131.54855   133.10419   134.65982   136.21545   137.77110   139.32674   140.88235   142.43799   143.99362   145.54929   147.10492   148.66054   150.21617   151.77179   153.32747   154.88309   156.43872   157.99434   159.54997   161.10562   162.66127   164.21689   165.77252   167.32816   168.88379   170.43944   171.99507   173.55070   175.10632   176.66196   178.21762   179.77325   181.32887     0.00000     0.00000     0.00000     0.00000     0.00000     0.00000     0.00000     0.00000     0.00000     0.00000     0.00000     0.00000     0.00000     0.00000     0.00000     0.00000     0.00000     0.00000     0.00000     0.00000     0.00000     0.00000     0.00000     0.00000     0.00000     0.00000     0.00000     0.00000     0.00000     0.00000     0.00000     0.00000     0.00000     0.00000     0.00000     0.00000     0.00000     0.00000     0.00000     0.00000     0.00000     0.00000     0.00000     0.00000     0.00000     0.00000     0.00000     0.00000     0.00000     0.00000     0.00000     0.00000     0.00000     0.00000     0.00000     0.00000     0.00000     0.00000     0.00000     0.00000     0.00000     0.00000     0.00000     0.00000     0.00000     0.00000     0.00000     0.00000     0.00000     0.00000
     0.00000     0.00000     0.00000     0.00000     0.00000     0.00000     0.00000     0.00000     0.00000     0.00000     0.00000     0.00000     0.00000     0.00000     0.00000     0.00000     0.00000     0.00000     0.00000     0.00000     0.00000     0.00000     0.00000     0.00000     0.00000     0.00000     0.00000     0.00000     0.00000     0.00000     0.00000     0.00000     0.00000     0.00000     0.00000     0.00000     0.00000     0.00000     0.00000     0.00000     0.00000     0.00000     0.00000     0.00000     0.00000     0.00000     0.00000     0.00000     0.00000     0.00000     0.00000     0.00000     0.00000     0.00000     0.00000     0.00000     0.00000     0.00000     0.00000     0.00000     0.00000     0.00000     0.00000     0.00000     0.00000     0.00000     0.00000     0.00000     0.00000    -6.50683    -6.49976    -6.49268    -6.48561    -6.47854    -6.47147    -6.46440    -6.45733    -6.45026    -6.44319    -6.43612    -6.42905    -6.42197    -6.41490    -6.40783    -6.40076    -6.39369    -6.38662    -6.37955    -6.37248    -6.36541    -6.35833    -6.35126    -6.34419    -6.33712    -6.33005    -6.32298    -6.31591    -6.30884    -6.30177    -6.29469    -6.28762    -6.28055    -6.27348    -6.26641    -6.25934    -6.25227    -6.24520    -6.23813    -6.23106    -6.22398    -6.21691    -6.20984    -6.20277   110.05250   111.60813   113.16379   114.71942   116.27505   117.83067   119.38631   120.94196   122.49759   124.05322   125.60886   127.16449   128.72014   130.27577   131.83141   133.38702   134.94266   136.49829   138.05396   139.60957   141.16521   142.72084   144.27646   145.83212   147.38776   148.94339   150.49902   152.05464   153.61031   155.16592   156.72156   158.27719   159.83282   161.38846   162.94411   164.49973   166.05536   167.61101   169.16663   170.72227   172.27791   173.83356   175.38918   176.94481   178.50046   180.05609   181.61171     0.00000     0.00000     0.00000     0.00000     0.00000     0.00000     0.00000     0.00000     0.00000     0.00000     0.00000     0.00000     0.00000     0.00000     0.00000     0.00000     0.00000     0.00000     0.00000     0.00000     0.00000     0.00000     0.00000     0.00000     0.00000     0.00000     0.00000     0.00000     0.00000     0.00000     0.00000     0.00000     0.00000     0.00000     0.00000     0.00000     0.00000     0.00000     0.00000     0.00000     0.00000     0.00000     0.00000     0.00000     0.00000     0.00000     0.00000     0.00000     0.00000     0.00000     0.00000     0.00000     0.00000     0.00000     0.00000     0.00000     0.00000     0.00000     0.00000     0.00000     0.00000     0.00000     0.00000     0.00000     0.00000     0.00000     0.00000     0.00000     0.00000
     0.00000     0.00000     0.00000     0.00000     0.00000     0.00000     0.00000     0.00000     0.00000     0.00000     0.00000     0.00000     0.00000     0.00000     0.00000     0.00000     0.00000     0.00000     0.00000     0.00000     0.00000     0.00000     0.00000     0.00000     0.00000     0.00000     0.00000     0.00000     0.00000     0.00000     0.00000     0.00000     0.00000     0.00000     0.00000     0.00000     0.00000     0.00000     0.00000     0.00000     0.00000     0.00000     0.00000     0.00000     0.00000     0.00000     0.00000     0.00000     0.00000     0.00000     0.00000     0.00000     0.00000     0.00000     0.00000     0.00000     0.00000     0.00000     0.00000     0.00000     0.00000     0.00000     0.00000     0.00000     0.00000     0.00000     0.00000     0.00000    -6.50683    -6.49976    -6.49268    -6.48561    -6.47854    -6.47147    -6.46440    -6.45733    -6.45026    -6.44319    -6.43612    -6.42905    -6.42197    -6.41490    -6.40783    -6.40076    -6.39369    -6.38662    -6.37955    -6.37248    -6.36541    -6.35833    -6.35126    -6.34419    -6.33712    -6.33005    -6.32298    -6.31591    -6.30884    -6.30177    -6.29469    -6.28762    -6.28055    -6.27348    -6.26641    -6.25934    -6.25227    -6.24520    -6.23813    -6.23106    -6.22398    -6.21691    -6.20984    -6.20277   107.22408   108.77972   110.33534   111.89098   113.44663   115.00226   116.55789   118.11352   119.66915   121.22481   122.78043   124.33606   125.89170   127.44733   129.00298   130.55861   132.11424   133.66988   135.22549   136.78113   138.33679   139.89243   141.44804   143.00368   144.55931   146.11496   147.67061   149.22623   150.78186   152.33748   153.89314   155.44876   157.00441   158.56003   160.11566   161.67130   163.22696   164.78258   166.33821   167.89384   169.44946   171.00513   172.56076   174.11639   175.67201   177.22765   178.78329   180.33893   181.89456     0.00000     0.00000     0.00000     0.00000     0.00000     0.00000     0.00000     0.00000     0.00000     0.00000     0.00000     0.00000     0.00000     0.00000     0.00000     0.00000     0.00000     0.00000     0.00000     0.00000     0.00000     0.00000     0.00000     0.00000     0.00000     0.00000     0.00000     0.00000     0.00000     0.00000     0.00000     0.00000     0.00000     0.00000     0.00000     0.00000     0.00000     0.00000     0.00000     0.00000     0.00000     0.00000     0.00000     0.00000     0.00000     0.00000     0.00000     0.00000     0.00000     0.00000     0.00000     0.00000     0.00000     0.00000     0.00000     0.00000     0.00000     0.00000     0.00000     0.00000     0.00000     0.00000     0.00000     0.00000     0.00000     0.00000     0.00000     0.00000
     0.00000     0.00000     0.00000     0.00000     0.00000     0.00000     0.00000     0.00000     0.00000     0.00000     0.00000     0.00000     0.00000     0.00000     0.00000     0.00000     0.00000     0.00000     0.00000     0.00000     0.00000     0.00000     0.00000     0.00000     0.00000     0.00000     0.00000     0.00000     0.00000     0.00000     0.00000     0.00000     0.00000     0.00000     0.00000     0.00000     0.00000     0.00000     0.00000     0.00000     0.00000     0.00000     0.00000     0.00000     0.00000     0.00000     0.00000     0.00000     0.00000     0.00000     0.00000     0.00000     0.00000     0.00000     0.00000     0.00000     0.00000     0.00000     0.00000     0.00000     0.00000     0.00000     0.00000     0.00000     0.00000     0.00000     0.00000    -6.50683    -6.49976    -6.49268    -6.48561    -6.47854    -6.47147    -6.46440    -6.45733    -6.45026    -6.44319    -6.43612    -6.42905    -6.42197    -6.41490    -6.40783    -6.40076    -6.39369    -6.38662    -6.37955    -6.37248    -6.36541    -6.35833    -6.35126    -6.34419    -6.33712    -6.33005    -6.32298    -6.31591    -6.30884    -6.30177    -6.29469    -6.28762    -6.28055    -6.27348    -6.26641    -6.25934    -6.25227    -6.24520    -6.23813    -6.23106    -6.22398    -6.21691    -6.20984    -6.20277   104.39566   105.95130   107.50693   109.06256   110.61819   112.17381   113.72948   115.28510   116.84073   118.39636   119.95200   121.50764   123.06328   124.61890   126.17455   127.73017   129.28583   130.84145   132.39709   133.95271   135.50835   137.06398   138.61963   140.17526   141.73090   143.28653   144.84215   146.39781   147.95345   149.50906   151.06470   152.62033   154.17599   155.73161   157.28725   158.84286   160.39850   161.95415   163.50980   165.06541   166.62105   168.17670   169.73232   171.28796   172.84360   174.39923   175.95485   177.51050   179.06615   180.62178   182.17740     0.00000     0.00000     0.00000     0.00000     0.00000     0.00000     0.00000     0.00000     0.00000     0.00000     0.00000     0.00000     0.00000     0.00000     0.00000     0.00000     0.00000     0.00000     0.00000     0.00000     0.00000     0.00000     0.00000     0.00000     0.00000     0.00000     0.00000     0.00000     0.00000     0.00000     0.00000     0.00000     0.00000     0.00000     0.00000     0.00000     0.00000     0.00000     0.00000     0.00000     0.00000     0.00000     0.00000     0.00000     0.00000     0.00000     0.00000     0.00000     0.00000     0.00000     0.00000     0.00000     0.00000     0.00000     0.00000     0.00000     0.00000     0.00000     0.00000     0.00000     0.00000     0.00000     0.00000     0.00000     0.00000     0.00000     0.00000
     0.00000     0.00000     0.00000     0.00000     0.00000     0.00000     0.00000     0.00000     0.00000     0.00000     0.00000     0.00000     0.00000     0.00000     0.00000     0.00000     0.00000     0.00000     0.00000     0.00000     0.00000     0.00000     0.00000     0.00000     0.00000     0.00000     0.00000     0.00000     0.00000     0.00000     0.00000     0.00000     0.00000     0.00000     0.00000     0.00000     0.00000     0.00000     0.00000     0.00000     0.00000     0.00000     0.00000     0.00000     0.00000     0.00000     0.00000     0.00000     0.00000     0.00000     0.00000     0.00000     0.00000     0.00000     0.00000     0.00000     0.00000     0.00000     0.00000     0.00000     0.00000     0.00000     0.00000     0.00000     0.00000     0.00000    -6.50683    -6.49976    -6.49268    -6.48561    -6.47854    -6.47147    -6.46440    -6.45733    -6.45026    -6.44319    -6.43612    -6.42905    -6.42197    -6.41490    -6.40783    -6.40076    -6.39369    -6.38662    -6.37955    -6.37248    -6.36541    -6.35833    -6.35126    -6.34419    -6.33712    -6.33005    -6.32298    -6.31591    -6.30884    -6.30177    -6.29469    -6.28762    -6.28055    -6.27348    -6.26641    -6.25934    -6.25227    -6.24520    -6.23813    -6.23106    -6.22398    -6.21691    -6.20984    -6.20277   101.56722   103.12286   104.67850   106.23415   107.78977   109.34540   110.90103   112.45666   114.01231   115.56795   117.12357   118.67920   120.23484   121.79049   123.34612   124.90175   126.45738   128.01302   129.56866   131.12430   132.67993   134.23557   135.79118   137.34682   138.90248   140.45810   142.01373   143.56937   145.12500   146.68065   148.23628   149.79190   151.34755   152.90317   154.45883   156.01445   157.57010   159.12572   160.68135   162.23698   163.79263   165.34827   166.90390   168.45953   170.01515   171.57080   173.12643   174.68207   176.23770   177.79333   179.34898   180.90462   182.46024     0.00000     0.00000     0.00000     0.00000     0.00000     0.00000     0.00000     0.00000     0.00000     0.00000     0.00000     0.00000     0.00000     0.00000     0.00000     0.00000     0.00000     0.00000     0.00000     0.00000     0.00000     0.00000     0.00000     0.00000     0.00000     0.00000     0.00000     0.00000     0.00000     0.00000     0.00000     0.00000     0.00000     0.00000     0.00000     0.00000     0.00000     0.00000     0.00000     0.00000     0.00000     0.00000     0.00000     0.00000     0.00000     0.00000     0.00000     0.00000     0.00000     0.00000     0.00000     0.00000     0.00000     0.00000     0.00000     0.00000     0.00000     0.00000     0.00000     0.00000     0.00000     0.00000     0.00000     0.00000     0.00000     0.00000
     0.00000     0.00000     0.00000     0.00000     0.00000     0.00000     0.00000     0.00000     0.00000     0.00000     0.00000     0.00000     0.00000     0.00000     0.00000     0.00000     0.00000     0.00000     0.00000     0.00000     0.00000     0.00000     0.00000     0.00000     0.00000     0.00000     0.00000     0.00000     0.00000     0.00000     0.00000     0.00000     0.00000     0.00000     0.00000     0.00000     0.00000     0.00000     0.00000     0.00000     0.00000     0.00000     0.00000     0.00000     0.00000     0.00000     0.00000     0.00000     0.00000     0.00000     0.00000     0.00000     0.00000     0.00000     0.00000     0.00000     0.00000     0.00000     0.00000     0.00000     0.00000     0.00000     0.00000     0.00000     0.00000    -6.50683    -6.49976    -6.49268    -6.48561    -6.47854    -6.47147    -6.46440    -6.45733    -6.45026    -6.44319    -6.43612    -6.42905    -6.42197    -6.41490    -6.40783    -6.40076    -6.39369    -6.38662    -6.37955    -6.37248    -6.36541    -6.35833    -6.35126    -6.34419    -6.33712    -6.33005    -6.32298    -6.31591    -6.30884    -6.30177    -6.29469    -6.28762    -6.28055    -6.27348    -6.26641    -6.25934    -6.25227    -6.24520    -6.23813    -6.23106    -6.22398    -6.21691    -6.20984    -6.20277    98.73880   100.29444   101.85007   103.40570   104.96135   106.51698   108.07262   109.62824   111.18387   112.73950   114.29516   115.85078   117.40642   118.96204   120.51768   122.07333   123.62897   125.18459   126.74023   128.29585   129.85150   131.40714   132.96277   134.51840   136.07404   137.62967   139.18532   140.74095   142.29657   143.85220   145.40784   146.96350   148.51913   150.07475   151.63039   153.18600   154.74167   156.29730   157.85294   159.40855   160.96419   162.51984   164.07549   165.63110   167.18674   168.74237   170.29799   171.85364   173.40929   174.96492   176.52054   178.07617   179.63184   181.18747   182.74309     0.00000     0.00000     0.00000     0.00000     0.00000     0.00000     0.00000     0.00000     0.00000     0.00000     0.00000     0.00000     0.00000     0.00000     0.00000     0.00000     0.00000     0.00000     0.00000     0.00000     0.00000     0.00000     0.00000     0.00000     0.00000     0.00000     0.00000     0.00000     0.00000     0.00000     0.00000     0.00000     0.00000     0.00000     0.00000     0.00000     0.00000     0.00000     0.00000     0.00000     0.00000     0.00000     0.00000     0.00000     0.00000     0.00000     0.00000     0.00000     0.00000     0.00000     0.00000     0.00000     0.00000     0.00000     0.00000     0.00000     0.00000     0.00000     0.00000     0.00000     0.00000     0.00000     0.00000     0.00000     0.00000
     0.00000     0.00000     0.00000     0.00000     0.00000     0.00000     0.00000     0.00000     0.00000     0.00000     0.00000     0.00000     0.00000     0.00000     0.00000     0.00000     0.00000     0.00000     0.00000     0.00000     0.00000     0.00000     0.00000     0.00000     0.00000     0.00000     0.00000     0.00000     0.00000     0.00000     0.00000     0.00000     0.00000     0.00000     0.00000     0.00000     0.00000     0.00000     0.00000     0.00000     0.00000     0.00000     0.00000     0.00000     0.00000     0.00000     0.00000     0.00000     0.00000     0.00000     0.00000     0.00000     0.00000     0.00000     0.00000     0.00000     0.00000     0.00000     0.00000     0.00000     0.00000     0.00000     0.00000     0.00000    -6.50683    -6.49976    -6.49268    -6.48561    -6.47854    -6.47147    -6.46440    -6.45733    -6.45026    -6.44319    -6.43612    -6.42905    -6.42197    -6.41490    -6.40783    -6.40076    -6.39369    -6.38662    -6.37955    -6.37248    -6.36541    -6.35833    -6.35126    -6.34419    -6.33712    -6.33005    -6.32298    -6.31591    -6.30884    -6.30177    -6.29469    -6.28762    -6.28055    -6.27348    -6.26641    -6.25934    -6.25227    -6.24520    -6.23813    -6.23106    -6.22398    -6.21691    -6.20984    -6.20277    95.91036    97.46602    99.02164   100.57729   102.13291   103.68854   105.24419   106.79983   108.35545   109.91109   111.46671   113.02234   114.57800   116.13363   117.68926   119.24489   120.80052   122.35618   123.91180   125.46744   127.02307   128.57870   130.13435   131.68997   133.24562   134.80124   136.35687   137.91251   139.46817   141.02379   142.57942   144.13504   145.69067   147.24634   148.80197   150.35759   151.91324   153.46886   155.02452   156.58014   158.13577   159.69141   161.24704   162.80267   164.35832   165.91394   167.46957   169.02521   170.58084   172.13649   173.69212   175.24776   176.80338   178.35902   179.91467   181.47031   183.02592     0.00000     0.00000     0.00000     0.00000     0.00000     0.00000     0.00000     0.00000     0.00000     0.00000     0.00000     0.00000     0.00000     0.00000     0.00000     0.00000     0.00000     0.00000     0.00000     0.00000     0.00000     0.00000     0.00000     0.00000     0.00000     0.00000     0.00000     0.00000     0.00000     0.00000     0.00000     0.00000     0.00000     0.00000     0.00000     0.00000     0.00000     0.00000     0.00000     0.00000     0.00000     0.00000     0.00000     0.00000     0.00000     0.00000     0.00000     0.00000     0.00000     0.00000     0.00000     0.00000     0.00000     0.00000     0.00000     0.00000     0.00000     0.00000     0.00000     0.00000     0.00000     0.00000     0.00000     0.00000
     0.00000     0.00000     0.00000     0.00000     0.00000     0.00000     0.00000     0.00000     0.00000     0.00000     0.00000     0.00000     0.00000     0.00000     0.00000     0.00000     0.00000     0.00000     0.00000     0.00000     0.00000     0.00000     0.00000     0.00000     0.00000     0.00000     0.00000     0.00000     0.00000     0.00000     0.00000     0.00000     0.00000     0.00000     0.00000     0.00000     0.00000     0.00000     0.00000     0.00000     0.00000     0.00000     0.00000     0.00000     0.00000     0.00000     0.00000     0.00000     0.00000     0.00000     0.00000     0.00000     0.00000     0.00000     0.00000     0.00000     0.00000     0.00000     0.00000     0.00000     0.00000     0.00000     0.00000    -6.50683    -6.49976    -6.49268    -6.48561    -6.47854    -6.47147    -6.46440    -6.45733    -6.45026    -6.44319    -6.43612    -6.42905    -6.42197    -6.41490    -6.40783    -6.40076    -6.39369    -6.38662    -6.37955    -6.37248    -6.36541    -6.35833    -6.35126    -6.34419    -6.33712    -6.33005    -6.32298    -6.31591    -6.30884    -6.30177    -6.29469    -6.28762    -6.28055    -6.27348    -6.26641    -6.25934    -6.25227    -6.24520    -6.23813    -6.23106    -6.22398    -6.21691    -6.20984    -6.20277    93.08194    94.63758    96.19321    97.74886    99.30449   100.86012   102.41576   103.97138   105.52703   107.08267   108.63830   110.19392   111.74956   113.30518   114.86085   116.41647   117.97211   119.52773   121.08337   122.63902   124.19465   125.75027   127.30591   128.86154   130.41719   131.97282   133.52846   135.08409   136.63971   138.19534   139.75101   141.30664   142.86226   144.41789   145.97353   147.52917   149.08481   150.64044   152.19608   153.75169   155.30736   156.86298   158.41862   159.97424   161.52988   163.08551   164.64116   166.19678   167.75243   169.30806   170.86368   172.41933   173.97498   175.53061   177.08623   178.64186   180.19751   181.75314   183.30878     0.00000     0.00000     0.00000     0.00000     0.00000     0.00000     0.00000     0.00000     0.00000     0.00000     0.00000     0.00000     0.00000     0.00000     0.00000     0.00000     0.00000     0.00000     0.00000     0.00000     0.00000     0.00000     0.00000     0.00000     0.00000     0.00000     0.00000     0.00000     0.00000     0.00000     0.00000     0.00000     0.00000     0.00000     0.00000     0.00000     0.00000     0.00000     0.00000     0.00000     0.00000     0.00000     0.00000     0.00000     0.00000     0.00000     0.00000     0.00000     0.00000     0.00000     0.00000     0.00000     0.00000     0.00000     0.00000     0.00000     0.00000     0.00000     0.00000     0.00000     0.00000     0.00000     0.00000
     0.00000     0.00000     0.00000     0.00000     0.00000     0.00000     0.00000     0.00000     0.00000     0.00000     0.00000     0.00000     0.00000     0.00000     0.00000     0.00000     0.00000     0.00000     0.00000     0.00000     0.00000     0.00000     0.00000     0.00000     0.00000     0.00000     0.00000     0.00000     0.00000     0.00000     0.00000     0.00000     0.00000     0.00000     0.00000     0.00000     0.00000     0.00000     0.00000     0.00000     0.00000     0.00000     0.00000     0.00000     0.00000     0.00000     0.00000     0.00000     0.00000     0.00000     0.00000     0.00000     0.00000     0.00000     0.00000     0.00000     0.00000     0.00000     0.00000     0.00000     0.00000     0.00000    -6.50683    -6.49976    -6.49268    -6.48561    -6.47854    -6.47147    -6.46440    -6.45733    -6.45026    -6.44319    -6.43612    -6.42905    -6.42197    -6.41490    -6.40783    -6.40076    -6.39369    -6.38662    -6.37955    -6.37248    -6.36541    -6.35833    -6.35126    -6.34419    -6.33712    -6.33005    -6.32298    -6.31591    -6.30884    -6.30177    -6.29469    -6.28762    -6.28055    -6.27348    -6.26641    -6.25934    -6.25227    -6.24520    -6.23813    -6.23106    -6.22398    -6.21691    -6.20984    -6.20277    90.25352    91.80916    93.36478    94.92043    96.47605    98.03170    99.58733   101.14297   102.69859   104.25423   105.80988   107.36551   108.92114   110.47677   112.03240   113.58803   115.14369   116.69932   118.25494   119.81058   121.36621   122.92186   124.47749   126.03312   127.58876   129.14438   130.70004   132.25566   133.81131   135.36693   136.92256   138.47818   140.03384   141.58948   143.14511   144.70073   146.25636   147.81203   149.36766   150.92328   152.47891   154.03455   155.59021   157.14583   158.70146   160.25708   161.81271   163.36835   164.92401   166.47963   168.03526   169.59090   171.14651   172.70218   174.25781   175.81345   177.36906   178.92471   180.48036   182.03600   183.59161     0.00000     0.00000     0.00000     0.00000     0.00000     0.00000     0.00000     0.00000     0.00000     0.00000     0.00000     0.00000     0.00000     0.00000     0.00000     0.00000     0.00000     0.00000     0.00000     0.00000     0.00000     0.00000     0.00000     0.00000     0.00000     0.00000     0.00000     0.00000     0.00000     0.00000     0.00000     0.00000     0.00000     0.00000     0.00000     0.00000     0.00000     0.00000     0.00000     0.00000     0.00000     0.00000     0.00000     0.00000     0.00000     0.00000     0.00000     0.00000     0.00000     0.00000     0.00000     0.00000     0.00000     0.00000     0.00000     0.00000     0.00000     0.00000     0.00000     0.00000     0.00000     0.00000
     0.00000     0.00000     0.00000     0.00000     0.00000     0.00000     0.00000     0.00000     0.00000     0.00000     0.00000     0.00000     0.00000     0.00000     0.00000     0.00000     0.00000     0.00000     0.00000     0.00000     0.00000     0.00000     0.00000     0.00000     0.00000     0.00000     0.00000     0.00000     0.00000     0.00000     0.00000     0.00000     0.00000     0.00000     0.00000     0.00000     0.00000     0.00000     0.00000     0.00000     0.00000     0.00000     0.00000     0.00000     0.00000     0.00000     0.00000     0.00000     0.00000     0.00000     0.00000     0.00000     0.00000     0.00000     0.00000     0.00000     0.00000     0.00000     0.00000     0.00000     0.00000    -6.50683    -6.49976    -6.49268    -6.48561    -6.47854    -6.47147    -6.46440    -6.45733    -6.45026    -6.44319    -6.43612    -6.42905    -6.42197    -6.41490    -6.40783    -6.40076    -6.39369    -6.38662    -6.37955    -6.37248    -6.36541    -6.35833    -6.35126    -6.34419    -6.33712    -6.33005    -6.32298    -6.31591    -6.30884    -6.30177    -6.29469    -6.28762    -6.28055    -6.27348    -6.26641    -6.25934    -6.25227    -6.24520    -6.23813    -6.23106    -6.22398    -6.21691    -6.20984    -6.20277    87.42508    88.98074    90.53637    92.09200    93.64763    95.20326    96.75890    98.31454    99.87017   101.42581   102.98144   104.53706   106.09272   107.64835   109.20399   110.75961   112.31525   113.87087   115.42653   116.98216   118.53779   120.09341   121.64905   123.20470   124.76033   126.31596   127.87160   129.42723   130.98288   132.53851   134.09415   135.64978   137.20540   138.76103   140.31670   141.87231   143.42795   144.98358   146.53920   148.09486   149.65050   151.20612   152.76176   154.31738   155.87305   157.42867   158.98430   160.53992   162.09557   163.65120   165.20685   166.76247   168.31812   169.87375   171.42937   172.98502   174.54065   176.09628   177.65192   179.20755   180.76320   182.31883   183.87445     0.00000     0.00000     0.00000     0.00000     0.00000     0.00000     0.00000     0.00000     0.00000     0.00000     0.00000     0.00000     0.00000     0.00000     0.00000     0.00000     0.00000     0.00000     0.00000     0.00000     0.00000     0.00000     0.00000     0.00000     0.00000     0.00000     0.00000     0.00000     0.00000     0.00000     0.00000     0.00000     0.00000     0.00000     0.00000     0.00000     0.00000     0.00000     0.00000     0.00000     0.00000     0.00000     0.00000     0.00000     0.00000     0.00000     0.00000     0.00000     0.00000     0.00000     0.00000     0.00000     0.00000     0.00000     0.00000     0.00000     0.00000     0.00000     0.00000     0.00000     0.00000
     0.00000     0.00000     0.00000     0.00000     0.00000     0.00000     0.00000     0.00000     0.00000     0.00000     0.00000     0.00000     0.00000     0.00000     0.00000     0.00000     0.00000     0.00000     0.00000     0.00000     0.00000     0.00000     0.00000     0.00000     0.00000     0.00000     0.00000     0.00000     0.00000     0.00000     0.00000     0.00000     0.00000     0.00000     0.00000     0.00000     0.00000     0.00000     0.00000     0.00000     0.00000     0.00000     0.00000     0.00000     0.00000     0.00000     0.00000     0.00000     0.00000     0.00000     0.00000     0.00000     0.00000     0.00000     0.00000     0.00000     0.00000     0.00000     0.00000     0.00000    -6.50683    -6.49976    -6.49268    -6.48561    -6.47854    -6.47147    -6.46440    -6.45733    -6.45026    -6.44319    -6.43612    -6.42905    -6.42197    -6.41490    -6.40783    -6.40076    -6.39369    -6.38662    -6.37955    -6.37248    -6.36541    -6.35833    -6.35126    -6.34419    -6.33712    -6.33005    -6.32298    -6.31591    -6.30884    -6.30177    -6.29469    -6.28762    -6.28055    -6.27348    -6.26641    -6.25934    -6.25227    -6.24520    -6.23813    -6.23106    -6.22398    -6.21691    -6.20984    -6.20277    84.59666    86.15230    87.70792    89.26358    90.81921    92.37484    93.93047    95.48611    97.04173    98.59739   100.15302   101.70865   103.26428   104.81991   106.37556   107.93120   109.48683   111.04246   112.59808   114.15372   115.70937   117.26500   118.82063   120.37626   121.93190   123.48755   125.04317   126.59880   128.15445   129.71007   131.26572   132.82135   134.37698   135.93262   137.48825   139.04387   140.59953   142.15517   143.71078   145.26642   146.82205   148.37772   149.93335   151.48897   153.04460   154.60022   156.15588   157.71152   159.26715   160.82277   162.37840   163.93404   165.48969   167.04532   168.60095   170.15659   171.71220   173.26785   174.82350   176.37914   177.93475   179.49039   181.04605   182.60168   184.15730     0.00000     0.00000     0.00000     0.00000     0.00000     0.00000     0.00000     0.00000     0.00000     0.00000     0.00000     0.00000     0.00000     0.00000     0.00000     0.00000     0.00000     0.00000     0.00000     0.00000     0.00000     0.00000     0.00000     0.00000     0.00000     0.00000     0.00000     0.00000     0.00000     0.00000     0.00000     0.00000     0.00000     0.00000     0.00000     0.00000     0.00000     0.00000     0.00000     0.00000     0.00000     0.00000     0.00000     0.00000     0.00000     0.00000     0.00000     0.00000     0.00000     0.00000     0.00000     0.00000     0.00000     0.00000     0.00000     0.00000     0.00000     0.00000     0.00000     0.00000
     0.00000     0.00000     0.00000     0.00000     0.00000     0.00000     0.00000     0.00000     0.00000     0.00000     0.00000     0.00000     0.00000     0.00000     0.00000     0.00000     0.00000     0.00000     0.00000     0.00000     0.00000     0.00000     0.00000     0.00000     0.00000     0.00000     0.00000     0.00000     0.00000     0.00000     0.00000     0.00000     0.00000     0.00000     0.00000     0.00000     0.00000     0.00000     0.00000     0.00000     0.00000     0.00000     0.00000     0.00000     0.00000     0.00000     0.00000     0.00000     0.00000     0.00000     0.00000     0.00000     0.00000     0.00000     0.00000     0.00000     0.00000     0.00000     0.00000    -6.50683    -6.49976    -6.49268    -6.48561    -6.47854    -6.47147    -6.46440    -6.45733    -6.45026    -6.44319    -6.43612    -6.42905    -6.42197    -6.41490    -6.40783    -6.40076    -6.39369    -6.38662    -6.37955    -6.37248    -6.36541    -6.35833    -6.35126    -6.34419    -6.33712    -6.33005    -6.32298    -6.31591    -6.30884    -6.30177    -6.29469    -6.28762    -6.28055    -6.27348    -6.26641    -6.25934    -6.25227    -6.24520    -6.23813    -6.23106    -6.22398    -6.21691    -6.20984    -6.20277    81.76825    83.32388    84.87951    86.43513    87.99077    89.54642    91.10206    92.65768    94.21331    95.76895    97.32458    98.88023   100.43586   101.99149   103.54713   105.10275   106.65840   108.21404   109.76967   111.32530   112.88093   114.43655   115.99222   117.54784   119.10347   120.65910   122.21474   123.77039   125.32602   126.88165   128.43729   129.99292   131.54857   133.10419   134.65984   136.21545   137.77109   139.32672   140.88237   142.43800   143.99364   145.54926   147.10489   148.66055   150.21619   151.77180   153.32744   154.88306   156.43874   157.99435   159.54999   161.10561   162.66125   164.21689   165.77254   167.32816   168.88379   170.43942   171.99506   173.55070   175.10634   176.66197   178.21759   179.77324   181.32889   182.88452   184.44014     0.00000     0.00000     0.00000     0.00000     0.00000     0.00000     0.00000     0.00000     0.00000     0.00000     0.00000     0.00000     0.00000     0.00000     0.00000     0.00000     0.00000     0.00000     0.00000     0.00000     0.00000     0.00000     0.00000     0.00000     0.00000     0.00000     0.00000     0.00000     0.00000     0.00000     0.00000     0.00000     0.00000     0.00000     0.00000     0.00000     0.00000     0.00000     0.00000     0.00000     0.00000     0.00000     0.00000     0.00000     0.00000     0.00000     0.00000     0.00000     0.00000     0.00000     0.00000     0.00000     0.00000     0.00000     0.00000     0.00000     0.00000     0.00000     0.00000
     0.00000     0.00000     0.00000     0.00000     0.00000     0.00000     0.00000     0.00000     0.00000     0.00000     0.00000     0.00000     0.00000     0.00000     0.00000     0.00000     0.00000     0.00000     0.00000     0.00000     0.00000     0.00000     0.00000     0.00000     0.00000     0.00000     0.00000     0.00000     0.00000     0.00000     0.00000     0.00000     0.00000     0.00000     0.00000     0.00000     0.00000     0.00000     0.00000     0.00000     0.00000     0.00000     0.00000     0.00000     0.00000     0.00000     0.00000     0.00000     0.00000     0.00000     0.00000     0.00000     0.00000     0.00000     0.00000     0.00000     0.00000     0.00000    -6.50683    -6.49976    -6.49268    -6.48561    -6.47854    -6.47147    -6.46440    -6.45733    -6.45026    -6.44319    -6.43612    -6.42905    -6.42197    -6.41490    -6.40783    -6.40076    -6.39369    -6.38662    -6.37955    -6.37248    -6.36541    -6.35833    -6.35126    -6.34419    -6.33712    -6.33005    -6.32298    -6.31591    -6.30884    -6.30177    -6.29469    -6.28762    -6.28055    -6.27348    -6.26641    -6.25934    -6.25227    -6.24520    -6.23813    -6.23106    -6.22398    -6.21691    -6.20984    -6.20277    78.93980    80.49544    82.05109    83.60672    85.16235    86.71798    88.27361    89.82927    91.38490    92.94053    94.49615    96.05179    97.60742    99.16307   100.71870   102.27434   103.82997   105.38560   106.94125   108.49689   110.05251   111.60814   113.16377   114.71940   116.27505   117.83069   119.38631   120.94194   122.49758   124.05324   125.60886   127.16449   128.72012   130.27576   131.83141   133.38704   134.94267   136.49831   138.05392   139.60956   141.16522   142.72086   144.27647   145.83211   147.38773   148.94339   150.49902   152.05466   153.61029   155.16591   156.72157   158.27719   159.83282   161.38846   162.94409   164.49973   166.05537   167.61099   169.16664   170.72227   172.27789   173.83354   175.38919   176.94482   178.50044   180.05608   181.61172   183.16736   184.72299     0.00000     0.00000     0.00000     0.00000     0.00000     0.00000     0.00000     0.00000     0.00000     0.00000     0.00000     0.00000     0.00000     0.00000     0.00000     0.00000     0.00000     0.00000     0.00000     0.00000     0.00000     0.00000     0.00000     0.00000     0.00000     0.00000     0.00000     0.00000     0.00000     0.00000     0.00000     0.00000     0.00000     0.00000     0.00000     0.00000     0.00000     0.00000     0.00000     0.00000     0.00000     0.00000     0.00000     0.00000     0.00000     0.00000     0.00000     0.00000     0.00000     0.00000     0.00000     0.00000     0.00000     0.00000     0.00000     0.00000     0.00000     0.00000
     0.00000     0.00000     0.00000     0.00000     0.00000     0.00000     0.00000     0.00000     0.00000     0.00000     0.00000     0.00000     0.00000     0.00000     0.00000     0.00000     0.00000     0.00000     0.00000     0.00000     0.00000     0.00000     0.00000     0.00000     0.00000     0.00000     0.00000     0.00000     0.00000     0.00000     0.00000     0.00000     0.00000     0.00000     0.00000     0.00000     0.00000     0.00000     0.00000     0.00000     0.00000     0.00000     0.00000     0.00000     0.00000     0.00000     0.00000     0.00000     0.00000     0.00000     0.00000     0.00000     0.00000     0.00000     0.00000     0.00000     0.00000    -6.50683    -6.49976    -6.49268    -6.48561    -6.47854    -6.47147    -6.46440    -6.45733    -6.45026    -6.44319    -6.43612    -6.42905    -6.42197    -6.41490    -6.40783    -6.40076    -6.39369    -6.38662    -6.37955    -6.37248    -6.36541    -6.35833    -6.35126    -6.34419    -6.33712    -6.33005    -6.32298    -6.31591    -6.30884    -6.30177    -6.29469    -6.28762    -6.28055    -6.27348    -6.26641    -6.25934    -6.25227    -6.24520    -6.23813    -6.23106    -6.22398    -6.21691    -6.20984    -6.20277    76.11139    77.66702    79.22265    80.77827    82.33394    83.88956    85.44520    87.00082    88.55645    90.11211    91.66774    93.22337    94.77900    96.33463    97.89027    99.44592   101.00154   102.55718   104.11281   105.66844   107.22409   108.77972   110.33536   111.89098   113.44661   115.00224   116.55790   118.11353   119.66916   121.22479   122.78043   124.33607   125.89171   127.44733   129.00298   130.55859   132.11426   133.66988   135.22551   136.78114   138.33678   139.89240   141.44806   143.00369   144.55933   146.11494   147.67058   149.22623   150.78188   152.33749   153.89313   155.44875   157.00443   158.56004   160.11568   161.67130   163.22693   164.78256   166.33823   167.89384   169.44948   171.00511   172.56073   174.11639   175.67203   177.22766   178.78328   180.33891   181.89456   183.45021   185.00583     0.00000     0.00000     0.00000     0.00000     0.00000     0.00000     0.00000     0.00000     0.00000     0.00000     0.00000     0.00000     0.00000     0.00000     0.00000     0.00000     0.00000     0.00000     0.00000     0.00000     0.00000     0.00000     0.00000     0.00000     0.00000     0.00000     0.00000     0.00000     0.00000     0.00000     0.00000     0.00000     0.00000     0.00000     0.00000     0.00000     0.00000     0.00000     0.00000     0.00000     0.00000     0.00000     0.00000     0.00000     0.00000     0.00000     0.00000     0.00000     0.00000     0.00000     0.00000     0.00000     0.00000     0.00000     0.00000     0.00000     0.00000
     0.00000     0.00000     0.00000     0.00000     0.00000     0.00000     0.00000     0.00000     0.00000     0.00000     0.00000     0.00000     0.00000     0.00000     0.00000     0.00000     0.00000     0.00000     0.00000     0.00000     0.00000     0.00000     0.00000     0.00000     0.00000     0.00000     0.00000     0.00000     0.00000     0.00000     0.00000     0.00000     0.00000     0.00000     0.00000     0.00000     0.00000     0.00000     0.00000     0.00000     0.00000     0.00000     0.00000     0.00000     0.00000     0.00000     0.00000     0.00000     0.00000     0.00000     0.00000     0.00000     0.00000     0.00000     0.00000     0.00000    -6.50683    -6.49976    -6.49268    -6.48561    -6.47854    -6.47147    -6.46440    -6.45733    -6.45026    -6.44319    -6.43612    -6.42905    -6.42197    -6.41490    -6.40783    -6.40076    -6.39369    -6.38662    -6.37955    -6.37248    -6.36541    -6.35833    -6.35126    -6.34419    -6.33712    -6.33005    -6.32298    -6.31591    -6.30884    -6.30177    -6.29469    -6.28762    -6.28055    -6.27348    -6.26641    -6.25934    -6.25227    -6.24520    -6.23813    -6.23106    -6.22398    -6.21691    -6.20984    -6.20277    73.28294    74.83860    76.39423    77.94986    79.50549    81.06112    82.61678    84.17241    85.72803    87.28367    88.83929    90.39496    91.95058    93.50621    95.06184    96.61748    98.17311    99.72876   101.28439   102.84003   104.39565   105.95128   107.50693   109.06257   110.61819   112.17383   113.72945   115.28508   116.84074   118.39638   119.95200   121.50763   123.06326   124.61892   126.17455   127.73018   129.28581   130.84145   132.39709   133.95273   135.50836   137.06400   138.61961   140.17525   141.73090   143.28653   144.84216   146.39780   147.95341   149.50908   151.06471   152.62033   154.17596   155.73160   157.28726   158.84288   160.39851   161.95413   163.50978   165.06541   166.62106   168.17668   169.73233   171.28796   172.84358   174.39923   175.95486   177.51050   179.06613   180.62177   182.17741   183.73305   185.28867     0.00000     0.00000     0.00000     0.00000     0.00000     0.00000     0.00000     0.00000     0.00000     0.00000     0.00000     0.00000     0.00000     0.00000     0.00000     0.00000     0.00000     0.00000     0.00000     0.00000     0.00000     0.00000     0.00000     0.00000     0.00000     0.00000     0.00000     0.00000     0.00000     0.00000     0.00000     0.00000     0.00000     0.00000     0.00000     0.00000     0.00000     0.00000     0.00000     0.00000     0.00000     0.00000     0.00000     0.00000     0.00000     0.00000     0.00000     0.00000     0.00000     0.00000     0.00000     0.00000     0.00000     0.00000     0.00000     0.00000
     0.00000     0.00000     0.00000     0.00000     0.00000     0.00000     0.00000     0.00000     0.00000     0.00000     0.00000     0.00000     0.00000     0.00000     0.00000     0.00000     0.00000     0.00000     0.00000     0.00000     0.00000     0.00000     0.00000     0.00000     0.00000     0.00000     0.00000     0.00000     0.00000     0.00000     0.00000     0.00000     0.00000     0.00000     0.00000     0.00000     0.00000     0.00000     0.00000     0.00000     0.00000     0.00000     0.00000     0.00000     0.00000     0.00000     0.00000     0.00000     0.00000     0.00000     0.00000     0.00000     0.00000     0.00000     0.00000    -6.50683    -6.49976    -6.49268    -6.48561    -6.47854    -6.47147    -6.46440    -6.45733    -6.45026    -6.44319    -6.43612    -6.42905    -6.42197    -6.41490    -6.40783    -6.40076    -6.39369    -6.38662    -6.37955    -6.37248    -6.36541    -6.35833    -6.35126    -6.34419    -6.33712    -6.33005    -6.32298    -6.31591    -6.30884    -6.30177    -6.29469    -6.28762    -6.28055    -6.27348    -6.26641    -6.25934    -6.25227    -6.24520    -6.23813    -6.23106    -6.22398    -6.21691    -6.20984    -6.20277    70.45453    72.01015    73.56579    75.12144    76.67707    78.23270    79.78834    81.34396    82.89962    84.45525    86.01088    87.56651    89.12214    90.67780    92.23343    93.78905    95.34468    96.90032    98.45595   100.01160   101.56723   103.12286   104.67850   106.23412   107.78978   109.34541   110.90104   112.45667   114.01230   115.56793   117.12359   118.67921   120.23485   121.79047   123.34611   124.90176   126.45739   128.01302   129.56865   131.12428   132.67993   134.23557   135.79120   137.34683   138.90247   140.45808   142.01375   143.56937   145.12500   146.68063   148.23627   149.79192   151.34756   152.90318   154.45882   156.01443   157.57010   159.12573   160.68137   162.23698   163.79262   165.34825   166.90390   168.45953   170.01517   171.57080   173.12642   174.68207   176.23770   177.79335   179.34897   180.90460   182.46025   184.01590   185.57152     0.00000     0.00000     0.00000     0.00000     0.00000     0.00000     0.00000     0.00000     0.00000     0.00000     0.00000     0.00000     0.00000     0.00000     0.00000     0.00000     0.00000     0.00000     0.00000     0.00000     0.00000     0.00000     0.00000     0.00000     0.00000     0.00000     0.00000     0.00000     0.00000     0.00000     0.00000     0.00000     0.00000     0.00000     0.00000     0.00000     0.00000     0.00000     0.00000     0.00000     0.00000     0.00000     0.00000     0.00000     0.00000     0.00000     0.00000     0.00000     0.00000     0.00000     0.00000     0.00000     0.00000     0.00000     0.00000
     0.00000     0.00000     0.00000     0.00000     0.00000     0.00000     0.00000     0.00000     0.00000     0.00000     0.00000     0.00000     0.00000     0.00000     0.00000     0.00000     0.00000     0.00000     0.00000     0.00000     0.00000     0.00000     0.00000     0.00000     0.00000     0.00000     0.00000     0.00000     0.00000     0.00000     0.00000     0.00000     0.00000     0.00000     0.00000     0.00000     0.00000     0.00000     0.00000     0.00000     0.00000     0.00000     0.00000     0.00000     0.00000     0.00000     0.00000     0.00000     0.00000     0.00000     0.00000     0.00000     0.00000     0.00000    -6.50683    -6.49976    -6.49268    -6.48561    -6.47854    -6.47147    -6.46440    -6.45733    -6.45026    -6.44319    -6.43612    -6.42905    -6.42197    -6.41490    -6.40783    -6.40076    -6.39369    -6.38662    -6.37955    -6.37248    -6.36541    -6.35833    -6.35126    -6.34419    -6.33712    -6.33005    -6.32298    -6.31591    -6.30884    -6.30177    -6.29469    -6.28762    -6.28055    -6.27348    -6.26641    -6.25934    -6.25227    -6.24520    -6.23813    -6.23106    -6.22398    -6.21691    -6.20984    -6.20277    67.62611    69.18174    70.73737    72.29300    73.84863    75.40429    76.95992    78.51555    80.07117    81.62681    83.18246    84.73810    86.29372    87.84935    89.40498    90.96064    92.51627    94.07190    95.62753    97.18317    98.73879   100.29444   101.85007   103.40571   104.96133   106.51697   108.07262   109.62825   111.18388   112.73952   114.29514   115.85077   117.40643   118.96206   120.51768   122.07332   123.62895   125.18460   126.74023   128.29587   129.85150   131.40714   132.96278   134.51840   136.07404   137.62967   139.18530   140.74094   142.29659   143.85222   145.40785   146.96347   148.51910   150.07477   151.63040   153.18602   154.74165   156.29727   157.85295   159.40857   160.96420   162.51982   164.07547   165.63110   167.18675   168.74237   170.29800   171.85364   173.40927   174.96492   176.52055   178.07619   179.63181   181.18744   182.74310   184.29874   185.85435     0.00000     0.00000     0.00000     0.00000     0.00000     0.00000     0.00000     0.00000     0.00000     0.00000     0.00000     0.00000     0.00000     0.00000     0.00000     0.00000     0.00000     0.00000     0.00000     0.00000     0.00000     0.00000     0.00000     0.00000     0.00000     0.00000     0.00000     0.00000     0.00000     0.00000     0.00000     0.00000     0.00000     0.00000     0.00000     0.00000     0.00000     0.00000     0.00000     0.00000     0.00000     0.00000     0.00000     0.00000     0.00000     0.00000     0.00000     0.00000     0.00000     0.00000     0.00000     0.00000     0.00000     0.00000
     0.00000     0.00000     0.00000     0.00000     0.00000     0.00000     0.00000     0.00000     0.00000     0.00000     0.00000     0.00000     0.00000     0.00000     0.00000     0.00000     0.00000     0.00000     0.00000     0.00000     0.00000     0.00000     0.00000     0.00000     0.00000     0.00000     0.00000     0.00000     0.00000     0.00000     0.00000     0.00000     0.00000     0.00000     0.00000     0.00000     0.00000     0.00000     0.00000     0.00000     0.00000     0.00000     0.00000     0.00000     0.00000     0.00000     0.00000     0.00000     0.00000     0.00000     0.00000     0.00000     0.00000    -6.50683    -6.49976    -6.49268    -6.48561    -6.47854    -6.47147    -6.46440    -6.45733    -6.45026    -6.44319    -6.43612    -6.42905    -6.42197    -6.41490    -6.40783    -6.40076    -6.39369    -6.38662    -6.37955    -6.37248    -6.36541    -6.35833    -6.35126    -6.34419    -6.33712    -6.33005    -6.32298    -6.31591    -6.30884    -6.30177    -6.29469    -6.28762    -6.28055    -6.27348    -6.26641    -6.25934    -6.25227    -6.24520    -6.23813    -6.23106    -6.22398    -6.21691    -6.20984    -6.20277    64.79767    66.35332    67.90895    69.46458    71.02021    72.57584    74.13148    75.68713    77.24276    78.79839    80.35402    81.90965    83.46531    85.02094    86.57657    88.13219    89.68782    91.24348    92.79911    94.35474    95.91037    97.46600    99.02164   100.57729   102.13292   103.68855   105.24418   106.79980   108.35546   109.91110   111.46673   113.02235   114.57799   116.13361   117.68927   119.24490   120.80053   122.35616   123.91180   125.46745   127.02307   128.57870   130.13434   131.68997   133.24562   134.80125   136.35689   137.91251   139.46814   141.02377   142.57944   144.13506   145.69069   147.24632   148.80194   150.35760   151.91324   153.46887   155.02451   156.58012   158.13579   159.69141   161.24704   162.80267   164.35831   165.91394   167.46959   169.02521   170.58084   172.13649   173.69211   175.24776   176.80339   178.35904   179.91466   181.47029   183.02594   184.58157   186.13721     0.00000     0.00000     0.00000     0.00000     0.00000     0.00000     0.00000     0.00000     0.00000     0.00000     0.00000     0.00000     0.00000     0.00000     0.00000     0.00000     0.00000     0.00000     0.00000     0.00000     0.00000     0.00000     0.00000     0.00000     0.00000     0.00000     0.00000     0.00000     0.00000     0.00000     0.00000     0.00000     0.00000     0.00000     0.00000     0.00000     0.00000     0.00000     0.00000     0.00000     0.00000     0.00000     0.00000     0.00000     0.00000     0.00000     0.00000     0.00000     0.00000     0.00000     0.00000     0.00000     0.00000
     0.00000     0.00000     0.00000     0.00000     0.00000     0.00000     0.00000     0.00000     0.00000     0.00000     0.00000     0.00000     0.00000     0.00000     0.00000     0.00000     0.00000     0.00000     0.00000     0.00000     0.00000     0.00000     0.00000     0.00000     0.00000     0.00000     0.00000     0.00000     0.00000     0.00000     0.00000     0.00000     0.00000     0.00000     0.00000     0.00000     0.00000     0.00000     0.00000     0.00000     0.00000     0.00000     0.00000     0.00000     0.00000     0.00000     0.00000     0.00000     0.00000     0.00000     0.00000     0.00000    -6.50683    -6.49976    -6.49268    -6.48561    -6.47854    -6.47147    -6.46440    -6.45733    -6.45026    -6.44319    -6.43612    -6.42905    -6.42197    -6.41490    -6.40783    -6.40076    -6.39369    -6.38662    -6.37955    -6.37248    -6.36541    -6.35833    -6.35126    -6.34419    -6.33712    -6.33005    -6.32298    -6.31591    -6.30884    -6.30177    -6.29469    -6.28762    -6.28055    -6.27348    -6.26641    -6.25934    -6.25227    -6.24520    -6.23813    -6.23106    -6.22398    -6.21691    -6.20984    -6.20277    61.96925    63.52488    65.08051    66.63617    68.19180    69.74743    71.30305    72.85869    74.41431    75.96997    77.52560    79.08123    80.63686    82.19249    83.74815    85.30378    86.85941    88.41504    89.97066    91.52632    93.08195    94.63758    96.19321    97.74885    99.30447   100.86013   102.41576   103.97139   105.52702   107.08266   108.63831   110.19394   111.74957   113.30520   114.86082   116.41646   117.97211   119.52774   121.08337   122.63900   124.19464   125.75029   127.30592   128.86154   130.41718   131.97281   133.52846   135.08409   136.63972   138.19536   139.75099   141.30661   142.86227   144.41791   145.97354   147.52916   149.08479   150.64044   152.19609   153.75171   155.30734   156.86296   158.41864   159.97426   161.52989   163.08551   164.64114   166.19678   167.75244   169.30806   170.86369   172.41933   173.97495   175.53061   177.08624   178.64188   180.19749   181.75313   183.30878   184.86443   186.42004     0.00000     0.00000     0.00000     0.00000     0.00000     0.00000     0.00000     0.00000     0.00000     0.00000     0.00000     0.00000     0.00000     0.00000     0.00000     0.00000     0.00000     0.00000     0.00000     0.00000     0.00000     0.00000     0.00000     0.00000     0.00000     0.00000     0.00000     0.00000     0.00000     0.00000     0.00000     0.00000     0.00000     0.00000     0.00000     0.00000     0.00000     0.00000     0.00000     0.00000     0.00000     0.00000     0.00000     0.00000     0.00000     0.00000     0.00000     0.00000     0.00000     0.00000     0.00000     0.00000
     0.00000     0.00000     0.00000     0.00000     0.00000     0.00000     0.00000     0.00000     0.00000     0.00000     0.00000     0.00000     0.00000     0.00000     0.00000     0.00000     0.00000     0.00000     0.00000     0.00000     0.00000     0.00000     0.00000     0.00000     0.00000     0.00000     0.00000     0.00000     0.00000     0.00000     0.00000     0.00000     0.00000     0.00000     0.00000     0.00000     0.00000     0.00000     0.00000     0.00000     0.00000     0.00000     0.00000     0.00000     0.00000     0.00000     0.00000     0.00000     0.00000     0.00000     0.00000    -6.50683    -6.49976    -6.49268    -6.48561    -6.47854    -6.47147    -6.46440    -6.45733    -6.45026    -6.44319    -6.43612    -6.42905    -6.42197    -6.41490    -6.40783    -6.40076    -6.39369    -6.38662    -6.37955    -6.37248    -6.36541    -6.35833    -6.35126    -6.34419    -6.33712    -6.33005    -6.32298    -6.31591    -6.30884    -6.30177    -6.29469    -6.28762    -6.28055    -6.27348    -6.26641    -6.25934    -6.25227    -6.24520    -6.23813    -6.23106    -6.22398    -6.21691    -6.20984    -6.20277    59.14083    60.69646    62.25209    63.80772    65.36335    66.91901    68.47464    70.03027    71.58590    73.14153    74.69716    76.25282    77.80844    79.36407    80.91971    82.47533    84.03099    85.58662    87.14225    88.69788    90.25351    91.80917    93.36479    94.92043    96.47606    98.03169    99.58732   101.14297   102.69860   104.25424   105.80987   107.36549   108.92114   110.47678   112.03241   113.58804   115.14367   116.69930   118.25496   119.81059   121.36621   122.92184   124.47748   126.03313   127.58876   129.14439   130.70003   132.25565   133.81131   135.36694   136.92258   138.47820   140.03383   141.58946   143.14511   144.70074   146.25638   147.81201   149.36763   150.92329   152.47893   154.03455   155.59018   157.14581   158.70148   160.25710   161.81273   163.36835   164.92398   166.47963   168.03528   169.59090   171.14653   172.70218   174.25780   175.81345   177.36908   178.92471   180.48035   182.03598   183.59163   185.14726   186.70288     0.00000     0.00000     0.00000     0.00000     0.00000     0.00000     0.00000     0.00000     0.00000     0.00000     0.00000     0.00000     0.00000     0.00000     0.00000     0.00000     0.00000     0.00000     0.00000     0.00000     0.00000     0.00000     0.00000     0.00000     0.00000     0.00000     0.00000     0.00000     0.00000     0.00000     0.00000     0.00000     0.00000     0.00000     0.00000     0.00000     0.00000     0.00000     0.00000     0.00000     0.00000     0.00000     0.00000     0.00000     0.00000     0.00000     0.00000     0.00000     0.00000     0.00000     0.00000
     0.00000     0.00000     0.00000     0.00000     0.00000     0.00000     0.00000     0.00000     0.00000     0.00000     0.00000     0.00000     0.00000     0.00000     0.00000     0.00000     0.00000     0.00000     0.00000     0.00000     0.00000     0.00000     0.00000     0.00000     0.00000     0.00000     0.00000     0.00000     0.00000     0.00000     0.00000     0.00000     0.00000     0.00000     0.00000     0.00000     0.00000     0.00000     0.00000     0.00000     0.00000     0.00000     0.00000     0.00000     0.00000     0.00000     0.00000     0.00000     0.00000     0.00000    -6.50683    -6.49976    -6.49268    -6.48561    -6.47854    -6.47147    -6.46440    -6.45733    -6.45026    -6.44319    -6.43612    -6.42905    -6.42197    -6.41490    -6.40783    -6.40076    -6.39369    -6.38662    -6.37955    -6.37248    -6.36541    -6.35833    -6.35126    -6.34419    -6.33712    -6.33005    -6.32298    -6.31591    -6.30884    -6.30177    -6.29469    -6.28762    -6.28055    -6.27348    -6.26641    -6.25934    -6.25227    -6.24520    -6.23813    -6.23106    -6.22398    -6.21691    -6.20984    -6.20277    56.31239    57.86802    59.42367    60.97931    62.53493    64.09057    65.64619    67.20185    68.75748    70.31311    71.86874    73.42437    74.98000    76.53566    78.09129    79.64691    81.20255    82.75818    84.31384    85.86946    87.42509    88.98072    90.53635    92.09201    93.64764    95.20327    96.75890    98.31453    99.87016   101.42581   102.98145   104.53708   106.09271   107.64834   109.20399   110.75963   112.31525   113.87088   115.42651   116.98214   118.53780   120.09343   121.64906   123.20468   124.76032   126.31598   127.87160   129.42723   130.98286   132.53850   134.09415   135.64978   137.20541   138.76105   140.31668   141.87230   143.42796   144.98358   146.53922   148.09485   149.65048   151.20613   152.76178   154.31740   155.87303   157.42865   158.98431   160.53993   162.09558   163.65120   165.20683   166.76247   168.31812   169.87375   171.42938   172.98502   174.54063   176.09628   177.65192   179.20757   180.76318   182.31882   183.87447   185.43010   186.98573     0.00000     0.00000     0.00000     0.00000     0.00000     0.00000     0.00000     0.00000     0.00000     0.00000     0.00000     0.00000     0.00000     0.00000     0.00000     0.00000     0.00000     0.00000     0.00000     0.00000     0.00000     0.00000     0.00000     0.00000     0.00000     0.00000     0.00000     0.00000     0.00000     0.00000     0.00000     0.00000     0.00000     0.00000     0.00000     0.00000     0.00000     0.00000     0.00000     0.00000     0.00000     0.00000     0.00000     0.00000     0.00000     0.00000     0.00000     0.00000     0.00000     0.00000
     0.00000     0.00000     0.00000     0.00000     0.00000     0.00000     0.00000     0.00000     0.00000     0.00000     0.00000     0.00000     0.00000     0.00000     0.00000     0.00000     0.00000     0.00000     0.00000     0.00000     0.00000     0.00000     0.00000     0.00000     0.00000     0.00000     0.00000     0.00000     0.00000     0.00000     0.00000     0.00000     0.00000     0.00000     0.00000     0.00000     0.00000     0.00000     0.00000     0.00000     0.00000     0.00000     0.00000     0.00000     0.00000     0.00000     0.00000     0.00000     0.00000    -6.50683    -6.49976    -6.49268    -6.48561    -6.47854    -6.47147    -6.46440    -6.45733    -6.45026    -6.44319    -6.43612    -6.42905    -6.42197    -6.41490    -6.40783    -6.40076    -6.39369    -6.38662    -6.37955    -6.37248    -6.36541    -6.35833    -6.35126    -6.34419    -6.33712    -6.33005    -6.32298    -6.31591    -6.30884    -6.30177    -6.29469    -6.28762    -6.28055    -6.27348    -6.26641    -6.25934    -6.25227    -6.24520    -6.23813    -6.23106    -6.22398    -6.21691    -6.20984    -6.20277    53.48397    55.03960    56.59523    58.15086    59.70652    61.26215    62.81778    64.37341    65.92904    67.48470    69.04032    70.59595    72.15158    73.70721    75.26285    76.81850    78.37413    79.92976    81.48539    83.04102    84.59668    86.15231    87.70793    89.26357    90.81920    92.37486    93.93048    95.48611    97.04174    98.59738   100.15301   101.70866   103.26428   104.81992   106.37555   107.93118   109.48683   111.04247   112.59810   114.15372   115.70935   117.26498   118.82064   120.37627   121.93190   123.48753   125.04317   126.59882   128.15445   129.71008   131.26572   132.82133   134.37698   135.93262   137.48825   139.04388   140.59952   142.15515   143.71080   145.26643   146.82205   148.37769   149.93332   151.48898   153.04462   154.60023   156.15587   157.71149   159.26715   160.82278   162.37842   163.93404   165.48967   167.04532   168.60097   170.15659   171.71222   173.26785   174.82349   176.37914   177.93477   179.49040   181.04602   182.60165   184.15732   185.71295   187.26857     0.00000     0.00000     0.00000     0.00000     0.00000     0.00000     0.00000     0.00000     0.00000     0.00000     0.00000     0.00000     0.00000     0.00000     0.00000     0.00000     0.00000     0.00000     0.00000     0.00000     0.00000     0.00000     0.00000     0.00000     0.00000     0.00000     0.00000     0.00000     0.00000     0.00000     0.00000     0.00000     0.00000     0.00000     0.00000     0.00000     0.00000     0.00000     0.00000     0.00000     0.00000     0.00000     0.00000     0.00000     0.00000     0.00000     0.00000     0.00000     0.00000
     0.00000     0.00000     0.00000     0.00000     0.00000     0.00000     0.00000     0.00000     0.00000     0.00000     0.00000     0.00000     0.00000     0.00000     0.00000     0.00000     0.00000     0.00000     0.00000     0.00000     0.00000     0.00000     0.00000     0.00000     0.00000     0.00000     0.00000     0.00000     0.00000     0.00000     0.00000     0.00000     0.00000     0.00000     0.00000     0.00000     0.00000     0.00000     0.00000     0.00000     0.00000     0.00000     0.00000     0.00000     0.00000     0.00000     0.00000     0.00000    -6.50683    -6.49976    -6.49268    -6.48561    -6.47854    -6.47147    -6.46440    -6.45733    -6.45026    -6.44319    -6.43612    -6.42905    -6.42197    -6.41490    -6.40783    -6.40076    -6.39369    -6.38662    -6.37955    -6.37248    -6.36541    -6.35833    -6.35126    -6.34419    -6.33712    -6.33005    -6.32298    -6.31591    -6.30884    -6.30177    -6.29469    -6.28762    -6.28055    -6.27348    -6.26641    -6.25934    -6.25227    -6.24520    -6.23813    -6.23106    -6.22398    -6.21691    -6.20984    -6.20277    50.65554    52.21117    53.76681    55.32244    56.87807    58.43371    59.98936    61.54499    63.10062    64.65625    66.21188    67.76753    69.32317    70.87880    72.43443    73.99005    75.54568    77.10134    78.65697    80.21260    81.76823    83.32386    84.87952    86.43515    87.99078    89.54641    91.10204    92.65770    94.21333    95.76895    97.32458    98.88022   100.43585   101.99150   103.54713   105.10277   106.65839   108.21402   109.76968   111.32531   112.88094   114.43657   115.99220   117.54782   119.10349   120.65912   122.21474   123.77037   125.32600   126.88166   128.43729   129.99292   131.54855   133.10419   134.65984   136.21547   137.77110   139.32672   140.88235   142.43799   143.99365   145.54927   147.10490   148.66054   150.21616   151.77182   153.32745   154.88307   156.43872   157.99434   159.55000   161.10562   162.66125   164.21689   165.77252   167.32816   168.88380   170.43942   171.99506   173.55070   175.10632   176.66197   178.21761   179.77324   181.32887   182.88451   184.44016   185.99579   187.55141     0.00000     0.00000     0.00000     0.00000     0.00000     0.00000     0.00000     0.00000     0.00000     0.00000     0.00000     0.00000     0.00000     0.00000     0.00000     0.00000     0.00000     0.00000     0.00000     0.00000     0.00000     0.00000     0.00000     0.00000     0.00000     0.00000     0.00000     0.00000     0.00000     0.00000     0.00000     0.00000     0.00000     0.00000     0.00000     0.00000     0.00000     0.00000     0.00000     0.00000     0.00000     0.00000     0.00000     0.00000     0.00000     0.00000     0.00000     0.00000
     0.00000     0.00000     0.00000     0.00000     0.00000     0.00000     0.00000     0.00000     0.00000     0.00000     0.00000     0.00000     0.00000     0.00000     0.00000     0.00000     0.00000     0.00000     0.00000     0.00000     0.00000     0.00000     0.00000     0.00000     0.00000     0.00000     0.00000     0.00000     0.00000     0.00000     0.00000     0.00000     0.00000     0.00000     0.00000     0.00000     0.00000     0.00000     0.00000     0.00000     0.00000     0.00000     0.00000     0.00000     0.00000     0.00000     0.00000    -6.50683    -6.49976    -6.49268    -6.48561    -6.47854    -6.47147    -6.46440    -6.45733    -6.45026    -6.44319    -6.43612    -6.42905    -6.42197    -6.41490    -6.40783    -6.40076    -6.39369    -6.38662    -6.37955    -6.37248    -6.36541    -6.35833    -6.35126    -6.34419    -6.33712    -6.33005    -6.32298    -6.31591    -6.30884    -6.30177    -6.29469    -6.28762    -6.28055    -6.27348    -6.26641    -6.25934    -6.25227    -6.24520    -6.23813    -6.23106    -6.22398    -6.21691    -6.20984    -6.20277    47.82711    49.38275    50.93838    52.49401    54.04966    55.60529    57.16092    58.71655    60.27220    61.82784    63.38346    64.93909    66.49472    68.05038    69.60601    71.16164    72.71727    74.27290    75.82853    77.38419    78.93982    80.49545    82.05107    83.60670    85.16237    86.71799    88.27362    89.82925    91.38488    92.94054    94.49617    96.05180    97.60742    99.16306   100.71869   102.27434   103.82997   105.38560   106.94124   108.49686   110.05252   111.60815   113.16378   114.71941   116.27504   117.83067   119.38633   120.94196   122.49759   124.05322   125.60885   127.16451   128.72012   130.27576   131.83139   133.38702   134.94267   136.49831   138.05394   139.60957   141.16519   142.72083   144.27649   145.83212   147.38774   148.94337   150.49901   152.05466   153.61029   155.16592   156.72156   158.27718   159.83284   161.38846   162.94411   164.49973   166.05536   167.61099   169.16666   170.72227   172.27791   173.83354   175.38916   176.94481   178.50046   180.05609   181.61171   183.16734   184.72299   186.27863   187.83426     0.00000     0.00000     0.00000     0.00000     0.00000     0.00000     0.00000     0.00000     0.00000     0.00000     0.00000     0.00000     0.00000     0.00000     0.00000     0.00000     0.00000     0.00000     0.00000     0.00000     0.00000     0.00000     0.00000     0.00000     0.00000     0.00000     0.00000     0.00000     0.00000     0.00000     0.00000     0.00000     0.00000     0.00000     0.00000     0.00000     0.00000     0.00000     0.00000     0.00000     0.00000     0.00000     0.00000     0.00000     0.00000     0.00000     0.00000
     0.00000     0.00000     0.00000     0.00000     0.00000     0.00000     0.00000     0.00000     0.00000     0.00000     0.00000     0.00000     0.00000     0.00000     0.00000     0.00000     0.00000     0.00000     0.00000     0.00000     0.00000     0.00000     0.00000     0.00000     0.00000     0.00000     0.00000     0.00000     0.00000     0.00000     0.00000     0.00000     0.00000     0.00000     0.00000     0.00000     0.00000     0.00000     0.00000     0.00000     0.00000     0.00000     0.00000     0.00000     0.00000     0.00000    -6.50683    -6.49976    -6.49268    -6.48561    -6.47854    -6.47147    -6.46440    -6.45733    -6.45026    -6.44319    -6.43612    -6.42905    -6.42197    -6.41490    -6.40783    -6.40076    -6.39369    -6.38662    -6.37955    -6.37248    -6.36541    -6.35833    -6.35126    -6.34419    -6.33712    -6.33005    -6.32298    -6.31591    -6.30884    -6.30177    -6.29469    -6.28762    -6.28055    -6.27348    -6.26641    -6.25934    -6.25227    -6.24520    -6.23813    -6.23106    -6.22398    -6.21691    -6.20984    -6.20277    44.99868    46.55432    48.10995    49.66560    51.22123    52.77686    54.33250    55.88813    57.44376    58.99939    60.55504    62.11068    63.66631    65.22194    66.77757    68.33322    69.88885    71.44448    73.00011    74.55574    76.11137    77.66703    79.22266    80.77829    82.33392    83.88955    85.44521    87.00084    88.55647    90.11209    91.66772    93.22338    94.77901    96.33464    97.89027    99.44591   101.00153   102.55719   104.11282   105.66845   107.22408   108.77971   110.33536   111.89099   113.44662   115.00226   116.55788   118.11351   119.66917   121.22480   122.78043   124.33606   125.89169   127.44734   129.00298   130.55861   132.11424   133.66986   135.22552   136.78114   138.33679   139.89241   141.44804   143.00368   144.55933   146.11496   147.67059   149.22621   150.78185   152.33751   153.89314   155.44876   157.00439   158.56003   160.11569   161.67131   163.22694   164.78256   166.33820   167.89384   169.44949   171.00511   172.56075   174.11638   175.67201   177.22766   178.78329   180.33893   181.89455   183.45020   185.00584   186.56148   188.11710     0.00000     0.00000     0.00000     0.00000     0.00000     0.00000     0.00000     0.00000     0.00000     0.00000     0.00000     0.00000     0.00000     0.00000     0.00000     0.00000     0.00000     0.00000     0.00000     0.00000     0.00000     0.00000     0.00000     0.00000     0.00000     0.00000     0.00000     0.00000     0.00000     0.00000     0.00000     0.00000     0.00000     0.00000     0.00000     0.00000     0.00000     0.00000     0.00000     0.00000     0.00000     0.00000     0.00000     0.00000     0.00000     0.00000
     0.00000     0.00000     0.00000     0.00000     0.00000     0.00000     0.00000     0.00000     0.00000     0.00000     0.00000     0.00000     0.00000     0.00000     0.00000     0.00000     0.00000     0.00000     0.00000     0.00000     0.00000     0.00000     0.00000     0.00000     0.00000     0.00000     0.00000     0.00000     0.00000     0.00000     0.00000     0.00000     0.00000     0.00000     0.00000     0.00000     0.00000     0.00000     0.00000     0.00000     0.00000     0.00000     0.00000     0.00000     0.00000    -6.50683    -6.49976    -6.49268    -6.48561    -6.47854    -6.47147    -6.46440    -6.45733    -6.45026    -6.44319    -6.43612    -6.42905    -6.42197    -6.41490    -6.40783    -6.40076    -6.39369    -6.38662    -6.37955    -6.37248    -6.36541    -6.35833    -6.35126    -6.34419    -6.33712    -6.33005    -6.32298    -6.31591    -6.30884    -6.30177    -6.29469    -6.28762    -6.28055    -6.27348    -6.26641    -6.25934    -6.25227    -6.24520    -6.23813    -6.23106    -6.22398    -6.21691    -6.20984    -6.20277    42.17026    43.72589    45.28152    46.83717    48.39280    49.94844    51.50407    53.05970    54.61534    56.17097    57.72660    59.28223    60.83789    62.39352    63.94915    65.50478    67.06041    68.61607    70.17169    71.72733    73.28296    74.83858    76.39421    77.94987    79.50550    81.06113    82.61676    84.17239    85.72805    87.28368    88.83931    90.39494    91.95056    93.50623    95.06185    96.61748    98.17311    99.72874   101.28438   102.84003   104.39566   105.95129   107.50692   109.06255   110.61820   112.17384   113.72947   115.28510   116.84073   118.39635   119.95201   121.50764   123.06327   124.61890   126.17454   127.73019   129.28581   130.84145   132.39708   133.95271   135.50836   137.06400   138.61963   140.17526   141.73088   143.28651   144.84218   146.39780   147.95343   149.50906   151.06470   152.62035   154.17598   155.73160   157.28725   158.84286   160.39853   161.95415   163.50980   165.06541   166.62105   168.17668   169.73233   171.28795   172.84360   174.39923   175.95485   177.51050   179.06613   180.62177   182.17740   183.73303   185.28868   186.84431   188.39993     0.00000     0.00000     0.00000     0.00000     0.00000     0.00000     0.00000     0.00000     0.00000     0.00000     0.00000     0.00000     0.00000     0.00000     0.00000     0.00000     0.00000     0.00000     0.00000     0.00000     0.00000     0.00000     0.00000     0.00000     0.00000     0.00000     0.00000     0.00000     0.00000     0.00000     0.00000     0.00000     0.00000     0.00000     0.00000     0.00000     0.00000     0.00000     0.00000     0.00000     0.00000     0.00000     0.00000     0.00000     0.00000
     0.00000     0.00000     0.00000     0.00000     0.00000     0.00000     0.00000     0.00000     0.00000     0.00000     0.00000     0.00000     0.00000     0.00000     0.00000     0.00000     0.00000     0.00000     0.00000     0.00000     0.00000     0.00000     0.00000     0.00000     0.00000     0.00000     0.00000     0.00000     0.00000     0.00000     0.00000     0.00000     0.00000     0.00000     0.00000     0.00000     0.00000     0.00000     0.00000     0.00000     0.00000     0.00000     0.00000     0.00000    -6.50683    -6.49976    -6.49268    -6.48561    -6.47854    -6.47147    -6.46440    -6.45733    -6.45026    -6.44319    -6.43612    -6.42905    -6.42197    -6.41490    -6.40783    -6.40076    -6.39369    -6.38662    -6.37955    -6.37248    -6.36541    -6.35833    -6.35126    -6.34419    -6.33712    -6.33005    -6.32298    -6.31591    -6.30884    -6.30177    -6.29469    -6.28762    -6.28055    -6.27348    -6.26641    -6.25934    -6.25227    -6.24520    -6.23813    -6.23106    -6.22398    -6.21691    -6.20984    -6.20277    39.34183    40.89746    42.45310    44.00874    45.56437    47.12001    48.67564    50.23128    51.78691    53.34254    54.89818    56.45382    58.00945    59.56508    61.12073    62.67636    64.23199    65.78762    67.34325    68.89891    70.45454    72.01017    73.56580    75.12143    76.67706    78.23271    79.78835    81.34397    82.89960    84.45523    86.01089    87.56652    89.12215    90.67778    92.23341    93.78906    95.34470    96.90033    98.45596   100.01159   101.56721   103.12287   104.67850   106.23413   107.78976   109.34540   110.90105   112.45668   114.01231   115.56794   117.12357   118.67920   120.23486   121.79048   123.34612   124.90174   126.45738   128.01303   129.56866   131.12428   132.67993   134.23555   135.79120   137.34683   138.90247   140.45810   142.01373   143.56935   145.12502   146.68065   148.23627   149.79190   151.34753   152.90320   154.45883   156.01445   157.57008   159.12570   160.68137   162.23700   163.79263   165.34825   166.90388   168.45952   170.01518   171.57080   173.12643   174.68207   176.23769   177.79333   179.34898   180.90462   182.46024   184.01587   185.57153   187.12717   188.68279     0.00000     0.00000     0.00000     0.00000     0.00000     0.00000     0.00000     0.00000     0.00000     0.00000     0.00000     0.00000     0.00000     0.00000     0.00000     0.00000     0.00000     0.00000     0.00000     0.00000     0.00000     0.00000     0.00000     0.00000     0.00000     0.00000     0.00000     0.00000     0.00000     0.00000     0.00000     0.00000     0.00000     0.00000     0.00000     0.00000     0.00000     0.00000     0.00000     0.00000     0.00000     0.00000     0.00000     0.00000
     0.00000     0.00000     0.00000     0.00000     0.00000     0.00000     0.00000     0.00000     0.00000     0.00000     0.00000     0.00000     0.00000     0.00000     0.00000     0.00000     0.00000     0.00000     0.00000     0.00000     0.00000     0.00000     0.00000     0.00000     0.00000     0.00000     0.00000     0.00000     0.00000     0.00000     0.00000     0.00000     0.00000     0.00000     0.00000     0.00000     0.00000     0.00000     0.00000     0.00000     0.00000     0.00000     0.00000    -6.50683    -6.49976    -6.49268    -6.48561    -6.47854    -6.47147    -6.46440    -6.45733    -6.45026    -6.44319    -6.43612    -6.42905    -6.42197    -6.41490    -6.40783    -6.40076    -6.39369    -6.38662    -6.37955    -6.37248    -6.36541    -6.35833    -6.35126    -6.34419    -6.33712    -6.33005    -6.32298    -6.31591    -6.30884    -6.30177    -6.29469    -6.28762    -6.28055    -6.27348    -6.26641    -6.25934    -6.25227    -6.24520    -6.23813    -6.23106    -6.22398    -6.21691    -6.20984    -6.20277    36.51340    38.06905    39.62467    41.18031    42.73595    44.29158    45.84721    47.40285    48.95848    50.51412    52.06975    53.62539    55.18103    56.73666    58.29229    59.84792    61.40357    62.95921    64.51483    66.07047    67.62610    69.18175    70.73738    72.29301    73.84864    75.40427    76.95990    78.51556    80.07118    81.62682    83.18245    84.73808    86.29373    87.84937    89.40499    90.96062    92.51625    94.07191    95.62754    97.18317    98.73880   100.29443   101.85006   103.40572   104.96134   106.51698   108.07261   109.62823   111.18388   112.73952   114.29515   115.85078   117.40641   118.96204   120.51770   122.07333   123.62895   125.18459   126.74022   128.29587   129.85150   131.40714   132.96277   134.51840   136.07405   137.62967   139.18532   140.74094   142.29657   143.85220   145.40787   146.96349   148.51912   150.07474   151.63037   153.18604   154.74167   156.29729   157.85294   159.40855   160.96422   162.51984   164.07547   165.63109   167.18674   168.74237   170.29802   171.85364   173.40927   174.96490   176.52054   178.07619   179.63182   181.18745   182.74307   184.29872   185.85437   187.41000   188.96562     0.00000     0.00000     0.00000     0.00000     0.00000     0.00000     0.00000     0.00000     0.00000     0.00000     0.00000     0.00000     0.00000     0.00000     0.00000     0.00000     0.00000     0.00000     0.00000     0.00000     0.00000     0.00000     0.00000     0.00000     0.00000     0.00000     0.00000     0.00000     0.00000     0.00000     0.00000     0.00000     0.00000     0.00000     0.00000     0.00000     0.00000     0.00000     0.00000     0.00000     0.00000     0.00000     0.00000
     0.00000     0.00000     0.00000     0.00000     0.00000     0.00000     0.00000     0.00000     0.00000     0.00000     0.00000     0.00000     0.00000     0.00000     0.00000     0.00000     0.00000     0.00000     0.00000     0.00000     0.00000     0.00000     0.00000     0.00000     0.00000     0.00000     0.00000     0.00000     0.00000     0.00000     0.00000     0.00000     0.00000     0.00000     0.00000     0.00000     0.00000     0.00000     0.00000     0.00000     0.00000     0.00000    -6.50683    -6.49976    -6.49268    -6.48561    -6.47854    -6.47147    -6.46440    -6.45733    -6.45026    -6.44319    -6.43612    -6.42905    -6.42197    -6.41490    -6.40783    -6.40076    -6.39369    -6.38662    -6.37955    -6.37248    -6.36541    -6.35833    -6.35126    -6.34419    -6.33712    -6.33005    -6.32298    -6.31591    -6.30884    -6.30177    -6.29469    -6.28762    -6.28055    -6.27348    -6.26641    -6.25934    -6.25227    -6.24520    -6.23813    -6.23106    -6.22398    -6.21691    -6.20984    -6.20277    33.68497    35.24062    36.79624    38.35189    39.90752    41.46315    43.01879    44.57442    46.13005    47.68569    49.24132    50.79697    52.35260    53.90823    55.46387    57.01950    58.57513    60.13076    61.68641    63.24205    64.79768    66.35331    67.90894    69.46459    71.02022    72.57585    74.13148    75.68711    77.24274    78.79840    80.35403    81.90965    83.46529    85.02092    86.57658    88.13220    89.68784    91.24347    92.79910    94.35475    95.91039    97.46601    99.02164   100.57727   102.13290   103.68855   105.24419   106.79982   108.35545   109.91108   111.46673   113.02237   114.57800   116.13362   117.68925   119.24488   120.80054   122.35617   123.91180   125.46743   127.02306   128.57872   130.13434   131.68997   133.24561   134.80124   136.35689   137.91252   139.46815   141.02379   142.57941   144.13504   145.69070   147.24634   148.80196   150.35759   151.91322   153.46887   155.02451   156.58014   158.13577   159.69139   161.24706   162.80267   164.35832   165.91394   167.46957   169.02521   170.58086   172.13647   173.69212   175.24776   176.80338   178.35902   179.91467   181.47031   183.02592   184.58156   186.13721   187.69284   189.24847     0.00000     0.00000     0.00000     0.00000     0.00000     0.00000     0.00000     0.00000     0.00000     0.00000     0.00000     0.00000     0.00000     0.00000     0.00000     0.00000     0.00000     0.00000     0.00000     0.00000     0.00000     0.00000     0.00000     0.00000     0.00000     0.00000     0.00000     0.00000     0.00000     0.00000     0.00000     0.00000     0.00000     0.00000     0.00000     0.00000     0.00000     0.00000     0.00000     0.00000     0.00000     0.00000
     0.00000     0.00000     0.00000     0.00000     0.00000     0.00000     0.00000     0.00000     0.00000     0.00000     0.00000     0.00000     0.00000     0.00000     0.00000     0.00000     0.00000     0.00000     0.00000     0.00000     0.00000     0.00000     0.00000     0.00000     0.00000     0.00000     0.00000     0.00000     0.00000     0.00000     0.00000     0.00000     0.00000     0.00000     0.00000     0.00000     0.00000     0.00000     0.00000     0.00000     0.00000    -6.50683    -6.49976    -6.49268    -6.48561    -6.47854    -6.47147    -6.46440    -6.45733    -6.45026    -6.44319    -6.43612    -6.42905    -6.42197    -6.41490    -6.40783    -6.40076    -6.39369    -6.38662    -6.37955    -6.37248    -6.36541    -6.35833    -6.35126    -6.34419    -6.33712    -6.33005    -6.32298    -6.31591    -6.30884    -6.30177    -6.29469    -6.28762    -6.28055    -6.27348    -6.26641    -6.25934    -6.25227    -6.24520    -6.23813    -6.23106    -6.22398    -6.21691    -6.20984    -6.20277    30.85655    32.41219    33.96781    35.52346    37.07909    38.63473    40.19036    41.74599    43.30163    44.85726    46.41290    47.96854    49.52417    51.07981    52.63544    54.19107    55.74671    57.30235    58.85797    60.41360    61.96926    63.52489    65.08052    66.63615    68.19178    69.74744    71.30306    72.85870    74.41432    75.96996    77.52559    79.08124    80.63687    82.19250    83.74813    85.30376    86.85942    88.41505    89.97068    91.52631    93.08194    94.63760    96.19322    97.74886    99.30448   100.86012   102.41575   103.97140   105.52702   107.08266   108.63829   110.19392   111.74957   113.30521   114.86084   116.41647   117.97209   119.52773   121.08339   122.63902   124.19464   125.75027   127.30591   128.86156   130.41719   131.97281   133.52846   135.08408   136.63974   138.19536   139.75101   141.30663   142.86226   144.41788   145.97354   147.52917   149.08481   150.64043   152.19606   153.75172   155.30736   156.86298   158.41861   159.97423   161.52991   163.08553   164.64116   166.19678   167.75241   169.30804   170.86371   172.41933   173.97496   175.53059   177.08621   178.64188   180.19751   181.75314   183.30876   184.86441   186.42006   187.97569   189.53131     0.00000     0.00000     0.00000     0.00000     0.00000     0.00000     0.00000     0.00000     0.00000     0.00000     0.00000     0.00000     0.00000     0.00000     0.00000     0.00000     0.00000     0.00000     0.00000     0.00000     0.00000     0.00000     0.00000     0.00000     0.00000     0.00000     0.00000     0.00000     0.00000     0.00000     0.00000     0.00000     0.00000     0.00000     0.00000     0.00000     0.00000     0.00000     0.00000     0.00000     0.00000
     0.00000     0.00000     0.00000     0.00000     0.00000     0.00000     0.00000     0.00000     0.00000     0.00000     0.00000     0.00000     0.00000     0.00000     0.00000     0.00000     0.00000     0.00000     0.00000     0.00000     0.00000     0.00000     0.00000     0.00000     0.00000     0.00000     0.00000     0.00000     0.00000     0.00000     0.00000     0.00000     0.00000     0.00000     0.00000     0.00000     0.00000     0.00000     0.00000     0.00000    -6.50683    -6.49976    -6.49268    -6.48561    -6.47854    -6.47147    -6.46440    -6.45733    -6.45026    -6.44319    -6.43612    -6.42905    -6.42197    -6.41490    -6.40783    -6.40076    -6.39369    -6.38662    -6.37955    -6.37248    -6.36541    -6.35833    -6.35126    -6.34419    -6.33712    -6.33005    -6.32298    -6.31591    -6.30884    -6.30177    -6.29469    -6.28762    -6.28055    -6.27348    -6.26641    -6.25934    -6.25227    -6.24520    -6.23813    -6.23106    -6.22398    -6.21691    -6.20984    -6.20277    28.02812    29.58375    31.13939    32.69503    34.25066    35.80630    37.36193    38.91757    40.47320    42.02883    43.58448    45.14011    46.69574    48.25138    49.80701    51.36265    52.91828    54.47392    56.02955    57.58519    59.14082    60.69645    62.25210    63.80773    65.36336    66.91899    68.47462    70.03027    71.58591    73.14154    74.69717    76.25279    77.80843    79.36409    80.91972    82.47534    84.03098    85.58661    87.14227    88.69789    90.25352    91.80915    93.36478    94.92044    96.47607    98.03169    99.58733   101.14296   102.69859   104.25424   105.80987   107.36551   108.92113   110.47676   112.03242   113.58805   115.14368   116.69931   118.25494   119.81057   121.36623   122.92186   124.47749   126.03311   127.58875   129.14441   130.70003   132.25566   133.81129   135.36693   136.92258   138.47821   140.03384   141.58948   143.14510   144.70073   146.25639   147.81201   149.36765   150.92328   152.47890   154.03456   155.59019   157.14581   158.70146   160.25708   161.81274   163.36836   164.92400   166.47961   168.03526   169.59090   171.14655   172.70216   174.25781   175.81345   177.36906   178.92471   180.48035   182.03598   183.59161   185.14725   186.70290   188.25853   189.81415     0.00000     0.00000     0.00000     0.00000     0.00000     0.00000     0.00000     0.00000     0.00000     0.00000     0.00000     0.00000     0.00000     0.00000     0.00000     0.00000     0.00000     0.00000     0.00000     0.00000     0.00000     0.00000     0.00000     0.00000     0.00000     0.00000     0.00000     0.00000     0.00000     0.00000     0.00000     0.00000     0.00000     0.00000     0.00000     0.00000     0.00000     0.00000     0.00000     0.00000
     0.00000     0.00000     0.00000     0.00000     0.00000     0.00000     0.00000     0.00000     0.00000     0.00000     0.00000     0.00000     0.00000     0.00000     0.00000     0.00000     0.00000     0.00000     0.00000     0.00000     0.00000     0.00000     0.00000     0.00000     0.00000     0.00000     0.00000     0.00000     0.00000     0.00000     0.00000     0.00000     0.00000     0.00000     0.00000     0.00000     0.00000     0.00000     0.00000    -6.50683    -6.49976    -6.49268    -6.48561    -6.47854    -6.47147    -6.46440    -6.45733    -6.45026    -6.44319    -6.43612    -6.42905    -6.42197    -6.41490    -6.40783    -6.40076    -6.39369    -6.38662    -6.37955    -6.37248    -6.36541    -6.35833    -6.35126    -6.34419    -6.33712    -6.33005    -6.32298    -6.31591    -6.30884    -6.30177    -6.29469    -6.28762    -6.28055    -6.27348    -6.26641    -6.25934    -6.25227    -6.24520    -6.23813    -6.23106    -6.22398    -6.21691    -6.20984    -6.20277    25.19969    26.75534    28.31097    29.86660    31.42224    32.97787    34.53350    36.08914    37.64477    39.20042    40.75605    42.31168    43.86732    45.42295    46.97858    48.53422    50.08985    51.64549    53.20112    54.75676    56.31240    57.86803    59.42366    60.97929    62.53494    64.09058    65.64620    67.20184    68.75746    70.31313    71.86875    73.42438    74.98001    76.53564    78.09127    79.64693    81.20256    82.75819    84.31382    85.86945    87.42511    88.98074    90.53636    92.09200    93.64762    95.20328    96.75891    98.31454    99.87016   101.42580   102.98143   104.53708   106.09271   107.64835   109.20398   110.75961   112.31526   113.87090   115.42653   116.98215   118.53778   120.09341   121.64907   123.20470   124.76033   126.31596   127.87160   129.42725   130.98288   132.53850   134.09415   135.64977   137.20541   138.76105   140.31668   141.87231   143.42795   144.98357   146.53923   148.09486   149.65048   151.20612   152.76175   154.31740   155.87305   157.42867   158.98430   160.53992   162.09558   163.65121   165.20685   166.76247   168.31810   169.87373   171.42938   172.98502   174.54065   176.09628   177.65190   179.20755   180.76320   182.31883   183.87445   185.43008   186.98573   188.54138   190.09700     0.00000     0.00000     0.00000     0.00000     0.00000     0.00000     0.00000     0.00000     0.00000     0.00000     0.00000     0.00000     0.00000     0.00000     0.00000     0.00000     0.00000     0.00000     0.00000     0.00000     0.00000     0.00000     0.00000     0.00000     0.00000     0.00000     0.00000     0.00000     0.00000     0.00000     0.00000     0.00000     0.00000     0.00000     0.00000     0.00000     0.00000     0.00000     0.00000
     0.00000     0.00000     0.00000     0.00000     0.00000     0.00000     0.00000     0.00000     0.00000     0.00000     0.00000     0.00000     0.00000     0.00000     0.00000     0.00000     0.00000     0.00000     0.00000     0.00000     0.00000     0.00000     0.00000     0.00000     0.00000     0.00000     0.00000     0.00000     0.00000     0.00000     0.00000     0.00000     0.00000     0.00000     0.00000     0.00000     0.00000     0.00000    -6.50683    -6.49976    -6.49268    -6.48561    -6.47854    -6.47147    -6.46440    -6.45733    -6.45026    -6.44319    -6.43612    -6.42905    -6.42197    -6.41490    -6.40783    -6.40076    -6.39369    -6.38662    -6.37955    -6.37248    -6.36541    -6.35833    -6.35126    -6.34419    -6.33712    -6.33005    -6.32298    -6.31591    -6.30884    -6.30177    -6.29469    -6.28762    -6.28055    -6.27348    -6.26641    -6.25934    -6.25227    -6.24520    -6.23813    -6.23106    -6.22398    -6.21691    -6.20984    -6.20277    22.37126    23.92691    25.48254    27.03818    28.59381    30.14944    31.70508    33.26071    34.81634    36.37199    37.92762    39.48326    41.03889    42.59452    44.15016    45.70579    47.26142    48.81706    50.37269    51.92834    53.48397    55.03960    56.59524    58.15087    59.70650    61.26213    62.81779    64.37341    65.92905    67.48468    69.04031    70.59596    72.15160    73.70723    75.26286    76.81848    78.37411    79.92977    81.48540    83.04103    84.59666    86.15229    87.70795    89.26358    90.81921    92.37483    93.93047    95.48612    97.04175    98.59738   100.15301   101.70865   103.26427   104.81993   106.37556   107.93119   109.48682   111.04245   112.59810   114.15374   115.70937   117.26500   118.82063   120.37625   121.93192   123.48754   125.04317   126.59880   128.15443   129.71008   131.26572   132.82135   134.37698   135.93262   137.48827   139.04388   140.59953   142.15515   143.71078   145.26642   146.82207   148.37770   149.93333   151.48895   153.04459   154.60025   156.15588   157.71150   159.26714   160.82275   162.37843   163.93405   165.48969   167.04530   168.60095   170.15659   171.71223   173.26785   174.82349   176.37912   177.93475   179.49040   181.04604   182.60167   184.15729   185.71294   187.26859   188.82422   190.37984     0.00000     0.00000     0.00000     0.00000     0.00000     0.00000     0.00000     0.00000     0.00000     0.00000     0.00000     0.00000     0.00000     0.00000     0.00000     0.00000     0.00000     0.00000     0.00000     0.00000     0.00000     0.00000     0.00000     0.00000     0.00000     0.00000     0.00000     0.00000     0.00000     0.00000     0.00000     0.00000     0.00000     0.00000     0.00000     0.00000     0.00000     0.00000
     0.00000     0.00000     0.00000     0.00000     0.00000     0.00000     0.00000     0.00000     0.00000     0.00000     0.00000     0.00000     0.00000     0.00000     0.00000     0.00000     0.00000     0.00000     0.00000     0.00000     0.00000     0.00000     0.00000     0.00000     0.00000     0.00000     0.00000     0.00000     0.00000     0.00000     0.00000     0.00000     0.00000     0.00000     0.00000     0.00000     0.00000    -6.50683    -6.49976    -6.49268    -6.48561    -6.47854    -6.47147    -6.46440    -6.45733    -6.45026    -6.44319    -6.43612    -6.42905    -6.42197    -6.41490    -6.40783    -6.40076    -6.39369    -6.38662    -6.37955    -6.37248    -6.36541    -6.35833    -6.35126    -6.34419    -6.33712    -6.33005    -6.32298    -6.31591    -6.30884    -6.30177    -6.29469    -6.28762    -6.28055    -6.27348    -6.26641    -6.25934    -6.25227    -6.24520    -6.23813    -6.23106    -6.22398    -6.21691    -6.20984    -6.20277    19.54284    21.09848    22.65411    24.20975    25.76538    27.32102    28.87665    30.43228    31.98792    33.54356    35.09919    36.65483    38.21046    39.76610    41.32173    42.87736    44.43301    45.98863    47.54427    49.09991    50.65554    52.21118    53.76681    55.32244    56.87808    58.43372    59.98934    61.54498    63.10063    64.65627    66.21189    67.76752    69.32315    70.87881    72.43443    73.99007    75.54570    77.10133    78.65696    80.21262    81.76824    83.32387    84.87950    86.43513    87.99079    89.54642    91.10205    92.65768    94.21330    95.76897    97.32459    98.88022   100.43585   101.99149   103.54712   105.10277   106.65840   108.21404   109.76967   111.32529   112.88094   114.43658   115.99221   117.54784   119.10347   120.65910   122.21475   123.77039   125.32601   126.88164   128.43729   129.99294   131.54855   133.10419   134.65982   136.21545   137.77110   139.32674   140.88237   142.43800   143.99362   145.54926   147.10492   148.66054   150.21617   151.77180   153.32742   154.88309   156.43872   157.99435   159.54999   161.10561   162.66127   164.21689   165.77252   167.32816   168.88379   170.43942   171.99507   173.55069   175.10634   176.66197   178.21759   179.77324   181.32887   182.88452   184.44014   185.99577   187.55142   189.10706   190.66269     0.00000     0.00000     0.00000     0.00000     0.00000     0.00000     0.00000     0.00000     0.00000     0.00000     0.00000     0.00000     0.00000     0.00000     0.00000     0.00000     0.00000     0.00000     0.00000     0.00000     0.00000     0.00000     0.00000     0.00000     0.00000     0.00000     0.00000     0.00000     0.00000     0.00000     0.00000     0.00000     0.00000     0.00000     0.00000     0.00000     0.00000
     0.00000     0.00000     0.00000     0.00000     0.00000     0.00000     0.00000     0.00000     0.00000     0.00000     0.00000     0.00000     0.00000     0.00000     0.00000     0.00000     0.00000     0.00000     0.00000     0.00000     0.00000     0.00000     0.00000     0.00000     0.00000     0.00000     0.00000     0.00000     0.00000     0.00000     0.00000     0.00000     0.00000     0.00000     0.00000     0.00000    -6.50683    -6.49976    -6.49268    -6.48561    -6.47854    -6.47147    -6.46440    -6.45733    -6.45026    -6.44319    -6.43612    -6.42905    -6.42197    -6.41490    -6.40783    -6.40076    -6.39369    -6.38662    -6.37955    -6.37248    -6.36541    -6.35833    -6.35126    -6.34419    -6.33712    -6.33005    -6.32298    -6.31591    -6.30884    -6.30177    -6.29469    -6.28762    -6.28055    -6.27348    -6.26641    -6.25934    -6.25227    -6.24520    -6.23813    -6.23106    -6.22398    -6.21691    -6.20984    -6.20277    16.71441    18.27005    19.82569    21.38132    22.93695    24.49259    26.04822    27.60386    29.15949    30.71512    32.27077    33.82640    35.38203    36.93767    38.49330    40.04894    41.60458    43.16020    44.71584    46.27148    47.82711    49.38275    50.93838    52.49402    54.04965    55.60529    57.16093    58.71656    60.27219    61.82782    63.38347    64.93910    66.49474    68.05037    69.60600    71.16165    72.71728    74.27291    75.82854    77.38417    78.93980    80.49545    82.05109    83.60671    85.16235    86.71797    88.27364    89.82926    91.38489    92.94052    94.49615    96.05180    97.60744    99.16307   100.71870   102.27433   103.82996   105.38561   106.94124   108.49688   110.05251   111.60814   113.16379   114.71942   116.27505   117.83068   119.38631   120.94194   122.49760   124.05322   125.60886   127.16448   128.72012   130.27577   131.83141   133.38702   134.94267   136.49829   138.05396   139.60957   141.16521   142.72084   144.27647   145.83209   147.38776   148.94339   150.49902   152.05464   153.61028   155.16592   156.72157   158.27719   159.83282   161.38844   162.94412   164.49974   166.05537   167.61099   169.16663   170.72226   172.27792   173.83354   175.38918   176.94481   178.50043   180.05609   181.61172   183.16736   184.72298   186.27861   187.83426   189.38991   190.94553     0.00000     0.00000     0.00000     0.00000     0.00000     0.00000     0.00000     0.00000     0.00000     0.00000     0.00000     0.00000     0.00000     0.00000     0.00000     0.00000     0.00000     0.00000     0.00000     0.00000     0.00000     0.00000     0.00000     0.00000     0.00000     0.00000     0.00000     0.00000     0.00000     0.00000     0.00000     0.00000     0.00000     0.00000     0.00000     0.00000
     0.00000     0.00000     0.00000     0.00000     0.00000     0.00000     0.00000     0.00000     0.00000     0.00000     0.00000     0.00000     0.00000     0.00000     0.00000     0.00000     0.00000     0.00000     0.00000     0.00000     0.00000     0.00000     0.00000     0.00000     0.00000     0.00000     0.00000     0.00000     0.00000     0.00000     0.00000     0.00000     0.00000     0.00000     0.00000    -6.50683    -6.49976    -6.49268    -6.48561    -6.47854    -6.47147    -6.46440    -6.45733    -6.45026    -6.44319    -6.43612    -6.42905    -6.42197    -6.41490    -6.40783    -6.40076    -6.39369    -6.38662    -6.37955    -6.37248    -6.36541    -6.35833    -6.35126    -6.34419    -6.33712    -6.33005    -6.32298    -6.31591    -6.30884    -6.30177    -6.29469    -6.28762    -6.28055    -6.27348    -6.26641    -6.25934    -6.25227    -6.24520    -6.23813    -6.23106    -6.22398    -6.21691    -6.20984    -6.20277    13.88601    15.44163    16.99726    18.55289    20.10853    21.66416    23.21979    24.77543    26.33106    27.88671    29.44234    30.99797    32.55361    34.10924    35.66487    37.22051    38.77615    40.33179    41.88741    43.44305    44.99869    46.55432    48.10995    49.66559    51.22122    52.77687    54.33250    55.88813    57.44377    58.99940    60.55503    62.11066    63.66631    65.22195    66.77757    68.33321    69.88884    71.44449    73.00012    74.55576    76.11138    77.66701    79.22264    80.77830    82.33392    83.88956    85.44519    87.00082    88.55647    90.11211    91.66773    93.22336    94.77899    96.33466    97.89028    99.44591   101.00154   102.55717   104.11281   105.66846   107.22408   108.77972   110.33535   111.89098   113.44662   115.00227   116.55789   118.11353   119.66915   121.22478   122.78044   124.33607   125.89170   127.44733   129.00296   130.55861   132.11424   133.66988   135.22551   136.78114   138.33679   139.89243   141.44806   143.00368   144.55931   146.11494   147.67059   149.22623   150.78186   152.33749   153.89311   155.44878   157.00441   158.56003   160.11566   161.67130   163.22696   164.78258   166.33821   167.89383   169.44948   171.00511   172.56076   174.11638   175.67201   177.22766   178.78328   180.33893   181.89456   183.45020   185.00583   186.56146   188.11711   189.67274   191.22836     0.00000     0.00000     0.00000     0.00000     0.00000     0.00000     0.00000     0.00000     0.00000     0.00000     0.00000     0.00000     0.00000     0.00000     0.00000     0.00000     0.00000     0.00000     0.00000     0.00000     0.00000     0.00000     0.00000     0.00000     0.00000     0.00000     0.00000     0.00000     0.00000     0.00000     0.00000     0.00000     0.00000     0.00000     0.00000
     0.00000     0.00000     0.00000     0.00000     0.00000     0.00000     0.00000     0.00000     0.00000     0.00000     0.00000     0.00000     0.00000     0.00000     0.00000     0.00000     0.00000     0.00000     0.00000     0.00000     0.00000     0.00000     0.00000     0.00000     0.00000     0.00000     0.00000     0.00000     0.00000     0.00000     0.00000     0.00000     0.00000     0.00000    -6.50683    -6.49976    -6.49268    -6.48561    -6.47854    -6.47147    -6.46440    -6.45733    -6.45026    -6.44319    -6.43612    -6.42905    -6.42197    -6.41490    -6.40783    -6.40076    -6.39369    -6.38662    -6.37955    -6.37248    -6.36541    -6.35833    -6.35126    -6.34419    -6.33712    -6.33005    -6.32298    -6.31591    -6.30884    -6.30177    -6.29469    -6.28762    -6.28055    -6.27348    -6.26641    -6.25934    -6.25227    -6.24520    -6.23813    -6.23106    -6.22398    -6.21691    -6.20984    -6.20277    16.71444    15.44164    14.16885    15.72447    17.28010    18.83573    20.39137    21.94700    23.50263    25.05828    26.61391    28.16955    29.72518    31.28081    32.83645    34.39208    35.94772    37.50336    39.05898    40.61463    42.17026    43.72589    45.28153    46.83716    48.39279    49.94844    51.50407    53.05971    54.61534    56.17097    57.72661    59.28224    60.83787    62.39351    63.94916    65.50479    67.06042    68.61605    70.17168    71.72733    73.28296    74.83859    76.39423    77.94985    79.50549    81.06114    82.61677    84.17239    85.72803    87.28366    88.83932    90.39494    91.95058    93.50621    95.06184    96.61749    98.17313    99.72875   101.28438   102.84002   104.39565   105.95129   107.50693   109.06256   110.61819   112.17382   113.72948   115.28511   116.84074   118.39636   119.95200   121.50762   123.06329   124.61891   126.17455   127.73017   129.28581   130.84146   132.39709   133.95271   135.50835   137.06398   138.61963   140.17526   141.73090   143.28653   144.84216   146.39778   147.95345   149.50906   151.06470   152.62033   154.17596   155.73161   157.28726   158.84288   160.39851   161.95413   163.50980   165.06543   166.62106   168.17668   169.73232   171.28795   172.84360   174.39923   175.95486   177.51050   179.06612   180.62177   182.17740   183.73305   185.28867   186.84430   188.39995   189.95560   191.51122     0.00000     0.00000     0.00000     0.00000     0.00000     0.00000     0.00000     0.00000     0.00000     0.00000     0.00000     0.00000     0.00000     0.00000     0.00000     0.00000     0.00000     0.00000     0.00000     0.00000     0.00000     0.00000     0.00000     0.00000     0.00000     0.00000     0.00000     0.00000     0.00000     0.00000     0.00000     0.00000     0.00000     0.00000
     0.00000     0.00000     0.00000     0.00000     0.00000     0.00000     0.00000     0.00000     0.00000     0.00000     0.00000     0.00000     0.00000     0.00000     0.00000     0.00000     0.00000     0.00000     0.00000     0.00000     0.00000     0.00000     0.00000     0.00000     0.00000     0.00000     0.00000     0.00000     0.00000     0.00000     0.00000     0.00000     0.00000    -6.50683    -6.49976    -6.49268    -6.48561    -6.47854    -6.47147    -6.46440    -6.45733    -6.45026    -6.44319    -6.43612    -6.42905    -6.42197    -6.41490    -6.40783    -6.40076    -6.39369    -6.38662    -6.37955    -6.37248    -6.36541    -6.35833    -6.35126    -6.34419    -6.33712    -6.33005    -6.32298    -6.31591    -6.30884    -6.30177    -6.29469    -6.28762    -6.28055    -6.27348    -6.26641    -6.25934    -6.25227    -6.24520    -6.23813    -6.23106    -6.22398    -6.21691    -6.20984    -6.20277    19.54286    18.27007    16.99728    15.72448    14.45169    16.00731    17.56294    19.11857    20.67422    22.22985    23.78548    25.34112    26.89675    28.45239    30.00802    31.56365    33.11929    34.67493    36.23055    37.78620    39.34183    40.89747    42.45310    44.00873    45.56438    47.12001    48.67564    50.23128    51.78691    53.34255    54.89818    56.45381    58.00945    59.56509    61.12071    62.67635    64.23199    65.78763    67.34326    68.89890    70.45452    72.01018    73.56580    75.12144    76.67706    78.23270    79.78833    81.34398    82.89961    84.45525    86.01087    87.56650    89.12216    90.67780    92.23342    93.78905    95.34468    96.90034    98.45596   100.01160   101.56722   103.12286   104.67849   106.23414   107.78976   109.34541   110.90103   112.45667   114.01231   115.56795   117.12358   118.67921   120.23484   121.79047   123.34613   124.90176   126.45738   128.01302   129.56865   131.12430   132.67993   134.23557   135.79120   137.34682   138.90248   140.45810   142.01373   143.56937   145.12500   146.68063   148.23628   149.79192   151.34755   152.90317   154.45880   156.01447   157.57010   159.12572   160.68135   162.23697   163.79265   165.34827   166.90390   168.45952   170.01515   171.57080   173.12645   174.68207   176.23770   177.79333   179.34897   180.90462   182.46025   184.01588   185.57150   187.12714   188.68280   190.23843   191.79405     0.00000     0.00000     0.00000     0.00000     0.00000     0.00000     0.00000     0.00000     0.00000     0.00000     0.00000     0.00000     0.00000     0.00000     0.00000     0.00000     0.00000     0.00000     0.00000     0.00000     0.00000     0.00000     0.00000     0.00000     0.00000     0.00000     0.00000     0.00000     0.00000     0.00000     0.00000     0.00000     0.00000
     0.00000     0.00000     0.00000     0.00000     0.00000     0.00000     0.00000     0.00000     0.00000     0.00000     0.00000     0.00000     0.00000     0.00000     0.00000     0.00000     0.00000     0.00000     0.00000     0.00000     0.00000     0.00000     0.00000     0.00000     0.00000     0.00000     0.00000     0.00000     0.00000     0.00000     0.00000     0.00000    -6.50683    -6.49976    -6.49268    -6.48561    -6.47854    -6.47147    -6.46440    -6.45733    -6.45026    -6.44319    -6.43612    -6.42905    -6.42197    -6.41490    -6.40783    -6.40076    -6.39369    -6.38662    -6.37955    -6.37248    -6.36541    -6.35833    -6.35126    -6.34419    -6.33712    -6.33005    -6.32298    -6.31591    -6.30884    -6.30177    -6.29469    -6.28762    -6.28055    -6.27348    -6.26641    -6.25934    -6.25227    -6.24520    -6.23813    -6.23106    -6.22398    -6.21691    -6.20984    -6.20277    22.37129    21.09850    19.82570    18.55291    17.28012    16.00732    14.73454    16.29016    17.84579    19.40142    20.95706    22.51269    24.06832    25.62396    27.17959    28.73523    30.29087    31.84649    33.40214    34.95777    36.51340    38.06904    39.62467    41.18031    42.73595    44.29158    45.84722    47.40285    48.95848    50.51412    52.06975    53.62539    55.18102    56.73666    58.29230    59.84793    61.40356    62.95919    64.51484    66.07047    67.62610    69.18173    70.73737    72.29301    73.84865    75.40428    76.95991    78.51553    80.07117    81.62683    83.18246    84.73808    86.29372    87.84935    89.40501    90.96063    92.51627    94.07189    95.62752    97.18318    98.73881   100.29443   101.85007   103.40570   104.96133   106.51698   108.07262   109.62825   111.18388   112.73950   114.29516   115.85079   117.40643   118.96205   120.51768   122.07331   123.62897   125.18460   126.74023   128.29585   129.85149   131.40714   132.96277   134.51840   136.07404   137.62967   139.18532   140.74095   142.29659   143.85220   145.40784   146.96347   148.51913   150.07475   151.63039   153.18602   154.74164   156.29730   157.85294   159.40857   160.96420   162.51982   164.07549   165.63110   167.18674   168.74237   170.29800   171.85364   173.40929   174.96490   176.52054   178.07619   179.63181   181.18745   182.74309   184.29874   185.85435   187.40999   188.96564   190.52127   192.07689     0.00000     0.00000     0.00000     0.00000     0.00000     0.00000     0.00000     0.00000     0.00000     0.00000     0.00000     0.00000     0.00000     0.00000     0.00000     0.00000     0.00000     0.00000     0.00000     0.00000     0.00000     0.00000     0.00000     0.00000     0.00000     0.00000     0.00000     0.00000     0.00000     0.00000     0.00000     0.00000
     0.00000     0.00000     0.00000     0.00000     0.00000     0.00000     0.00000     0.00000     0.00000     0.00000     0.00000     0.00000     0.00000     0.00000     0.00000     0.00000     0.00000     0.00000     0.00000     0.00000     0.00000     0.00000     0.00000     0.00000     0.00000     0.00000     0.00000     0.00000     0.00000     0.00000     0.00000    -6.50683    -6.49976    -6.49268    -6.48561    -6.47854    -6.47147    -6.46440    -6.45733    -6.45026    -6.44319    -6.43612    -6.42905    -6.42197    -6.41490    -6.40783    -6.40076    -6.39369    -6.38662    -6.37955    -6.37248    -6.36541    -6.35833    -6.35126    -6.34419    -6.33712    -6.33005    -6.32298    -6.31591    -6.30884    -6.30177    -6.29469    -6.28762    -6.28055    -6.27348    -6.26641    -6.25934    -6.25227    -6.24520    -6.23813    -6.23106    -6.22398    -6.21691    -6.20984    -6.20277    25.19972    23.92692    22.65413    21.38134    20.10854    18.83575    17.56297    16.29017    15.01738    16.57300    18.12863    19.68426    21.23990    22.79553    24.35116    25.90680    27.46244    29.01808    30.57371    32.12934    33.68498    35.24061    36.79624    38.35188    39.90752    41.46316    43.01879    44.57442    46.13006    47.68569    49.24132    50.79696    52.35259    53.90824    55.46387    57.01950    58.57514    60.13077    61.68640    63.24203    64.79768    66.35332    67.90894    69.46458    71.02020    72.57587    74.13149    75.68712    77.24275    78.79839    80.35401    81.90967    83.46530    85.02093    86.57656    88.13219    89.68785    91.24348    92.79910    94.35474    95.91036    97.46602    99.02165   100.57728   102.13290   103.68855   105.24417   106.79983   108.35545   109.91109   111.46672   113.02235   114.57800   116.13364   117.68927   119.24490   120.80052   122.35616   123.91181   125.46744   127.02307   128.57870   130.13434   131.68999   133.24562   134.80124   136.35687   137.91251   139.46815   141.02379   142.57942   144.13506   145.69069   147.24631   148.80197   150.35760   151.91322   153.46886   155.02449   156.58014   158.13579   159.69141   161.24704   162.80266   164.35832   165.91396   167.46959   169.02521   170.58084   172.13647   173.69214   175.24776   176.80339   178.35902   179.91464   181.47031   183.02594   184.58157   186.13719   187.69283   189.24847   190.80412   192.35974     0.00000     0.00000     0.00000     0.00000     0.00000     0.00000     0.00000     0.00000     0.00000     0.00000     0.00000     0.00000     0.00000     0.00000     0.00000     0.00000     0.00000     0.00000     0.00000     0.00000     0.00000     0.00000     0.00000     0.00000     0.00000     0.00000     0.00000     0.00000     0.00000     0.00000     0.00000
     0.00000     0.00000     0.00000     0.00000     0.00000     0.00000     0.00000     0.00000     0.00000     0.00000     0.00000     0.00000     0.00000     0.00000     0.00000     0.00000     0.00000     0.00000     0.00000     0.00000     0.00000     0.00000     0.00000     0.00000     0.00000     0.00000     0.00000     0.00000     0.00000     0.00000    -6.50683    -6.49976    -6.49268    -6.48561    -6.47854    -6.47147    -6.46440    -6.45733    -6.45026    -6.44319    -6.43612    -6.42905    -6.42197    -6.41490    -6.40783    -6.40076    -6.39369    -6.38662    -6.37955    -6.37248    -6.36541    -6.35833    -6.35126    -6.34419    -6.33712    -6.33005    -6.32298    -6.31591    -6.30884    -6.30177    -6.29469    -6.28762    -6.28055    -6.27348    -6.26641    -6.25934    -6.25227    -6.24520    -6.23813    -6.23106    -6.22398    -6.21691    -6.20984    -6.20277    28.02813    26.75535    25.48256    24.20976    22.93697    21.66418    20.39138    19.11860    17.84581    16.57301    15.30022    16.85584    18.41147    19.96710    21.52274    23.07837    24.63401    26.18965    27.74528    29.30092    30.85655    32.41218    33.96782    35.52345    37.07909    38.63473    40.19036    41.74600    43.30163    44.85726    46.41290    47.96853    49.52416    51.07981    52.63544    54.19108    55.74671    57.30234    58.85798    60.41361    61.96924    63.52488    65.08053    66.63615    68.19179    69.74742    71.30305    72.85870    74.41434    75.96997    77.52560    79.08122    80.63686    82.19251    83.74814    85.30377    86.85941    88.41503    89.97069    91.52632    93.08195    94.63757    96.19321    97.74886    99.30449   100.86012   102.41576   103.97139   105.52702   107.08267   108.63830   110.19393   111.74957   113.30519   114.86084   116.41648   117.97211   119.52774   121.08337   122.63899   124.19466   125.75028   127.30591   128.86154   130.41718   131.97282   133.52846   135.08409   136.63972   138.19534   139.75101   141.30663   142.86227   144.41789   145.97353   147.52916   149.08481   150.64044   152.19608   153.75171   155.30733   156.86299   158.41862   159.97424   161.52988   163.08551   164.64117   166.19679   167.75243   169.30804   170.86368   172.41933   173.97498   175.53059   177.08623   178.64188   180.19749   181.75314   183.30878   184.86441   186.42003   187.97568   189.53133   191.08696   192.64258     0.00000     0.00000     0.00000     0.00000     0.00000     0.00000     0.00000     0.00000     0.00000     0.00000     0.00000     0.00000     0.00000     0.00000     0.00000     0.00000     0.00000     0.00000     0.00000     0.00000     0.00000     0.00000     0.00000     0.00000     0.00000     0.00000     0.00000     0.00000     0.00000     0.00000
     0.00000     0.00000     0.00000     0.00000     0.00000     0.00000     0.00000     0.00000     0.00000     0.00000     0.00000     0.00000     0.00000     0.00000     0.00000     0.00000     0.00000     0.00000     0.00000     0.00000     0.00000     0.00000     0.00000     0.00000     0.00000     0.00000     0.00000     0.00000     0.00000    -6.50683    -6.49976    -6.49268    -6.48561    -6.47854    -6.47147    -6.46440    -6.45733    -6.45026    -6.44319    -6.43612    -6.42905    -6.42197    -6.41490    -6.40783    -6.40076    -6.39369    -6.38662    -6.37955    -6.37248    -6.36541    -6.35833    -6.35126    -6.34419    -6.33712    -6.33005    -6.32298    -6.31591    -6.30884    -6.30177    -6.29469    -6.28762    -6.28055    -6.27348    -6.26641    -6.25934    -6.25227    -6.24520    -6.23813    -6.23106    -6.22398    -6.21691    -6.20984    -6.20277    30.85657    29.58378    28.31098    27.03819    25.76540    24.49260    23.21981    21.94703    20.67423    19.40144    18.12865    16.85585    15.58307    17.13868    18.69431    20.24994    21.80559    23.36122    24.91685    26.47249    28.02812    29.58376    31.13939    32.69502    34.25066    35.80630    37.36193    38.91757    40.47320    42.02884    43.58447    45.14010    46.69575    48.25138    49.80701    51.36265    52.91828    54.47392    56.02955    57.58518    59.14082    60.69646    62.25208    63.80772    65.36337    66.91901    68.47463    70.03026    71.58589    73.14155    74.69717    76.25281    77.80844    79.36407    80.91970    82.47536    84.03098    85.58661    87.14224    88.69788    90.25353    91.80916    93.36479    94.92042    96.47604    98.03171    99.58734   101.14297   102.69859   104.25423   105.80986   107.36551   108.92114   110.47678   112.03241   113.58804   115.14368   116.69933   118.25495   119.81058   121.36621   122.92184   124.47749   126.03313   127.58875   129.14438   130.70001   132.25568   133.81129   135.36693   136.92256   138.47820   140.03384   141.58948   143.14511   144.70074   146.25636   147.81200   149.36766   150.92328   152.47891   154.03455   155.59018   157.14583   158.70146   160.25710   161.81273   163.36835   164.92401   166.47963   168.03528   169.59090   171.14653   172.70216   174.25781   175.81345   177.36908   178.92471   180.48033   182.03598   183.59161   185.14726   186.70288   188.25851   189.81416   191.36980   192.92543     0.00000     0.00000     0.00000     0.00000     0.00000     0.00000     0.00000     0.00000     0.00000     0.00000     0.00000     0.00000     0.00000     0.00000     0.00000     0.00000     0.00000     0.00000     0.00000     0.00000     0.00000     0.00000     0.00000     0.00000     0.00000     0.00000     0.00000     0.00000     0.00000
     0.00000     0.00000     0.00000     0.00000     0.00000     0.00000     0.00000     0.00000     0.00000     0.00000     0.00000     0.00000     0.00000     0.00000     0.00000     0.00000     0.00000     0.00000     0.00000     0.00000     0.00000     0.00000     0.00000     0.00000     0.00000     0.00000     0.00000     0.00000    -6.50683    -6.49976    -6.49268    -6.48561    -6.47854    -6.47147    -6.46440    -6.45733    -6.45026    -6.44319    -6.43612    -6.42905    -6.42197    -6.41490    -6.40783    -6.40076    -6.39369    -6.38662    -6.37955    -6.37248    -6.36541    -6.35833    -6.35126    -6.34419    -6.33712    -6.33005    -6.32298    -6.31591    -6.30884    -6.30177    -6.29469    -6.28762    -6.28055    -6.27348    -6.26641    -6.25934    -6.25227    -6.24520    -6.23813    -6.23106    -6.22398    -6.21691    -6.20984    -6.20277    33.68500    32.41221    31.13941    29.86662    28.59382    27.32103    26.04824    24.77545    23.50266    22.22987    20.95707    19.68428    18.41150    17.13869    15.86591    17.42153    18.97716    20.53279    22.08843    23.64406    25.19969    26.75533    28.31096    29.86660    31.42224    32.97787    34.53351    36.08914    37.64477    39.20041    40.75604    42.31168    43.86732    45.42295    46.97859    48.53422    50.08985    51.64549    53.20112    54.75676    56.31239    57.86803    59.42367    60.97930    62.53493    64.09056    65.64621    67.20184    68.75748    70.31311    71.86874    73.42439    74.98002    76.53565    78.09128    79.64691    81.20255    82.75819    84.31383    85.86945    87.42509    88.98071    90.53638    92.09200    93.64763    95.20326    96.75890    98.31455    99.87018   101.42581   102.98144   104.53707   106.09270   107.64835   109.20398   110.75962   112.31525   113.87088   115.42653   116.98216   118.53780   120.09342   121.64905   123.20468   124.76034   126.31596   127.87160   129.42723   130.98286   132.53851   134.09415   135.64977   137.20541   138.76103   140.31668   141.87231   143.42795   144.98358   146.53922   148.09485   149.65050   151.20613   152.76175   154.31738   155.87302   157.42868   158.98431   160.53993   162.09557   163.65118   165.20685   166.76248   168.31812   169.87373   171.42937   172.98502   174.54066   176.09628   177.65192   179.20755   180.76317   182.31883   183.87447   185.43010   186.98572   188.54135   190.09702   191.65265   193.20827     0.00000     0.00000     0.00000     0.00000     0.00000     0.00000     0.00000     0.00000     0.00000     0.00000     0.00000     0.00000     0.00000     0.00000     0.00000     0.00000     0.00000     0.00000     0.00000     0.00000     0.00000     0.00000     0.00000     0.00000     0.00000     0.00000     0.00000     0.00000
     0.00000     0.00000     0.00000     0.00000     0.00000     0.00000     0.00000     0.00000     0.00000     0.00000     0.00000     0.00000     0.00000     0.00000     0.00000     0.00000     0.00000     0.00000     0.00000     0.00000     0.00000     0.00000     0.00000     0.00000     0.00000     0.00000     0.00000    -6.50683    -6.49976    -6.49268    -6.48561    -6.47854    -6.47147    -6.46440    -6.45733    -6.45026    -6.44319    -6.43612    -6.42905    -6.42197    -6.41490    -6.40783    -6.40076    -6.39369    -6.38662    -6.37955    -6.37248    -6.36541    -6.35833    -6.35126    -6.34419    -6.33712    -6.33005    -6.32298    -6.31591    -6.30884    -6.30177    -6.29469    -6.28762    -6.28055    -6.27348    -6.26641    -6.25934    -6.25227    -6.24520    -6.23813    -6.23106    -6.22398    -6.21691    -6.20984    -6.20277    36.51343    35.24063    33.96784    32.69505    31.42225    30.14946    28.87666    27.60388    26.33109    25.05829    23.78550    22.51271    21.23991    19.96712    18.69434    17.42154    16.14875    17.70437    19.26000    20.81563    22.37127    23.92690    25.48253    27.03817    28.59381    30.14945    31.70508    33.26071    34.81635    36.37198    37.92761    39.48325    41.03889    42.59453    44.15016    45.70579    47.26143    48.81706    50.37269    51.92833    53.48396    55.03961    56.59524    58.15087    59.70651    61.26214    62.81777    64.37340    65.92905    67.48469    69.04031    70.59595    72.15158    73.70723    75.26286    76.81850    78.37412    79.92975    81.48538    83.04104    84.59666    86.15230    87.70793    89.26356    90.81921    92.37485    93.93048    95.48611    97.04173    98.59740   100.15302   101.70865   103.26428   104.81992   106.37555   107.93120   109.48682   111.04247   112.59809   114.15372   115.70937   117.26501   118.82063   120.37627   121.93189   123.48752   125.04318   126.59881   128.15443   129.71007   131.26570   132.82135   134.37698   135.93262   137.48825   139.04388   140.59953   142.15517   143.71080   145.26642   146.82205   148.37769   149.93335   151.48897   153.04460   154.60023   156.15585   157.71152   159.26715   160.82277   162.37842   163.93404   165.48970   167.04532   168.60095   170.15659   171.71222   173.26785   174.82350   176.37912   177.93475   179.49040   181.04602   182.60167   184.15730   185.71294   187.26857   188.82420   190.37985   191.93549   193.49112     0.00000     0.00000     0.00000     0.00000     0.00000     0.00000     0.00000     0.00000     0.00000     0.00000     0.00000     0.00000     0.00000     0.00000     0.00000     0.00000     0.00000     0.00000     0.00000     0.00000     0.00000     0.00000     0.00000     0.00000     0.00000     0.00000     0.00000
     0.00000     0.00000     0.00000     0.00000     0.00000     0.00000     0.00000     0.00000     0.00000     0.00000     0.00000     0.00000     0.00000     0.00000     0.00000     0.00000     0.00000     0.00000     0.00000     0.00000     0.00000     0.00000     0.00000     0.00000     0.00000     0.00000    -6.50683    -6.49976    -6.49268    -6.48561    -6.47854    -6.47147    -6.46440    -6.45733    -6.45026    -6.44319    -6.43612    -6.42905    -6.42197    -6.41490    -6.40783    -6.40076    -6.39369    -6.38662    -6.37955    -6.37248    -6.36541    -6.35833    -6.35126    -6.34419    -6.33712    -6.33005    -6.32298    -6.31591    -6.30884    -6.30177    -6.29469    -6.28762    -6.28055    -6.27348    -6.26641    -6.25934    -6.25227    -6.24520    -6.23813    -6.23106    -6.22398    -6.21691    -6.20984    -6.20277    39.34184    38.06906    36.79627    35.52347    34.25068    32.97789    31.70509    30.43231    29.15951    27.88672    26.61393    25.34113    24.06834    22.79556    21.52275    20.24997    18.97718    17.70438    16.43159    17.98721    19.54284    21.09847    22.65411    24.20974    25.76538    27.32102    28.87665    30.43229    31.98792    33.54355    35.09919    36.65482    38.21046    39.76610    41.32173    42.87737    44.43300    45.98863    47.54427    49.09990    50.65553    52.21118    53.76681    55.32245    56.87808    58.43371    59.98935    61.54498    63.10061    64.65625    66.21190    67.76753    69.32316    70.87879    72.43442    73.99007    75.54570    77.10133    78.65697    80.21259    81.76823    83.32388    84.87952    86.43514    87.99077    89.54640    91.10207    92.65769    94.21332    95.76895    97.32458    98.88023   100.43587   101.99149   103.54712   105.10276   106.65839   108.21404   109.76967   111.32530   112.88094   114.43656   115.99222   117.54785   119.10348   120.65910   122.21474   123.77036   125.32603   126.88165   128.43729   129.99290   131.54855   133.10420   134.65982   136.21545   137.77109   139.32672   140.88237   142.43800   143.99364   145.54927   147.10489   148.66052   150.21619   151.77182   153.32744   154.88307   156.43871   157.99435   159.54999   161.10562   162.66125   164.21687   165.77254   167.32816   168.88380   170.43942   171.99506   173.55069   175.10634   176.66197   178.21761   179.77324   181.32886   182.88451   184.44016   185.99579   187.55141   189.10704   190.66269   192.21832   193.77396     0.00000     0.00000     0.00000     0.00000     0.00000     0.00000     0.00000     0.00000     0.00000     0.00000     0.00000     0.00000     0.00000     0.00000     0.00000     0.00000     0.00000     0.00000     0.00000     0.00000     0.00000     0.00000     0.00000     0.00000     0.00000     0.00000
     0.00000     0.00000     0.00000     0.00000     0.00000     0.00000     0.00000     0.00000     0.00000     0.00000     0.00000     0.00000     0.00000     0.00000     0.00000     0.00000     0.00000     0.00000     0.00000     0.00000     0.00000     0.00000     0.00000     0.00000     0.00000    -6.50683    -6.49976    -6.49268    -6.48561    -6.47854    -6.47147    -6.46440    -6.45733    -6.45026    -6.44319    -6.43612    -6.42905    -6.42197    -6.41490    -6.40783    -6.40076    -6.39369    -6.38662    -6.37955    -6.37248    -6.36541    -6.35833    -6.35126    -6.34419    -6.33712    -6.33005    -6.32298    -6.31591    -6.30884    -6.30177    -6.29469    -6.28762    -6.28055    -6.27348    -6.26641    -6.25934    -6.25227    -6.24520    -6.23813    -6.23106    -6.22398    -6.21691    -6.20984    -6.20277    42.17027    40.89749    39.62469    38.35190    37.07911    35.80631    34.53352    33.26073    31.98794    30.71515    29.44235    28.16956    26.89677    25.62397    24.35118    23.07840    21.80560    20.53281    19.26002    17.98722    16.71444    18.27005    19.82568    21.38131    22.93696    24.49259    26.04822    27.60386    29.15949    30.71513    32.27076    33.82639    35.38203    36.93767    38.49330    40.04894    41.60457    43.16021    44.71584    46.27147    47.82712    49.38275    50.93838    52.49402    54.04965    55.60529    57.16092    58.71655    60.27219    61.82783    63.38345    64.93909    66.49474    68.05037    69.60600    71.16164    72.71726    74.27292    75.82855    77.38418    78.93980    80.49544    82.05107    83.60673    85.16235    86.71799    88.27362    89.82925    91.38490    92.94054    94.49616    96.05179    97.60742    99.16308   100.71870   102.27434   103.82996   105.38560   106.94123   108.49688   110.05251   111.60815   113.16377   114.71941   116.27505   117.83069   119.38632   120.94195   122.49758   124.05321   125.60887   127.16450   128.72012   130.27576   131.83139   133.38704   134.94267   136.49831   138.05394   139.60956   141.16522   142.72084   144.27649   145.83211   147.38774   148.94337   150.49902   152.05466   153.61029   155.16591   156.72154   158.27721   159.83284   161.38846   162.94409   164.49973   166.05539   167.61101   169.16664   170.72226   172.27789   173.83354   175.38919   176.94481   178.50044   180.05608   181.61171   183.16736   184.72299   186.27863   187.83426   189.38989   190.94554   192.50117   194.05679     0.00000     0.00000     0.00000     0.00000     0.00000     0.00000     0.00000     0.00000     0.00000     0.00000     0.00000     0.00000     0.00000     0.00000     0.00000     0.00000     0.00000     0.00000     0.00000     0.00000     0.00000     0.00000     0.00000     0.00000     0.00000
     0.00000     0.00000     0.00000     0.00000     0.00000     0.00000     0.00000     0.00000     0.00000     0.00000     0.00000     0.00000     0.00000     0.00000     0.00000     0.00000     0.00000     0.00000     0.00000     0.00000     0.00000     0.00000     0.00000     0.00000    -6.50683    -6.49976    -6.49268    -6.48561    -6.47854    -6.47147    -6.46440    -6.45733    -6.45026    -6.44319    -6.43612    -6.42905    -6.42197    -6.41490    -6.40783    -6.40076    -6.39369    -6.38662    -6.37955    -6.37248    -6.36541    -6.35833    -6.35126    -6.34419    -6.33712    -6.33005    -6.32298    -6.31591    -6.30884    -6.30177    -6.29469    -6.28762    -6.28055    -6.27348    -6.26641    -6.25934    -6.25227    -6.24520    -6.23813    -6.23106    -6.22398    -6.21691    -6.20984    -6.20277    44.99870    43.72592    42.45312    41.18033    39.90753    38.63474    37.36195    36.08916    34.81637    33.54358    32.27078    30.99799    29.72519    28.45240    27.17962    25.90682    24.63403    23.36124    22.08844    20.81565    19.54287    18.27007    16.99728    18.55290    20.10853    21.66416    23.21980    24.77543    26.33106    27.88670    29.44233    30.99797    32.55361    34.10924    35.66488    37.22051    38.77614    40.33178    41.88741    43.44305    44.99869    46.55432    48.10996    49.66559    51.22122    52.77686    54.33249    55.88813    57.44376    58.99940    60.55504    62.11067    63.66630    65.22193    66.77759    68.33321    69.88884    71.44447    73.00011    74.55576    76.11139    77.66702    79.22266    80.77828    82.33391    83.88957    85.44520    87.00082    88.55646    90.11209    91.66775    93.22337    94.77901    96.33463    97.89026    99.44592   101.00155   102.55717   104.11281   105.66844   107.22408   108.77972   110.33536   111.89099   113.44662   115.00224   116.55790   118.11353   119.66917   121.22479   122.78043   124.33605   125.89171   127.44734   129.00296   130.55859   132.11423   133.66989   135.22551   136.78114   138.33678   139.89241   141.44806   143.00369   144.55933   146.11496   147.67058   149.22621   150.78188   152.33749   153.89313   155.44876   157.00438   158.56004   160.11568   161.67130   163.22694   164.78256   166.33823   167.89384   169.44948   171.00511   172.56075   174.11638   175.67203   177.22765   178.78329   180.33893   181.89455   183.45020   185.00583   186.56146   188.11710   189.67273   191.22838   192.78401   194.33963     0.00000     0.00000     0.00000     0.00000     0.00000     0.00000     0.00000     0.00000     0.00000     0.00000     0.00000     0.00000     0.00000     0.00000     0.00000     0.00000     0.00000     0.00000     0.00000     0.00000     0.00000     0.00000     0.00000     0.00000
     0.00000     0.00000     0.00000     0.00000     0.00000     0.00000     0.00000     0.00000     0.00000     0.00000     0.00000     0.00000     0.00000     0.00000     0.00000     0.00000     0.00000     0.00000     0.00000     0.00000     0.00000     0.00000     0.00000    -6.50683    -6.49976    -6.49268    -6.48561    -6.47854    -6.47147    -6.46440    -6.45733    -6.45026    -6.44319    -6.43612    -6.42905    -6.42197    -6.41490    -6.40783    -6.40076    -6.39369    -6.38662    -6.37955    -6.37248    -6.36541    -6.35833    -6.35126    -6.34419    -6.33712    -6.33005    -6.32298    -6.31591    -6.30884    -6.30177    -6.29469    -6.28762    -6.28055    -6.27348    -6.26641    -6.25934    -6.25227    -6.24520    -6.23813    -6.23106    -6.22398    -6.21691    -6.20984    -6.20277    47.82713    46.55434    45.28155    44.00876    42.73596    41.46317    40.19037    38.91759    37.64480    36.37200    35.09921    33.82642    32.55362    31.28083    30.00803    28.73525    27.46246    26.18966    24.91687    23.64408    22.37128    21.09850    19.82571    18.55291    17.28012    18.83574    20.39137    21.94700    23.50264    25.05827    26.61390    28.16954    29.72518    31.28082    32.83645    34.39208    35.94772    37.50335    39.05898    40.61462    42.17026    43.72590    45.28153    46.83716    48.39280    49.94843    51.50406    53.05970    54.61533    56.17098    57.72661    59.28224    60.83788    62.39351    63.94914    65.50478    67.06042    68.61606    70.17169    71.72732    73.28294    74.83861    76.39423    77.94987    79.50549    81.06113    82.61676    84.17241    85.72804    87.28367    88.83930    90.39493    91.95059    93.50622    95.06184    96.61748    98.17310    99.72876   101.28439   102.84002   104.39565   105.95129   107.50691   109.06257   110.61819   112.17383   113.72946   115.28509   116.84074   118.39638   119.95201   121.50764   123.06326   124.61890   126.17455   127.73018   129.28581   130.84145   132.39708   133.95273   135.50836   137.06398   138.61963   140.17525   141.73090   143.28653   144.84216   146.39780   147.95343   149.50905   151.06471   152.62035   154.17596   155.73160   157.28723   158.84290   160.39853   161.95415   163.50978   165.06540   166.62106   168.17670   169.73233   171.28795   172.84358   174.39922   175.95488   177.51050   179.06613   180.62177   182.17740   183.73303   185.28868   186.84431   188.39993   189.95557   191.51123   193.06686   194.62248     0.00000     0.00000     0.00000     0.00000     0.00000     0.00000     0.00000     0.00000     0.00000     0.00000     0.00000     0.00000     0.00000     0.00000     0.00000     0.00000     0.00000     0.00000     0.00000     0.00000     0.00000     0.00000     0.00000
     0.00000     0.00000     0.00000     0.00000     0.00000     0.00000     0.00000     0.00000     0.00000     0.00000     0.00000     0.00000     0.00000     0.00000     0.00000     0.00000     0.00000     0.00000     0.00000     0.00000     0.00000     0.00000    -6.50683    -6.49976    -6.49268    -6.48561    -6.47854    -6.47147    -6.46440    -6.45733    -6.45026    -6.44319    -6.43612    -6.42905    -6.42197    -6.41490    -6.40783    -6.40076    -6.39369    -6.38662    -6.37955    -6.37248    -6.36541    -6.35833    -6.35126    -6.34419    -6.33712    -6.33005    -6.32298    -6.31591    -6.30884    -6.30177    -6.29469    -6.28762    -6.28055    -6.27348    -6.26641    -6.25934    -6.25227    -6.24520    -6.23813    -6.23106    -6.22398    -6.21691    -6.20984    -6.20277    50.65556    49.38277    48.10998    46.83718    45.56439    44.29160    43.01880    41.74602    40.47321    39.20043    37.92764    36.65484    35.38205    34.10926    32.83646    31.56368    30.29088    29.01809    27.74530    26.47250    25.19971    23.92693    22.65413    21.38134    20.10855    18.83575    17.56296    19.11858    20.67421    22.22984    23.78549    25.34111    26.89675    28.45239    30.00802    31.56366    33.11929    34.67492    36.23056    37.78619    39.34183    40.89747    42.45310    44.00874    45.56437    47.12000    48.67564    50.23127    51.78690    53.34255    54.89818    56.45382    58.00945    59.56508    61.12072    62.67635    64.23198    65.78761    67.34327    68.89890    70.45453    72.01016    73.56580    75.12144    76.67708    78.23271    79.78834    81.34396    82.89960    84.45525    86.01088    87.56651    89.12215    90.67777    92.23343    93.78906    95.34469    96.90031    98.45595   100.01160   101.56724   103.12286   104.67850   106.23413   107.78976   109.34541   110.90104   112.45667   114.01231   115.56793   117.12358   118.67922   120.23485   121.79048   123.34611   124.90173   126.45740   128.01303   129.56865   131.12428   132.67992   134.23557   135.79120   137.34683   138.90247   140.45810   142.01375   143.56937   145.12502   146.68063   148.23627   149.79190   151.34755   152.90318   154.45882   156.01443   157.57007   159.12573   160.68137   162.23698   163.79262   165.34825   166.90392   168.45953   170.01517   171.57079   173.12643   174.68207   176.23772   177.79333   179.34897   180.90460   182.46024   184.01588   185.57152   187.12715   188.68277   190.23840   191.79407   193.34970   194.90532     0.00000     0.00000     0.00000     0.00000     0.00000     0.00000     0.00000     0.00000     0.00000     0.00000     0.00000     0.00000     0.00000     0.00000     0.00000     0.00000     0.00000     0.00000     0.00000     0.00000     0.00000     0.00000
     0.00000     0.00000     0.00000     0.00000     0.00000     0.00000     0.00000     0.00000     0.00000     0.00000     0.00000     0.00000     0.00000     0.00000     0.00000     0.00000     0.00000     0.00000     0.00000     0.00000     0.00000    -6.50683    -6.49976    -6.49268    -6.48561    -6.47854    -6.47147    -6.46440    -6.45733    -6.45026    -6.44319    -6.43612    -6.42905    -6.42197    -6.41490    -6.40783    -6.40076    -6.39369    -6.38662    -6.37955    -6.37248    -6.36541    -6.35833    -6.35126    -6.34419    -6.33712    -6.33005    -6.32298    -6.31591    -6.30884    -6.30177    -6.29469    -6.28762    -6.28055    -6.27348    -6.26641    -6.25934    -6.25227    -6.24520    -6.23813    -6.23106    -6.22398    -6.21691    -6.20984    -6.20277    53.48399    52.21120    50.93840    49.66561    48.39282    47.12002    45.84723    44.57445    43.30164    42.02886    40.75606    39.48327    38.21048    36.93768    35.66489    34.39211    33.11931    31.84652    30.57372    29.30093    28.02814    26.75534    25.48256    24.20977    22.93697    21.66418    20.39139    19.11859    17.84581    19.40143    20.95706    22.51268    24.06833    25.62396    27.17959    28.73523    30.29086    31.84650    33.40213    34.95776    36.51340    38.06904    39.62467    41.18031    42.73594    44.29158    45.84721    47.40284    48.95849    50.51412    52.06975    53.62539    55.18102    56.73666    58.29229    59.84792    61.40356    62.95920    64.51483    66.07046    67.62611    69.18175    70.73737    72.29301    73.84863    75.40429    76.95992    78.51555    80.07118    81.62681    83.18244    84.73810    86.29372    87.84935    89.40498    90.96062    92.51627    94.07190    95.62753    97.18316    98.73879   100.29445   101.85008   103.40571   104.96133   106.51697   108.07260   109.62825   111.18388   112.73952   114.29515   115.85078   117.40643   118.96207   120.51769   122.07332   123.62895   125.18458   126.74023   128.29587   129.85150   131.40712   132.96277   134.51842   136.07404   137.62967   139.18530   140.74094   142.29659   143.85222   145.40785   146.96349   148.51910   150.07474   151.63040   153.18604   154.74165   156.29729   157.85291   159.40857   160.96420   162.51984   164.07547   165.63109   167.18675   168.74237   170.29802   171.85364   173.40927   174.96490   176.52057   178.07617   179.63182   181.18745   182.74307   184.29872   185.85437   187.41000   188.96562   190.52126   192.07690   193.63254   195.18817     0.00000     0.00000     0.00000     0.00000     0.00000     0.00000     0.00000     0.00000     0.00000     0.00000     0.00000     0.00000     0.00000     0.00000     0.00000     0.00000     0.00000     0.00000     0.00000     0.00000     0.00000
     0.00000     0.00000     0.00000     0.00000     0.00000     0.00000     0.00000     0.00000     0.00000     0.00000     0.00000     0.00000     0.00000     0.00000     0.00000     0.00000     0.00000     0.00000     0.00000     0.00000    -6.50683    -6.49976    -6.49268    -6.48561    -6.47854    -6.47147    -6.46440    -6.45733    -6.45026    -6.44319    -6.43612    -6.42905    -6.42197    -6.41490    -6.40783    -6.40076    -6.39369    -6.38662    -6.37955    -6.37248    -6.36541    -6.35833    -6.35126    -6.34419    -6.33712    -6.33005    -6.32298    -6.31591    -6.30884    -6.30177    -6.29469    -6.28762    -6.28055    -6.27348    -6.26641    -6.25934    -6.25227    -6.24520    -6.23813    -6.23106    -6.22398    -6.21691    -6.20984    -6.20277    56.31242    55.03963    53.76683    52.49404    51.22124    49.94845    48.67566    47.40286    46.13007    44.85729    43.58449    42.31170    41.03890    39.76611    38.49332    37.22053    35.94774    34.67495    33.40215    32.12936    30.85656    29.58377    28.31099    27.03819    25.76540    24.49261    23.21981    21.94702    20.67424    19.40144    18.12865    19.68427    21.23990    22.79553    24.35117    25.90680    27.46243    29.01807    30.57370    32.12934    33.68498    35.24061    36.79625    38.35188    39.90751    41.46315    43.01878    44.57442    46.13006    47.68569    49.24133    50.79696    52.35259    53.90823    55.46386    57.01951    58.57513    60.13077    61.68641    63.24204    64.79767    66.35330    67.90895    69.46458    71.02022    72.57585    74.13148    75.68713    77.24276    78.79839    80.35402    81.90965    83.46529    85.02094    86.57657    88.13219    89.68783    91.24345    92.79912    94.35474    95.91038    97.46600    99.02164   100.57729   102.13292   103.68855   105.24418   106.79981   108.35545   109.91109   111.46672   113.02236   114.57799   116.13362   117.68927   119.24490   120.80054   122.35616   123.91179   125.46742   127.02308   128.57870   130.13434   131.68997   133.24561   134.80125   136.35689   137.91251   139.46815   141.02377   142.57944   144.13506   145.69069   147.24632   148.80196   150.35757   151.91324   153.46887   155.02451   156.58012   158.13576   159.69142   161.24706   162.80267   164.35831   165.91393   167.46960   169.02522   170.58086   172.13647   173.69211   175.24774   176.80341   178.35902   179.91466   181.47029   183.02591   184.58157   186.13721   187.69284   189.24846   190.80411   192.35974   193.91539   195.47101     0.00000     0.00000     0.00000     0.00000     0.00000     0.00000     0.00000     0.00000     0.00000     0.00000     0.00000     0.00000     0.00000     0.00000     0.00000     0.00000     0.00000     0.00000     0.00000     0.00000
     0.00000     0.00000     0.00000     0.00000     0.00000     0.00000     0.00000     0.00000     0.00000     0.00000     0.00000     0.00000     0.00000     0.00000     0.00000     0.00000     0.00000     0.00000     0.00000    -6.50683    -6.49976    -6.49268    -6.48561    -6.47854    -6.47147    -6.46440    -6.45733    -6.45026    -6.44319    -6.43612    -6.42905    -6.42197    -6.41490    -6.40783    -6.40076    -6.39369    -6.38662    -6.37955    -6.37248    -6.36541    -6.35833    -6.35126    -6.34419    -6.33712    -6.33005    -6.32298    -6.31591    -6.30884    -6.30177    -6.29469    -6.28762    -6.28055    -6.27348    -6.26641    -6.25934    -6.25227    -6.24520    -6.23813    -6.23106    -6.22398    -6.21691    -6.20984    -6.20277    59.14085    57.86804    56.59526    55.32247    54.04967    52.77688    51.50408    50.23129    48.95851    47.68571    46.41292    45.14013    43.86733    42.59454    41.32174    40.04896    38.77617    37.50337    36.23058    34.95779    33.68499    32.41220    31.13940    29.86662    28.59383    27.32103    26.04824    24.77545    23.50266    22.22987    20.95708    19.68428    18.41149    19.96711    21.52274    23.07837    24.63401    26.18964    27.74527    29.30091    30.85655    32.41219    33.96782    35.52345    37.07909    38.63472    40.19035    41.74599    43.30163    44.85727    46.41290    47.96853    49.52417    51.07980    52.63544    54.19108    55.74670    57.30235    58.85798    60.41361    61.96925    63.52488    65.08051    66.63615    68.19180    69.74743    71.30305    72.85869    74.41432    75.96997    77.52560    79.08124    80.63686    82.19249    83.74812    85.30378    86.85941    88.41504    89.97067    91.52630    93.08196    94.63759    96.19322    97.74885    99.30447   100.86014   102.41576   103.97139   105.52702   107.08266   108.63829   110.19394   111.74957   113.30521   114.86083   116.41646   117.97211   119.52775   121.08337   122.63901   124.19463   125.75027   127.30592   128.86156   130.41718   131.97281   133.52844   135.08411   136.63972   138.19536   139.75099   141.30663   142.86227   144.41791   145.97354   147.52917   149.08479   150.64043   152.19608   153.75171   155.30734   156.86298   158.41859   159.97426   161.52989   163.08551   164.64116   166.19678   167.75244   169.30806   170.86371   172.41931   173.97496   175.53059   177.08624   178.64186   180.19751   181.75314   183.30876   184.86441   186.42004   187.97568   189.53131   191.08694   192.64259   194.19823   195.75385     0.00000     0.00000     0.00000     0.00000     0.00000     0.00000     0.00000     0.00000     0.00000     0.00000     0.00000     0.00000     0.00000     0.00000     0.00000     0.00000     0.00000     0.00000     0.00000
     0.00000     0.00000     0.00000     0.00000     0.00000     0.00000     0.00000     0.00000     0.00000     0.00000     0.00000     0.00000     0.00000     0.00000     0.00000     0.00000     0.00000     0.00000    -6.50683    -6.49976    -6.49268    -6.48561    -6.47854    -6.47147    -6.46440    -6.45733    -6.45026    -6.44319    -6.43612    -6.42905    -6.42197    -6.41490    -6.40783    -6.40076    -6.39369    -6.38662    -6.37955    -6.37248    -6.36541    -6.35833    -6.35126    -6.34419    -6.33712    -6.33005    -6.32298    -6.31591    -6.30884    -6.30177    -6.29469    -6.28762    -6.28055    -6.27348    -6.26641    -6.25934    -6.25227    -6.24520    -6.23813    -6.23106    -6.22398    -6.21691    -6.20984    -6.20277    61.96926    60.69647    59.42369    58.15089    56.87810    55.60531    54.33251    53.05972    51.78693    50.51414    49.24135    47.96855    46.69576    45.42297    44.15017    42.87739    41.60458    40.33180    39.05901    37.78621    36.51342    35.24063    33.96783    32.69505    31.42225    30.14946    28.87667    27.60387    26.33109    25.05830    23.78550    22.51271    21.23992    19.96712    18.69433    20.24995    21.80558    23.36121    24.91686    26.47248    28.02812    29.58376    31.13939    32.69503    34.25066    35.80629    37.36193    38.91756    40.47320    42.02884    43.58447    45.14011    46.69574    48.25137    49.80701    51.36265    52.91827    54.47392    56.02955    57.58519    59.14082    60.69645    62.25209    63.80772    65.36336    66.91899    68.47464    70.03027    71.58590    73.14153    74.69716    76.25282    77.80845    79.36407    80.91971    82.47533    84.03097    85.58662    87.14226    88.69788    90.25352    91.80914    93.36481    94.92043    96.47606    98.03169    99.58732   101.14297   102.69861   104.25423   105.80986   107.36550   108.92113   110.47678   112.03241   113.58804   115.14368   116.69930   118.25496   119.81059   121.36622   122.92185   124.47748   126.03311   127.58877   129.14439   130.70003   132.25565   133.81129   135.36694   136.92258   138.47820   140.03383   141.58946   143.14511   144.70074   146.25638   147.81201   149.36765   150.92326   152.47893   154.03456   155.59018   157.14581   158.70145   160.25710   161.81274   163.36836   164.92400   166.47961   168.03528   169.59091   171.14655   172.70216   174.25780   175.81343   177.36908   178.92471   180.48035   182.03598   183.59160   185.14725   186.70288   188.25853   189.81415   191.36978   192.92545   194.48108   196.03670     0.00000     0.00000     0.00000     0.00000     0.00000     0.00000     0.00000     0.00000     0.00000     0.00000     0.00000     0.00000     0.00000     0.00000     0.00000     0.00000     0.00000     0.00000
     0.00000     0.00000     0.00000     0.00000     0.00000     0.00000     0.00000     0.00000     0.00000     0.00000     0.00000     0.00000     0.00000     0.00000     0.00000     0.00000     0.00000    -6.50683    -6.49976    -6.49268    -6.48561    -6.47854    -6.47147    -6.46440    -6.45733    -6.45026    -6.44319    -6.43612    -6.42905    -6.42197    -6.41490    -6.40783    -6.40076    -6.39369    -6.38662    -6.37955    -6.37248    -6.36541    -6.35833    -6.35126    -6.34419    -6.33712    -6.33005    -6.32298    -6.31591    -6.30884    -6.30177    -6.29469    -6.28762    -6.28055    -6.27348    -6.26641    -6.25934    -6.25227    -6.24520    -6.23813    -6.23106    -6.22398    -6.21691    -6.20984    -6.20277    64.79769    63.52490    62.25210    60.97932    59.70653    58.43373    57.16094    55.88815    54.61536    53.34257    52.06977    50.79698    49.52419    48.25139    46.97860    45.70582    44.43301    43.16023    41.88743    40.61464    39.34185    38.06905    36.79626    35.52348    34.25068    32.97789    31.70509    30.43230    29.15952    27.88672    26.61393    25.34114    24.06834    22.79555    21.52276    20.24996    18.97718    20.53280    22.08843    23.64405    25.19970    26.75533    28.31096    29.86660    31.42223    32.97787    34.53350    36.08913    37.64478    39.20041    40.75604    42.31168    43.86731    45.42295    46.97858    48.53422    50.08986    51.64549    53.20112    54.75676    56.31239    57.86803    59.42366    60.97929    62.53493    64.09057    65.64619    67.20183    68.75748    70.31311    71.86874    73.42438    74.98000    76.53566    78.09129    79.64692    81.20255    82.75818    84.31381    85.86947    87.42509    88.98073    90.53636    92.09199    93.64764    95.20328    96.75890    98.31453    99.87016   101.42582   102.98145   104.53708   106.09270   107.64835   109.20397   110.75962   112.31525   113.87089   115.42651   116.98215   118.53780   120.09344   121.64906   123.20470   124.76032   126.31595   127.87161   129.42725   130.98286   132.53850   134.09413   135.64978   137.20541   138.76105   140.31668   141.87231   143.42796   144.98358   146.53922   148.09485   149.65048   151.20612   152.76176   154.31740   155.87303   157.42865   158.98428   160.53995   162.09558   163.65120   165.20685   166.76245   168.31813   169.87375   171.42938   172.98500   174.54065   176.09628   177.65193   179.20755   180.76318   182.31882   183.87445   185.43010   186.98573   188.54137   190.09698   191.65262   193.20828   194.76392   196.31953     0.00000     0.00000     0.00000     0.00000     0.00000     0.00000     0.00000     0.00000     0.00000     0.00000     0.00000     0.00000     0.00000     0.00000     0.00000     0.00000     0.00000
     0.00000     0.00000     0.00000     0.00000     0.00000     0.00000     0.00000     0.00000     0.00000     0.00000     0.00000     0.00000     0.00000     0.00000     0.00000     0.00000    -6.50683    -6.49976    -6.49268    -6.48561    -6.47854    -6.47147    -6.46440    -6.45733    -6.45026    -6.44319    -6.43612    -6.42905    -6.42197    -6.41490    -6.40783    -6.40076    -6.39369    -6.38662    -6.37955    -6.37248    -6.36541    -6.35833    -6.35126    -6.34419    -6.33712    -6.33005    -6.32298    -6.31591    -6.30884    -6.30177    -6.29469    -6.28762    -6.28055    -6.27348    -6.26641    -6.25934    -6.25227    -6.24520    -6.23813    -6.23106    -6.22398    -6.21691    -6.20984    -6.20277    67.62612    66.35333    65.08054    63.80775    62.53495    61.26216    59.98937    58.71657    57.44379    56.17100    54.89820    53.62541    52.35261    51.07982    49.80703    48.53423    47.26144    45.98866    44.71586    43.44307    42.17027    40.89748    39.62469    38.35190    37.07911    35.80632    34.53352    33.26073    31.98793    30.71515    29.44236    28.16956    26.89677    25.62398    24.35118    23.07839    21.80561    20.53281    19.26002    20.81564    22.37127    23.92690    25.48254    27.03817    28.59380    30.14944    31.70507    33.26072    34.81635    36.37198    37.92762    39.48325    41.03888    42.59452    44.15015    45.70580    47.26143    48.81706    50.37270    51.92833    53.48396    55.03960    56.59523    58.15088    59.70650    61.26214    62.81778    64.37341    65.92904    67.48467    69.04033    70.59595    72.15159    73.70721    75.26285    76.81850    78.37413    79.92976    81.48540    83.04102    84.59666    86.15231    87.70794    89.26357    90.81920    92.37483    93.93049    95.48611    97.04175    98.59737   100.15300   101.70866   103.26429   104.81992   106.37555   107.93118   109.48682   111.04247   112.59810   114.15373   115.70936   117.26499   118.82064   120.37628   121.93191   123.48753   125.04317   126.59879   128.15445   129.71008   131.26572   132.82133   134.37697   135.93263   137.48825   139.04388   140.59952   142.15515   143.71080   145.26643   146.82207   148.37770   149.93332   151.48895   153.04462   154.60023   156.15587   157.71150   159.26712   160.82278   162.37842   163.93405   165.48969   167.04530   168.60097   170.15659   171.71222   173.26785   174.82349   176.37912   177.93477   179.49039   181.04602   182.60167   184.15729   185.71294   187.26859   188.82422   190.37984   191.93547   193.49112   195.04675   196.60239     0.00000     0.00000     0.00000     0.00000     0.00000     0.00000     0.00000     0.00000     0.00000     0.00000     0.00000     0.00000     0.00000     0.00000     0.00000     0.00000
     0.00000     0.00000     0.00000     0.00000     0.00000     0.00000     0.00000     0.00000     0.00000     0.00000     0.00000     0.00000     0.00000     0.00000     0.00000    -6.50683    -6.49976    -6.49268    -6.48561    -6.47854    -6.47147    -6.46440    -6.45733    -6.45026    -6.44319    -6.43612    -6.42905    -6.42197    -6.41490    -6.40783    -6.40076    -6.39369    -6.38662    -6.37955    -6.37248    -6.36541    -6.35833    -6.35126    -6.34419    -6.33712    -6.33005    -6.32298    -6.31591    -6.30884    -6.30177    -6.29469    -6.28762    -6.28055    -6.27348    -6.26641    -6.25934    -6.25227    -6.24520    -6.23813    -6.23106    -6.22398    -6.21691    -6.20984    -6.20277    70.45455    69.18176    67.90897    66.63618    65.36337    64.09059    62.81779    61.54500    60.27222    58.99941    57.72663    56.45384    55.18104    53.90825    52.63545    51.36266    50.08988    48.81708    47.54429    46.27150    44.99870    43.72591    42.45311    41.18033    39.90754    38.63474    37.36195    36.08916    34.81636    33.54358    32.27077    30.99799    29.72520    28.45240    27.17961    25.90682    24.63403    23.36124    22.08845    20.81565    19.54286    21.09848    22.65411    24.20974    25.76538    27.32101    28.87664    30.43229    31.98792    33.54356    35.09919    36.65482    38.21046    39.76609    41.32172    42.87737    44.43300    45.98864    47.54427    49.09990    50.65554    52.21117    53.76681    55.32245    56.87807    58.43372    59.98935    61.54498    63.10062    64.65625    66.21188    67.76752    69.32317    70.87880    72.43443    73.99006    75.54569    77.10135    78.65697    80.21261    81.76823    83.32387    84.87950    86.43515    87.99078    89.54641    91.10204    92.65767    94.21333    95.76896    97.32458    98.88022   100.43584   101.99150   103.54713   105.10276   106.65839   108.21403   109.76965   111.32531   112.88094   114.43658   115.99220   117.54784   119.10349   120.65912   122.21475   123.77038   125.32600   126.88164   128.43729   129.99292   131.54855   133.10419   134.65982   136.21547   137.77110   139.32672   140.88235   142.43799   143.99364   145.54927   147.10490   148.66054   150.21617   151.77179   153.32745   154.88309   156.43872   157.99434   159.54997   161.10562   162.66127   164.21689   165.77252   167.32814   168.88382   170.43942   171.99507   173.55069   175.10632   176.66196   178.21762   179.77324   181.32887   182.88451   184.44012   185.99579   187.55142   189.10706   190.66267   192.21831   193.77396   195.32961   196.88522     0.00000     0.00000     0.00000     0.00000     0.00000     0.00000     0.00000     0.00000     0.00000     0.00000     0.00000     0.00000     0.00000     0.00000     0.00000
     0.00000     0.00000     0.00000     0.00000     0.00000     0.00000     0.00000     0.00000     0.00000     0.00000     0.00000     0.00000     0.00000     0.00000    -6.50683    -6.49976    -6.49268    -6.48561    -6.47854    -6.47147    -6.46440    -6.45733    -6.45026    -6.44319    -6.43612    -6.42905    -6.42197    -6.41490    -6.40783    -6.40076    -6.39369    -6.38662    -6.37955    -6.37248    -6.36541    -6.35833    -6.35126    -6.34419    -6.33712    -6.33005    -6.32298    -6.31591    -6.30884    -6.30177    -6.29469    -6.28762    -6.28055    -6.27348    -6.26641    -6.25934    -6.25227    -6.24520    -6.23813    -6.23106    -6.22398    -6.21691    -6.20984    -6.20277    73.28297    72.01019    70.73740    69.46460    68.19180    66.91902    65.64622    64.37343    63.10063    61.82784    60.55506    59.28226    58.00947    56.73668    55.46388    54.19109    52.91830    51.64551    50.37272    49.09992    47.82713    46.55434    45.28154    44.00876    42.73595    41.46317    40.19038    38.91758    37.64479    36.37201    35.09921    33.82642    32.55362    31.28083    30.00804    28.73524    27.46246    26.18967    24.91687    23.64408    22.37129    21.09849    19.82570    21.38132    22.93695    24.49258    26.04823    27.60386    29.15949    30.71513    32.27076    33.82640    35.38203    36.93766    38.49331    40.04893    41.60457    43.16021    44.71584    46.27148    47.82711    49.38274    50.93839    52.49402    54.04964    55.60529    57.16092    58.71656    60.27219    61.82782    63.38346    64.93909    66.49473    68.05035    69.60601    71.16164    72.71727    74.27290    75.82854    77.38419    78.93982    80.49545    82.05108    83.60670    85.16234    86.71799    88.27362    89.82925    91.38489    92.94051    94.49617    96.05180    97.60743    99.16306   100.71869   102.27435   103.82998   105.38560   106.94124   108.49687   110.05250   111.60815   113.16378   114.71942   116.27505   117.83067   119.38632   120.94196   122.49759   124.05322   125.60885   127.16447   128.72014   130.27577   131.83139   133.38702   134.94266   136.49831   138.05394   139.60957   141.16521   142.72084   144.27649   145.83212   147.38776   148.94337   150.49901   152.05464   153.61029   155.16592   156.72156   158.27719   159.83281   161.38847   162.94411   164.49973   166.05536   167.61099   169.16666   170.72227   172.27791   173.83353   175.38916   176.94481   178.50046   180.05608   181.61172   183.16736   184.72298   186.27863   187.83426   189.38989   190.94553   192.50116   194.05681   195.61244   197.16806     0.00000     0.00000     0.00000     0.00000     0.00000     0.00000     0.00000     0.00000     0.00000     0.00000     0.00000     0.00000     0.00000     0.00000
     0.00000     0.00000     0.00000     0.00000     0.00000     0.00000     0.00000     0.00000     0.00000     0.00000     0.00000     0.00000     0.00000    -6.50683    -6.49976    -6.49268    -6.48561    -6.47854    -6.47147    -6.46440    -6.45733    -6.45026    -6.44319    -6.43612    -6.42905    -6.42197    -6.41490    -6.40783    -6.40076    -6.39369    -6.38662    -6.37955    -6.37248    -6.36541    -6.35833    -6.35126    -6.34419    -6.33712    -6.33005    -6.32298    -6.31591    -6.30884    -6.30177    -6.29469    -6.28762    -6.28055    -6.27348    -6.26641    -6.25934    -6.25227    -6.24520    -6.23813    -6.23106    -6.22398    -6.21691    -6.20984    -6.20277    76.11140    74.83862    73.56581    72.29303    71.02023    69.74744    68.47465    67.20186    65.92906    64.65627    63.38347    62.11069    60.83790    59.56510    58.29231    57.01952    55.74673    54.47394    53.20114    51.92835    50.65556    49.38276    48.10997    46.83719    45.56438    44.29160    43.01880    41.74601    40.47322    39.20042    37.92764    36.65485    35.38205    34.10926    32.83646    31.56367    30.29089    29.01809    27.74530    26.47251    25.19971    23.92692    22.65413    21.38133    20.10855    21.66417    23.21980    24.77542    26.33107    27.88670    29.44233    30.99797    32.55360    34.10925    35.66488    37.22050    38.77615    40.33178    41.88741    43.44305    44.99868    46.55433    48.10995    49.66559    51.22123    52.77686    54.33249    55.88813    57.44376    58.99940    60.55503    62.11066    63.66631    65.22194    66.77757    68.33320    69.88885    71.44449    73.00011    74.55575    76.11137    77.66703    79.22266    80.77829    82.33392    83.88955    85.44518    87.00084    88.55647    90.11209    91.66772    93.22336    94.77901    96.33464    97.89027    99.44590   101.00153   102.55719   104.11282   105.66845   107.22408   108.77972   110.33534   111.89099   113.44662   115.00226   116.55789   118.11352   119.66917   121.22481   122.78043   124.33606   125.89169   127.44732   129.00298   130.55861   132.11424   133.66986   135.22549   136.78116   138.33678   139.89241   141.44804   143.00368   144.55933   146.11496   147.67059   149.22623   150.78186   152.33748   153.89314   155.44876   157.00439   158.56003   160.11566   161.67131   163.22696   164.78256   166.33821   167.89383   169.44949   171.00513   172.56076   174.11638   175.67201   177.22765   178.78329   180.33893   181.89456   183.45020   185.00581   186.56146   188.11710   189.67274   191.22836   192.78400   194.33965   195.89529   197.45090     0.00000     0.00000     0.00000     0.00000     0.00000     0.00000     0.00000     0.00000     0.00000     0.00000     0.00000     0.00000     0.00000
     0.00000     0.00000     0.00000     0.00000     0.00000     0.00000     0.00000     0.00000     0.00000     0.00000     0.00000     0.00000    -6.50683    -6.49976    -6.49268    -6.48561    -6.47854    -6.47147    -6.46440    -6.45733    -6.45026    -6.44319    -6.43612    -6.42905    -6.42197    -6.41490    -6.40783    -6.40076    -6.39369    -6.38662    -6.37955    -6.37248    -6.36541    -6.35833    -6.35126    -6.34419    -6.33712    -6.33005    -6.32298    -6.31591    -6.30884    -6.30177    -6.29469    -6.28762    -6.28055    -6.27348    -6.26641    -6.25934    -6.25227    -6.24520    -6.23813    -6.23106    -6.22398    -6.21691    -6.20984    -6.20277    78.93983    77.66704    76.39424    75.12146    73.84866    72.57587    71.30308    70.03028    68.75749    67.48470    66.21191    64.93912    63.66632    62.39353    61.12074    59.84794    58.57516    57.30237    56.02957    54.75678    53.48398    52.21119    50.93840    49.66560    48.39281    47.12003    45.84723    44.57444    43.30164    42.02885    40.75607    39.48327    38.21048    36.93769    35.66489    34.39211    33.11930    31.84652    30.57373    29.30093    28.02814    26.75535    25.48255    24.20976    22.93698    21.66418    20.39139    21.94701    23.50264    25.05827    26.61391    28.16954    29.72517    31.28082    32.83645    34.39209    35.94772    37.50335    39.05899    40.61462    42.17025    43.72589    45.28152    46.83717    48.39280    49.94843    51.50407    53.05970    54.61533    56.17097    57.72660    59.28225    60.83788    62.39351    63.94915    65.50478    67.06041    68.61604    70.17169    71.72733    73.28296    74.83859    76.39422    77.94987    79.50550    81.06113    82.61676    84.17239    85.72803    87.28368    88.83931    90.39494    91.95057    93.50620    95.06186    96.61749    98.17312    99.72874   101.28438   102.84003   104.39566   105.95129   107.50692   109.06256   110.61819   112.17384   113.72946   115.28510   116.84073   118.39636   119.95201   121.50764   123.06328   124.61890   126.17453   127.73016   129.28583   130.84145   132.39708   133.95271   135.50835   137.06400   138.61963   140.17526   141.73090   143.28651   144.84218   146.39780   147.95343   149.50906   151.06470   152.62033   154.17598   155.73161   157.28723   158.84286   160.39850   161.95416   163.50980   165.06541   166.62105   168.17667   169.73233   171.28796   172.84360   174.39922   175.95486   177.51050   179.06615   180.62177   182.17740   183.73303   185.28867   186.84431   188.39995   189.95558   191.51120   193.06683   194.62250   196.17813   197.73375     0.00000     0.00000     0.00000     0.00000     0.00000     0.00000     0.00000     0.00000     0.00000     0.00000     0.00000     0.00000
     0.00000     0.00000     0.00000     0.00000     0.00000     0.00000     0.00000     0.00000     0.00000     0.00000     0.00000    -6.50683    -6.49976    -6.49268    -6.48561    -6.47854    -6.47147    -6.46440    -6.45733    -6.45026    -6.44319    -6.43612    -6.42905    -6.42197    -6.41490    -6.40783    -6.40076    -6.39369    -6.38662    -6.37955    -6.37248    -6.36541    -6.35833    -6.35126    -6.34419    -6.33712    -6.33005    -6.32298    -6.31591    -6.30884    -6.30177    -6.29469    -6.28762    -6.28055    -6.27348    -6.26641    -6.25934    -6.25227    -6.24520    -6.23813    -6.23106    -6.22398    -6.21691    -6.20984    -6.20277    81.76825    80.49547    79.22267    77.94987    76.67709    75.40430    74.13150    72.85871    71.58592    70.31313    69.04034    67.76755    66.49474    65.22196    63.94916    62.67637    61.40359    60.13078    58.85800    57.58521    56.31241    55.03962    53.76682    52.49403    51.22125    49.94845    48.67566    47.40287    46.13007    44.85728    43.58448    42.31170    41.03891    39.76611    38.49332    37.22054    35.94773    34.67495    33.40215    32.12936    30.85657    29.58377    28.31098    27.03819    25.76540    24.49261    23.21982    21.94702    20.67423    22.22985    23.78548    25.34111    26.89676    28.45238    30.00802    31.56366    33.11929    34.67493    36.23056    37.78619    39.34184    40.89746    42.45309    44.00874    45.56437    47.12001    48.67564    50.23127    51.78691    53.34254    54.89818    56.45382    58.00945    59.56509    61.12072    62.67635    64.23199    65.78763    67.34325    68.89889    70.45454    72.01017    73.56580    75.12143    76.67706    78.23271    79.78835    81.34398    82.89960    84.45523    86.01086    87.56652    89.12215    90.67778    92.23341    93.78904    95.34470    96.90033    98.45596   100.01159   101.56721   103.12288   104.67850   106.23413   107.78976   109.34540   110.90103   112.45668   114.01231   115.56795   117.12357   118.67920   120.23486   121.79049   123.34612   124.90175   126.45737   128.01300   129.56866   131.12430   132.67992   134.23555   135.79118   137.34683   138.90247   140.45810   142.01373   143.56937   145.12502   146.68063   148.23628   149.79190   151.34753   152.90317   154.45883   156.01445   157.57008   159.12570   160.68134   162.23700   163.79263   165.34827   166.90390   168.45952   170.01518   171.57080   173.12643   174.68207   176.23770   177.79333   179.34898   180.90460   182.46024   184.01588   185.57150   187.12715   188.68279   190.23843   191.79404   193.34969   194.90533   196.46097   198.01660     0.00000     0.00000     0.00000     0.00000     0.00000     0.00000     0.00000     0.00000     0.00000     0.00000     0.00000
     0.00000     0.00000     0.00000     0.00000     0.00000     0.00000     0.00000     0.00000     0.00000     0.00000    -6.50683    -6.49976    -6.49268    -6.48561    -6.47854    -6.47147    -6.46440    -6.45733    -6.45026    -6.44319    -6.43612    -6.42905    -6.42197    -6.41490    -6.40783    -6.40076    -6.39369    -6.38662    -6.37955    -6.37248    -6.36541    -6.35833    -6.35126    -6.34419    -6.33712    -6.33005    -6.32298    -6.31591    -6.30884    -6.30177    -6.29469    -6.28762    -6.28055    -6.27348    -6.26641    -6.25934    -6.25227    -6.24520    -6.23813    -6.23106    -6.22398    -6.21691    -6.20984    -6.20277    84.59668    83.32389    82.05109    80.77831    79.50552    78.23272    76.95993    75.68714    74.41434    73.14156    71.86877    70.59596    69.32317    68.05039    66.77759    65.50481    64.23200    62.95921    61.68643    60.41363    59.14084    57.86805    56.59525    55.32246    54.04967    52.77688    51.50409    50.23129    48.95850    47.68571    46.41291    45.14013    43.86732    42.59454    41.32175    40.04895    38.77617    37.50338    36.23058    34.95779    33.68499    32.41220    31.13941    29.86661    28.59383    27.32104    26.04824    24.77545    23.50266    22.22986    20.95708    22.51269    24.06833    25.62395    27.17960    28.73523    30.29086    31.84650    33.40213    34.95778    36.51340    38.06903    39.62468    41.18031    42.73594    44.29158    45.84721    47.40285    48.95848    50.51411    52.06976    53.62539    55.18102    56.73666    58.29229    59.84793    61.40356    62.95919    64.51483    66.07047    67.62610    69.18173    70.73738    72.29301    73.84864    75.40427    76.95990    78.51556    80.07119    81.62682    83.18245    84.73808    86.29371    87.84937    89.40500    90.96062    92.51626    94.07188    95.62755    97.18317    98.73880   100.29443   101.85006   103.40572   104.96135   106.51698   108.07260   109.62824   111.18387   112.73952   114.29515   115.85078   117.40642   118.96204   120.51770   122.07333   123.62896   125.18459   126.74022   128.29585   129.85150   131.40714   132.96277   134.51840   136.07404   137.62968   139.18532   140.74094   142.29657   143.85220   145.40787   146.96349   148.51912   150.07475   151.63037   153.18600   154.74167   156.29730   157.85294   159.40855   160.96419   162.51984   164.07547   165.63110   167.18674   168.74236   170.29803   171.85364   173.40929   174.96490   176.52054   178.07617   179.63184   181.18745   182.74309   184.29872   185.85434   187.41000   188.96564   190.52127   192.07689   193.63252   195.18817   196.74380   198.29944     0.00000     0.00000     0.00000     0.00000     0.00000     0.00000     0.00000     0.00000     0.00000     0.00000
     0.00000     0.00000     0.00000     0.00000     0.00000     0.00000     0.00000     0.00000     0.00000    -6.50683    -6.49976    -6.49268    -6.48561    -6.47854    -6.47147    -6.46440    -6.45733    -6.45026    -6.44319    -6.43612    -6.42905    -6.42197    -6.41490    -6.40783    -6.40076    -6.39369    -6.38662    -6.37955    -6.37248    -6.36541    -6.35833    -6.35126    -6.34419    -6.33712    -6.33005    -6.32298    -6.31591    -6.30884    -6.30177    -6.29469    -6.28762    -6.28055    -6.27348    -6.26641    -6.25934    -6.25227    -6.24520    -6.23813    -6.23106    -6.22398    -6.21691    -6.20984    -6.20277    87.42511    86.15232    84.87952    83.60674    82.33394    81.06115    79.78836    78.51556    77.24277    75.96999    74.69718    73.42439    72.15160    70.87881    69.60602    68.33324    67.06043    65.78764    64.51485    63.24206    61.96927    60.69647    59.42368    58.15089    56.87810    55.60531    54.33251    53.05972    51.78693    50.51413    49.24134    47.96856    46.69576    45.42297    44.15017    42.87738    41.60460    40.33179    39.05901    37.78622    36.51342    35.24063    33.96783    32.69505    31.42226    30.14946    28.87667    27.60388    26.33108    25.05829    23.78551    22.51270    21.23992    22.79554    24.35117    25.90680    27.46244    29.01807    30.57370    32.12934    33.68497    35.24062    36.79625    38.35188    39.90752    41.46315    43.01878    44.57442    46.13005    47.68570    49.24133    50.79696    52.35260    53.90823    55.46386    57.01950    58.57513    60.13078    61.68641    63.24203    64.79768    66.35331    67.90894    69.46457    71.02023    72.57585    74.13148    75.68712    77.24274    78.79840    80.35403    81.90966    83.46529    85.02092    86.57655    88.13221    89.68784    91.24347    92.79910    94.35473    95.91039    97.46602    99.02164   100.57727   102.13290   103.68856   105.24419   106.79982   108.35545   109.91109   111.46671   113.02237   114.57800   116.13363   117.68925   119.24489   120.80054   122.35618   123.91180   125.46744   127.02306   128.57869   130.13435   131.68997   133.24561   134.80124   136.35687   137.91252   139.46815   141.02377   142.57942   144.13504   145.69070   147.24634   148.80197   150.35759   151.91322   153.46884   155.02451   156.58014   158.13577   159.69141   161.24702   162.80269   164.35832   165.91394   167.46957   169.02521   170.58087   172.13649   173.69212   175.24774   176.80338   178.35902   179.91467   181.47029   183.02592   184.58157   186.13718   187.69284   189.24847   190.80411   192.35974   193.91537   195.47102   197.02666   198.58228     0.00000     0.00000     0.00000     0.00000     0.00000     0.00000     0.00000     0.00000     0.00000
     0.00000     0.00000     0.00000     0.00000     0.00000     0.00000     0.00000     0.00000    -6.50683    -6.49976    -6.49268    -6.48561    -6.47854    -6.47147    -6.46440    -6.45733    -6.45026    -6.44319    -6.43612    -6.42905    -6.42197    -6.41490    -6.40783    -6.40076    -6.39369    -6.38662    -6.37955    -6.37248    -6.36541    -6.35833    -6.35126    -6.34419    -6.33712    -6.33005    -6.32298    -6.31591    -6.30884    -6.30177    -6.29469    -6.28762    -6.28055    -6.27348    -6.26641    -6.25934    -6.25227    -6.24520    -6.23813    -6.23106    -6.22398    -6.21691    -6.20984    -6.20277    90.25354    88.98075    87.70795    86.43517    85.16237    83.88957    82.61678    81.34399    80.07120    78.79841    77.52561    76.25282    74.98003    73.70724    72.43445    71.16165    69.88886    68.61607    67.34328    66.07049    64.79768    63.52490    62.25211    60.97931    59.70653    58.43374    57.16094    55.88815    54.61535    53.34256    52.06978    50.79697    49.52419    48.25140    46.97860    45.70581    44.43301    43.16022    41.88744    40.61464    39.34185    38.06906    36.79626    35.52348    34.25068    32.97789    31.70510    30.43230    29.15951    27.88672    26.61392    25.34114    24.06835    22.79555    21.52276    23.07838    24.63401    26.18964    27.74529    29.30091    30.85654    32.41219    33.96782    35.52346    37.07909    38.63472    40.19036    41.74599    43.30162    44.85727    46.41290    47.96854    49.52417    51.07980    52.63544    54.19107    55.74670    57.30235    58.85798    60.41362    61.96925    63.52488    65.08052    66.63615    68.19178    69.74741    71.30307    72.85870    74.41433    75.96996    77.52559    79.08125    80.63687    82.19250    83.74814    85.30376    86.85940    88.41505    89.97068    91.52631    93.08194    94.63757    96.19323    97.74886    99.30449   100.86012   102.41574   103.97141   105.52703   107.08266   108.63829   110.19392   111.74956   113.30521   114.86084   116.41647   117.97210   119.52773   121.08338   122.63902   124.19465   125.75027   127.30591   128.86154   130.41719   131.97282   133.52846   135.08408   136.63971   138.19537   139.75101   141.30663   142.86226   144.41789   145.97354   147.52917   149.08481   150.64044   152.19608   153.75169   155.30736   156.86298   158.41861   159.97424   161.52988   163.08553   164.64117   166.19678   167.75243   169.30804   170.86371   172.41933   173.97498   175.53059   177.08623   178.64186   180.19751   181.75314   183.30878   184.86441   186.42003   187.97568   189.53131   191.08694   192.64258   194.19821   195.75386   197.30951   198.86511     0.00000     0.00000     0.00000     0.00000     0.00000     0.00000     0.00000     0.00000
     0.00000     0.00000     0.00000     0.00000     0.00000     0.00000     0.00000    -6.50683    -6.49976    -6.49268    -6.48561    -6.47854    -6.47147    -6.46440    -6.45733    -6.45026    -6.44319    -6.43612    -6.42905    -6.42197    -6.41490    -6.40783    -6.40076    -6.39369    -6.38662    -6.37955    -6.37248    -6.36541    -6.35833    -6.35126    -6.34419    -6.33712    -6.33005    -6.32298    -6.31591    -6.30884    -6.30177    -6.29469    -6.28762    -6.28055    -6.27348    -6.26641    -6.25934    -6.25227    -6.24520    -6.23813    -6.23106    -6.22398    -6.21691    -6.20984    -6.20277    93.08196    91.80918    90.53638    89.26360    87.99080    86.71800    85.44521    84.17242    82.89962    81.62684    80.35404    79.08125    77.80846    76.53567    75.26287    73.99008    72.71729    71.44450    70.17171    68.89892    67.62611    66.35333    65.08053    63.80774    62.53496    61.26216    59.98937    58.71658    57.44378    56.17099    54.89819    53.62540    52.35262    51.07982    49.80703    48.53424    47.26144    45.98866    44.71585    43.44307    42.17028    40.89748    39.62469    38.35191    37.07911    35.80632    34.53352    33.26073    31.98794    30.71514    29.44235    28.16957    26.89677    25.62398    24.35119    23.07839    21.80560    23.36122    24.91685    26.47248    28.02813    29.58376    31.13939    32.69503    34.25066    35.80630    37.36193    38.91756    40.47321    42.02884    43.58447    45.14011    46.69574    48.25138    49.80701    51.36264    52.91829    54.47392    56.02955    57.58519    59.14082    60.69646    62.25209    63.80772    65.36337    66.91899    68.47462    70.03026    71.58591    73.14154    74.69717    76.25280    77.80843    79.36409    80.91972    82.47535    84.03098    85.58661    87.14224    88.69789    90.25352    91.80915    93.36478    94.92041    96.47607    98.03170    99.58733   101.14296   102.69859   104.25425   105.80988   107.36551   108.92113   110.47677   112.03239   113.58805   115.14368   116.69932   118.25494   119.81058   121.36623   122.92186   124.47749   126.03312   127.58875   129.14438   130.70004   132.25566   133.81129   135.36691   136.92256   138.47821   140.03384   141.58948   143.14511   144.70073   146.25638   147.81201   149.36765   150.92328   152.47891   154.03455   155.59019   157.14583   158.70145   160.25708   161.81271   163.36838   164.92401   166.47963   168.03526   169.59088   171.14655   172.70218   174.25781   175.81343   177.36906   178.92471   180.48035   182.03598   183.59161   185.14725   186.70288   188.25851   189.81416   191.36980   192.92542   194.48105   196.03671   197.59235   199.14796     0.00000     0.00000     0.00000     0.00000     0.00000     0.00000     0.00000
     0.00000     0.00000     0.00000     0.00000     0.00000     0.00000    -6.50683    -6.49976    -6.49268    -6.48561    -6.47854    -6.47147    -6.46440    -6.45733    -6.45026    -6.44319    -6.43612    -6.42905    -6.42197    -6.41490    -6.40783    -6.40076    -6.39369    -6.38662    -6.37955    -6.37248    -6.36541    -6.35833    -6.35126    -6.34419    -6.33712    -6.33005    -6.32298    -6.31591    -6.30884    -6.30177    -6.29469    -6.28762    -6.28055    -6.27348    -6.26641    -6.25934    -6.25227    -6.24520    -6.23813    -6.23106    -6.22398    -6.21691    -6.20984    -6.20277    95.91039    94.63760    93.36481    92.09203    90.81923    89.54643    88.27364    87.00085    85.72805    84.45526    83.18246    81.90968    80.63689    79.36409    78.09130    76.81851    75.54572    74.27293    73.00014    71.72734    70.45454    69.18176    67.90896    66.63617    65.36337    64.09059    62.81780    61.54500    60.27221    58.99942    57.72662    56.45383    55.18104    53.90825    52.63546    51.36266    50.08987    48.81709    47.54428    46.27150    44.99870    43.72591    42.45312    41.18032    39.90754    38.63475    37.36195    36.08916    34.81636    33.54357    32.27078    30.99798    29.72520    28.45241    27.17961    25.90682    24.63403    23.36123    22.08845    23.64407    25.19970    26.75533    28.31097    29.86660    31.42223    32.97787    34.53350    36.08915    37.64478    39.20041    40.75605    42.31168    43.86731    45.42295    46.97858    48.53423    50.08986    51.64548    53.20113    54.75676    56.31239    57.86803    59.42366    60.97930    62.53493    64.09056    65.64621    67.20184    68.75747    70.31310    71.86875    73.42439    74.98001    76.53564    78.09128    79.64693    81.20256    82.75819    84.31382    85.86945    87.42508    88.98074    90.53636    92.09200    93.64763    95.20325    96.75891    98.31454    99.87017   101.42580   102.98143   104.53709   106.09272   107.64835   109.20398   110.75961   112.31524   113.87090   115.42652   116.98216   118.53779   120.09341   121.64906   123.20470   124.76033   126.31596   127.87159   129.42722   130.98288   132.53851   134.09415   135.64977   137.20540   138.76105   140.31668   141.87231   143.42795   144.98358   146.53923   148.09485   149.65050   151.20612   152.76175   154.31738   155.87305   157.42867   158.98430   160.53992   162.09555   163.65121   165.20685   166.76247   168.31812   169.87373   171.42940   172.98502   174.54065   176.09628   177.65192   179.20755   180.76320   182.31882   183.87445   185.43008   186.98572   188.54137   190.09700   191.65265   193.20825   194.76390   196.31955   197.87518   199.43080     0.00000     0.00000     0.00000     0.00000     0.00000     0.00000
     0.00000     0.00000     0.00000     0.00000     0.00000    -6.50683    -6.49976    -6.49268    -6.48561    -6.47854    -6.47147    -6.46440    -6.45733    -6.45026    -6.44319    -6.43612    -6.42905    -6.42197    -6.41490    -6.40783    -6.40076    -6.39369    -6.38662    -6.37955    -6.37248    -6.36541    -6.35833    -6.35126    -6.34419    -6.33712    -6.33005    -6.32298    -6.31591    -6.30884    -6.30177    -6.29469    -6.28762    -6.28055    -6.27348    -6.26641    -6.25934    -6.25227    -6.24520    -6.23813    -6.23106    -6.22398    -6.21691    -6.20984    -6.20277    98.73882    97.46603    96.19324    94.92044    93.64765    92.37486    91.10207    89.82928    88.55648    87.28369    86.01089    84.73810    83.46531    82.19252    80.91973    79.64693    78.37415    77.10136    75.82855    74.55577    73.28297    72.01018    70.73739    69.46460    68.19180    66.91902    65.64622    64.37343    63.10064    61.82784    60.55505    59.28226    58.00947    56.73668    55.46388    54.19109    52.91830    51.64550    50.37271    49.09993    47.82713    46.55434    45.28154    44.00875    42.73597    41.46317    40.19038    38.91759    37.64479    36.37200    35.09920    33.82642    32.55363    31.28083    30.00804    28.73525    27.46245    26.18966    24.91688    23.64408    22.37129    23.92691    25.48254    27.03817    28.59381    30.14944    31.70507    33.26072    34.81635    36.37199    37.92762    39.48325    41.03889    42.59452    44.15015    45.70580    47.26143    48.81707    50.37270    51.92833    53.48397    55.03960    56.59523    58.15087    59.70650    61.26215    62.81778    64.37341    65.92905    67.48468    69.04031    70.59594    72.15160    73.70723    75.26286    76.81849    78.37411    79.92977    81.48540    83.04103    84.59666    86.15229    87.70792    89.26358    90.81921    92.37484    93.93047    95.48610    97.04176    98.59739   100.15302   101.70865   103.26427   104.81993   106.37556   107.93119   109.48682   111.04246   112.59808   114.15373   115.70937   117.26500   118.82063   120.37626   121.93191   123.48755   125.04317   126.59880   128.15443   129.71005   131.26572   132.82135   134.37698   135.93262   137.48825   139.04390   140.59952   142.15515   143.71078   145.26642   146.82207   148.37770   149.93333   151.48897   153.04459   154.60022   156.15588   157.71152   159.26714   160.82277   162.37839   163.93405   165.48969   167.04532   168.60095   170.15657   171.71223   173.26785   174.82349   176.37912   177.93475   179.49039   181.04605   182.60165   184.15730   185.71294   187.26855   188.82422   190.37985   191.93549   193.49110   195.04674   196.60239   198.15802   199.71365     0.00000     0.00000     0.00000     0.00000     0.00000
     0.00000     0.00000     0.00000     0.00000    -6.50683    -6.49976    -6.49268    -6.48561    -6.47854    -6.47147    -6.46440    -6.45733    -6.45026    -6.44319    -6.43612    -6.42905    -6.42197    -6.41490    -6.40783    -6.40076    -6.39369    -6.38662    -6.37955    -6.37248    -6.36541    -6.35833    -6.35126    -6.34419    -6.33712    -6.33005    -6.32298    -6.31591    -6.30884    -6.30177    -6.29469    -6.28762    -6.28055    -6.27348    -6.26641    -6.25934    -6.25227    -6.24520    -6.23813    -6.23106    -6.22398    -6.21691    -6.20984    -6.20277   101.56725   100.29446    99.02166    97.74887    96.47608    95.20329    93.93050    92.65771    91.38491    90.11212    88.83932    87.56653    86.29374    85.02094    83.74815    82.47536    81.20258    79.92978    78.65698    77.38420    76.11140    74.83861    73.56582    72.29302    71.02023    69.74745    68.47465    67.20186    65.92906    64.65627    63.38348    62.11068    60.83790    59.56511    58.29231    57.01952    55.74672    54.47393    53.20115    51.92834    50.65556    49.38277    48.10997    46.83718    45.56438    44.29160    43.01881    41.74601    40.47322    39.20043    37.92764    36.65485    35.38205    34.10926    32.83647    31.56367    30.29088    29.01810    27.74530    26.47251    25.19972    23.92692    22.65413    24.20975    25.76538    27.32101    28.87666    30.43229    31.98792    33.54356    35.09919    36.65483    38.21046    39.76609    41.32173    42.87737    44.43299    45.98864    47.54427    49.09991    50.65554    52.21117    53.76682    55.32244    56.87807    58.43372    59.98935    61.54499    63.10062    64.65625    66.21189    67.76752    69.32315    70.87878    72.43443    73.99007    75.54570    77.10133    78.65696    80.21262    81.76824    83.32388    84.87950    86.43513    87.99077    89.54642    91.10205    92.65768    94.21331    95.76894    97.32460    98.88023   100.43586   101.99149   103.54712   105.10278   106.65840   108.21404   109.76966   111.32530   112.88093   114.43658   115.99220   117.54784   119.10347   120.65910   122.21475   123.77039   125.32602   126.88165   128.43729   129.99290   131.54857   133.10419   134.65982   136.21545   137.77109   139.32674   140.88237   142.43799   143.99364   145.54926   147.10492   148.66054   150.21619   151.77180   153.32744   154.88306   156.43872   157.99435   159.54999   161.10561   162.66124   164.21690   165.77254   167.32816   168.88379   170.43942   171.99509   173.55070   175.10634   176.66196   178.21759   179.77322   181.32889   182.88451   184.44014   185.99579   187.55139   189.10706   190.66269   192.21832   193.77394   195.32959   196.88522   198.44087   199.99649     0.00000     0.00000     0.00000     0.00000
     0.00000     0.00000     0.00000    -6.50683    -6.49976    -6.49268    -6.48561    -6.47854    -6.47147    -6.46440    -6.45733    -6.45026    -6.44319    -6.43612    -6.42905    -6.42197    -6.41490    -6.40783    -6.40076    -6.39369    -6.38662    -6.37955    -6.37248    -6.36541    -6.35833    -6.35126    -6.34419    -6.33712    -6.33005    -6.32298    -6.31591    -6.30884    -6.30177    -6.29469    -6.28762    -6.28055    -6.27348    -6.26641    -6.25934    -6.25227    -6.24520    -6.23813    -6.23106    -6.22398    -6.21691    -6.20984    -6.20277   104.39567   103.12289   101.85009   100.57730    99.30450    98.03172    96.75893    95.48613    94.21333    92.94055    91.66776    90.39496    89.12217    87.84937    86.57658    85.30379    84.03099    82.75821    81.48541    80.21262    78.93983    77.66704    76.39424    75.12145    73.84866    72.57587    71.30308    70.03029    68.75749    67.48470    66.21190    64.93912    63.66633    62.39353    61.12074    59.84795    58.57515    57.30236    56.02956    54.75677    53.48399    52.21119    50.93840    49.66561    48.39281    47.12003    45.84723    44.57444    43.30165    42.02885    40.75607    39.48328    38.21048    36.93769    35.66489    34.39210    33.11931    31.84651    30.57373    29.30094    28.02814    26.75535    25.48256    24.20976    22.93697    24.49259    26.04823    27.60386    29.15950    30.71513    32.27076    33.82640    35.38203    36.93767    38.49331    40.04893    41.60458    43.16021    44.71584    46.27148    47.82711    49.38275    50.93839    52.49401    54.04966    55.60529    57.16092    58.71656    60.27219    61.82783    63.38346    64.93909    66.49474    68.05037    69.60600    71.16163    72.71728    74.27291    75.82854    77.38417    78.93980    80.49546    82.05109    83.60672    85.16235    86.71798    88.27361    89.82927    91.38490    92.94052    94.49615    96.05179    97.60744    99.16307   100.71870   102.27433   103.82996   105.38562   106.94125   108.49687   110.05251   111.60814   113.16377   114.71942   116.27505   117.83069   119.38631   120.94194   122.49760   124.05323   125.60886   127.16449   128.72012   130.27576   131.83141   133.38704   134.94266   136.49829   138.05392   139.60959   141.16521   142.72084   144.27647   145.83211   147.38776   148.94339   150.49902   152.05466   153.61028   155.16591   156.72156   158.27719   159.83282   161.38846   162.94409   164.49974   166.05537   167.61099   169.16663   170.72226   172.27792   173.83354   175.38919   176.94479   178.50044   180.05608   181.61172   183.16736   184.72299   186.27863   187.83424   189.38989   190.94553   192.50116   194.05679   195.61243   197.16808   198.72371   200.27933     0.00000     0.00000     0.00000
     0.00000     0.00000    -6.50683    -6.49976    -6.49268    -6.48561    -6.47854    -6.47147    -6.46440    -6.45733    -6.45026    -6.44319    -6.43612    -6.42905    -6.42197    -6.41490    -6.40783    -6.40076    -6.39369    -6.38662    -6.37955    -6.37248    -6.36541    -6.35833    -6.35126    -6.34419    -6.33712    -6.33005    -6.32298    -6.31591    -6.30884    -6.30177    -6.29469    -6.28762    -6.28055    -6.27348    -6.26641    -6.25934    -6.25227    -6.24520    -6.23813    -6.23106    -6.22398    -6.21691    -6.20984    -6.20277   107.22410   105.95131   104.67851   103.40573   102.13293   100.86014    99.58735    98.31456    97.04176    95.76897    94.49618    93.22339    91.95060    90.67780    89.40501    88.13222    86.85942    85.58663    84.31384    83.04105    81.76826    80.49546    79.22267    77.94988    76.67708    75.40430    74.13151    72.85870    71.58592    70.31313    69.04033    67.76755    66.49474    65.22195    63.94917    62.67637    61.40358    60.13079    58.85799    57.58521    56.31241    55.03962    53.76683    52.49403    51.22124    49.94846    48.67566    47.40287    46.13007    44.85728    43.58450    42.31169    41.03891    39.76612    38.49332    37.22053    35.94773    34.67494    33.40216    32.12936    30.85657    29.58378    28.31098    27.03819    25.76540    24.49261    23.21982    24.77544    26.33107    27.88670    29.44234    30.99797    32.55360    34.10924    35.66488    37.22052    38.77615    40.33178    41.88742    43.44305    44.99868    46.55432    48.10995    49.66560    51.22123    52.77686    54.33250    55.88813    57.44376    58.99940    60.55503    62.11067    63.66631    65.22194    66.77757    68.33321    69.88884    71.44447    73.00012    74.55576    76.11138    77.66702    79.22264    80.77831    82.33393    83.88956    85.44519    87.00082    88.55645    90.11211    91.66774    93.22337    94.77900    96.33463    97.89029    99.44592   101.00154   102.55717   104.11280   105.66846   107.22409   108.77972   110.33534   111.89098   113.44661   115.00227   116.55789   118.11353   119.66916   121.22478   122.78044   124.33607   125.89171   127.44733   129.00296   130.55859   132.11426   133.66988   135.22551   136.78113   138.33678   139.89243   141.44806   143.00368   144.55933   146.11494   147.67059   149.22623   150.78186   152.33749   153.89313   155.44875   157.00441   158.56004   160.11566   161.67130   163.22693   164.78259   166.33823   167.89384   169.44948   171.00510   172.56076   174.11639   175.67203   177.22765   178.78328   180.33893   181.89456   183.45020   185.00583   186.56146   188.11708   189.67273   191.22836   192.78401   194.33963   195.89526   197.45093   199.00656   200.56218     0.00000     0.00000
     0.00000    -6.50683    -6.49976    -6.49268    -6.48561    -6.47854    -6.47147    -6.46440    -6.45733    -6.45026    -6.44319    -6.43612    -6.42905    -6.42197    -6.41490    -6.40783    -6.40076    -6.39369    -6.38662    -6.37955    -6.37248    -6.36541    -6.35833    -6.35126    -6.34419    -6.33712    -6.33005    -6.32298    -6.31591    -6.30884    -6.30177    -6.29469    -6.28762    -6.28055    -6.27348    -6.26641    -6.25934    -6.25227    -6.24520    -6.23813    -6.23106    -6.22398    -6.21691    -6.20984    -6.20277   110.05252   108.77974   107.50694   106.23415   104.96136   103.68857   102.41578   101.14298    99.87019    98.59740    97.32461    96.05182    94.77902    93.50623    92.23344    90.96065    89.68785    88.41506    87.14227    85.86948    84.59668    83.32389    82.05110    80.77831    79.50551    78.23273    76.95992    75.68713    74.41435    73.14156    71.86876    70.59598    69.32317    68.05038    66.77759    65.50480    64.23201    62.95921    61.68642    60.41364    59.14084    57.86805    56.59525    55.32246    54.04967    52.77687    51.50409    50.23130    48.95850    47.68571    46.41291    45.14012    43.86734    42.59454    41.32175    40.04896    38.77616    37.50337    36.23058    34.95779    33.68500    32.41220    31.13941    29.86662    28.59382    27.32104    26.04825    24.77545    23.50266    25.05828    26.61391    28.16954    29.72518    31.28081    32.83644    34.39209    35.94772    37.50336    39.05899    40.61462    42.17026    43.72589    45.28152    46.83717    48.39280    49.94844    51.50407    53.05970    54.61534    56.17097    57.72660    59.28224    60.83788    62.39352    63.94915    65.50478    67.06042    68.61605    70.17168    71.72731    73.28297    74.83860    76.39423    77.94986    79.50549    81.06114    82.61678    84.17241    85.72803    87.28366    88.83929    90.39495    91.95058    93.50621    95.06184    96.61747    98.17313    99.72876   101.28439   102.84001   104.39565   105.95130   107.50693   109.06256   110.61819   112.17383   113.72945   115.28511   116.84074   118.39637   119.95200   121.50763   123.06328   124.61892   126.17455   127.73018   129.28580   130.84143   132.39709   133.95273   135.50835   137.06398   138.61961   140.17526   141.73090   143.28653   144.84216   146.39780   147.95345   149.50906   151.06470   152.62033   154.17596   155.73160   157.28726   158.84288   160.39851   161.95413   163.50977   165.06543   166.62106   168.17668   169.73233   171.28793   172.84361   174.39923   175.95486   177.51050   179.06613   180.62177   182.17741   183.73303   185.28867   186.84430   188.39993   189.95558   191.51122   193.06685   194.62247   196.17810   197.73373   199.28937   200.84500     0.00000
    -6.50683    -6.49976    -6.49268    -6.48561    -6.47854    -6.47147    -6.46440    -6.45733    -6.45026    -6.44319    -6.43612    -6.42905    -6.42197    -6.41490    -6.40783    -6.40076    -6.39369    -6.38662    -6.37955    -6.37248    -6.36541    -6.35833    -6.35126    -6.34419    -6.33712    -6.33005    -6.32298    -6.31591    -6.30884    -6.30177    -6.29469    -6.28762    -6.28055    -6.27348    -6.26641    -6.25934    -6.25227    -6.24520    -6.23813    -6.23106    -6.22398    -6.21691    -6.20984    -6.20277   112.88095   111.60816   110.33537   109.06258   107.78979   106.51699   105.24420   103.97141   102.69862   101.42583   100.15303    98.88025    97.60745    96.33466    95.06187    93.78908    92.51628    91.24349    89.97070    88.69791    87.42511    86.15231    84.87952    83.60674    82.33394    81.06115    79.78835    78.51556    77.24277    75.96999    74.69719    73.42439    72.15160    70.87881    69.60602    68.33323    67.06042    65.78764    64.51485    63.24205    61.96927    60.69648    59.42368    58.15089    56.87809    55.60530    54.33252    53.05972    51.78693    50.51414    49.24134    47.96855    46.69576    45.42297    44.15018    42.87738    41.60459    40.33180    39.05901    37.78622    36.51342    35.24063    33.96784    32.69504    31.42225    30.14947    28.87667    27.60388    26.33109    25.05829    23.78550    25.34112    26.89675    28.45238    30.00803    31.56366    33.11929    34.67493    36.23056    37.78620    39.34183    40.89746    42.45310    44.00874    45.56437    47.12001    48.67564    50.23128    51.78691    53.34254    54.89819    56.45381    58.00945    59.56509    61.12072    62.67636    64.23199    65.78762    67.34326    68.89890    70.45452    72.01015    73.56581    75.12144    76.67707    78.23270    79.78833    81.34399    82.89961    84.45525    86.01088    87.56651    89.12214    90.67780    92.23342    93.78905    95.34468    96.90031    98.45597   100.01160   101.56723   103.12286   104.67848   106.23415   107.78977   109.34541   110.90103   112.45667   114.01230   115.56795   117.12358   118.67921   120.23485   121.79047   123.34612   124.90176   126.45739   128.01302   129.56865   131.12427   132.67993   134.23557   135.79120   137.34682   138.90247   140.45810   142.01373   143.56937   145.12500   146.68063   148.23628   149.79192   151.34755   152.90318   154.45880   156.01443   157.57010   159.12573   160.68135   162.23698   163.79260   165.34827   166.90390   168.45953   170.01517   171.57079   173.12645   174.68207   176.23770   177.79333   179.34897   180.90460   182.46025   184.01587   185.57150   187.12715   188.68277   190.23842   191.79407   193.34970   194.90532   196.46095   198.01657   199.57220   201.12787
     0.00000    -6.49268    -6.48561    -6.47854    -6.47147    -6.46440    -6.45733    -6.45026    -6.44319    -6.43612    -6.42905    -6.42197    -6.41490    -6.40783    -6.40076    -6.39369    -6.38662    -6.37955    -6.37248    -6.36541    -6.35833    -6.35126    -6.34419    -6.33712    -6.33005    -6.32298    -6.31591    -6.30884    -6.30177    -6.29469    -6.28762    -6.28055    -6.27348    -6.26641    -6.25934    -6.25227    -6.24520    -6.23813    -6.23106    -6.22398    -6.21691    -6.20984    -6.20277   115.70938   114.43659   113.16380   111.89101   110.61821   109.34542   108.07263   106.79984   105.52704   104.25426   102.98146   101.70866   100.43587    99.16309    97.89030    96.61750    95.34471    94.07192    92.79913    91.52634    90.25354    88.98074    87.70795    86.43516    85.16237    83.88958    82.61678    81.34399    80.07120    78.79842    77.52561    76.25282    74.98003    73.70724    72.43445    71.16166    69.88885    68.61607    67.34327    66.07048    64.79770    63.52490    62.25211    60.97932    59.70652    58.43373    57.16093    55.88815    54.61536    53.34256    52.06977    50.79698    49.52419    48.25140    46.97860    45.70581    44.43302    43.16022    41.88744    40.61465    39.34185    38.06906    36.79626    35.52347    34.25068    32.97788    31.70510    30.43231    29.15951    27.88672    26.61393    25.34113    24.06835    25.62396    27.17960    28.73523    30.29087    31.84650    33.40213    34.95777    36.51340    38.06904    39.62468    41.18031    42.73595    44.29158    45.84721    47.40285    48.95848    50.51412    52.06976    53.62538    55.18103    56.73666    58.29229    59.84793    61.40356    62.95921    64.51483    66.07047    67.62611    69.18174    70.73737    72.29300    73.84865    75.40428    76.95992    78.51555    80.07117    81.62683    83.18246    84.73809    86.29372    87.84935    89.40498    90.96063    92.51627    94.07189    95.62753    97.18315    98.73882   100.29444   101.85007   103.40570   104.96133   106.51699   108.07262   109.62825   111.18388   112.73951   114.29514   115.85079   117.40642   118.96206   120.51768   122.07332   123.62897   125.18460   126.74023   128.29587   129.85149   131.40712   132.96277   134.51840   136.07404   137.62967   139.18530   140.74095   142.29659   143.85220   145.40784   146.96347   148.51913   150.07475   151.63040   153.18602   154.74165   156.29727   157.85294   159.40857   160.96420   162.51982   164.07545   165.63110   167.18675   168.74237   170.29800   171.85364   173.40930   174.96492   176.52055   178.07617   179.63181   181.18744   182.74310   184.29872   185.85435   187.40999   188.96561   190.52127   192.07690   193.63254   195.18816   196.74380   198.29941     0.00000
     0.00000     0.00000    -6.47854    -6.47147    -6.46440    -6.45733    -6.45026    -6.44319    -6.43612    -6.42905    -6.42197    -6.41490    -6.40783    -6.40076    -6.39369    -6.38662    -6.37955    -6.37248    -6.36541    -6.35833    -6.35126    -6.34419    -6.33712    -6.33005    -6.32298    -6.31591    -6.30884    -6.30177    -6.29469    -6.28762    -6.28055    -6.27348    -6.26641    -6.25934    -6.25227    -6.24520    -6.23813    -6.23106    -6.22398    -6.21691    -6.20984    -6.20277   118.53780   117.26502   115.99223   114.71944   113.44664   112.17384   110.90105   109.62827   108.35547   107.08268   105.80988   104.53709   103.26431   101.99151   100.71872    99.44593    98.17314    96.90034    95.62755    94.35477    93.08197    91.80917    90.53638    89.26359    87.99080    86.71800    85.44521    84.17242    82.89963    81.62683    80.35404    79.08125    77.80846    76.53567    75.26288    73.99008    72.71729    71.44450    70.17170    68.89891    67.62611    66.35333    65.08054    63.80774    62.53495    61.26217    59.98936    58.71658    57.44378    56.17099    54.89820    53.62540    52.35262    51.07983    49.80703    48.53424    47.26144    45.98866    44.71587    43.44307    42.17028    40.89749    39.62469    38.35190    37.07910    35.80631    34.53353    33.26073    31.98794    30.71515    29.44235    28.16956    26.89678    25.62398    24.35119    25.90681    27.46244    29.01807    30.57371    32.12934    33.68497    35.24061    36.79625    38.35189    39.90752    41.46315    43.01879    44.57442    46.13005    47.68569    49.24133    50.79697    52.35260    53.90823    55.46387    57.01950    58.57513    60.13078    61.68640    63.24205    64.79768    66.35331    67.90895    69.46458    71.02021    72.57584    74.13149    75.68713    77.24275    78.79839    80.35402    81.90967    83.46530    85.02094    86.57656    88.13219    89.68782    91.24348    92.79910    94.35474    95.91037    97.46600    99.02165   100.57729   102.13291   103.68855   105.24417   106.79984   108.35546   109.91109   111.46672   113.02235   114.57799   116.13364   117.68926   119.24490   120.80053   122.35616   123.91181   125.46745   127.02307   128.57870   130.13434   131.68996   133.24562   134.80124   136.35687   137.91251   139.46814   141.02380   142.57942   144.13506   145.69069   147.24632   148.80197   150.35760   151.91324   153.46887   155.02449   156.58012   158.13577   159.69141   161.24704   162.80267   164.35829   165.91396   167.46959   169.02521   170.58084   172.13647   173.69214   175.24776   176.80339   178.35901   179.91464   181.47029   183.02594   184.58156   186.13721   187.69284   189.24846   190.80411   192.35974   193.91537   195.47101     0.00000     0.00000
     0.00000     0.00000     0.00000    -6.46440    -6.45733    -6.45026    -6.44319    -6.43612    -6.42905    -6.42197    -6.41490    -6.40783    -6.40076    -6.39369    -6.38662    -6.37955    -6.37248    -6.36541    -6.35833    -6.35126    -6.34419    -6.33712    -6.33005    -6.32298    -6.31591    -6.30884    -6.30177    -6.29469    -6.28762    -6.28055    -6.27348    -6.26641    -6.25934    -6.25227    -6.24520    -6.23813    -6.23106    -6.22398    -6.21691    -6.20984    -6.20277   121.36623   120.09344   118.82065   117.54787   116.27507   115.00227   113.72948   112.45669   111.18389   109.91111   108.63831   107.36552   106.09273   104.81994   103.54715   102.27435   101.00156    99.72878    98.45598    97.18318    95.91039    94.63760    93.36481    92.09202    90.81923    89.54643    88.27364    87.00084    85.72805    84.45526    83.18247    81.90968    80.63689    79.36410    78.09129    76.81851    75.54572    74.27292    73.00013    71.72734    70.45454    69.18176    67.90896    66.63617    65.36339    64.09058    62.81779    61.54501    60.27221    58.99942    57.72662    56.45383    55.18105    53.90825    52.63546    51.36267    50.08987    48.81709    47.54428    46.27150    44.99871    43.72591    42.45312    41.18033    39.90753    38.63474    37.36195    36.08916    34.81637    33.54357    32.27078    30.99799    29.72519    28.45241    27.17962    25.90682    24.63403    26.18965    27.74528    29.30091    30.85655    32.41218    33.96782    35.52346    37.07909    38.63473    40.19036    41.74599    43.30163    44.85726    46.41290    47.96854    49.52417    51.07981    52.63544    54.19107    55.74671    57.30235    58.85797    60.41362    61.96925    63.52489    65.08052    66.63615    68.19179    69.74742    71.30305    72.85869    74.41434    75.96997    77.52560    79.08123    80.63686    82.19251    83.74814    85.30377    86.85941    88.41503    89.97066    91.52632    93.08195    94.63758    96.19321    97.74884    99.30450   100.86013   102.41576   103.97139   105.52702   107.08267   108.63831   110.19393   111.74956   113.30520   114.86082   116.41647   117.97211   119.52774   121.08337   122.63900   124.19466   125.75029   127.30592   128.86154   130.41718   131.97281   133.52847   135.08409   136.63972   138.19534   139.75098   141.30664   142.86227   144.41789   145.97354   147.52916   149.08481   150.64044   152.19608   153.75171   155.30734   156.86296   158.41862   159.97424   161.52988   163.08551   164.64114   166.19681   167.75244   169.30806   170.86369   172.41931   173.97498   175.53061   177.08624   178.64186   180.19749   181.75313   183.30878   184.86441   186.42004   187.97568   189.53130   191.08694   192.64258     0.00000     0.00000     0.00000
     0.00000     0.00000     0.00000     0.00000    -6.45026    -6.44319    -6.43612    -6.42905    -6.42197    -6.41490    -6.40783    -6.40076    -6.39369    -6.38662    -6.37955    -6.37248    -6.36541    -6.35833    -6.35126    -6.34419    -6.33712    -6.33005    -6.32298    -6.31591    -6.30884    -6.30177    -6.29469    -6.28762    -6.28055    -6.27348    -6.26641    -6.25934    -6.25227    -6.24520    -6.23813    -6.23106    -6.22398    -6.21691    -6.20984    -6.20277   124.19466   122.92188   121.64908   120.37628   119.10349   117.83070   116.55791   115.28512   114.01232   112.73953   111.46674   110.19395   108.92116   107.64836   106.37557   105.10278   103.82999   102.55720   101.28440   100.01161    98.73882    97.46603    96.19324    94.92045    93.64766    92.37486    91.10207    89.82927    88.55648    87.28369    86.01089    84.73811    83.46532    82.19252    80.91972    79.64694    78.37414    77.10135    75.82856    74.55576    73.28297    72.01019    70.73739    69.46460    68.19180    66.91901    65.64622    64.37343    63.10064    61.82785    60.55505    59.28226    58.00946    56.73668    55.46389    54.19109    52.91830    51.64552    50.37271    49.09993    47.82713    46.55434    45.28155    44.00875    42.73596    41.46317    40.19038    38.91759    37.64479    36.37200    35.09921    33.82641    32.55363    31.28084    30.00804    28.73525    27.46246    26.18966    24.91687    26.47249    28.02812    29.58375    31.13940    32.69503    34.25066    35.80630    37.36193    38.91757    40.47320    42.02883    43.58447    45.14011    46.69574    48.25138    49.80701    51.36265    52.91828    54.47392    56.02956    57.58519    59.14082    60.69646    62.25209    63.80773    65.36336    66.91899    68.47463    70.03027    71.58589    73.14153    74.69717    76.25281    77.80844    79.36407    80.91970    82.47536    84.03098    85.58662    87.14224    88.69788    90.25351    91.80917    93.36479    94.92043    96.47605    98.03168    99.58734   101.14297   102.69860   104.25423   105.80986   107.36552   108.92114   110.47678   112.03240   113.58804   115.14367   116.69932   118.25495   119.81059   121.36621   122.92184   124.47749   126.03313   127.58876   129.14438   130.70001   132.25565   133.81131   135.36694   136.92256   138.47820   140.03383   141.58948   143.14511   144.70074   146.25638   147.81201   149.36765   150.92328   152.47891   154.03455   155.59018   157.14581   158.70146   160.25710   161.81271   163.36835   164.92398   166.47964   168.03528   169.59090   171.14653   172.70215   174.25781   175.81345   177.36908   178.92470   180.48035   182.03598   183.59163   185.14725   186.70288   188.25851   189.81418     0.00000     0.00000     0.00000     0.00000
     0.00000     0.00000     0.00000     0.00000     0.00000    -6.43612    -6.42905    -6.42197    -6.41490    -6.40783    -6.40076    -6.39369    -6.38662    -6.37955    -6.37248    -6.36541    -6.35833    -6.35126    -6.34419    -6.33712    -6.33005    -6.32298    -6.31591    -6.30884    -6.30177    -6.29469    -6.28762    -6.28055    -6.27348    -6.26641    -6.25934    -6.25227    -6.24520    -6.23813    -6.23106    -6.22398    -6.21691    -6.20984    -6.20277   127.02308   125.75030   124.47751   123.20473   121.93192   120.65912   119.38634   118.11355   116.84075   115.56796   114.29517   113.02237   111.74958   110.47679   109.20400   107.93121   106.65842   105.38563   104.11283   102.84004   101.56725   100.29446    99.02167    97.74887    96.47607    95.20329    93.93050    92.65770    91.38491    90.11212    88.83932    87.56653    86.29373    85.02095    83.74815    82.47536    81.20257    79.92978    78.65698    77.38419    76.11140    74.83861    73.56582    72.29303    71.02023    69.74744    68.47464    67.20186    65.92907    64.65627    63.38348    62.11069    60.83789    59.56511    58.29231    57.01952    55.74673    54.47393    53.20114    51.92836    50.65556    49.38277    48.10997    46.83718    45.56439    44.29160    43.01881    41.74602    40.47322    39.20043    37.92763    36.65484    35.38206    34.10925    32.83647    31.56368    30.29088    29.01809    27.74530    26.47250    25.19972    26.75533    28.31097    29.86660    31.42224    32.97787    34.53350    36.08914    37.64477    39.20041    40.75605    42.31168    43.86732    45.42295    46.97858    48.53422    50.08985    51.64549    53.20113    54.75676    56.31240    57.86803    59.42366    60.97930    62.53493    64.09058    65.64620    67.20184    68.75748    70.31311    71.86874    73.42437    74.98002    76.53565    78.09128    79.64691    81.20255    82.75820    84.31383    85.86946    87.42509    88.98072    90.53635    92.09201    93.64764    95.20326    96.75890    98.31453    99.87019   101.42581   102.98145   104.53707   106.09270   107.64836   109.20399   110.75961   112.31525   113.87088   115.42651   116.98216   118.53780   120.09343   121.64906   123.20468   124.76034   126.31597   127.87160   129.42723   130.98286   132.53848   134.09415   135.64978   137.20541   138.76103   140.31668   141.87231   143.42795   144.98358   146.53922   148.09485   149.65050   151.20613   152.76176   154.31738   155.87302   157.42865   158.98431   160.53995   162.09557   163.65120   165.20682   166.76248   168.31812   169.87375   171.42938   172.98500   174.54066   176.09628   177.65192   179.20755   180.76318   182.31882   183.87447   185.43008   186.98572     0.00000     0.00000     0.00000     0.00000     0.00000
     0.00000     0.00000     0.00000     0.00000     0.00000     0.00000    -6.42197    -6.41490    -6.40783    -6.40076    -6.39369    -6.38662    -6.37955    -6.37248    -6.36541    -6.35833    -6.35126    -6.34419    -6.33712    -6.33005    -6.32298    -6.31591    -6.30884    -6.30177    -6.29469    -6.28762    -6.28055    -6.27348    -6.26641    -6.25934    -6.25227    -6.24520    -6.23813    -6.23106    -6.22398    -6.21691    -6.20984    -6.20277   129.85152   128.57872   127.30592   126.03314   124.76035   123.48756   122.21477   120.94196   119.66917   118.39639   117.12360   115.85080   114.57801   113.30521   112.03242   110.75964   109.48685   108.21405   106.94125   105.66847   104.39568   103.12288   101.85008   100.57730    99.30450    98.03172    96.75892    95.48613    94.21334    92.94055    91.66776    90.39496    89.12216    87.84937    86.57658    85.30379    84.03100    82.75821    81.48541    80.21262    78.93982    77.66704    76.39425    75.12144    73.84866    72.57587    71.30307    70.03029    68.75748    67.48470    66.21191    64.93911    63.66632    62.39354    61.12074    59.84795    58.57515    57.30236    56.02958    54.75677    53.48399    52.21120    50.93840    49.66561    48.39281    47.12003    45.84724    44.57444    43.30165    42.02886    40.75606    39.48327    38.21047    36.93768    35.66490    34.39210    33.11931    31.84652    30.57372    29.30093    28.02815    26.75535    25.48256    27.03818    28.59381    30.14944    31.70508    33.26071    34.81634    36.37198    37.92762    39.48326    41.03889    42.59452    44.15016    45.70579    47.26142    48.81706    50.37270    51.92834    53.48397    55.03960    56.59524    58.15087    59.70650    61.26215    62.81777    64.37341    65.92905    67.48468    69.04031    70.59595    72.15158    73.70721    75.26286    76.81850    78.37412    79.92976    81.48538    83.04105    84.59667    86.15231    87.70793    89.26357    90.81919    92.37485    93.93048    95.48611    97.04174    98.59737   100.15303   101.70866   103.26428   104.81992   106.37554   107.93120   109.48683   111.04246   112.59809   114.15372   115.70935   117.26501   118.82063   120.37627   121.93190   123.48753   125.04318   126.59882   128.15445   129.71008   131.26570   132.82133   134.37698   135.93262   137.48825   139.04388   140.59952   142.15517   143.71078   145.26642   146.82205   148.37769   149.93335   151.48897   153.04460   154.60023   156.15585   157.71149   159.26715   160.82278   162.37842   163.93404   165.48967   167.04532   168.60095   170.15659   171.71222   173.26784   174.82352   176.37912   177.93477   179.49039   181.04602   182.60165   184.15732     0.00000     0.00000     0.00000     0.00000     0.00000     0.00000
     0.00000     0.00000     0.00000     0.00000     0.00000     0.00000     0.00000    -6.40783    -6.40076    -6.39369    -6.38662    -6.37955    -6.37248    -6.36541    -6.35833    -6.35126    -6.34419    -6.33712    -6.33005    -6.32298    -6.31591    -6.30884    -6.30177    -6.29469    -6.28762    -6.28055    -6.27348    -6.26641    -6.25934    -6.25227    -6.24520    -6.23813    -6.23106    -6.22398    -6.21691    -6.20984    -6.20277   132.67995   131.40715   130.13435   128.86157   127.58877   126.31598   125.04320   123.77041   122.49760   121.22481   119.95202   118.67923   117.40644   116.13364   114.86086   113.58806   112.31526   111.04248   109.76968   108.49689   107.22410   105.95131   104.67851   103.40572   102.13293   100.86015    99.58735    98.31456    97.04176    95.76898    94.49619    93.22339    91.95059    90.67780    89.40501    88.13222    86.85942    85.58664    84.31384    83.04105    81.76825    80.49547    79.22266    77.94987    76.67709    75.40430    74.13150    72.85872    71.58591    70.31313    69.04033    67.76754    66.49475    65.22195    63.94917    62.67638    61.40358    60.13079    58.85799    57.58521    56.31242    55.03962    53.76683    52.49404    51.22124    49.94846    48.67565    47.40287    46.13008    44.85728    43.58449    42.31170    41.03890    39.76611    38.49332    37.22053    35.94774    34.67494    33.40215    32.12936    30.85657    29.58378    28.31099    27.03819    25.76540    27.32102    28.87665    30.43228    31.98792    33.54355    35.09919    36.65483    38.21046    39.76610    41.32173    42.87736    44.43300    45.98863    47.54427    49.09991    50.65554    52.21118    53.76681    55.32244    56.87808    58.43372    59.98934    61.54499    63.10062    64.65626    66.21188    67.76752    69.32316    70.87879    72.43442    73.99005    75.54571    77.10134    78.65697    80.21260    81.76823    83.32388    84.87952    86.43515    87.99078    89.54640    91.10204    92.65769    94.21332    95.76895    97.32458    98.88021   100.43587   101.99150   103.54713   105.10275   106.65839   108.21404   109.76968   111.32530   112.88094   114.43657   115.99220   117.54785   119.10348   120.65911   122.21474   123.77037   125.32602   126.88166   128.43729   129.99292   131.54855   133.10417   134.65984   136.21545   137.77109   139.32672   140.88235   142.43802   143.99364   145.54927   147.10490   148.66052   150.21619   151.77182   153.32745   154.88309   156.43871   157.99434   159.54999   161.10562   162.66125   164.21689   165.77251   167.32817   168.88380   170.43942   171.99506   173.55069   175.10635   176.66197   178.21761   179.77322   181.32886     0.00000     0.00000     0.00000     0.00000     0.00000     0.00000     0.00000
     0.00000     0.00000     0.00000     0.00000     0.00000     0.00000     0.00000     0.00000    -6.39369    -6.38662    -6.37955    -6.37248    -6.36541    -6.35833    -6.35126    -6.34419    -6.33712    -6.33005    -6.32298    -6.31591    -6.30884    -6.30177    -6.29469    -6.28762    -6.28055    -6.27348    -6.26641    -6.25934    -6.25227    -6.24520    -6.23813    -6.23106    -6.22398    -6.21691    -6.20984    -6.20277   135.50838   134.23557   132.96278   131.69000   130.41719   129.14441   127.87161   126.59882   125.32603   124.05325   122.78045   121.50764   120.23486   118.96207   117.68929   116.41649   115.14369   113.87090   112.59811   111.32532   110.05253   108.77973   107.50694   106.23415   104.96136   103.68857   102.41577   101.14299    99.87019    98.59740    97.32461    96.05182    94.77902    93.50623    92.23344    90.96065    89.68785    88.41505    87.14227    85.86948    84.59668    83.32389    82.05109    80.77831    79.50551    78.23273    76.95993    75.68713    74.41434    73.14156    71.86876    70.59597    69.32317    68.05038    66.77760    65.50480    64.23201    62.95922    61.68642    60.41364    59.14083    57.86805    56.59526    55.32246    54.04967    52.77689    51.50408    50.23130    48.95850    47.68571    46.41292    45.14012    43.86733    42.59454    41.32175    40.04896    38.77616    37.50337    36.23058    34.95778    33.68500    32.41221    31.13941    29.86662    28.59383    27.32103    26.04824    27.60386    29.15949    30.71512    32.27077    33.82640    35.38203    36.93767    38.49330    40.04894    41.60457    43.16020    44.71584    46.27148    47.82711    49.38275    50.93838    52.49402    54.04965    55.60529    57.16093    58.71656    60.27219    61.82783    63.38346    64.93910    66.49473    68.05036    69.60600    71.16164    72.71726    74.27290    75.82855    77.38419    78.93981    80.49545    82.05107    83.60673    85.16235    86.71799    88.27362    89.82925    91.38488    92.94054    94.49617    96.05179    97.60742    99.16306   100.71871   102.27434   103.82997   105.38560   106.94123   108.49689   110.05252   111.60815   113.16377   114.71941   116.27504   117.83069   119.38632   120.94196   122.49759   124.05322   125.60886   127.16451   128.72012   130.27576   131.83139   133.38702   134.94267   136.49831   138.05392   139.60956   141.16519   142.72086   144.27649   145.83211   147.38774   148.94337   150.49902   152.05466   153.61029   155.16592   156.72156   158.27718   159.83284   161.38846   162.94409   164.49973   166.05536   167.61101   169.16666   170.72226   172.27791   173.83353   175.38919   176.94482   178.50046     0.00000     0.00000     0.00000     0.00000     0.00000     0.00000     0.00000     0.00000
     0.00000     0.00000     0.00000     0.00000     0.00000     0.00000     0.00000     0.00000     0.00000    -6.37955    -6.37248    -6.36541    -6.35833    -6.35126    -6.34419    -6.33712    -6.33005    -6.32298    -6.31591    -6.30884    -6.30177    -6.29469    -6.28762    -6.28055    -6.27348    -6.26641    -6.25934    -6.25227    -6.24520    -6.23813    -6.23106    -6.22398    -6.21691    -6.20984    -6.20277   138.33681   137.06400   135.79121   134.51842   133.24562   131.97284   130.70004   129.42725   128.15445   126.88167   125.60888   124.33609   123.06329   121.79049   120.51771   119.24492   117.97212   116.69933   115.42654   114.15375   112.88095   111.60816   110.33537   109.06258   107.78978   106.51700   105.24420   103.97141   102.69862   101.42583   100.15304    98.88024    97.60745    96.33466    95.06187    93.78908    92.51628    91.24348    89.97070    88.69790    87.42511    86.15232    84.87952    83.60674    82.33394    81.06116    79.78835    78.51556    77.24277    75.96998    74.69719    73.42440    72.15160    70.87881    69.60602    68.33323    67.06044    65.78764    64.51485    63.24207    61.96926    60.69648    59.42368    58.15089    56.87810    55.60530    54.33251    53.05973    51.78693    50.51414    49.24134    47.96855    46.69576    45.42297    44.15018    42.87739    41.60459    40.33180    39.05900    37.78621    36.51343    35.24062    33.96784    32.69505    31.42225    30.14946    28.87667    27.60387    26.33109    27.88671    29.44234    30.99797    32.55361    34.10924    35.66487    37.22051    38.77614    40.33179    41.88742    43.44305    44.99869    46.55432    48.10995    49.66559    51.22122    52.77686    54.33250    55.88813    57.44377    58.99940    60.55503    62.11067    63.66630    65.22195    66.77757    68.33321    69.88885    71.44448    73.00011    74.55574    76.11139    77.66702    79.22266    80.77829    82.33392    83.88957    85.44520    87.00083    88.55646    90.11209    91.66772    93.22337    94.77901    96.33464    97.89027    99.44589   101.00156   102.55718   104.11282   105.66844   107.22408   108.77973   110.33536   111.89099   113.44662   115.00225   116.55788   118.11353   119.66916   121.22480   122.78043   124.33606   125.89171   127.44734   129.00298   130.55859   132.11423   133.66986   135.22552   136.78116   138.33678   139.89241   141.44804   143.00369   144.55933   146.11496   147.67059   149.22623   150.78186   152.33749   153.89313   155.44876   157.00439   158.56003   160.11568   161.67131   163.22693   164.78256   166.33820   167.89386   169.44949   171.00511   172.56075   174.11636   175.67203     0.00000     0.00000     0.00000     0.00000     0.00000     0.00000     0.00000     0.00000     0.00000
     0.00000     0.00000     0.00000     0.00000     0.00000     0.00000     0.00000     0.00000     0.00000     0.00000    -6.36541    -6.35833    -6.35126    -6.34419    -6.33712    -6.33005    -6.32298    -6.31591    -6.30884    -6.30177    -6.29469    -6.28762    -6.28055    -6.27348    -6.26641    -6.25934    -6.25227    -6.24520    -6.23813    -6.23106    -6.22398    -6.21691    -6.20984    -6.20277   141.16522   139.89243   138.61964   137.34685   136.07405   134.80125   133.52847   132.25568   130.98288   129.71010   128.43730   127.16451   125.89172   124.61893   123.34614   122.07333   120.80055   119.52776   118.25497   116.98218   115.70938   114.43658   113.16379   111.89101   110.61821   109.34542   108.07262   106.79984   105.52705   104.25426   102.98146   101.70867   100.43588    99.16309    97.89029    96.61751    95.34471    94.07191    92.79913    91.52633    90.25354    88.98074    87.70795    86.43517    85.16237    83.88957    82.61678    81.34399    80.07120    78.79841    77.52562    76.25282    74.98003    73.70724    72.43445    71.16166    69.88885    68.61607    67.34328    66.07048    64.79770    63.52491    62.25211    60.97932    59.70652    58.43373    57.16095    55.88815    54.61536    53.34257    52.06977    50.79698    49.52418    48.25140    46.97861    45.70581    44.43302    43.16023    41.88743    40.61464    39.34184    38.06905    36.79627    35.52347    34.25068    32.97789    31.70509    30.43230    29.15952    27.88672    26.61393    28.16955    29.72518    31.28081    32.83645    34.39208    35.94771    37.50336    39.05899    40.61463    42.17026    43.72589    45.28153    46.83716    48.39279    49.94843    51.50407    53.05971    54.61534    56.17097    57.72661    59.28224    60.83787    62.39352    63.94914    65.50479    67.06042    68.61605    70.17169    71.72733    73.28295    74.83858    76.39423    77.94987    79.50549    81.06113    82.61676    84.17241    85.72804    87.28368    88.83931    90.39493    91.95056    93.50623    95.06184    96.61748    98.17311    99.72874   101.28440   102.84003   104.39566   105.95129   107.50691   109.06258   110.61820   112.17383   113.72946   115.28510   116.84073   118.39638   119.95200   121.50764   123.06327   124.61890   126.17455   127.73019   129.28581   130.84145   132.39706   133.95270   135.50836   137.06400   138.61963   140.17525   141.73088   143.28653   144.84216   146.39780   147.95343   149.50906   151.06471   152.62033   154.17598   155.73160   157.28723   158.84286   160.39853   161.95415   163.50978   165.06540   166.62103   168.17670   169.73233   171.28796   172.84360     0.00000     0.00000     0.00000     0.00000     0.00000     0.00000     0.00000     0.00000     0.00000     0.00000
     0.00000     0.00000     0.00000     0.00000     0.00000     0.00000     0.00000     0.00000     0.00000     0.00000     0.00000    -6.35126    -6.34419    -6.33712    -6.33005    -6.32298    -6.31591    -6.30884    -6.30177    -6.29469    -6.28762    -6.28055    -6.27348    -6.26641    -6.25934    -6.25227    -6.24520    -6.23813    -6.23106    -6.22398    -6.21691    -6.20984    -6.20277   143.99365   142.72087   141.44806   140.17528   138.90248   137.62968   136.35690   135.08411   133.81131   132.53853   131.26573   129.99294   128.72014   127.44735   126.17457   124.90178   123.62898   122.35618   121.08339   119.81061   118.53781   117.26501   115.99222   114.71943   113.44664   112.17385   110.90105   109.62827   108.35547   107.08269   105.80989   104.53709   103.26430   101.99152   100.71872    99.44592    98.17313    96.90034    95.62756    94.35476    93.08197    91.80917    90.53638    89.26358    87.99079    86.71800    85.44521    84.17242    82.89963    81.62684    80.35403    79.08125    77.80846    76.53566    75.26288    73.99009    72.71729    71.44450    70.17170    68.89891    67.62613    66.35332    65.08054    63.80775    62.53495    61.26216    59.98936    58.71658    57.44379    56.17099    54.89820    53.62541    52.35261    51.07983    49.80702    48.53424    47.26145    45.98865    44.71586    43.44307    42.17027    40.89748    39.62469    38.35190    37.07911    35.80631    34.53352    33.26073    31.98794    30.71515    29.44236    28.16956    26.89677    28.45239    30.00802    31.56365    33.11929    34.67493    36.23056    37.78620    39.34183    40.89747    42.45310    44.00873    45.56437    47.12000    48.67564    50.23128    51.78691    53.34255    54.89818    56.45381    58.00945    59.56509    61.12071    62.67636    64.23199    65.78763    67.34326    68.89890    70.45453    72.01016    73.56580    75.12143    76.67708    78.23271    79.78834    81.34397    82.89960    84.45525    86.01089    87.56651    89.12215    90.67778    92.23341    93.78906    95.34470    96.90031    98.45596   100.01158   101.56725   103.12287   104.67850   106.23413   107.78976   109.34541   110.90105   112.45667   114.01230   115.56794   117.12357   118.67921   120.23485   121.79048   123.34612   124.90174   126.45740   128.01303   129.56866   131.12430   132.67992   134.23555   135.79120   137.34683   138.90247   140.45810   142.01373   143.56938   145.12500   146.68063   148.23627   149.79190   151.34755   152.90318   154.45882   156.01445   157.57007   159.12570   160.68137   162.23700   163.79262   165.34825   166.90387   168.45953   170.01517     0.00000     0.00000     0.00000     0.00000     0.00000     0.00000     0.00000     0.00000     0.00000     0.00000     0.00000
     0.00000     0.00000     0.00000     0.00000     0.00000     0.00000     0.00000     0.00000     0.00000     0.00000     0.00000     0.00000    -6.33712    -6.33005    -6.32298    -6.31591    -6.30884    -6.30177    -6.29469    -6.28762    -6.28055    -6.27348    -6.26641    -6.25934    -6.25227    -6.24520    -6.23813    -6.23106    -6.22398    -6.21691    -6.20984    -6.20277   146.82208   145.54930   144.27649   143.00371   141.73091   140.45811   139.18533   137.91254   136.63974   135.36694   134.09416   132.82137   131.54857   130.27579   129.00298   127.73019   126.45741   125.18462   123.91182   122.63902   121.36623   120.09344   118.82065   117.54786   116.27507   115.00227   113.72948   112.45670   111.18390   109.91110   108.63831   107.36552   106.09273   104.81994   103.54714   102.27435   101.00156    99.72878    98.45598    97.18319    95.91040    94.63760    93.36481    92.09201    90.81922    89.54643    88.27364    87.00085    85.72806    84.45526    83.18246    81.90968    80.63688    79.36409    78.09131    76.81850    75.54572    74.27293    73.00013    71.72734    70.45454    69.18176    67.90897    66.63617    65.36338    64.09059    62.81779    61.54501    60.27221    58.99942    57.72663    56.45383    55.18104    53.90826    52.63545    51.36267    50.08987    48.81708    47.54429    46.27149    44.99870    43.72591    42.45312    41.18033    39.90753    38.63474    37.36195    36.08915    34.81637    33.54358    32.27078    30.99799    29.72520    28.45240    27.17962    28.73523    30.29086    31.84650    33.40214    34.95777    36.51340    38.06904    39.62467    41.18031    42.73594    44.29157    45.84721    47.40285    48.95848    50.51412    52.06975    53.62539    55.18102    56.73666    58.29230    59.84793    61.40356    62.95920    64.51483    66.07047    67.62610    69.18173    70.73737    72.29301    73.84863    75.40427    76.95992    78.51555    80.07118    81.62682    83.18245    84.73810    86.29373    87.84937    89.40498    90.96062    92.51625    94.07190    95.62753    97.18317    98.73880   100.29443   101.85008   103.40572   104.96134   106.51697   108.07260   109.62826   111.18388   112.73952   114.29514   115.85078   117.40641   118.96207   120.51769   122.07333   123.62895   125.18459   126.74023   128.29587   129.85150   131.40714   132.96277   134.51839   136.07405   137.62967   139.18530   140.74094   142.29657   143.85222   145.40785   146.96347   148.51912   150.07474   151.63040   153.18604   154.74167   156.29729   157.85292   159.40854   160.96420   162.51984   164.07547   165.63110   167.18672     0.00000     0.00000     0.00000     0.00000     0.00000     0.00000     0.00000     0.00000     0.00000     0.00000     0.00000     0.00000
     0.00000     0.00000     0.00000     0.00000     0.00000     0.00000     0.00000     0.00000     0.00000     0.00000     0.00000     0.00000     0.00000    -6.32298    -6.31591    -6.30884    -6.30177    -6.29469    -6.28762    -6.28055    -6.27348    -6.26641    -6.25934    -6.25227    -6.24520    -6.23813    -6.23106    -6.22398    -6.21691    -6.20984    -6.20277   149.65051   148.37772   147.10492   145.83214   144.55933   143.28656   142.01375   140.74097   139.46817   138.19537   136.92259   135.64978   134.37700   133.10422   131.83141   130.55862   129.28583   128.01303   126.74025   125.46747   124.19466   122.92186   121.64908   120.37629   119.10350   117.83070   116.55791   115.28511   114.01232   112.73953   111.46674   110.19395   108.92116   107.64837   106.37557   105.10278   103.82999   102.55721   101.28441   100.01161    98.73882    97.46603    96.19324    94.92044    93.64765    92.37486    91.10207    89.82927    88.55647    87.28369    86.01089    84.73810    83.46531    82.19252    80.91972    79.64693    78.37415    77.10135    75.82856    74.55577    73.28297    72.01019    70.73738    69.46460    68.19181    66.91901    65.64622    64.37344    63.10064    61.82785    60.55505    59.28226    58.00948    56.73667    55.46388    54.19110    52.91830    51.64551    50.37271    49.09992    47.82713    46.55434    45.28155    44.00876    42.73596    41.46317    40.19037    38.91758    37.64480    36.37199    35.09921    33.82642    32.55362    31.28083    30.00805    28.73524    27.46246    29.01808    30.57371    32.12934    33.68498    35.24061    36.79624    38.35188    39.90751    41.46316    43.01879    44.57442    46.13006    47.68569    49.24132    50.79696    52.35259    53.90823    55.46387    57.01950    58.57514    60.13077    61.68640    63.24204    64.79767    66.35332    67.90894    69.46458    71.02022    72.57585    74.13148    75.68711    77.24277    78.79839    80.35403    81.90965    83.46529    85.02094    86.57657    88.13220    89.68784    91.24345    92.79910    94.35475    95.91038    97.46600    99.02164   100.57727   102.13293   103.68855   105.24419   106.79981   108.35544   109.91110   111.46673   113.02235   114.57799   116.13362   117.68925   119.24490   120.80054   122.35617   123.91180   125.46743   127.02308   128.57872   130.13434   131.68997   133.24561   134.80124   136.35689   137.91252   139.46814   141.02377   142.57941   144.13507   145.69069   147.24632   148.80196   150.35759   151.91324   153.46887   155.02451   156.58014   158.13576   159.69139   161.24704   162.80267   164.35831     0.00000     0.00000     0.00000     0.00000     0.00000     0.00000     0.00000     0.00000     0.00000     0.00000     0.00000     0.00000     0.00000
     0.00000     0.00000     0.00000     0.00000     0.00000     0.00000     0.00000     0.00000     0.00000     0.00000     0.00000     0.00000     0.00000     0.00000    -6.30884    -6.30177    -6.29469    -6.28762    -6.28055    -6.27348    -6.26641    -6.25934    -6.25227    -6.24520    -6.23813    -6.23106    -6.22398    -6.21691    -6.20984    -6.20277   152.47894   151.20615   149.93335   148.66055   147.38776   146.11499   144.84218   143.56940   142.29660   141.02380   139.75102   138.47821   137.20543   135.93263   134.65984   133.38705   132.11426   130.84146   129.56866   128.29588   127.02309   125.75031   124.47751   123.20470   121.93192   120.65913   119.38634   118.11354   116.84075   115.56796   114.29517   113.02238   111.74959   110.47679   109.20399   107.93121   106.65842   105.38562   104.11283   102.84004   101.56725   100.29446    99.02166    97.74887    96.47608    95.20329    93.93050    92.65770    91.38490    90.11211    88.83932    87.56653    86.29374    85.02095    83.74815    82.47536    81.20256    79.92978    78.65699    77.38419    76.11140    74.83862    73.56581    72.29303    71.02023    69.74744    68.47466    67.20185    65.92906    64.65628    63.38348    62.11069    60.83789    59.56510    58.29232    57.01952    55.74673    54.47394    53.20114    51.92835    50.65555    49.38277    48.10998    46.83718    45.56439    44.29160    43.01880    41.74601    40.47321    39.20042    37.92764    36.65484    35.38205    34.10926    32.83646    31.56367    30.29089    29.01809    27.74530    29.30092    30.85655    32.41218    33.96782    35.52345    37.07908    38.63473    40.19036    41.74600    43.30163    44.85726    46.41290    47.96853    49.52416    51.07980    52.63544    54.19108    55.74671    57.30234    58.85798    60.41361    61.96924    63.52489    65.08051    66.63615    68.19179    69.74742    71.30306    72.85869    74.41432    75.96996    77.52560    79.08124    80.63687    82.19250    83.74812    85.30379    86.85941    88.41504    89.97067    91.52631    93.08194    94.63759    96.19322    97.74885    99.30448   100.86011   102.41577   103.97140   105.52702   107.08266   108.63828   110.19394   111.74957   113.30521   114.86083   116.41647   117.97209   119.52775   121.08337   122.63902   124.19464   125.75027   127.30592   128.86156   130.41719   131.97281   133.52844   135.08408   136.63974   138.19536   139.75099   141.30661   142.86226   144.41791   145.97354   147.52917   149.08481   150.64043   152.19608   153.75171   155.30734   156.86298   158.41861   159.97424   161.52989     0.00000     0.00000     0.00000     0.00000     0.00000     0.00000     0.00000     0.00000     0.00000     0.00000     0.00000     0.00000     0.00000     0.00000
     0.00000     0.00000     0.00000     0.00000     0.00000     0.00000     0.00000     0.00000     0.00000     0.00000     0.00000     0.00000     0.00000     0.00000     0.00000    -6.29469    -6.28762    -6.28055    -6.27348    -6.26641    -6.25934    -6.25227    -6.24520    -6.23813    -6.23106    -6.22398    -6.21691    -6.20984    -6.20277   155.30737   154.03458   152.76178   151.48898   150.21619   148.94341   147.67061   146.39783   145.12502   143.85223   142.57944   141.30664   140.03386   138.76106   137.48827   136.21547   134.94269   133.66989   132.39709   131.12431   129.85150   128.57872   127.30594   126.03315   124.76035   123.48755   122.21476   120.94197   119.66918   118.39639   117.12360   115.85080   114.57800   113.30522   112.03242   110.75963   109.48684   108.21405   106.94126   105.66846   104.39568   103.12289   101.85009   100.57730    99.30450    98.03172    96.75893    95.48613    94.21333    92.94054    91.66775    90.39496    89.12216    87.84938    86.57658    85.30379    84.03099    82.75821    81.48541    80.21262    78.93983    77.66704    76.39424    75.12146    73.84866    72.57587    71.30307    70.03028    68.75749    67.48470    66.21191    64.93912    63.66632    62.39353    61.12074    59.84795    58.57516    57.30236    56.02957    54.75678    53.48398    52.21120    50.93839    49.66561    48.39282    47.12002    45.84723    44.57444    43.30164    42.02885    40.75606    39.48327    38.21048    36.93768    35.66489    34.39211    33.11931    31.84652    30.57373    29.30093    28.02814    29.58376    31.13939    32.69502    34.25066    35.80630    37.36193    38.91757    40.47320    42.02884    43.58447    45.14010    46.69574    48.25137    49.80701    51.36265    52.91828    54.47392    56.02955    57.58518    59.14082    60.69646    62.25208    63.80773    65.36336    66.91900    68.47463    70.03026    71.58591    73.14153    74.69717    76.25279    77.80845    79.36408    80.91971    82.47534    84.03098    85.58662    87.14226    88.69789    90.25352    91.80914    93.36478    94.92043    96.47606    98.03169    99.58733   101.14295   102.69861   104.25424   105.80987   107.36549   108.92113   110.47679   112.03242   113.58804   115.14368   116.69931   118.25494   119.81059   121.36622   122.92186   124.47749   126.03311   127.58876   129.14441   130.70003   132.25566   133.81128   135.36691   136.92258   138.47821   140.03383   141.58946   143.14510   144.70074   146.25638   147.81201   149.36765   150.92328   152.47893   154.03455   155.59018   157.14581   158.70145     0.00000     0.00000     0.00000     0.00000     0.00000     0.00000     0.00000     0.00000     0.00000     0.00000     0.00000     0.00000     0.00000     0.00000     0.00000
     0.00000     0.00000     0.00000     0.00000     0.00000     0.00000     0.00000     0.00000     0.00000     0.00000     0.00000     0.00000     0.00000     0.00000     0.00000     0.00000    -6.28055    -6.27348    -6.26641    -6.25934    -6.25227    -6.24520    -6.23813    -6.23106    -6.22398    -6.21691    -6.20984    -6.20277   158.13580   156.86299   155.59021   154.31741   153.04462   151.77184   150.49904   149.22624   147.95345   146.68066   145.40787   144.13509   142.86227   141.58949   140.31670   139.04390   137.77112   136.49831   135.22552   133.95274   132.67993   131.40715   130.13435   128.86157   127.58878   126.31599   125.04319   123.77039   122.49760   121.22482   119.95203   118.67923   117.40643   116.13364   114.86085   113.58806   112.31527   111.04248   109.76968   108.49689   107.22411   105.95131   104.67851   103.40573   102.13293   100.86014    99.58735    98.31456    97.04176    95.76897    94.49618    93.22339    91.95059    90.67780    89.40501    88.13222    86.85942    85.58663    84.31384    83.04105    81.76825    80.49547    79.22267    77.94987    76.67709    75.40430    74.13150    72.85871    71.58591    70.31313    69.04034    67.76754    66.49475    65.22196    63.94917    62.67638    61.40358    60.13079    58.85800    57.58520    56.31241    55.03963    53.76682    52.49404    51.22124    49.94845    48.67566    47.40286    46.13007    44.85728    43.58449    42.31170    41.03890    39.76611    38.49332    37.22052    35.94774    34.67495    33.40215    32.12936    30.85657    29.58377    28.31099    29.86661    31.42224    32.97787    34.53351    36.08914    37.64477    39.20041    40.75604    42.31168    43.86731    45.42294    46.97858    48.53422    50.08985    51.64549    53.20112    54.75676    56.31239    57.86803    59.42367    60.97930    62.53493    64.09057    65.64620    67.20184    68.75748    70.31310    71.86874    73.42438    74.98001    76.53564    78.09129    79.64693    81.20255    82.75818    84.31381    85.86947    87.42509    88.98073    90.53636    92.09199    93.64762    95.20328    96.75891    98.31453    99.87016   101.42580   102.98145   104.53708   106.09271   107.64835   109.20397   110.75963   112.31526   113.87089   115.42651   116.98215   118.53778   120.09343   121.64906   123.20470   124.76033   126.31596   127.87160   129.42725   130.98288   132.53850   134.09413   135.64975   137.20541   138.76105   140.31668   141.87231   143.42795   144.98360   146.53922   148.09485   149.65048   151.20612   152.76176   154.31740   155.87303     0.00000     0.00000     0.00000     0.00000     0.00000     0.00000     0.00000     0.00000     0.00000     0.00000     0.00000     0.00000     0.00000     0.00000     0.00000     0.00000
     0.00000     0.00000     0.00000     0.00000     0.00000     0.00000     0.00000     0.00000     0.00000     0.00000     0.00000     0.00000     0.00000     0.00000     0.00000     0.00000     0.00000    -6.26641    -6.25934    -6.25227    -6.24520    -6.23813    -6.23106    -6.22398    -6.21691    -6.20984    -6.20277   160.96423   159.69142   158.41864   157.14583   155.87305   154.60027   153.32747   152.05467   150.78188   149.50908   148.23630   146.96352   145.69070   144.41792   143.14513   141.87233   140.59955   139.32674   138.05396   136.78116   135.50836   134.23558   132.96278   131.69000   130.41719   129.14441   127.87162   126.59883   125.32603   124.05324   122.78045   121.50766   120.23486   118.96207   117.68928   116.41649   115.14369   113.87091   112.59811   111.32532   110.05252   108.77974   107.50694   106.23415   104.96136   103.68857   102.41578   101.14298    99.87019    98.59740    97.32461    96.05182    94.77902    93.50623    92.23344    90.96064    89.68785    88.41506    87.14227    85.86948    84.59668    83.32390    82.05109    80.77831    79.50552    78.23272    76.95993    75.68714    74.41434    73.14156    71.86876    70.59597    69.32318    68.05038    66.77760    65.50481    64.23201    62.95922    61.68642    60.41363    59.14085    57.86804    56.59525    55.32247    54.04967    52.77688    51.50408    50.23129    48.95850    47.68571    46.41292    45.14013    43.86733    42.59454    41.32174    40.04895    38.77617    37.50337    36.23058    34.95779    33.68499    32.41220    31.13942    29.86662    28.59383    30.14945    31.70508    33.26071    34.81635    36.37198    37.92761    39.48325    41.03888    42.59453    44.15016    45.70579    47.26143    48.81706    50.37269    51.92833    53.48396    55.03960    56.59524    58.15087    59.70651    61.26214    62.81777    64.37341    65.92905    67.48468    69.04031    70.59595    72.15159    73.70722    75.26285    76.81848    78.37413    79.92976    81.48540    83.04103    84.59666    86.15231    87.70794    89.26357    90.81920    92.37483    93.93047    95.48611    97.04175    98.59738   100.15301   101.70863   103.26430   104.81993   106.37556   107.93118   109.48682   111.04247   112.59810   114.15373   115.70936   117.26500   118.82063   120.37627   121.93190   123.48754   125.04317   126.59880   128.15445   129.71008   131.26572   132.82135   134.37697   135.93260   137.48825   139.04388   140.59952   142.15515   143.71078   145.26643   146.82207   148.37769   149.93332   151.48895   153.04462     0.00000     0.00000     0.00000     0.00000     0.00000     0.00000     0.00000     0.00000     0.00000     0.00000     0.00000     0.00000     0.00000     0.00000     0.00000     0.00000     0.00000
     0.00000     0.00000     0.00000     0.00000     0.00000     0.00000     0.00000     0.00000     0.00000     0.00000     0.00000     0.00000     0.00000     0.00000     0.00000     0.00000     0.00000     0.00000    -6.25227    -6.24520    -6.23813    -6.23106    -6.22398    -6.21691    -6.20984    -6.20277   163.79265   162.51985   161.24707   159.97426   158.70148   157.42868   156.15590   154.88310   153.61031   152.33751   151.06473   149.79193   148.51913   147.24635   145.97354   144.70078   143.42796   142.15517   140.88239   139.60959   138.33679   137.06400   135.79121   134.51843   133.24562   131.97284   130.70004   129.42725   128.15446   126.88168   125.60888   124.33607   123.06329   121.79050   120.51771   119.24492   117.97212   116.69933   115.42654   114.15375   112.88095   111.60816   110.33537   109.06258   107.78979   106.51700   105.24420   103.97141   102.69862   101.42583   100.15303    98.88025    97.60745    96.33466    95.06187    93.78907    92.51628    91.24348    89.97069    88.69791    87.42511    86.15231    84.87952    83.60674    82.33394    81.06115    79.78836    78.51556    77.24277    75.96999    74.69719    73.42440    72.15160    70.87881    69.60603    68.33322    67.06044    65.78764    64.51485    63.24206    61.96926    60.69647    59.42369    58.15089    56.87810    55.60531    54.33251    53.05972    51.78692    50.51414    49.24135    47.96855    46.69576    45.42297    44.15017    42.87738    41.60458    40.33180    39.05901    37.78621    36.51342    35.24063    33.96783    32.69505    31.42226    30.14946    28.87667    30.43229    31.98792    33.54355    35.09919    36.65482    38.21045    39.76610    41.32173    42.87737    44.43300    45.98863    47.54427    49.09990    50.65553    52.21117    53.76681    55.32245    56.87808    58.43371    59.98935    61.54498    63.10062    64.65625    66.21188    67.76753    69.32316    70.87879    72.43443    73.99007    75.54569    77.10132    78.65698    80.21261    81.76823    83.32387    84.87950    86.43515    87.99078    89.54642    91.10205    92.65767    94.21330    95.76897    97.32458    98.88022   100.43585   101.99149   103.54714   105.10277   106.65840   108.21403   109.76965   111.32532   112.88094   114.43657   115.99220   117.54784   119.10347   120.65912   122.21474   123.77039   125.32601   126.88164   128.43729   129.99292   131.54855   133.10419   134.65982   136.21545   137.77110   139.32674   140.88235   142.43799   143.99362   145.54929   147.10490   148.66054   150.21617     0.00000     0.00000     0.00000     0.00000     0.00000     0.00000     0.00000     0.00000     0.00000     0.00000     0.00000     0.00000     0.00000     0.00000     0.00000     0.00000     0.00000     0.00000
     0.00000     0.00000     0.00000     0.00000     0.00000     0.00000     0.00000     0.00000     0.00000     0.00000     0.00000     0.00000     0.00000     0.00000     0.00000     0.00000     0.00000     0.00000     0.00000    -6.23813    -6.23106    -6.22398    -6.21691    -6.20984    -6.20277   166.62108   165.34828   164.07549   162.80269   161.52991   160.25711   158.98433   157.71152   156.43874   155.16594   153.89316   152.62036   151.34756   150.07477   148.80197   147.52921   146.25639   144.98361   143.71082   142.43802   141.16522   139.89243   138.61964   137.34683   136.07405   134.80127   133.52847   132.25568   130.98288   129.71010   128.43730   127.16452   125.89172   124.61892   123.34613   122.07335   120.80055   119.52776   118.25497   116.98217   115.70938   114.43659   113.16380   111.89101   110.61821   109.34543   108.07263   106.79984   105.52704   104.25426   102.98146   101.70866   100.43587    99.16309    97.89030    96.61750    95.34471    94.07191    92.79912    91.52633    90.25353    88.98074    87.70795    86.43516    85.16237    83.88958    82.61678    81.34399    80.07120    78.79840    77.52562    76.25283    74.98003    73.70724    72.43444    71.16165    69.88887    68.61607    67.34328    66.07049    64.79769    63.52490    62.25211    60.97932    59.70653    58.43373    57.16094    55.88815    54.61535    53.34257    52.06976    50.79698    49.52419    48.25139    46.97860    45.70581    44.43301    43.16023    41.88743    40.61464    39.34185    38.06905    36.79626    35.52348    34.25068    32.97789    31.70510    30.43230    29.15951    30.71513    32.27076    33.82639    35.38203    36.93767    38.49330    40.04894    41.60457    43.16021    44.71584    46.27147    47.82711    49.38274    50.93838    52.49402    54.04965    55.60529    57.16092    58.71655    60.27219    61.82782    63.38346    64.93910    66.49473    68.05037    69.60600    71.16164    72.71727    74.27290    75.82854    77.38417    78.93982    80.49545    82.05108    83.60671    85.16234    86.71799    88.27363    89.82925    91.38489    92.94052    94.49615    96.05180    97.60744    99.16306   100.71870   102.27432   103.82999   105.38561   106.94124   108.49687   110.05250   111.60815   113.16379   114.71941   116.27504   117.83068   119.38631   120.94196   122.49759   124.05322   125.60886   127.16448   128.72014   130.27577   131.83139   133.38702   134.94266   136.49829   138.05396   139.60957   141.16521   142.72083   144.27646   145.83212   147.38776     0.00000     0.00000     0.00000     0.00000     0.00000     0.00000     0.00000     0.00000     0.00000     0.00000     0.00000     0.00000     0.00000     0.00000     0.00000     0.00000     0.00000     0.00000     0.00000
     0.00000     0.00000     0.00000     0.00000     0.00000     0.00000     0.00000     0.00000     0.00000     0.00000     0.00000     0.00000     0.00000     0.00000     0.00000     0.00000     0.00000     0.00000     0.00000     0.00000    -6.22398    -6.21691    -6.20984    -6.20277   169.44951   168.17670   166.90392   165.63112   164.35832   163.08554   161.81276   160.53995   159.26717   157.99435   156.72159   155.44879   154.17599   152.90320   151.63040   150.35760   149.08482   147.81204   146.53923   145.26645   143.99365   142.72086   141.44807   140.17526   138.90248   137.62968   136.35690   135.08411   133.81131   132.53853   131.26572   129.99294   128.72015   127.44736   126.17456   124.90176   123.62897   122.35619   121.08340   119.81060   118.53781   117.26501   115.99222   114.71944   113.44664   112.17384   110.90105   109.62827   108.35547   107.08268   105.80988   104.53709   103.26431   101.99152   100.71872    99.44593    98.17314    96.90034    95.62755    94.35476    93.08196    91.80917    90.53638    89.26359    87.99080    86.71800    85.44521    84.17242    82.89962    81.62683    80.35405    79.08125    77.80846    76.53568    75.26287    73.99008    72.71729    71.44450    70.17171    68.89891    67.62612    66.35333    65.08054    63.80775    62.53495    61.26216    59.98937    58.71657    57.44378    56.17100    54.89819    53.62541    52.35261    51.07982    49.80703    48.53423    47.26144    45.98866    44.71586    43.44307    42.17027    40.89748    39.62469    38.35190    37.07911    35.80632    34.53352    33.26073    31.98794    30.71515    29.44236    30.99798    32.55360    34.10924    35.66488    37.22051    38.77614    40.33178    41.88741    43.44305    44.99868    46.55431    48.10995    49.66559    51.22122    52.77686    54.33249    55.88813    57.44376    58.99939    60.55504    62.11067    63.66630    65.22194    66.77757    68.33321    69.88884    71.44447    73.00012    74.55575    76.11137    77.66701    79.22266    80.77829    82.33392    83.88956    85.44519    87.00084    88.55647    90.11211    91.66772    93.22336    94.77899    96.33465    97.89027    99.44591   101.00154   102.55717   104.11282   105.66846   107.22408   108.77971   110.33534   111.89100   113.44662   115.00226   116.55788   118.11353   119.66915   121.22481   122.78043   124.33607   125.89169   127.44733   129.00298   130.55862   132.11424   133.66988   135.22549   136.78113   138.33679   139.89243   141.44804   143.00368   144.55931     0.00000     0.00000     0.00000     0.00000     0.00000     0.00000     0.00000     0.00000     0.00000     0.00000     0.00000     0.00000     0.00000     0.00000     0.00000     0.00000     0.00000     0.00000     0.00000     0.00000
     0.00000     0.00000     0.00000     0.00000     0.00000     0.00000     0.00000     0.00000     0.00000     0.00000     0.00000     0.00000     0.00000     0.00000     0.00000     0.00000     0.00000     0.00000     0.00000     0.00000     0.00000    -6.20984    -6.20277   172.27794   171.00513   169.73235   168.45953   167.18675   165.91397   164.64117   163.36838   162.09560   160.82278   159.55002   158.27721   157.00443   155.73163   154.45883   153.18604   151.91325   150.64046   149.36766   148.09488   146.82208   145.54930   144.27649   143.00369   141.73091   140.45811   139.18533   137.91252   136.63974   135.36696   134.09415   132.82137   131.54857   130.27579   129.00299   127.73021   126.45741   125.18460   123.91182   122.63903   121.36624   120.09344   118.82065   117.54785   116.27506   115.00227   113.72948   112.45669   111.18390   109.91111   108.63831   107.36552   106.09273   104.81995   103.54715   102.27435   101.00156    99.72878    98.45598    97.18319    95.91039    94.63760    93.36481    92.09201    90.81921    89.54643    88.27364    87.00085    85.72805    84.45526    83.18246    81.90968    80.63689    79.36409    78.09130    76.81851    75.54572    74.27293    73.00012    71.72734    70.45455    69.18175    67.90897    66.63618    65.36338    64.09059    62.81779    61.54500    60.27222    58.99941    57.72662    56.45384    55.18104    53.90825    52.63545    51.36266    50.08987    48.81708    47.54429    46.27150    44.99870    43.72591    42.45311    41.18033    39.90754    38.63474    37.36195    36.08916    34.81636    33.54358    32.27079    30.99799    29.72520    31.28082    32.83645    34.39208    35.94772    37.50335    39.05898    40.61462    42.17025    43.72590    45.28153    46.83716    48.39280    49.94843    51.50406    53.05970    54.61533    56.17097    57.72661    59.28224    60.83788    62.39351    63.94914    65.50478    67.06041    68.61606    70.17169    71.72732    73.28296    74.83859    76.39422    77.94985    79.50551    81.06113    82.61677    84.17239    85.72803    87.28368    88.83931    90.39494    91.95058    93.50620    95.06184    96.61749    98.17312    99.72874   101.28438   102.84001   104.39567   105.95129   107.50693   109.06255   110.61818   112.17384   113.72947   115.28510   116.84073   118.39636   119.95200   121.50764   123.06328   124.61891   126.17454   127.73017   129.28583   130.84146   132.39709   133.95271   135.50835   137.06396   138.61963   140.17526   141.73090     0.00000     0.00000     0.00000     0.00000     0.00000     0.00000     0.00000     0.00000     0.00000     0.00000     0.00000     0.00000     0.00000     0.00000     0.00000     0.00000     0.00000     0.00000     0.00000     0.00000     0.00000
     0.00000     0.00000     0.00000     0.00000     0.00000     0.00000     0.00000     0.00000     0.00000     0.00000     0.00000     0.00000     0.00000     0.00000     0.00000     0.00000     0.00000     0.00000     0.00000     0.00000     0.00000     0.00000   175.10635   173.83356   172.56078   171.28796   170.01518   168.74239   167.46960   166.19681   164.92401   163.65121   162.37845   161.10564   159.83286   158.56004   157.28726   156.01447   154.74168   153.46889   152.19609   150.92329   149.65051   148.37773   147.10492   145.83214   144.55934   143.28654   142.01376   140.74095   139.46817   138.19537   136.92258   135.64980   134.37700   133.10422   131.83141   130.55862   129.28583   128.01305   126.74025   125.46745   124.19466   122.92188   121.64908   120.37628   119.10349   117.83070   116.55791   115.28512   114.01233   112.73953   111.46674   110.19395   108.92116   107.64836   106.37557   105.10278   103.82999   102.55720   101.28441   100.01162    98.73882    97.46603    96.19324    94.92044    93.64764    92.37486    91.10207    89.82928    88.55648    87.28369    86.01089    84.73811    83.46531    82.19252    80.91973    79.64693    78.37415    77.10136    75.82855    74.55577    73.28297    72.01018    70.73740    69.46459    68.19181    66.91902    65.64622    64.37343    63.10063    61.82784    60.55506    59.28226    58.00947    56.73668    55.46388    54.19109    52.91829    51.64551    50.37272    49.09992    47.82713    46.55434    45.28154    44.00876    42.73595    41.46317    40.19038    38.91758    37.64479    36.37201    35.09921    33.82642    32.55363    31.28083    30.00804    31.56366    33.11929    34.67492    36.23056    37.78619    39.34182    40.89747    42.45310    44.00874    45.56437    47.12000    48.67564    50.23127    51.78690    53.34254    54.89818    56.45382    58.00945    59.56508    61.12072    62.67635    64.23199    65.78763    67.34326    68.89890    70.45453    72.01016    73.56580    75.12143    76.67706    78.23270    79.78835    81.34398    82.89961    84.45525    86.01086    87.56653    89.12215    90.67779    92.23341    93.78905    95.34468    96.90033    98.45596   100.01160   101.56722   103.12285   104.67851   106.23414   107.78976   109.34540   110.90102   112.45669   114.01231   115.56795   117.12357   118.67921   120.23483   121.79049   123.34612   124.90176   126.45738   128.01302   129.56866   131.12430   132.67993   134.23557   135.79118   137.34682   138.90247     0.00000     0.00000     0.00000     0.00000     0.00000     0.00000     0.00000     0.00000     0.00000     0.00000     0.00000     0.00000     0.00000     0.00000     0.00000     0.00000     0.00000     0.00000     0.00000     0.00000     0.00000     0.00000
     0.00000     0.00000     0.00000     0.00000     0.00000     0.00000     0.00000     0.00000     0.00000     0.00000     0.00000     0.00000     0.00000     0.00000     0.00000     0.00000     0.00000     0.00000     0.00000     0.00000     0.00000     0.00000     0.00000   175.38919   174.11639   172.84361   171.57082   170.29803   169.02522   167.75244   166.47964   165.20686   163.93407   162.66129   161.38847   160.11569   158.84290   157.57011   156.29732   155.02452   153.75172   152.47894   151.20615   149.93335   148.66057   147.38776   146.11499   144.84218   143.56938   142.29660   141.02380   139.75101   138.47821   137.20543   135.93265   134.65984   133.38705   132.11426   130.84146   129.56868   128.29590   127.02309   125.75029   124.47750   123.20471   121.93192   120.65913   119.38634   118.11354   116.84074   115.56796   114.29517   113.02237   111.74958   110.47679   109.20400   107.93121   106.65842   105.38563   104.11284   102.84004   101.56725   100.29446    99.02167    97.74887    96.47607    95.20329    93.93050    92.65770    91.38490    90.11212    88.83932    87.56653    86.29374    85.02095    83.74815    82.47536    81.20258    79.92978    78.65698    77.38420    76.11140    74.83861    73.56581    72.29302    71.02024    69.74744    68.47466    67.20186    65.92906    64.65627    63.38348    62.11069    60.83790    59.56510    58.29231    57.01952    55.74672    54.47394    53.20113    51.92835    50.65556    49.38276    48.10997    46.83719    45.56438    44.29160    43.01880    41.74601    40.47322    39.20042    37.92764    36.65485    35.38205    34.10926    32.83647    31.56367    30.29088    31.84650    33.40213    34.95776    36.51340    38.06904    39.62467    41.18031    42.73594    44.29158    45.84721    47.40284    48.95849    50.51411    52.06975    53.62539    55.18102    56.73666    58.29229    59.84792    61.40356    62.95919    64.51483    66.07047    67.62610    69.18175    70.73737    72.29300    73.84865    75.40427    76.95991    78.51553    80.07119    81.62682    83.18245    84.73808    86.29372    87.84937    89.40500    90.96063    92.51626    94.07188    95.62752    97.18318    98.73880   100.29443   101.85007   103.40569   104.96135   106.51698   108.07261   109.62824   111.18387   112.73953   114.29516   115.85078   117.40642   118.96205   120.51768   122.07333   123.62896   125.18460   126.74023   128.29585   129.85150   131.40714   132.96277   134.51840   136.07404     0.00000     0.00000     0.00000     0.00000     0.00000     0.00000     0.00000     0.00000     0.00000     0.00000     0.00000     0.00000     0.00000     0.00000     0.00000     0.00000     0.00000     0.00000     0.00000     0.00000     0.00000     0.00000     0.00000
     0.00000     0.00000     0.00000     0.00000     0.00000     0.00000     0.00000     0.00000     0.00000     0.00000     0.00000     0.00000     0.00000     0.00000     0.00000     0.00000     0.00000     0.00000     0.00000     0.00000     0.00000     0.00000     0.00000     0.00000   175.67203   174.39925   173.12646   171.85365   170.58087   169.30806   168.03529   166.76250   165.48970   164.21690   162.94412   161.67133   160.39854   159.12573   157.85295   156.58015   155.30737   154.03458   152.76178   151.48898   150.21619   148.94342   147.67061   146.39783   145.12503   143.85223   142.57944   141.30664   140.03386   138.76105   137.48827   136.21548   134.94269   133.66989   132.39709   131.12430   129.85152   128.57874   127.30593   126.03313   124.76035   123.48756   122.21477   120.94197   119.66917   118.39639   117.12359   115.85080   114.57801   113.30522   112.03242   110.75964   109.48685   108.21405   106.94125   105.66847   104.39568   103.12288   101.85009   100.57730    99.30450    98.03172    96.75893    95.48613    94.21333    92.94054    91.66775    90.39496    89.12217    87.84937    86.57658    85.30379    84.03099    82.75821    81.48541    80.21262    78.93983    77.66704    76.39424    75.12145    73.84866    72.57587    71.30309    70.03028    68.75749    67.48470    66.21191    64.93912    63.66632    62.39353    61.12074    59.84794    58.57515    57.30237    56.02956    54.75678    53.48398    52.21119    50.93840    49.66560    48.39281    47.12003    45.84723    44.57444    43.30164    42.02885    40.75607    39.48327    38.21048    36.93769    35.66489    34.39211    33.11932    31.84652    30.57373    32.12934    33.68497    35.24061    36.79625    38.35188    39.90751    41.46315    43.01878    44.57442    46.13006    47.68568    49.24133    50.79696    52.35259    53.90823    55.46386    57.01950    58.57513    60.13076    61.68641    63.24204    64.79767    66.35332    67.90894    69.46458    71.02022    72.57584    74.13148    75.68712    77.24275    78.79839    80.35403    81.90967    83.46529    85.02093    86.57655    88.13221    89.68784    91.24347    92.79910    94.35474    95.91036    97.46602    99.02165   100.57727   102.13290   103.68854   105.24419   106.79983   108.35545   109.91109   111.46671   113.02237   114.57800   116.13363   117.68925   119.24490   120.80052   122.35617   123.91180   125.46744   127.02307   128.57870   130.13434   131.68999   133.24561     0.00000     0.00000     0.00000     0.00000     0.00000     0.00000     0.00000     0.00000     0.00000     0.00000     0.00000     0.00000     0.00000     0.00000     0.00000     0.00000     0.00000     0.00000     0.00000     0.00000     0.00000     0.00000     0.00000     0.00000
     0.00000     0.00000     0.00000     0.00000     0.00000     0.00000     0.00000     0.00000     0.00000     0.00000     0.00000     0.00000     0.00000     0.00000     0.00000     0.00000     0.00000     0.00000     0.00000     0.00000     0.00000     0.00000     0.00000     0.00000     0.00000   175.95488   174.68208   173.40930   172.13649   170.86372   169.59091   168.31813   167.04533   165.77254   164.49976   163.22697   161.95416   160.68138   159.40857   158.13580   156.86301   155.59021   154.31741   153.04462   151.77182   150.49904   149.22626   147.95345   146.68066   145.40787   144.13507   142.86229   141.58948   140.31670   139.04390   137.77112   136.49832   135.22552   133.95273   132.67993   131.40715   130.13437   128.86157   127.58878   126.31598   125.04319   123.77040   122.49760   121.22482   119.95202   118.67923   117.40643   116.13365   114.86086   113.58806   112.31526   111.04248   109.76968   108.49689   107.22410   105.95131   104.67852   103.40572   102.13293   100.86015    99.58736    98.31456    97.04176    95.76897    94.49618    93.22338    91.95059    90.67780    89.40501    88.13222    86.85942    85.58664    84.31384    83.04105    81.76826    80.49546    79.22267    77.94988    76.67709    75.40430    74.13150    72.85871    71.58592    70.31313    69.04034    67.76755    66.49475    65.22195    63.94916    62.67637    61.40359    60.13078    58.85799    57.58521    56.31241    55.03962    53.76682    52.49403    51.22124    49.94845    48.67566    47.40287    46.13007    44.85728    43.58448    42.31170    41.03891    39.76611    38.49332    37.22054    35.94773    34.67495    33.40216    32.12936    30.85657    32.41219    33.96782    35.52345    37.07909    38.63472    40.19035    41.74599    43.30163    44.85727    46.41290    47.96853    49.52417    51.07980    52.63543    54.19107    55.74670    57.30235    58.85798    60.41361    61.96925    63.52488    65.08051    66.63615    68.19179    69.74742    71.30305    72.85869    74.41433    75.96996    77.52559    79.08122    80.63687    82.19250    83.74814    85.30377    86.85940    88.41505    89.97068    91.52632    93.08194    94.63757    96.19321    97.74886    99.30449   100.86012   102.41575   103.97138   105.52704   107.08267   108.63830   110.19392   111.74956   113.30521   114.86084   116.41647   117.97210   119.52774   121.08337   122.63902   124.19464   125.75028   127.30591   128.86154   130.41719     0.00000     0.00000     0.00000     0.00000     0.00000     0.00000     0.00000     0.00000     0.00000     0.00000     0.00000     0.00000     0.00000     0.00000     0.00000     0.00000     0.00000     0.00000     0.00000     0.00000     0.00000     0.00000     0.00000     0.00000     0.00000
     0.00000     0.00000     0.00000     0.00000     0.00000     0.00000     0.00000     0.00000     0.00000     0.00000     0.00000     0.00000     0.00000     0.00000     0.00000     0.00000     0.00000     0.00000     0.00000     0.00000     0.00000     0.00000     0.00000     0.00000     0.00000     0.00000   176.23772   174.96492   173.69215   172.41934   171.14656   169.87375   168.60097   167.32819   166.05539   164.78259   163.50981   162.23700   160.96423   159.69142   158.41864   157.14584   155.87305   154.60025   153.32747   152.05467   150.78188   149.50909   148.23628   146.96350   145.69070   144.41791   143.14513   141.87233   140.59955   139.32674   138.05396   136.78116   135.50836   134.23558   132.96278   131.68999   130.41721   129.14442   127.87162   126.59882   125.32603   124.05325   122.78045   121.50766   120.23486   118.96207   117.68928   116.41649   115.14369   113.87090   112.59811   111.32533   110.05253   108.77974   107.50694   106.23415   104.96136   103.68857   102.41577   101.14299    99.87019    98.59740    97.32461    96.05181    94.77902    93.50623    92.23343    90.96065    89.68785    88.41505    87.14227    85.86948    84.59668    83.32389    82.05110    80.77831    79.50552    78.23273    76.95993    75.68714    74.41434    73.14156    71.86877    70.59596    69.32318    68.05038    66.77759    65.50480    64.23200    62.95921    61.68643    60.41363    59.14084    57.86805    56.59525    55.32246    54.04966    52.77688    51.50409    50.23129    48.95850    47.68571    46.41291    45.14013    43.86732    42.59454    41.32175    40.04895    38.77616    37.50338    36.23058    34.95779    33.68500    32.41220    31.13941    32.69503    34.25066    35.80629    37.36193    38.91756    40.47320    42.02884    43.58447    45.14011    46.69574    48.25137    49.80701    51.36264    52.91827    54.47392    56.02955    57.58519    59.14082    60.69645    62.25209    63.80772    65.36336    66.91899    68.47462    70.03027    71.58590    73.14153    74.69717    76.25281    77.80843    79.36407    80.91972    82.47535    84.03098    85.58661    87.14224    88.69790    90.25352    91.80916    93.36479    94.92041    96.47604    98.03171    99.58733   101.14296   102.69859   104.25423   105.80988   107.36551   108.92114   110.47677   112.03239   113.58806   115.14368   116.69931   118.25494   119.81058   121.36621   122.92186   124.47749   126.03313   127.58875     0.00000     0.00000     0.00000     0.00000     0.00000     0.00000     0.00000     0.00000     0.00000     0.00000     0.00000     0.00000     0.00000     0.00000     0.00000     0.00000     0.00000     0.00000     0.00000     0.00000     0.00000     0.00000     0.00000     0.00000     0.00000     0.00000
     0.00000     0.00000     0.00000     0.00000     0.00000     0.00000     0.00000     0.00000     0.00000     0.00000     0.00000     0.00000     0.00000     0.00000     0.00000     0.00000     0.00000     0.00000     0.00000     0.00000     0.00000     0.00000     0.00000     0.00000     0.00000     0.00000     0.00000   176.52057   175.24777   173.97499   172.70218   171.42940   170.15659   168.88382   167.61102   166.33823   165.06543   163.79266   162.51985   161.24707   159.97426   158.70148   157.42868   156.15590   154.88310   153.61031   152.33751   151.06471   149.79193   148.51913   147.24635   145.97356   144.70076   143.42798   142.15517   140.88239   139.60959   138.33679   137.06401   135.79121   134.51842   133.24562   131.97284   130.70004   129.42726   128.15446   126.88166   125.60887   124.33609   123.06329   121.79050   120.51771   119.24491   117.97212   116.69933   115.42654   114.15375   112.88095   111.60817   110.33537   109.06258   107.78978   106.51700   105.24420   103.97141   102.69862   101.42583   100.15304    98.88024    97.60745    96.33466    95.06186    93.78907    92.51627    91.24348    89.97070    88.69790    87.42511    86.15232    84.87952    83.60674    82.33395    81.06114    79.78836    78.51557    77.24277    75.96999    74.69718    73.42439    72.15161    70.87881    69.60602    68.33323    67.06043    65.78764    64.51485    63.24206    61.96927    60.69647    59.42368    58.15089    56.87809    55.60531    54.33250    53.05972    51.78693    50.51413    49.24134    47.96856    46.69576    45.42297    44.15017    42.87738    41.60459    40.33179    39.05901    37.78622    36.51342    35.24063    33.96784    32.69505    31.42225    32.97787    34.53350    36.08913    37.64478    39.20041    40.75604    42.31168    43.86731    45.42295    46.97858    48.53421    50.08986    51.64548    53.20112    54.75676    56.31239    57.86803    59.42366    60.97929    62.53493    64.09056    65.64620    67.20184    68.75747    70.31311    71.86874    73.42438    74.98001    76.53564    78.09128    79.64691    81.20256    82.75819    84.31382    85.86946    87.42508    88.98074    90.53637    92.09200    93.64763    95.20326    96.75889    98.31454    99.87018   101.42580   102.98144   104.53706   106.09273   107.64835   109.20398   110.75961   112.31524   113.87090   115.42653   116.98215   118.53778   120.09342   121.64905   123.20470   124.76033     0.00000     0.00000     0.00000     0.00000     0.00000     0.00000     0.00000     0.00000     0.00000     0.00000     0.00000     0.00000     0.00000     0.00000     0.00000     0.00000     0.00000     0.00000     0.00000     0.00000     0.00000     0.00000     0.00000     0.00000     0.00000     0.00000     0.00000
     0.00000     0.00000     0.00000     0.00000     0.00000     0.00000     0.00000     0.00000     0.00000     0.00000     0.00000     0.00000     0.00000     0.00000     0.00000     0.00000     0.00000     0.00000     0.00000     0.00000     0.00000     0.00000     0.00000     0.00000     0.00000     0.00000     0.00000     0.00000   176.80341   175.53061   174.25783   172.98502   171.71225   170.43944   169.16666   167.89386   166.62106   165.34828   164.07550   162.80269   161.52991   160.25711   158.98433   157.71153   156.43874   155.16594   153.89314   152.62036   151.34756   150.07478   148.80197   147.52919   146.25639   144.98360   143.71082   142.43802   141.16522   139.89243   138.61964   137.34685   136.07405   134.80127   133.52846   132.25568   130.98289   129.71011   128.43730   127.16451   125.89172   124.61893   123.34614   122.07334   120.80055   119.52776   118.25496   116.98218   115.70938   114.43658   113.16380   111.89101   110.61821   109.34542   108.07263   106.79984   105.52705   104.25426   102.98146   101.70867   100.43588    99.16309    97.89029    96.61750    95.34470    94.07191    92.79912    91.52633    90.25354    88.98074    87.70795    86.43517    85.16236    83.88957    82.61679    81.34399    80.07120    78.79842    77.52561    76.25282    74.98003    73.70724    72.43445    71.16165    69.88886    68.61607    67.34328    66.07049    64.79769    63.52490    62.25211    60.97931    59.70652    58.43374    57.16093    55.88815    54.61535    53.34256    52.06977    50.79697    49.52419    48.25140    46.97860    45.70581    44.43301    43.16022    41.88744    40.61464    39.34185    38.06906    36.79626    35.52348    34.25069    32.97789    31.70510    33.26072    34.81635    36.37197    37.92762    39.48325    41.03888    42.59452    44.15015    45.70580    47.26143    48.81705    50.37270    51.92833    53.48396    55.03960    56.59523    58.15088    59.70650    61.26213    62.81778    64.37341    65.92904    67.48468    69.04031    70.59595    72.15158    73.70721    75.26286    76.81849    78.37411    79.92975    81.48540    83.04104    84.59666    86.15230    87.70793    89.26358    90.81921    92.37485    93.93047    95.48610    97.04173    98.59739   100.15302   101.70865   103.26428   104.81991   106.37556   107.93120   109.48682   111.04245   112.59808   114.15374   115.70937   117.26500   118.82063   120.37627   121.93189     0.00000     0.00000     0.00000     0.00000     0.00000     0.00000     0.00000     0.00000     0.00000     0.00000     0.00000     0.00000     0.00000     0.00000     0.00000     0.00000     0.00000     0.00000     0.00000     0.00000     0.00000     0.00000     0.00000     0.00000     0.00000     0.00000     0.00000     0.00000
     0.00000     0.00000     0.00000     0.00000     0.00000     0.00000     0.00000     0.00000     0.00000     0.00000     0.00000     0.00000     0.00000     0.00000     0.00000     0.00000     0.00000     0.00000     0.00000     0.00000     0.00000     0.00000     0.00000     0.00000     0.00000     0.00000     0.00000     0.00000     0.00000   177.08624   175.81345   174.54068   173.26787   171.99509   170.72227   169.44949   168.17671   166.90392   165.63112   164.35834   163.08554   161.81276   160.53995   159.26717   157.99437   156.72157   155.44879   154.17599   152.90320   151.63040   150.35762   149.08481   147.81204   146.53923   145.26645   143.99365   142.72086   141.44807   140.17526   138.90248   137.62970   136.35689   135.08411   133.81131   132.53851   131.26573   129.99295   128.72015   127.44734   126.17456   124.90177   123.62898   122.35619   121.08339   119.81060   118.53780   117.26501   115.99223   114.71943   113.44664   112.17385   110.90106   109.62827   108.35547   107.08269   105.80989   104.53709   103.26431   101.99152   100.71872    99.44593    98.17313    96.90034    95.62755    94.35475    93.08196    91.80917    90.53638    89.26359    87.99079    86.71800    85.44521    84.17242    82.89963    81.62683    80.35404    79.08125    77.80846    76.53567    75.26286    73.99008    72.71729    71.44450    70.17171    68.89892    67.62612    66.35333    65.08054    63.80774    62.53496    61.26215    59.98936    58.71658    57.44378    56.17099    54.89819    53.62540    52.35262    51.07982    49.80703    48.53424    47.26144    45.98866    44.71585    43.44307    42.17028    40.89748    39.62469    38.35191    37.07910    35.80632    34.53353    33.26073    31.98794    33.54356    35.09919    36.65482    38.21046    39.76609    41.32172    42.87737    44.43300    45.98864    47.54427    49.09990    50.65554    52.21117    53.76680    55.32244    56.87807    58.43372    59.98935    61.54498    63.10062    64.65625    66.21188    67.76752    69.32315    70.87880    72.43443    73.99006    75.54570    77.10133    78.65696    80.21260    81.76825    83.32388    84.87951    86.43513    87.99077    89.54642    91.10205    92.65768    94.21332    95.76894    97.32458    98.88023   100.43586   101.99149   103.54712   105.10275   106.65841   108.21404   109.76967   111.32529   112.88092   114.43658   115.99221   117.54784   119.10347     0.00000     0.00000     0.00000     0.00000     0.00000     0.00000     0.00000     0.00000     0.00000     0.00000     0.00000     0.00000     0.00000     0.00000     0.00000     0.00000     0.00000     0.00000     0.00000     0.00000     0.00000     0.00000     0.00000     0.00000     0.00000     0.00000     0.00000     0.00000     0.00000
     0.00000     0.00000     0.00000     0.00000     0.00000     0.00000     0.00000     0.00000     0.00000     0.00000     0.00000     0.00000     0.00000     0.00000     0.00000     0.00000     0.00000     0.00000     0.00000     0.00000     0.00000     0.00000     0.00000     0.00000     0.00000     0.00000     0.00000     0.00000     0.00000     0.00000   177.36909   176.09630   174.82352   173.55070   172.27792   171.00513   169.73235   168.45955   167.18675   165.91397   164.64119   163.36838   162.09560   160.82278   159.55000   158.27722   157.00443   155.73163   154.45883   153.18604   151.91324   150.64047   149.36766   148.09488   146.82208   145.54929   144.27650   143.00369   141.73091   140.45811   139.18532   137.91254   136.63974   135.36694   134.09415   132.82137   131.54858   130.27579   129.00299   127.73019   126.45740   125.18462   123.91182   122.63903   121.36623   120.09344   118.82065   117.54786   116.27507   115.00227   113.72948   112.45670   111.18390   109.91110   108.63831   107.36552   106.09274   104.81994   103.54715   102.27436   101.00156    99.72878    98.45598    97.18318    95.91039    94.63760    93.36481    92.09202    90.81922    89.54643    88.27364    87.00085    85.72805    84.45526    83.18247    81.90968    80.63689    79.36410    78.09129    76.81851    75.54571    74.27293    73.00014    71.72734    70.45455    69.18176    67.90897    66.63617    65.36337    64.09058    62.81780    61.54500    60.27221    58.99942    57.72662    56.45383    55.18103    53.90825    52.63546    51.36266    50.08987    48.81709    47.54428    46.27150    44.99870    43.72591    42.45312    41.18032    39.90753    38.63475    37.36195    36.08916    34.81637    33.54357    32.27079    33.82640    35.38203    36.93766    38.49331    40.04893    41.60457    43.16021    44.71584    46.27148    47.82711    49.38274    50.93839    52.49401    54.04964    55.60529    57.16092    58.71656    60.27219    61.82782    63.38346    64.93909    66.49473    68.05037    69.60600    71.16164    72.71727    74.27290    75.82854    77.38418    78.93980    80.49544    82.05109    83.60672    85.16235    86.71799    88.27361    89.82927    91.38490    92.94053    94.49615    96.05179    97.60742    99.16307   100.71870   102.27434   103.82996   105.38559   106.94125   108.49688   110.05251   111.60814   113.16376   114.71943   116.27505     0.00000     0.00000     0.00000     0.00000     0.00000     0.00000     0.00000     0.00000     0.00000     0.00000     0.00000     0.00000     0.00000     0.00000     0.00000     0.00000     0.00000     0.00000     0.00000     0.00000     0.00000     0.00000     0.00000     0.00000     0.00000     0.00000     0.00000     0.00000     0.00000     0.00000
     0.00000     0.00000     0.00000     0.00000     0.00000     0.00000     0.00000     0.00000     0.00000     0.00000     0.00000     0.00000     0.00000     0.00000     0.00000     0.00000     0.00000     0.00000     0.00000     0.00000     0.00000     0.00000     0.00000     0.00000     0.00000     0.00000     0.00000     0.00000     0.00000     0.00000     0.00000   177.65193   176.37914   175.10635   173.83356   172.56078   171.28796   170.01518   168.74240   167.46960   166.19681   164.92403   163.65121   162.37843   161.10562   159.83286   158.56006   157.28726   156.01447   154.74167   153.46889   152.19609   150.92331   149.65050   148.37772   147.10492   145.83212   144.55934   143.28654   142.01375   140.74095   139.46817   138.19537   136.92258   135.64980   134.37698   133.10420   131.83142   130.55864   129.28583   128.01303   126.74025   125.46746   124.19466   122.92188   121.64908   120.37628   119.10349   117.83070   116.55791   115.28512   114.01232   112.73953   111.46674   110.19395   108.92116   107.64837   106.37558   105.10278   103.82999   102.55721   101.28441   100.01161    98.73882    97.46603    96.19324    94.92044    93.64764    92.37486    91.10207    89.82927    88.55648    87.28369    86.01089    84.73811    83.46532    82.19252    80.91972    79.64694    78.37414    77.10136    75.82855    74.55577    73.28298    72.01018    70.73740    69.46460    68.19180    66.91901    65.64622    64.37343    63.10064    61.82784    60.55505    59.28226    58.00946    56.73668    55.46387    54.19109    52.91830    51.64550    50.37271    49.09993    47.82713    46.55434    45.28154    44.00875    42.73596    41.46317    40.19038    38.91759    37.64479    36.37200    35.09922    33.82642    32.55363    34.10925    35.66488    37.22050    38.77615    40.33178    41.88741    43.44305    44.99868    46.55433    48.10995    49.66558    51.22123    52.77686    54.33249    55.88813    57.44376    58.99940    60.55503    62.11066    63.66631    65.22194    66.77757    68.33321    69.88884    71.44449    73.00011    74.55575    76.11139    77.66702    79.22265    80.77827    82.33393    83.88956    85.44519    87.00082    88.55646    90.11211    91.66774    93.22337    94.77900    96.33463    97.89026    99.44592   101.00154   102.55717   104.11281   105.66843   107.22409   108.77972   110.33535   111.89098   113.44661     0.00000     0.00000     0.00000     0.00000     0.00000     0.00000     0.00000     0.00000     0.00000     0.00000     0.00000     0.00000     0.00000     0.00000     0.00000     0.00000     0.00000     0.00000     0.00000     0.00000     0.00000     0.00000     0.00000     0.00000     0.00000     0.00000     0.00000     0.00000     0.00000     0.00000     0.00000
     0.00000     0.00000     0.00000     0.00000     0.00000     0.00000     0.00000     0.00000     0.00000     0.00000     0.00000     0.00000     0.00000     0.00000     0.00000     0.00000     0.00000     0.00000     0.00000     0.00000     0.00000     0.00000     0.00000     0.00000     0.00000     0.00000     0.00000     0.00000     0.00000     0.00000     0.00000     0.00000   177.93478   176.66199   175.38921   174.11639   172.84361   171.57080   170.29803   169.02524   167.75244   166.47964   165.20686   163.93405   162.66129   161.38847   160.11569   158.84290   157.57010   156.29732   155.02452   153.75172   152.47893   151.20615   149.93335   148.66057   147.38776   146.11497   144.84218   143.56938   142.29660   141.02380   139.75101   138.47823   137.20541   135.93263   134.65984   133.38705   132.11426   130.84148   129.56868   128.29587   127.02309   125.75031   124.47751   123.20471   121.93192   120.65913   119.38634   118.11355   116.84075   115.56796   114.29517   113.02238   111.74959   110.47679   109.20399   107.93121   106.65842   105.38562   104.11283   102.84004   101.56725   100.29446    99.02167    97.74887    96.47607    95.20328    93.93049    92.65770    91.38491    90.11211    88.83932    87.56654    86.29373    85.02095    83.74815    82.47536    81.20257    79.92979    78.65698    77.38420    76.11140    74.83861    73.56583    72.29302    71.02023    69.74744    68.47465    67.20186    65.92906    64.65627    63.38348    62.11068    60.83789    59.56511    58.29230    57.01952    55.74672    54.47393    53.20115    51.92834    50.65556    49.38277    48.10997    46.83718    45.56438    44.29160    43.01881    41.74601    40.47322    39.20043    37.92764    36.65485    35.38206    34.10926    32.83647    34.39209    35.94772    37.50335    39.05899    40.61462    42.17025    43.72589    45.28152    46.83717    48.39280    49.94843    51.50407    53.05970    54.61533    56.17097    57.72660    59.28225    60.83788    62.39351    63.94915    65.50478    67.06041    68.61606    70.17168    71.72733    73.28296    74.83859    76.39423    77.94986    79.50549    81.06113    82.61678    84.17241    85.72803    87.28367    88.83929    90.39495    91.95058    93.50621    95.06184    96.61748    98.17310    99.72876   101.28439   102.84001   104.39565   105.95128   107.50694   109.06257   110.61819     0.00000     0.00000     0.00000     0.00000     0.00000     0.00000     0.00000     0.00000     0.00000     0.00000     0.00000     0.00000     0.00000     0.00000     0.00000     0.00000     0.00000     0.00000     0.00000     0.00000     0.00000     0.00000     0.00000     0.00000     0.00000     0.00000     0.00000     0.00000     0.00000     0.00000     0.00000     0.00000
     0.00000     0.00000     0.00000     0.00000     0.00000     0.00000     0.00000     0.00000     0.00000     0.00000     0.00000     0.00000     0.00000     0.00000     0.00000     0.00000     0.00000     0.00000     0.00000     0.00000     0.00000     0.00000     0.00000     0.00000     0.00000     0.00000     0.00000     0.00000     0.00000     0.00000     0.00000     0.00000     0.00000   178.21762   176.94482   175.67204   174.39923   173.12646   171.85365   170.58087   169.30807   168.03528   166.76248   165.48972   164.21690   162.94412   161.67131   160.39853   159.12575   157.85295   156.58015   155.30736   154.03458   152.76178   151.48900   150.21619   148.94341   147.67061   146.39781   145.12503   143.85223   142.57944   141.30664   140.03384   138.76106   137.48827   136.21548   134.94267   133.66989   132.39711   131.12431   129.85152   128.57872   127.30593   126.03314   124.76035   123.48756   122.21477   120.94197   119.66917   118.39639   117.12360   115.85080   114.57801   113.30522   112.03242   110.75964   109.48684   108.21405   106.94126   105.66846   104.39568   103.12289   101.85010   100.57730    99.30450    98.03171    96.75892    95.48612    94.21333    92.94054    91.66776    90.39496    89.12216    87.84938    86.57658    85.30379    84.03100    82.75820    81.48541    80.21263    78.93983    77.66704    76.39424    75.12145    73.84866    72.57587    71.30308    70.03029    68.75749    67.48470    66.21190    64.93912    63.66633    62.39352    61.12074    59.84795    58.57515    57.30236    56.02956    54.75677    53.48399    52.21119    50.93840    49.66561    48.39281    47.12003    45.84723    44.57444    43.30165    42.02885    40.75607    39.48328    38.21048    36.93769    35.66490    34.39210    33.11931    34.67493    36.23056    37.78619    39.34184    40.89746    42.45309    44.00874    45.56437    47.12001    48.67564    50.23127    51.78691    53.34254    54.89817    56.45382    58.00945    59.56509    61.12072    62.67635    64.23199    65.78763    67.34325    68.89890    70.45453    72.01017    73.56580    75.12143    76.67707    78.23270    79.78833    81.34396    82.89961    84.45525    86.01088    87.56651    89.12214    90.67780    92.23342    93.78906    95.34468    96.90031    98.45595   100.01160   101.56723   103.12286   104.67849   106.23412   107.78978     0.00000     0.00000     0.00000     0.00000     0.00000     0.00000     0.00000     0.00000     0.00000     0.00000     0.00000     0.00000     0.00000     0.00000     0.00000     0.00000     0.00000     0.00000     0.00000     0.00000     0.00000     0.00000     0.00000     0.00000     0.00000     0.00000     0.00000     0.00000     0.00000     0.00000     0.00000     0.00000     0.00000
     0.00000     0.00000     0.00000     0.00000     0.00000     0.00000     0.00000     0.00000     0.00000     0.00000     0.00000     0.00000     0.00000     0.00000     0.00000     0.00000     0.00000     0.00000     0.00000     0.00000     0.00000     0.00000     0.00000     0.00000     0.00000     0.00000     0.00000     0.00000     0.00000     0.00000     0.00000     0.00000     0.00000     0.00000   178.50046   177.22766   175.95490   174.68208   173.40930   172.13649   170.86371   169.59091   168.31813   167.04533   165.77255   164.49974   163.22696   161.95416   160.68138   159.40858   158.13579   156.86301   155.59021   154.31741   153.04462   151.77184   150.49902   149.22626   147.95345   146.68066   145.40787   144.13507   142.86227   141.58948   140.31670   139.04391   137.77110   136.49832   135.22552   133.95273   132.67995   131.40717   130.13437   128.86156   127.58878   126.31599   125.04320   123.77040   122.49760   121.22481   119.95202   118.67923   117.40644   116.13364   114.86086   113.58807   112.31527   111.04248   109.76968   108.49689   107.22411   105.95131   104.67851   103.40573   102.13293   100.86014    99.58735    98.31455    97.04176    95.76897    94.49617    93.22339    91.95059    90.67780    89.40501    88.13222    86.85942    85.58663    84.31384    83.04105    81.76826    80.49547    79.22267    77.94988    76.67708    75.40430    74.13151    72.85870    71.58592    70.31313    69.04033    67.76755    66.49474    65.22195    63.94917    62.67637    61.40358    60.13079    58.85799    57.58521    56.31240    55.03962    53.76683    52.49403    51.22124    49.94846    48.67566    47.40287    46.13007    44.85728    43.58450    42.31169    41.03891    39.76612    38.49332    37.22053    35.94774    34.67494    33.40216    34.95777    36.51340    38.06903    39.62468    41.18031    42.73594    44.29158    45.84721    47.40285    48.95848    50.51411    52.06976    53.62539    55.18102    56.73666    58.29229    59.84793    61.40356    62.95919    64.51483    66.07047    67.62610    69.18174    70.73737    72.29301    73.84864    75.40427    76.95992    78.51555    80.07117    81.62681    83.18246    84.73809    86.29372    87.84935    89.40498    90.96064    92.51627    94.07190    95.62753    97.18315    98.73878   100.29445   101.85007   103.40570   104.96133     0.00000     0.00000     0.00000     0.00000     0.00000     0.00000     0.00000     0.00000     0.00000     0.00000     0.00000     0.00000     0.00000     0.00000     0.00000     0.00000     0.00000     0.00000     0.00000     0.00000     0.00000     0.00000     0.00000     0.00000     0.00000     0.00000     0.00000     0.00000     0.00000     0.00000     0.00000     0.00000     0.00000     0.00000
     0.00000     0.00000     0.00000     0.00000     0.00000     0.00000     0.00000     0.00000     0.00000     0.00000     0.00000     0.00000     0.00000     0.00000     0.00000     0.00000     0.00000     0.00000     0.00000     0.00000     0.00000     0.00000     0.00000     0.00000     0.00000     0.00000     0.00000     0.00000     0.00000     0.00000     0.00000     0.00000     0.00000     0.00000     0.00000   178.78331   177.51051   176.23773   174.96492   173.69214   172.41934   171.14656   169.87376   168.60097   167.32817   166.05539   164.78259   163.50981   162.23700   160.96422   159.69144   158.41864   157.14584   155.87305   154.60025   153.32745   152.05469   150.78188   149.50909   148.23630   146.96350   145.69070   144.41791   143.14513   141.87233   140.59953   139.32675   138.05396   136.78116   135.50836   134.23558   132.96280   131.69000   130.41721   129.14441   127.87161   126.59883   125.32603   124.05324   122.78045   121.50765   120.23486   118.96207   117.68929   116.41649   115.14369   113.87091   112.59811   111.32532   110.05253   108.77974   107.50694   106.23415   104.96136   103.68857   102.41578   101.14298    99.87019    98.59740    97.32460    96.05181    94.77901    93.50623    92.23344    90.96064    89.68785    88.41506    87.14226    85.86948    84.59669    83.32389    82.05110    80.77831    79.50551    78.23273    76.95992    75.68713    74.41435    73.14155    71.86876    70.59598    69.32317    68.05038    66.77759    65.50480    64.23201    62.95921    61.68642    60.41364    59.14083    57.86805    56.59525    55.32246    54.04967    52.77687    51.50409    50.23130    48.95850    47.68571    46.41291    45.14012    43.86734    42.59454    41.32175    40.04896    38.77616    37.50337    36.23059    34.95779    33.68500    35.24062    36.79625    38.35188    39.90752    41.46315    43.01878    44.57442    46.13005    47.68570    49.24133    50.79696    52.35260    53.90823    55.46386    57.01950    58.57513    60.13078    61.68640    63.24204    64.79768    66.35331    67.90894    69.46458    71.02021    72.57585    74.13148    75.68712    77.24275    78.79839    80.35402    81.90965    83.46530    85.02094    86.57656    88.13220    89.68782    91.24348    92.79911    94.35474    95.91037    97.46600    99.02163   100.57729   102.13292     0.00000     0.00000     0.00000     0.00000     0.00000     0.00000     0.00000     0.00000     0.00000     0.00000     0.00000     0.00000     0.00000     0.00000     0.00000     0.00000     0.00000     0.00000     0.00000     0.00000     0.00000     0.00000     0.00000     0.00000     0.00000     0.00000     0.00000     0.00000     0.00000     0.00000     0.00000     0.00000     0.00000     0.00000     0.00000
     0.00000     0.00000     0.00000     0.00000     0.00000     0.00000     0.00000     0.00000     0.00000     0.00000     0.00000     0.00000     0.00000     0.00000     0.00000     0.00000     0.00000     0.00000     0.00000     0.00000     0.00000     0.00000     0.00000     0.00000     0.00000     0.00000     0.00000     0.00000     0.00000     0.00000     0.00000     0.00000     0.00000     0.00000     0.00000     0.00000   179.06615   177.79335   176.52057   175.24777   173.97499   172.70218   171.42940   170.15660   168.88382   167.61102   166.33824   165.06543   163.79265   162.51984   161.24707   159.97427   158.70148   157.42868   156.15588   154.88309   153.61031   152.33752   151.06471   149.79193   148.51913   147.24634   145.97356   144.70076   143.42796   142.15517   140.88239   139.60959   138.33679   137.06401   135.79120   134.51842   133.24564   131.97284   130.70004   129.42725   128.15445   126.88167   125.60888   124.33608   123.06329   121.79050   120.51770   119.24492   117.97212   116.69933   115.42654   114.15375   112.88096   111.60816   110.33537   109.06258   107.78979   106.51700   105.24420   103.97141   102.69862   101.42583   100.15303    98.88024    97.60744    96.33466    95.06186    93.78907    92.51628    91.24348    89.97069    88.69791    87.42510    86.15232    84.87953    83.60674    82.33394    81.06116    79.78835    78.51556    77.24277    75.96998    74.69719    73.42439    72.15160    70.87881    69.60602    68.33323    67.06043    65.78764    64.51485    63.24205    61.96926    60.69648    59.42368    58.15089    56.87809    55.60530    54.33252    53.05972    51.78693    50.51414    49.24134    47.96855    46.69576    45.42297    44.15018    42.87738    41.60459    40.33180    39.05901    37.78622    36.51343    35.24063    33.96784    35.52346    37.07909    38.63472    40.19036    41.74599    43.30162    44.85727    46.41290    47.96854    49.52417    51.07980    52.63544    54.19107    55.74670    57.30235    58.85797    60.41362    61.96925    63.52488    65.08052    66.63615    68.19178    69.74742    71.30305    72.85870    74.41432    75.96996    77.52560    79.08123    80.63686    82.19249    83.74814    85.30378    86.85941    88.41504    89.97067    91.52632    93.08195    94.63759    96.19321    97.74884    99.30447     0.00000     0.00000     0.00000     0.00000     0.00000     0.00000     0.00000     0.00000     0.00000     0.00000     0.00000     0.00000     0.00000     0.00000     0.00000     0.00000     0.00000     0.00000     0.00000     0.00000     0.00000     0.00000     0.00000     0.00000     0.00000     0.00000     0.00000     0.00000     0.00000     0.00000     0.00000     0.00000     0.00000     0.00000     0.00000     0.00000
     0.00000     0.00000     0.00000     0.00000     0.00000     0.00000     0.00000     0.00000     0.00000     0.00000     0.00000     0.00000     0.00000     0.00000     0.00000     0.00000     0.00000     0.00000     0.00000     0.00000     0.00000     0.00000     0.00000     0.00000     0.00000     0.00000     0.00000     0.00000     0.00000     0.00000     0.00000     0.00000     0.00000     0.00000     0.00000     0.00000     0.00000   179.34898   178.07620   176.80342   175.53061   174.25783   172.98502   171.71225   170.43945   169.16666   167.89386   166.62108   165.34827   164.07550   162.80269   161.52991   160.25711   158.98431   157.71152   156.43874   155.16594   153.89314   152.62036   151.34756   150.07478   148.80197   147.52919   146.25639   144.98360   143.71082   142.43800   141.16522   139.89244   138.61963   137.34685   136.07405   134.80127   133.52847   132.25569   130.98288   129.71008   128.43730   127.16451   125.89172   124.61893   123.34613   122.07334   120.80054   119.52776   118.25497   116.98217   115.70938   114.43659   113.16380   111.89101   110.61821   109.34543   108.07263   106.79984   105.52705   104.25426   102.98146   101.70867   100.43587    99.16309    97.89029    96.61749    95.34470    94.07191    92.79912    91.52633    90.25353    88.98075    87.70795    86.43517    85.16237    83.88957    82.61678    81.34399    80.07120    78.79841    77.52560    76.25282    74.98003    73.70724    72.43445    71.16166    69.88886    68.61607    67.34328    66.07048    64.79770    63.52489    62.25211    60.97932    59.70652    58.43373    57.16093    55.88815    54.61536    53.34256    52.06977    50.79698    49.52419    48.25140    46.97860    45.70581    44.43302    43.16022    41.88744    40.61465    39.34185    38.06906    36.79627    35.52347    34.25068    35.80630    37.36193    38.91756    40.47321    42.02884    43.58447    45.14011    46.69574    48.25138    49.80701    51.36264    52.91828    54.47392    56.02954    57.58519    59.14082    60.69646    62.25209    63.80772    65.36337    66.91899    68.47462    70.03027    71.58589    73.14154    74.69717    76.25280    77.80844    79.36407    80.91970    82.47534    84.03099    85.58662    87.14225    88.69788    90.25351    91.80917    93.36479    94.92043    96.47606     0.00000     0.00000     0.00000     0.00000     0.00000     0.00000     0.00000     0.00000     0.00000     0.00000     0.00000     0.00000     0.00000     0.00000     0.00000     0.00000     0.00000     0.00000     0.00000     0.00000     0.00000     0.00000     0.00000     0.00000     0.00000     0.00000     0.00000     0.00000     0.00000     0.00000     0.00000     0.00000     0.00000     0.00000     0.00000     0.00000     0.00000
     0.00000     0.00000     0.00000     0.00000     0.00000     0.00000     0.00000     0.00000     0.00000     0.00000     0.00000     0.00000     0.00000     0.00000     0.00000     0.00000     0.00000     0.00000     0.00000     0.00000     0.00000     0.00000     0.00000     0.00000     0.00000     0.00000     0.00000     0.00000     0.00000     0.00000     0.00000     0.00000     0.00000     0.00000     0.00000     0.00000     0.00000     0.00000   179.63184   178.35904   177.08626   175.81345   174.54068   173.26787   171.99509   170.72229   169.44949   168.17670   166.90393   165.63112   164.35834   163.08553   161.81274   160.53995   159.26717   157.99437   156.72157   155.44878   154.17599   152.90321   151.63040   150.35762   149.08482   147.81203   146.53925   145.26643   143.99365   142.72086   141.44806   140.17528   138.90248   137.62970   136.35689   135.08411   133.81131   132.53853   131.26573   129.99294   128.72014   127.44736   126.17456   124.90177   123.62897   122.35619   121.08339   119.81060   118.53781   117.26501   115.99222   114.71944   113.44664   112.17384   110.90105   109.62827   108.35548   107.08268   105.80989   104.53710   103.26431   101.99152   100.71872    99.44592    98.17313    96.90034    95.62755    94.35476    93.08196    91.80917    90.53638    89.26360    87.99079    86.71800    85.44521    84.17242    82.89963    81.62684    80.35403    79.08125    77.80845    76.53567    75.26288    73.99008    72.71729    71.44450    70.17171    68.89891    67.62611    66.35332    65.08054    63.80774    62.53495    61.26217    59.98936    58.71658    57.44378    56.17099    54.89820    53.62540    52.35262    51.07983    49.80703    48.53424    47.26144    45.98865    44.71587    43.44306    42.17028    40.89749    39.62469    38.35190    37.07911    35.80631    34.53353    36.08914    37.64478    39.20041    40.75605    42.31168    43.86731    45.42295    46.97858    48.53422    50.08986    51.64548    53.20113    54.75676    56.31239    57.86803    59.42366    60.97930    62.53493    64.09056    65.64620    67.20184    68.75747    70.31311    71.86874    73.42438    74.98001    76.53564    78.09128    79.64692    81.20255    82.75818    84.31383    85.86946    87.42509    88.98073    90.53635    92.09201    93.64764     0.00000     0.00000     0.00000     0.00000     0.00000     0.00000     0.00000     0.00000     0.00000     0.00000     0.00000     0.00000     0.00000     0.00000     0.00000     0.00000     0.00000     0.00000     0.00000     0.00000     0.00000     0.00000     0.00000     0.00000     0.00000     0.00000     0.00000     0.00000     0.00000     0.00000     0.00000     0.00000     0.00000     0.00000     0.00000     0.00000     0.00000     0.00000
     0.00000     0.00000     0.00000     0.00000     0.00000     0.00000     0.00000     0.00000     0.00000     0.00000     0.00000     0.00000     0.00000     0.00000     0.00000     0.00000     0.00000     0.00000     0.00000     0.00000     0.00000     0.00000     0.00000     0.00000     0.00000     0.00000     0.00000     0.00000     0.00000     0.00000     0.00000     0.00000     0.00000     0.00000     0.00000     0.00000     0.00000     0.00000     0.00000   179.91467   178.64188   177.36911   176.09630   174.82352   173.55070   172.27792   171.00513   169.73235   168.45955   167.18677   165.91396   164.64117   163.36838   162.09560   160.82280   159.55000   158.27721   157.00443   155.73163   154.45883   153.18605   151.91324   150.64047   149.36766   148.09486   146.82208   145.54929   144.27649   143.00369   141.73091   140.45813   139.18532   137.91254   136.63974   135.36694   134.09416   132.82138   131.54857   130.27577   129.00299   127.73020   126.45741   125.18462   123.91182   122.63902   121.36623   120.09344   118.82065   117.54786   116.27506   115.00227   113.72948   112.45669   111.18390   109.91111   108.63832   107.36552   106.09273   104.81995   103.54715   102.27435   101.00156    99.72877    98.45598    97.18318    95.91039    94.63760    93.36481    92.09201    90.81922    89.54643    88.27364    87.00085    85.72806    84.45526    83.18246    81.90968    80.63688    79.36410    78.09129    76.81851    75.54572    74.27292    73.00014    71.72734    70.45454    69.18176    67.90896    66.63617    65.36338    64.09058    62.81779    61.54501    60.27221    58.99942    57.72662    56.45383    55.18105    53.90825    52.63546    51.36267    50.08987    48.81708    47.54428    46.27149    44.99871    43.72591    42.45312    41.18033    39.90753    38.63474    37.36196    36.08916    34.81637    36.37199    37.92762    39.48325    41.03889    42.59452    44.15015    45.70579    47.26143    48.81707    50.37270    51.92833    53.48397    55.03960    56.59523    58.15087    59.70650    61.26215    62.81777    64.37341    65.92905    67.48468    69.04031    70.59595    72.15158    73.70723    75.26285    76.81849    78.37413    79.92976    81.48539    83.04102    84.59667    86.15231    87.70793    89.26357    90.81920     0.00000     0.00000     0.00000     0.00000     0.00000     0.00000     0.00000     0.00000     0.00000     0.00000     0.00000     0.00000     0.00000     0.00000     0.00000     0.00000     0.00000     0.00000     0.00000     0.00000     0.00000     0.00000     0.00000     0.00000     0.00000     0.00000     0.00000     0.00000     0.00000     0.00000     0.00000     0.00000     0.00000     0.00000     0.00000     0.00000     0.00000     0.00000     0.00000
     0.00000     0.00000     0.00000     0.00000     0.00000     0.00000     0.00000     0.00000     0.00000     0.00000     0.00000     0.00000     0.00000     0.00000     0.00000     0.00000     0.00000     0.00000     0.00000     0.00000     0.00000     0.00000     0.00000     0.00000     0.00000     0.00000     0.00000     0.00000     0.00000     0.00000     0.00000     0.00000     0.00000     0.00000     0.00000     0.00000     0.00000     0.00000     0.00000     0.00000   180.19751   178.92473   177.65195   176.37914   175.10635   173.83356   172.56078   171.28798   170.01518   168.74239   167.46960   166.19681   164.92403   163.65121   162.37843   161.10564   159.83286   158.56006   157.28726   156.01447   154.74167   153.46890   152.19609   150.92331   149.65051   148.37772   147.10492   145.83212   144.55934   143.28653   142.01375   140.74097   139.46817   138.19537   136.92258   135.64980   134.37700   133.10422   131.83142   130.55861   129.28583   128.01305   126.74025   125.46745   124.19466   122.92187   121.64908   120.37629   119.10349   117.83070   116.55791   115.28512   114.01233   112.73953   111.46674   110.19395   108.92116   107.64836   106.37557   105.10278   103.82999   102.55720   101.28441   100.01161    98.73882    97.46603    96.19323    94.92044    93.64765    92.37486    91.10207    89.82928    88.55647    87.28369    86.01089    84.73810    83.46531    82.19253    80.91972    79.64694    78.37414    77.10135    75.82857    74.55576    73.28297    72.01019    70.73739    69.46460    68.19180    66.91901    65.64622    64.37343    63.10064    61.82785    60.55505    59.28226    58.00946    56.73668    55.46389    54.19109    52.91830    51.64551    50.37271    49.09992    47.82713    46.55434    45.28155    44.00875    42.73596    41.46317    40.19038    38.91759    37.64480    36.37200    35.09921    36.65483    38.21046    39.76609    41.32174    42.87736    44.43299    45.98864    47.54427    49.09991    50.65554    52.21117    53.76682    55.32244    56.87807    58.43372    59.98934    61.54499    63.10062    64.65625    66.21189    67.76752    69.32315    70.87880    72.43442    73.99007    75.54570    77.10133    78.65697    80.21260    81.76823    83.32387    84.87952    86.43515    87.99078     0.00000     0.00000     0.00000     0.00000     0.00000     0.00000     0.00000     0.00000     0.00000     0.00000     0.00000     0.00000     0.00000     0.00000     0.00000     0.00000     0.00000     0.00000     0.00000     0.00000     0.00000     0.00000     0.00000     0.00000     0.00000     0.00000     0.00000     0.00000     0.00000     0.00000     0.00000     0.00000     0.00000     0.00000     0.00000     0.00000     0.00000     0.00000     0.00000     0.00000
     0.00000     0.00000     0.00000     0.00000     0.00000     0.00000     0.00000     0.00000     0.00000     0.00000     0.00000     0.00000     0.00000     0.00000     0.00000     0.00000     0.00000     0.00000     0.00000     0.00000     0.00000     0.00000     0.00000     0.00000     0.00000     0.00000     0.00000     0.00000     0.00000     0.00000     0.00000     0.00000     0.00000     0.00000     0.00000     0.00000     0.00000     0.00000     0.00000     0.00000     0.00000   180.48036   179.20757   177.93478   176.66199   175.38921   174.11639   172.84361   171.57082   170.29802   169.02524   167.75246   166.47964   165.20686   163.93405   162.66129   161.38849   160.11569   158.84290   157.57010   156.29730   155.02452   153.75174   152.47893   151.20615   149.93335   148.66055   147.38777   146.11496   144.84218   143.56938   142.29660   141.02380   139.75101   138.47823   137.20541   135.93263   134.65985   133.38705   132.11426   130.84146   129.56866   128.29588   127.02309   125.75030   124.47751   123.20471   121.93192   120.65913   119.38634   118.11354   116.84075   115.56796   114.29517   113.02238   111.74958   110.47679   109.20400   107.93121   106.65842   105.38563   104.11284   102.84004   101.56725   100.29446    99.02166    97.74887    96.47607    95.20329    93.93050    92.65770    91.38490    90.11212    88.83932    87.56653    86.29374    85.02094    83.74815    82.47537    81.20257    79.92978    78.65698    77.38419    76.11140    74.83861    73.56582    72.29303    71.02023    69.74744    68.47465    67.20186    65.92907    64.65627    63.38348    62.11069    60.83789    59.56511    58.29230    57.01952    55.74673    54.47393    53.20115    51.92835    50.65556    49.38277    48.10997    46.83718    45.56439    44.29159    43.01881    41.74602    40.47322    39.20043    37.92764    36.65484    35.38205    36.93767    38.49331    40.04893    41.60458    43.16021    44.71584    46.27148    47.82711    49.38275    50.93839    52.49401    54.04965    55.60529    57.16091    58.71656    60.27219    61.82783    63.38346    64.93909    66.49474    68.05037    69.60600    71.16164    72.71727    74.27291    75.82854    77.38417    78.93981    80.49545    82.05107    83.60670    85.16235     0.00000     0.00000     0.00000     0.00000     0.00000     0.00000     0.00000     0.00000     0.00000     0.00000     0.00000     0.00000     0.00000     0.00000     0.00000     0.00000     0.00000     0.00000     0.00000     0.00000     0.00000     0.00000     0.00000     0.00000     0.00000     0.00000     0.00000     0.00000     0.00000     0.00000     0.00000     0.00000     0.00000     0.00000     0.00000     0.00000     0.00000     0.00000     0.00000     0.00000     0.00000
     0.00000     0.00000     0.00000     0.00000     0.00000     0.00000     0.00000     0.00000     0.00000     0.00000     0.00000     0.00000     0.00000     0.00000     0.00000     0.00000     0.00000     0.00000     0.00000     0.00000     0.00000     0.00000     0.00000     0.00000     0.00000     0.00000     0.00000     0.00000     0.00000     0.00000     0.00000     0.00000     0.00000     0.00000     0.00000     0.00000     0.00000     0.00000     0.00000     0.00000     0.00000     0.00000   180.76320   179.49042   178.21764   176.94482   175.67204   174.39923   173.12645   171.85367   170.58087   169.30807   168.03529   166.76248   165.48972   164.21690   162.94412   161.67133   160.39853   159.12573   157.85295   156.58015   155.30736   154.03458   152.76178   151.48900   150.21619   148.94339   147.67061   146.39781   145.12503   143.85222   142.57944   141.30666   140.03384   138.76106   137.48827   136.21547   134.94269   133.66991   132.39709   131.12430   129.85152   128.57874   127.30594   126.03314   124.76035   123.48755   122.21476   120.94197   119.66918   118.39639   117.12360   115.85081   114.57801   113.30522   112.03242   110.75964   109.48685   108.21405   106.94125   105.66847   104.39568   103.12289   101.85009   100.57730    99.30450    98.03171    96.75891    95.48613    94.21333    92.94054    91.66775    90.39496    89.12216    87.84937    86.57658    85.30379    84.03100    82.75821    81.48541    80.21262    78.93982    77.66704    76.39425    75.12144    73.84866    72.57587    71.30308    70.03029    68.75749    67.48470    66.21191    64.93911    63.66632    62.39354    61.12074    59.84795    58.57515    57.30236    56.02958    54.75677    53.48399    52.21120    50.93840    49.66561    48.39281    47.12002    45.84724    44.57443    43.30165    42.02886    40.75606    39.48327    38.21048    36.93769    35.66490    37.22051    38.77615    40.33178    41.88742    43.44305    44.99868    46.55432    48.10995    49.66559    51.22123    52.77686    54.33250    55.88813    57.44376    58.99940    60.55503    62.11067    63.66631    65.22194    66.77757    68.33321    69.88884    71.44448    73.00011    74.55576    76.11138    77.66702    79.22266    80.77829    82.33392     0.00000     0.00000     0.00000     0.00000     0.00000     0.00000     0.00000     0.00000     0.00000     0.00000     0.00000     0.00000     0.00000     0.00000     0.00000     0.00000     0.00000     0.00000     0.00000     0.00000     0.00000     0.00000     0.00000     0.00000     0.00000     0.00000     0.00000     0.00000     0.00000     0.00000     0.00000     0.00000     0.00000     0.00000     0.00000     0.00000     0.00000     0.00000     0.00000     0.00000     0.00000     0.00000
     0.00000     0.00000     0.00000     0.00000     0.00000     0.00000     0.00000     0.00000     0.00000     0.00000     0.00000     0.00000     0.00000     0.00000     0.00000     0.00000     0.00000     0.00000     0.00000     0.00000     0.00000     0.00000     0.00000     0.00000     0.00000     0.00000     0.00000     0.00000     0.00000     0.00000     0.00000     0.00000     0.00000     0.00000     0.00000     0.00000     0.00000     0.00000     0.00000     0.00000     0.00000     0.00000     0.00000   181.04605   179.77325   178.50047   177.22766   175.95488   174.68207   173.40930   172.13651   170.86371   169.59091   168.31815   167.04533   165.77255   164.49974   163.22696   161.95416   160.68138   159.40858   158.13579   156.86299   155.59021   154.31743   153.04462   151.77184   150.49904   149.22624   147.95346   146.68065   145.40787   144.13507   142.86227   141.58949   140.31670   139.04390   137.77110   136.49832   135.22552   133.95274   132.67995   131.40714   130.13435   128.86157   127.58878   126.31598   125.04319   123.77039   122.49760   121.22482   119.95203   118.67923   117.40643   116.13365   114.86086   113.58806   112.31527   111.04248   109.76968   108.49689   107.22410   105.95132   104.67852   103.40573   102.13293   100.86014    99.58734    98.31455    97.04176    95.76897    94.49618    93.22339    91.95059    90.67780    89.40500    88.13222    86.85943    85.58663    84.31384    83.04105    81.76825    80.49547    79.22266    77.94987    76.67709    75.40429    74.13151    72.85872    71.58592    70.31313    69.04033    67.76754    66.49475    65.22195    63.94917    62.67638    61.40358    60.13079    58.85799    57.58521    56.31242    55.03962    53.76683    52.49404    51.22124    49.94845    48.67566    47.40286    46.13008    44.85728    43.58449    42.31170    41.03890    39.76612    38.49333    37.22053    35.94774    37.50336    39.05899    40.61462    42.17026    43.72589    45.28152    46.83716    48.39280    49.94844    51.50407    53.05970    54.61534    56.17097    57.72660    59.28224    60.83788    62.39352    63.94914    65.50478    67.06042    68.61605    70.17168    71.72733    73.28295    74.83859    76.39423    77.94986    79.50549     0.00000     0.00000     0.00000     0.00000     0.00000     0.00000     0.00000     0.00000     0.00000     0.00000     0.00000     0.00000     0.00000     0.00000     0.00000     0.00000     0.00000     0.00000     0.00000     0.00000     0.00000     0.00000     0.00000     0.00000     0.00000     0.00000     0.00000     0.00000     0.00000     0.00000     0.00000     0.00000     0.00000     0.00000     0.00000     0.00000     0.00000     0.00000     0.00000     0.00000     0.00000     0.00000     0.00000
     0.00000     0.00000     0.00000     0.00000     0.00000     0.00000     0.00000     0.00000     0.00000     0.00000     0.00000     0.00000     0.00000     0.00000     0.00000     0.00000     0.00000     0.00000     0.00000     0.00000     0.00000     0.00000     0.00000     0.00000     0.00000     0.00000     0.00000     0.00000     0.00000     0.00000     0.00000     0.00000     0.00000     0.00000     0.00000     0.00000     0.00000     0.00000     0.00000     0.00000     0.00000     0.00000     0.00000     0.00000   181.32889   180.05609   178.78331   177.51050   176.23773   174.96492   173.69214   172.41934   171.14655   169.87376   168.60098   167.32817   166.05539   164.78259   163.50981   162.23701   160.96422   159.69142   158.41864   157.14584   155.87305   154.60027   153.32745   152.05467   150.78188   149.50908   148.23630   146.96350   145.69070   144.41791   143.14513   141.87233   140.59953   139.32675   138.05396   136.78116   135.50838   134.23560   132.96278   131.68999   130.41721   129.14441   127.87162   126.59882   125.32603   124.05324   122.78044   121.50766   120.23486   118.96207   117.68928   116.41649   115.14370   113.87090   112.59811   111.32533   110.05253   108.77974   107.50694   106.23416   104.96136   103.68857   102.41577   101.14298    99.87019    98.59740    97.32460    96.05182    94.77902    93.50623    92.23343    90.96065    89.68784    88.41506    87.14227    85.86948    84.59668    83.32390    82.05109    80.77831    79.50551    78.23272    76.95994    75.68713    74.41435    73.14156    71.86876    70.59597    69.32317    68.05038    66.77760    65.50479    64.23201    62.95922    61.68642    60.41364    59.14083    57.86805    56.59526    55.32246    54.04967    52.77688    51.50409    50.23129    48.95850    47.68571    46.41292    45.14012    43.86733    42.59455    41.32175    40.04896    38.77617    37.50337    36.23058    37.78620    39.34183    40.89746    42.45311    44.00873    45.56437    47.12001    48.67564    50.23128    51.78691    53.34254    54.89819    56.45381    58.00945    59.56509    61.12071    62.67636    64.23199    65.78762    67.34326    68.89890    70.45452    72.01016    73.56580    75.12144    76.67706     0.00000     0.00000     0.00000     0.00000     0.00000     0.00000     0.00000     0.00000     0.00000     0.00000     0.00000     0.00000     0.00000     0.00000     0.00000     0.00000     0.00000     0.00000     0.00000     0.00000     0.00000     0.00000     0.00000     0.00000     0.00000     0.00000     0.00000     0.00000     0.00000     0.00000     0.00000     0.00000     0.00000     0.00000     0.00000     0.00000     0.00000     0.00000     0.00000     0.00000     0.00000     0.00000     0.00000     0.00000
     0.00000     0.00000     0.00000     0.00000     0.00000     0.00000     0.00000     0.00000     0.00000     0.00000     0.00000     0.00000     0.00000     0.00000     0.00000     0.00000     0.00000     0.00000     0.00000     0.00000     0.00000     0.00000     0.00000     0.00000     0.00000     0.00000     0.00000     0.00000     0.00000     0.00000     0.00000     0.00000     0.00000     0.00000     0.00000     0.00000     0.00000     0.00000     0.00000     0.00000     0.00000     0.00000     0.00000     0.00000     0.00000   181.61172   180.33893   179.06616   177.79335   176.52057   175.24776   173.97498   172.70219   171.42940   170.15660   168.88382   167.61102   166.33824   165.06543   163.79265   162.51985   161.24707   159.97427   158.70148   157.42868   156.15588   154.88310   153.61029   152.33752   151.06473   149.79193   148.51913   147.24634   145.97356   144.70074   143.42796   142.15518   140.88239   139.60959   138.33679   137.06400   135.79121   134.51843   133.24564   131.97282   130.70004   129.42726   128.15446   126.88167   125.60887   124.33608   123.06329   121.79050   120.51771   119.24491   117.97212   116.69933   115.42654   114.15375   112.88095   111.60817   110.33537   109.06258   107.78979   106.51700   105.24420   103.97141   102.69862   101.42583   100.15303    98.88023    97.60744    96.33466    95.06186    93.78907    92.51627    91.24349    89.97069    88.69791    87.42511    86.15231    84.87952    83.60674    82.33394    81.06115    79.78835    78.51556    77.24278    75.96997    74.69719    73.42440    72.15160    70.87881    69.60602    68.33322    67.06044    65.78764    64.51485    63.24207    61.96926    60.69648    59.42368    58.15089    56.87810    55.60530    54.33252    53.05972    51.78693    50.51414    49.24134    47.96855    46.69576    45.42297    44.15018    42.87739    41.60459    40.33180    39.05901    37.78622    36.51342    38.06904    39.62468    41.18030    42.73595    44.29158    45.84721    47.40285    48.95848    50.51412    52.06976    53.62538    55.18102    56.73666    58.29228    59.84793    61.40356    62.95920    64.51483    66.07047    67.62611    69.18173    70.73737    72.29301    73.84863     0.00000     0.00000     0.00000     0.00000     0.00000     0.00000     0.00000     0.00000     0.00000     0.00000     0.00000     0.00000     0.00000     0.00000     0.00000     0.00000     0.00000     0.00000     0.00000     0.00000     0.00000     0.00000     0.00000     0.00000     0.00000     0.00000     0.00000     0.00000     0.00000     0.00000     0.00000     0.00000     0.00000     0.00000     0.00000     0.00000     0.00000     0.00000     0.00000     0.00000     0.00000     0.00000     0.00000     0.00000     0.00000
     0.00000     0.00000     0.00000     0.00000     0.00000     0.00000     0.00000     0.00000     0.00000     0.00000     0.00000     0.00000     0.00000     0.00000     0.00000     0.00000     0.00000     0.00000     0.00000     0.00000     0.00000     0.00000     0.00000     0.00000     0.00000     0.00000     0.00000     0.00000     0.00000     0.00000     0.00000     0.00000     0.00000     0.00000     0.00000     0.00000     0.00000     0.00000     0.00000     0.00000     0.00000     0.00000     0.00000     0.00000     0.00000     0.00000   181.89458   180.62178   179.34900   178.07619   176.80341   175.53061   174.25783   172.98503   171.71223   170.43945   169.16667   167.89386   166.62108   165.34827   164.07550   162.80270   161.52991   160.25711   158.98431   157.71152   156.43872   155.16595   153.89314   152.62036   151.34756   150.07477   148.80199   147.52917   146.25639   144.98360   143.71082   142.43802   141.16522   139.89243   138.61963   137.34685   136.07407   134.80127   133.52847   132.25568   130.98288   129.71010   128.43730   127.16451   125.89172   124.61893   123.34613   122.07334   120.80055   119.52776   118.25496   116.98218   115.70938   114.43659   113.16380   111.89101   110.61822   109.34542   108.07263   106.79984   105.52705   104.25426   102.98146   101.70866   100.43587    99.16308    97.89029    96.61750    95.34470    94.07191    92.79912    91.52634    90.25353    88.98074    87.70795    86.43516    85.16237    83.88958    82.61678    81.34399    80.07120    78.79840    77.52562    76.25282    74.98003    73.70724    72.43445    71.16165    69.88885    68.61607    67.34328    66.07048    64.79769    63.52491    62.25211    60.97932    59.70652    58.43373    57.16095    55.88815    54.61536    53.34257    52.06977    50.79698    49.52418    48.25140    46.97861    45.70580    44.43302    43.16023    41.88743    40.61465    39.34185    38.06906    36.79627    38.35188    39.90752    41.46315    43.01879    44.57442    46.13005    47.68569    49.24133    50.79696    52.35260    53.90823    55.46387    57.01950    58.57513    60.13077    61.68640    63.24204    64.79768    66.35330    67.90894    69.46458    71.02021     0.00000     0.00000     0.00000     0.00000     0.00000     0.00000     0.00000     0.00000     0.00000     0.00000     0.00000     0.00000     0.00000     0.00000     0.00000     0.00000     0.00000     0.00000     0.00000     0.00000     0.00000     0.00000     0.00000     0.00000     0.00000     0.00000     0.00000     0.00000     0.00000     0.00000     0.00000     0.00000     0.00000     0.00000     0.00000     0.00000     0.00000     0.00000     0.00000     0.00000     0.00000     0.00000     0.00000     0.00000     0.00000     0.00000
     0.00000     0.00000     0.00000     0.00000     0.00000     0.00000     0.00000     0.00000     0.00000     0.00000     0.00000     0.00000     0.00000     0.00000     0.00000     0.00000     0.00000     0.00000     0.00000     0.00000     0.00000     0.00000     0.00000     0.00000     0.00000     0.00000     0.00000     0.00000     0.00000     0.00000     0.00000     0.00000     0.00000     0.00000     0.00000     0.00000     0.00000     0.00000     0.00000     0.00000     0.00000     0.00000     0.00000     0.00000     0.00000     0.00000     0.00000   182.17741   180.90462   179.63184   178.35904   177.08626   175.81345   174.54066   173.26788   171.99509   170.72229   169.44951   168.17670   166.90393   165.63112   164.35834   163.08554   161.81274   160.53995   159.26715   157.99437   156.72157   155.44879   154.17598   152.90320   151.63040   150.35760   149.08482   147.81203   146.53925   145.26643   143.99365   142.72086   141.44806   140.17528   138.90248   137.62968   136.35690   135.08412   133.81131   132.53851   131.26573   129.99294   128.72015   127.44736   126.17456   124.90176   123.62897   122.35619   121.08339   119.81060   118.53780   117.26502   115.99223   114.71944   113.44664   112.17385   110.90106   109.62827   108.35547   107.08269   105.80989   104.53709   103.26431   101.99151   100.71872    99.44592    98.17313    96.90034    95.62755    94.35475    93.08196    91.80917    90.53638    89.26359    87.99080    86.71800    85.44521    84.17242    82.89963    81.62683    80.35403    79.08125    77.80846    76.53566    75.26288    73.99008    72.71729    71.44450    70.17171    68.89891    67.62613    66.35332    65.08054    63.80775    62.53495    61.26216    59.98936    58.71658    57.44379    56.17099    54.89820    53.62541    52.35261    51.07983    49.80703    48.53423    47.26145    45.98865    44.71586    43.44308    42.17027    40.89749    39.62470    38.35190    37.07911    38.63473    40.19036    41.74599    43.30163    44.85726    46.41290    47.96853    49.52417    51.07981    52.63544    54.19107    55.74671    57.30234    58.85797    60.41361    61.96925    63.52489    65.08051    66.63615    68.19179     0.00000     0.00000     0.00000     0.00000     0.00000     0.00000     0.00000     0.00000     0.00000     0.00000     0.00000     0.00000     0.00000     0.00000     0.00000     0.00000     0.00000     0.00000     0.00000     0.00000     0.00000     0.00000     0.00000     0.00000     0.00000     0.00000     0.00000     0.00000     0.00000     0.00000     0.00000     0.00000     0.00000     0.00000     0.00000     0.00000     0.00000     0.00000     0.00000     0.00000     0.00000     0.00000     0.00000     0.00000     0.00000     0.00000     0.00000
     0.00000     0.00000     0.00000     0.00000     0.00000     0.00000     0.00000     0.00000     0.00000     0.00000     0.00000     0.00000     0.00000     0.00000     0.00000     0.00000     0.00000     0.00000     0.00000     0.00000     0.00000     0.00000     0.00000     0.00000     0.00000     0.00000     0.00000     0.00000     0.00000     0.00000     0.00000     0.00000     0.00000     0.00000     0.00000     0.00000     0.00000     0.00000     0.00000     0.00000     0.00000     0.00000     0.00000     0.00000     0.00000     0.00000     0.00000     0.00000   182.46027   181.18747   179.91469   178.64188   177.36909   176.09628   174.82352   173.55072   172.27792   171.00513   169.73236   168.45955   167.18677   165.91396   164.64117   163.36838   162.09558   160.82280   159.55000   158.27721   157.00441   155.73163   154.45883   153.18605   151.91325   150.64046   149.36768   148.09486   146.82208   145.54929   144.27649   143.00371   141.73091   140.45811   139.18532   137.91254   136.63974   135.36696   134.09416   132.82135   131.54857   130.27579   129.00299   127.73019   126.45741   125.18461   123.91182   122.63903   121.36623   120.09344   118.82065   117.54787   116.27507   115.00227   113.72948   112.45670   111.18390   109.91111   108.63831   107.36552   106.09274   104.81994   103.54715   102.27435   101.00156    99.72877    98.45597    97.18318    95.91039    94.63760    93.36481    92.09202    90.81921    89.54643    88.27364    87.00084    85.72806    84.45526    83.18246    81.90968    80.63688    79.36409    78.09131    76.81850    75.54572    74.27293    73.00014    71.72734    70.45454    69.18176    67.90897    66.63617    65.36338    64.09059    62.81779    61.54501    60.27220    58.99942    57.72663    56.45383    55.18104    53.90826    52.63546    51.36266    50.08987    48.81708    47.54429    46.27149    44.99870    43.72592    42.45312    41.18033    39.90754    38.63474    37.36195    38.91757    40.47320    42.02883    43.58448    45.14010    46.69574    48.25138    49.80701    51.36265    52.91828    54.47391    56.02956    57.58518    59.14082    60.69646    62.25208    63.80773    65.36336     0.00000     0.00000     0.00000     0.00000     0.00000     0.00000     0.00000     0.00000     0.00000     0.00000     0.00000     0.00000     0.00000     0.00000     0.00000     0.00000     0.00000     0.00000     0.00000     0.00000     0.00000     0.00000     0.00000     0.00000     0.00000     0.00000     0.00000     0.00000     0.00000     0.00000     0.00000     0.00000     0.00000     0.00000     0.00000     0.00000     0.00000     0.00000     0.00000     0.00000     0.00000     0.00000     0.00000     0.00000     0.00000     0.00000     0.00000     0.00000
     0.00000     0.00000     0.00000     0.00000     0.00000     0.00000     0.00000     0.00000     0.00000     0.00000     0.00000     0.00000     0.00000     0.00000     0.00000     0.00000     0.00000     0.00000     0.00000     0.00000     0.00000     0.00000     0.00000     0.00000     0.00000     0.00000     0.00000     0.00000     0.00000     0.00000     0.00000     0.00000     0.00000     0.00000     0.00000     0.00000     0.00000     0.00000     0.00000     0.00000     0.00000     0.00000     0.00000     0.00000     0.00000     0.00000     0.00000     0.00000     0.00000   182.74310   181.47031   180.19753   178.92471   177.65195   176.37914   175.10635   173.83356   172.56076   171.28798   170.01520   168.74239   167.46960   166.19679   164.92401   163.65123   162.37843   161.10564   159.83284   158.56006   157.28726   156.01448   154.74167   153.46889   152.19609   150.92329   149.65051   148.37772   147.10492   145.83212   144.55934   143.28654   142.01375   140.74097   139.46815   138.19537   136.92259   135.64980   134.37700   133.10420   131.83142   130.55862   129.28583   128.01305   126.74025   125.46745   124.19466   122.92188   121.64908   120.37628   119.10349   117.83070   116.55791   115.28512   114.01232   112.73954   111.46674   110.19395   108.92116   107.64837   106.37558   105.10278   103.82999   102.55720   101.28440   100.01161    98.73882    97.46603    96.19324    94.92044    93.64764    92.37486    91.10206    89.82927    88.55649    87.28368    86.01089    84.73811    83.46531    82.19252    80.91972    79.64693    78.37415    77.10135    75.82857    74.55577    73.28297    72.01019    70.73738    69.46460    68.19181    66.91901    65.64622    64.37344    63.10063    61.82785    60.55505    59.28226    58.00947    56.73667    55.46389    54.19109    52.91830    51.64551    50.37271    49.09992    47.82713    46.55434    45.28155    44.00876    42.73596    41.46317    40.19038    38.91759    37.64479    39.20041    40.75605    42.31167    43.86732    45.42295    46.97858    48.53422    50.08985    51.64549    53.20113    54.75675    56.31239    57.86803    59.42365    60.97930    62.53493     0.00000     0.00000     0.00000     0.00000     0.00000     0.00000     0.00000     0.00000     0.00000     0.00000     0.00000     0.00000     0.00000     0.00000     0.00000     0.00000     0.00000     0.00000     0.00000     0.00000     0.00000     0.00000     0.00000     0.00000     0.00000     0.00000     0.00000     0.00000     0.00000     0.00000     0.00000     0.00000     0.00000     0.00000     0.00000     0.00000     0.00000     0.00000     0.00000     0.00000     0.00000     0.00000     0.00000     0.00000     0.00000     0.00000     0.00000     0.00000     0.00000
     0.00000     0.00000     0.00000     0.00000     0.00000     0.00000     0.00000     0.00000     0.00000     0.00000     0.00000     0.00000     0.00000     0.00000     0.00000     0.00000     0.00000     0.00000     0.00000     0.00000     0.00000     0.00000     0.00000     0.00000     0.00000     0.00000     0.00000     0.00000     0.00000     0.00000     0.00000     0.00000     0.00000     0.00000     0.00000     0.00000     0.00000     0.00000     0.00000     0.00000     0.00000     0.00000     0.00000     0.00000     0.00000     0.00000     0.00000     0.00000     0.00000     0.00000   183.02594   181.75314   180.48038   179.20757   177.93478   176.66197   175.38919   174.11641   172.84361   171.57082   170.29803   169.02522   167.75244   166.47964   165.20686   163.93407   162.66127   161.38849   160.11569   158.84290   157.57010   156.29732   155.02451   153.75174   152.47893   151.20615   149.93335   148.66055   147.38777   146.11496   144.84218   143.56940   142.29659   141.02380   139.75101   138.47821   137.20543   135.93265   134.65985   133.38704   132.11426   130.84148   129.56868   128.29588   127.02309   125.75030   124.47750   123.20471   121.93192   120.65913   119.38634   118.11355   116.84075   115.56796   114.29517   113.02238   111.74959   110.47679   109.20399   107.93121   106.65842   105.38563   104.11283   102.84004   101.56725   100.29445    99.02165    97.74887    96.47607    95.20329    93.93049    92.65770    91.38490    90.11211    88.83932    87.56653    86.29374    85.02095    83.74815    82.47536    81.20256    79.92978    78.65700    77.38419    76.11140    74.83862    73.56581    72.29303    71.02023    69.74744    68.47466    67.20185    65.92906    64.65628    63.38348    62.11069    60.83789    59.56510    58.29232    57.01952    55.74673    54.47394    53.20114    51.92835    50.65555    49.38277    48.10998    46.83717    45.56439    44.29160    43.01880    41.74602    40.47322    39.20043    37.92764    39.48325    41.03889    42.59452    44.15016    45.70579    47.26142    48.81706    50.37270    51.92833    53.48397    55.03960    56.59524    58.15087    59.70650     0.00000     0.00000     0.00000     0.00000     0.00000     0.00000     0.00000     0.00000     0.00000     0.00000     0.00000     0.00000     0.00000     0.00000     0.00000     0.00000     0.00000     0.00000     0.00000     0.00000     0.00000     0.00000     0.00000     0.00000     0.00000     0.00000     0.00000     0.00000     0.00000     0.00000     0.00000     0.00000     0.00000     0.00000     0.00000     0.00000     0.00000     0.00000     0.00000     0.00000     0.00000     0.00000     0.00000     0.00000     0.00000     0.00000     0.00000     0.00000     0.00000     0.00000
     0.00000     0.00000     0.00000     0.00000     0.00000     0.00000     0.00000     0.00000     0.00000     0.00000     0.00000     0.00000     0.00000     0.00000     0.00000     0.00000     0.00000     0.00000     0.00000     0.00000     0.00000     0.00000     0.00000     0.00000     0.00000     0.00000     0.00000     0.00000     0.00000     0.00000     0.00000     0.00000     0.00000     0.00000     0.00000     0.00000     0.00000     0.00000     0.00000     0.00000     0.00000     0.00000     0.00000     0.00000     0.00000     0.00000     0.00000     0.00000     0.00000     0.00000     0.00000   183.30879   182.03600   180.76321   179.49040   178.21762   176.94482   175.67204   174.39925   173.12645   171.85365   170.58087   169.30807   168.03529   166.76248   165.48970   164.21692   162.94412   161.67133   160.39853   159.12573   157.85294   156.58017   155.30736   154.03458   152.76178   151.48898   150.21620   148.94339   147.67061   146.39781   145.12502   143.85223   142.57944   141.30664   140.03384   138.76106   137.48828   136.21548   134.94269   133.66989   132.39709   131.12431   129.85152   128.57872   127.30593   126.03314   124.76035   123.48756   122.21477   120.94197   119.66917   118.39639   117.12360   115.85080   114.57801   113.30522   112.03242   110.75964   109.48684   108.21406   106.94126   105.66847   104.39568   103.12288   101.85008   100.57729    99.30450    98.03172    96.75892    95.48613    94.21333    92.94054    91.66775    90.39496    89.12217    87.84937    86.57658    85.30379    84.03099    82.75821    81.48541    80.21262    78.93983    77.66704    76.39424    75.12146    73.84866    72.57587    71.30307    70.03028    68.75749    67.48470    66.21191    64.93912    63.66632    62.39353    61.12074    59.84795    58.57516    57.30236    56.02957    54.75678    53.48398    52.21120    50.93840    49.66560    48.39282    47.12002    45.84723    44.57445    43.30164    42.02886    40.75607    39.48327    38.21048    39.76610    41.32173    42.87736    44.43300    45.98863    47.54427    49.09990    50.65554    52.21118    53.76681    55.32244    56.87808     0.00000     0.00000     0.00000     0.00000     0.00000     0.00000     0.00000     0.00000     0.00000     0.00000     0.00000     0.00000     0.00000     0.00000     0.00000     0.00000     0.00000     0.00000     0.00000     0.00000     0.00000     0.00000     0.00000     0.00000     0.00000     0.00000     0.00000     0.00000     0.00000     0.00000     0.00000     0.00000     0.00000     0.00000     0.00000     0.00000     0.00000     0.00000     0.00000     0.00000     0.00000     0.00000     0.00000     0.00000     0.00000     0.00000     0.00000     0.00000     0.00000     0.00000     0.00000
     0.00000     0.00000     0.00000     0.00000     0.00000     0.00000     0.00000     0.00000     0.00000     0.00000     0.00000     0.00000     0.00000     0.00000     0.00000     0.00000     0.00000     0.00000     0.00000     0.00000     0.00000     0.00000     0.00000     0.00000     0.00000     0.00000     0.00000     0.00000     0.00000     0.00000     0.00000     0.00000     0.00000     0.00000     0.00000     0.00000     0.00000     0.00000     0.00000     0.00000     0.00000     0.00000     0.00000     0.00000     0.00000     0.00000     0.00000     0.00000     0.00000     0.00000     0.00000     0.00000   183.59163   182.31883   181.04605   179.77325   178.50047   177.22766   175.95488   174.68208   173.40930   172.13651   170.86372   169.59091   168.31813   167.04532   165.77255   164.49976   163.22696   161.95416   160.68137   159.40858   158.13579   156.86301   155.59019   154.31741   153.04462   151.77182   150.49904   149.22624   147.95345   146.68065   145.40787   144.13507   142.86227   141.58949   140.31668   139.04390   137.77112   136.49834   135.22552   133.95273   132.67995   131.40715   130.13437   128.86157   127.58878   126.31598   125.04318   123.77040   122.49760   121.22482   119.95202   118.67923   117.40644   116.13364   114.86086   113.58807   112.31527   111.04248   109.76968   108.49690   107.22411   105.95131   104.67851   103.40572   102.13293   100.86014    99.58734    98.31456    97.04176    95.76897    94.49618    93.22339    91.95059    90.67780    89.40501    88.13222    86.85942    85.58664    84.31384    83.04105    81.76825    80.49547    79.22267    77.94987    76.67709    75.40430    74.13150    72.85871    71.58591    70.31313    69.04034    67.76753    66.49475    65.22196    63.94917    62.67638    61.40357    60.13079    58.85800    57.58521    56.31241    55.03963    53.76683    52.49403    51.22124    49.94845    48.67566    47.40286    46.13007    44.85729    43.58449    42.31170    41.03891    39.76611    38.49332    40.04894    41.60457    43.16020    44.71585    46.27147    47.82711    49.38275    50.93838    52.49402    54.04965     0.00000     0.00000     0.00000     0.00000     0.00000     0.00000     0.00000     0.00000     0.00000     0.00000     0.00000     0.00000     0.00000     0.00000     0.00000     0.00000     0.00000     0.00000     0.00000     0.00000     0.00000     0.00000     0.00000     0.00000     0.00000     0.00000     0.00000     0.00000     0.00000     0.00000     0.00000     0.00000     0.00000     0.00000     0.00000     0.00000     0.00000     0.00000     0.00000     0.00000     0.00000     0.00000     0.00000     0.00000     0.00000     0.00000     0.00000     0.00000     0.00000     0.00000     0.00000     0.00000
     0.00000     0.00000     0.00000     0.00000     0.00000     0.00000     0.00000     0.00000     0.00000     0.00000     0.00000     0.00000     0.00000     0.00000     0.00000     0.00000     0.00000     0.00000     0.00000     0.00000     0.00000     0.00000     0.00000     0.00000     0.00000     0.00000     0.00000     0.00000     0.00000     0.00000     0.00000     0.00000     0.00000     0.00000     0.00000     0.00000     0.00000     0.00000     0.00000     0.00000     0.00000     0.00000     0.00000     0.00000     0.00000     0.00000     0.00000     0.00000     0.00000     0.00000     0.00000     0.00000     0.00000   183.87448   182.60168   181.32890   180.05609   178.78331   177.51050   176.23773   174.96494   173.69214   172.41934   171.14656   169.87375   168.60098   167.32817   166.05539   164.78259   163.50980   162.23701   160.96422   159.69142   158.41862   157.14584   155.87305   154.60027   153.32745   152.05467   150.78188   149.50908   148.23630   146.96349   145.69070   144.41792   143.14511   141.87233   140.59953   139.32675   138.05396   136.78117   135.50838   134.23557   132.96278   131.69000   130.41721   129.14441   127.87161   126.59882   125.32603   124.05325   122.78045   121.50766   120.23486   118.96207   117.68929   116.41649   115.14369   113.87091   112.59811   111.32532   110.05253   108.77974   107.50694   106.23415   104.96136   103.68857   102.41577   101.14297    99.87019    98.59740    97.32461    96.05181    94.77902    93.50623    92.23343    90.96065    89.68785    88.41505    87.14227    85.86948    84.59668    83.32390    82.05109    80.77831    79.50552    78.23271    76.95993    75.68714    74.41434    73.14156    71.86876    70.59596    69.32318    68.05038    66.77760    65.50481    64.23200    62.95922    61.68642    60.41364    59.14084    57.86804    56.59526    55.32246    54.04967    52.77688    51.50408    50.23129    48.95850    47.68571    46.41292    45.14013    43.86733    42.59454    41.32175    40.04896    38.77617    40.33178    41.88742    43.44304    44.99869    46.55432    48.10995    49.66559    51.22122     0.00000     0.00000     0.00000     0.00000     0.00000     0.00000     0.00000     0.00000     0.00000     0.00000     0.00000     0.00000     0.00000     0.00000     0.00000     0.00000     0.00000     0.00000     0.00000     0.00000     0.00000     0.00000     0.00000     0.00000     0.00000     0.00000     0.00000     0.00000     0.00000     0.00000     0.00000     0.00000     0.00000     0.00000     0.00000     0.00000     0.00000     0.00000     0.00000     0.00000     0.00000     0.00000     0.00000     0.00000     0.00000     0.00000     0.00000     0.00000     0.00000     0.00000     0.00000     0.00000     0.00000
     0.00000     0.00000     0.00000     0.00000     0.00000     0.00000     0.00000     0.00000     0.00000     0.00000     0.00000     0.00000     0.00000     0.00000     0.00000     0.00000     0.00000     0.00000     0.00000     0.00000     0.00000     0.00000     0.00000     0.00000     0.00000     0.00000     0.00000     0.00000     0.00000     0.00000     0.00000     0.00000     0.00000     0.00000     0.00000     0.00000     0.00000     0.00000     0.00000     0.00000     0.00000     0.00000     0.00000     0.00000     0.00000     0.00000     0.00000     0.00000     0.00000     0.00000     0.00000     0.00000     0.00000     0.00000   184.15732   182.88452   181.61174   180.33893   179.06616   177.79335   176.52057   175.24777   173.97498   172.70218   171.42941   170.15660   168.88382   167.61101   166.33823   165.06544   163.79265   162.51985   161.24706   159.97426   158.70148   157.42870   156.15588   154.88310   153.61031   152.33751   151.06473   149.79192   148.51913   147.24634   145.97354   144.70076   143.42796   142.15518   140.88237   139.60959   138.33681   137.06401   135.79121   134.51842   133.24562   131.97284   130.70004   129.42725   128.15446   126.88167   125.60887   124.33609   123.06329   121.79050   120.51770   119.24492   117.97212   116.69933   115.42654   114.15375   112.88096   111.60816   110.33537   109.06258   107.78979   106.51700   105.24420   103.97141   102.69862   101.42582   100.15303    98.88024    97.60745    96.33466    95.06186    93.78908    92.51627    91.24348    89.97070    88.69790    87.42511    86.15233    84.87952    83.60674    82.33394    81.06114    79.78836    78.51556    77.24277    75.96999    74.69719    73.42439    72.15160    70.87881    69.60603    68.33322    67.06043    65.78765    64.51485    63.24207    61.96926    60.69647    59.42369    58.15089    56.87810    55.60531    54.33251    53.05972    51.78692    50.51414    49.24135    47.96854    46.69576    45.42297    44.15017    42.87739    41.60460    40.33180    39.05901    40.61462    42.17026    43.72589    45.28153    46.83716    48.39279     0.00000     0.00000     0.00000     0.00000     0.00000     0.00000     0.00000     0.00000     0.00000     0.00000     0.00000     0.00000     0.00000     0.00000     0.00000     0.00000     0.00000     0.00000     0.00000     0.00000     0.00000     0.00000     0.00000     0.00000     0.00000     0.00000     0.00000     0.00000     0.00000     0.00000     0.00000     0.00000     0.00000     0.00000     0.00000     0.00000     0.00000     0.00000     0.00000     0.00000     0.00000     0.00000     0.00000     0.00000     0.00000     0.00000     0.00000     0.00000     0.00000     0.00000     0.00000     0.00000     0.00000     0.00000
     0.00000     0.00000     0.00000     0.00000     0.00000     0.00000     0.00000     0.00000     0.00000     0.00000     0.00000     0.00000     0.00000     0.00000     0.00000     0.00000     0.00000     0.00000     0.00000     0.00000     0.00000     0.00000     0.00000     0.00000     0.00000     0.00000     0.00000     0.00000     0.00000     0.00000     0.00000     0.00000     0.00000     0.00000     0.00000     0.00000     0.00000     0.00000     0.00000     0.00000     0.00000     0.00000     0.00000     0.00000     0.00000     0.00000     0.00000     0.00000     0.00000     0.00000     0.00000     0.00000     0.00000     0.00000     0.00000   184.44016   183.16736   181.89459   180.62178   179.34900   178.07619   176.80341   175.53061   174.25783   172.98503   171.71225   170.43944   169.16666   167.89386   166.62108   165.34828   164.07549   162.80269   161.52991   160.25711   158.98431   157.71153   156.43872   155.16595   153.89314   152.62035   151.34756   150.07477   148.80197   147.52917   146.25639   144.98361   143.71080   142.43802   141.16522   139.89243   138.61964   137.34686   136.07405   134.80125   133.52847   132.25568   130.98289   129.71010   128.43730   127.16451   125.89172   124.61893   123.34613   122.07334   120.80054   119.52776   118.25497   116.98218   115.70938   114.43659   113.16380   111.89101   110.61821   109.34543   108.07263   106.79984   105.52705   104.25425   102.98146   101.70866   100.43587    99.16309    97.89029    96.61749    95.34470    94.07191    92.79912    91.52633    90.25354    88.98074    87.70795    86.43517    85.16237    83.88957    82.61678    81.34399    80.07121    78.79840    77.52562    76.25282    74.98003    73.70724    72.43445    71.16165    69.88887    68.61607    67.34328    66.07050    64.79769    63.52490    62.25211    60.97932    59.70653    58.43373    57.16094    55.88815    54.61535    53.34257    52.06977    50.79697    49.52419    48.25139    46.97860    45.70582    44.43301    43.16023    41.88744    40.61464    39.34185    40.89747    42.45310    44.00873    45.56437     0.00000     0.00000     0.00000     0.00000     0.00000     0.00000     0.00000     0.00000     0.00000     0.00000     0.00000     0.00000     0.00000     0.00000     0.00000     0.00000     0.00000     0.00000     0.00000     0.00000     0.00000     0.00000     0.00000     0.00000     0.00000     0.00000     0.00000     0.00000     0.00000     0.00000     0.00000     0.00000     0.00000     0.00000     0.00000     0.00000     0.00000     0.00000     0.00000     0.00000     0.00000     0.00000     0.00000     0.00000     0.00000     0.00000     0.00000     0.00000     0.00000     0.00000     0.00000     0.00000     0.00000     0.00000     0.00000
     0.00000     0.00000     0.00000     0.00000     0.00000     0.00000     0.00000     0.00000     0.00000     0.00000     0.00000     0.00000     0.00000     0.00000     0.00000     0.00000     0.00000     0.00000     0.00000     0.00000     0.00000     0.00000     0.00000     0.00000     0.00000     0.00000     0.00000     0.00000     0.00000     0.00000     0.00000     0.00000     0.00000     0.00000     0.00000     0.00000     0.00000     0.00000     0.00000     0.00000     0.00000     0.00000     0.00000     0.00000     0.00000     0.00000     0.00000     0.00000     0.00000     0.00000     0.00000     0.00000     0.00000     0.00000     0.00000     0.00000   184.72299   183.45021   182.17743   180.90462   179.63184   178.35904   177.08626   175.81346   174.54066   173.26787   171.99509   170.72229   169.44951   168.17670   166.90392   165.63112   164.35834   163.08554   161.81274   160.53995   159.26715   157.99438   156.72157   155.44879   154.17599   152.90320   151.63040   150.35760   149.08482   147.81203   146.53923   145.26645   143.99365   142.72086   141.44806   140.17528   138.90248   137.62970   136.35690   135.08411   133.81131   132.53853   131.26573   129.99294   128.72014   127.44735   126.17456   124.90177   123.62897   122.35619   121.08339   119.81061   118.53781   117.26501   115.99222   114.71944   113.44664   112.17385   110.90105   109.62827   108.35548   107.08268   105.80989   104.53709   103.26430   101.99151   100.71871    99.44592    98.17313    96.90034    95.62755    94.35476    93.08195    91.80917    90.53638    89.26358    87.99080    86.71800    85.44521    84.17242    82.89962    81.62683    80.35405    79.08125    77.80846    76.53568    75.26288    73.99008    72.71729    71.44450    70.17171    68.89891    67.62612    66.35333    65.08054    63.80775    62.53494    61.26216    59.98937    58.71658    57.44378    56.17100    54.89820    53.62540    52.35261    51.07982    49.80703    48.53423    47.26144    45.98866    44.71586    43.44307    42.17028    40.89748    39.62469    41.18031    42.73594     0.00000     0.00000     0.00000     0.00000     0.00000     0.00000     0.00000     0.00000     0.00000     0.00000     0.00000     0.00000     0.00000     0.00000     0.00000     0.00000     0.00000     0.00000     0.00000     0.00000     0.00000     0.00000     0.00000     0.00000     0.00000     0.00000     0.00000     0.00000     0.00000     0.00000     0.00000     0.00000     0.00000     0.00000     0.00000     0.00000     0.00000     0.00000     0.00000     0.00000     0.00000     0.00000     0.00000     0.00000     0.00000     0.00000     0.00000     0.00000     0.00000     0.00000     0.00000     0.00000     0.00000     0.00000     0.00000     0.00000
     0.00000     0.00000     0.00000     0.00000     0.00000     0.00000     0.00000     0.00000     0.00000     0.00000     0.00000     0.00000     0.00000     0.00000     0.00000     0.00000     0.00000     0.00000     0.00000     0.00000     0.00000     0.00000     0.00000     0.00000     0.00000     0.00000     0.00000     0.00000     0.00000     0.00000     0.00000     0.00000     0.00000     0.00000     0.00000     0.00000     0.00000     0.00000     0.00000     0.00000     0.00000     0.00000     0.00000     0.00000     0.00000     0.00000     0.00000     0.00000     0.00000     0.00000     0.00000     0.00000     0.00000     0.00000     0.00000     0.00000     0.00000   185.00584   183.73305   182.46027   181.18747   179.91469   178.64188   177.36909   176.09630   174.82352   173.55072   172.27794   171.00513   169.73235   168.45953   167.18677   165.91397   164.64117   163.36838   162.09558   160.82278   159.55000   158.27722   157.00441   155.73163   154.45883   153.18604   151.91325   150.64046   149.36766   148.09486   146.82208   145.54929   144.27649   143.00371   141.73090   140.45811   139.18533   137.91254   136.63974   135.36694   134.09415   132.82137   131.54857   130.27579   129.00299   127.73019   126.45740   125.18462   123.91182   122.63902   121.36623   120.09344   118.82065   117.54786   116.27506   115.00228   113.72948   112.45670   111.18390   109.91111   108.63832   107.36552   106.09273   104.81994   103.54714   102.27435   101.00156    99.72877    98.45598    97.18318    95.91039    94.63760    93.36480    92.09201    90.81923    89.54642    88.27364    87.00085    85.72805    84.45526    83.18246    81.90968    80.63689    79.36409    78.09131    76.81851    75.54572    74.27293    73.00012    71.72734    70.45455    69.18175    67.90897    66.63618    65.36337    64.09059    62.81779    61.54501    60.27221    58.99941    57.72663    56.45383    55.18104    53.90825    52.63545    51.36266    50.08987    48.81708    47.54429    46.27150    44.99870    43.72591    42.45312    41.18033    39.90754     0.00000     0.00000     0.00000     0.00000     0.00000     0.00000     0.00000     0.00000     0.00000     0.00000     0.00000     0.00000     0.00000     0.00000     0.00000     0.00000     0.00000     0.00000     0.00000     0.00000     0.00000     0.00000     0.00000     0.00000     0.00000     0.00000     0.00000     0.00000     0.00000     0.00000     0.00000     0.00000     0.00000     0.00000     0.00000     0.00000     0.00000     0.00000     0.00000     0.00000     0.00000     0.00000     0.00000     0.00000     0.00000     0.00000     0.00000     0.00000     0.00000     0.00000     0.00000     0.00000     0.00000     0.00000     0.00000     0.00000     0.00000
     0.00000     0.00000     0.00000     0.00000     0.00000     0.00000     0.00000     0.00000     0.00000     0.00000     0.00000     0.00000     0.00000     0.00000     0.00000     0.00000     0.00000     0.00000     0.00000     0.00000     0.00000     0.00000     0.00000     0.00000     0.00000     0.00000     0.00000     0.00000     0.00000     0.00000     0.00000     0.00000     0.00000     0.00000     0.00000     0.00000     0.00000     0.00000     0.00000     0.00000     0.00000     0.00000     0.00000     0.00000     0.00000     0.00000     0.00000     0.00000     0.00000     0.00000     0.00000     0.00000     0.00000     0.00000     0.00000     0.00000     0.00000     0.00000   185.28868   184.01590   182.74312   181.47031   180.19753   178.92471   177.65195   176.37915   175.10635   173.83356   172.56078   171.28796   170.01520   168.74239   167.46960   166.19681   164.92401   163.65121   162.37843   161.10564   159.83284   158.56006   157.28726   156.01448   154.74167   153.46889   152.19609   150.92329   149.65051   148.37770   147.10492   145.83214   144.55933   143.28654   142.01375   140.74097   139.46817   138.19539   136.92258   135.64978   134.37700   133.10422   131.83142   130.55862   129.28583   128.01303   126.74024   125.46745   124.19466   122.92187   121.64908   120.37629   119.10349   117.83070   116.55791   115.28513   114.01233   112.73953   111.46674   110.19395   108.92116   107.64837   106.37557   105.10278   103.82999   102.55719   101.28440   100.01161    98.73882    97.46603    96.19323    94.92044    93.64764    92.37486    91.10207    89.82927    88.55648    87.28369    86.01089    84.73811    83.46530    82.19252    80.91974    79.64693    78.37415    77.10136    75.82855    74.55577    73.28297    72.01018    70.73740    69.46459    68.19180    66.91902    65.64622    64.37344    63.10063    61.82784    60.55506    59.28226    58.00947    56.73668    55.46388    54.19109    52.91829    51.64551    50.37272    49.09991    47.82713    46.55434    45.28154    44.00876    42.73597     0.00000     0.00000     0.00000     0.00000     0.00000     0.00000     0.00000     0.00000     0.00000     0.00000     0.00000     0.00000     0.00000     0.00000     0.00000     0.00000     0.00000     0.00000     0.00000     0.00000     0.00000     0.00000     0.00000     0.00000     0.00000     0.00000     0.00000     0.00000     0.00000     0.00000     0.00000     0.00000     0.00000     0.00000     0.00000     0.00000     0.00000     0.00000     0.00000     0.00000     0.00000     0.00000     0.00000     0.00000     0.00000     0.00000     0.00000     0.00000     0.00000     0.00000     0.00000     0.00000     0.00000     0.00000     0.00000     0.00000     0.00000     0.00000
     0.00000     0.00000     0.00000     0.00000     0.00000     0.00000     0.00000     0.00000     0.00000     0.00000     0.00000     0.00000     0.00000     0.00000     0.00000     0.00000     0.00000     0.00000     0.00000     0.00000     0.00000     0.00000     0.00000     0.00000     0.00000     0.00000     0.00000     0.00000     0.00000     0.00000     0.00000     0.00000     0.00000     0.00000     0.00000     0.00000     0.00000     0.00000     0.00000     0.00000     0.00000     0.00000     0.00000     0.00000     0.00000     0.00000     0.00000     0.00000     0.00000     0.00000     0.00000     0.00000     0.00000     0.00000     0.00000     0.00000     0.00000     0.00000     0.00000   185.57153   184.29874   183.02596   181.75314   180.48038   179.20757   177.93478   176.66199   175.38919   174.11639   172.84363   171.57082   170.29803   169.02522   167.75244   166.47964   165.20686   163.93407   162.66127   161.38847   160.11569   158.84291   157.57010   156.29732   155.02452   153.75172   152.47894   151.20613   149.93335   148.66055   147.38776   146.11497   144.84218   143.56940   142.29659   141.02380   139.75101   138.47823   137.20543   135.93263   134.65984   133.38705   132.11426   130.84146   129.56866   128.29588   127.02309   125.75030   124.47751   123.20471   121.93192   120.65913   119.38634   118.11354   116.84075   115.56796   114.29517   113.02238   111.74959   110.47680   109.20400   107.93121   106.65842   105.38562   104.11283   102.84003   101.56725   100.29446    99.02166    97.74887    96.47607    95.20329    93.93049    92.65770    91.38491    90.11211    88.83932    87.56654    86.29373    85.02095    83.74815    82.47536    81.20258    79.92978    78.65698    77.38420    76.11140    74.83861    73.56581    72.29302    71.02023    69.74744    68.47465    67.20187    65.92906    64.65627    63.38348    62.11069    60.83790    59.56510    58.29231    57.01952    55.74672    54.47394    53.20114    51.92834    50.65556    49.38276    48.10997    46.83719    45.56438     0.00000     0.00000     0.00000     0.00000     0.00000     0.00000     0.00000     0.00000     0.00000     0.00000     0.00000     0.00000     0.00000     0.00000     0.00000     0.00000     0.00000     0.00000     0.00000     0.00000     0.00000     0.00000     0.00000     0.00000     0.00000     0.00000     0.00000     0.00000     0.00000     0.00000     0.00000     0.00000     0.00000     0.00000     0.00000     0.00000     0.00000     0.00000     0.00000     0.00000     0.00000     0.00000     0.00000     0.00000     0.00000     0.00000     0.00000     0.00000     0.00000     0.00000     0.00000     0.00000     0.00000     0.00000     0.00000     0.00000     0.00000     0.00000     0.00000
     0.00000     0.00000     0.00000     0.00000     0.00000     0.00000     0.00000     0.00000     0.00000     0.00000     0.00000     0.00000     0.00000     0.00000     0.00000     0.00000     0.00000     0.00000     0.00000     0.00000     0.00000     0.00000     0.00000     0.00000     0.00000     0.00000     0.00000     0.00000     0.00000     0.00000     0.00000     0.00000     0.00000     0.00000     0.00000     0.00000     0.00000     0.00000     0.00000     0.00000     0.00000     0.00000     0.00000     0.00000     0.00000     0.00000     0.00000     0.00000     0.00000     0.00000     0.00000     0.00000     0.00000     0.00000     0.00000     0.00000     0.00000     0.00000     0.00000     0.00000   185.85437   184.58157   183.30881   182.03600   180.76321   179.49040   178.21762   176.94482   175.67204   174.39925   173.12646   171.85365   170.58087   169.30807   168.03529   166.76250   165.48970   164.21690   162.94412   161.67133   160.39853   159.12575   157.85294   156.58017   155.30736   154.03456   152.76178   151.48898   150.21619   148.94339   147.67061   146.39783   145.12502   143.85223   142.57944   141.30664   140.03386   138.76108   137.48827   136.21547   134.94269   133.66989   132.39709   131.12431   129.85152   128.57872   127.30592   126.03314   124.76035   123.48756   122.21476   120.94197   119.66918   118.39639   117.12360   115.85081   114.57802   113.30522   112.03242   110.75964   109.48685   108.21405   106.94126   105.66846   104.39568   103.12288   101.85008   100.57730    99.30450    98.03171    96.75892    95.48613    94.21333    92.94054    91.66776    90.39496    89.12216    87.84938    86.57658    85.30379    84.03099    82.75821    81.48541    80.21262    78.93983    77.66704    76.39424    75.12145    73.84866    72.57587    71.30308    70.03028    68.75749    67.48470    66.21191    64.93912    63.66631    62.39353    61.12074    59.84795    58.57515    57.30237    56.02957    54.75677    53.48398    52.21119    50.93840    49.66560    48.39281     0.00000     0.00000     0.00000     0.00000     0.00000     0.00000     0.00000     0.00000     0.00000     0.00000     0.00000     0.00000     0.00000     0.00000     0.00000     0.00000     0.00000     0.00000     0.00000     0.00000     0.00000     0.00000     0.00000     0.00000     0.00000     0.00000     0.00000     0.00000     0.00000     0.00000     0.00000     0.00000     0.00000     0.00000     0.00000     0.00000     0.00000     0.00000     0.00000     0.00000     0.00000     0.00000     0.00000     0.00000     0.00000     0.00000     0.00000     0.00000     0.00000     0.00000     0.00000     0.00000     0.00000     0.00000     0.00000     0.00000     0.00000     0.00000     0.00000     0.00000
     0.00000     0.00000     0.00000     0.00000     0.00000     0.00000     0.00000     0.00000     0.00000     0.00000     0.00000     0.00000     0.00000     0.00000     0.00000     0.00000     0.00000     0.00000     0.00000     0.00000     0.00000     0.00000     0.00000     0.00000     0.00000     0.00000     0.00000     0.00000     0.00000     0.00000     0.00000     0.00000     0.00000     0.00000     0.00000     0.00000     0.00000     0.00000     0.00000     0.00000     0.00000     0.00000     0.00000     0.00000     0.00000     0.00000     0.00000     0.00000     0.00000     0.00000     0.00000     0.00000     0.00000     0.00000     0.00000     0.00000     0.00000     0.00000     0.00000     0.00000     0.00000   186.13721   184.86443   183.59164   182.31883   181.04605   179.77324   178.50047   177.22768   175.95488   174.68208   173.40930   172.13651   170.86372   169.59091   168.31813   167.04533   165.77255   164.49976   163.22696   161.95416   160.68137   159.40860   158.13579   156.86301   155.59021   154.31741   153.04462   151.77182   150.49904   149.22623   147.95345   146.68066   145.40787   144.13507   142.86227   141.58949   140.31670   139.04391   137.77112   136.49831   135.22552   133.95274   132.67995   131.40715   130.13435   128.86157   127.58877   126.31599   125.04319   123.77040   122.49760   121.22482   119.95203   118.67923   117.40643   116.13365   114.86086   113.58806   112.31527   111.04248   109.76969   108.49689   107.22411   105.95131   104.67851   103.40572   102.13293   100.86014    99.58735    98.31455    97.04176    95.76897    94.49617    93.22339    91.95059    90.67780    89.40501    88.13222    86.85942    85.58664    84.31383    83.04105    81.76826    80.49546    79.22267    77.94988    76.67709    75.40430    74.13150    72.85871    71.58592    70.31313    69.04034    67.76755    66.49474    65.22196    63.94916    62.67638    61.40358    60.13078    58.85800    57.58521    56.31241    55.03962    53.76682    52.49403    51.22124     0.00000     0.00000     0.00000     0.00000     0.00000     0.00000     0.00000     0.00000     0.00000     0.00000     0.00000     0.00000     0.00000     0.00000     0.00000     0.00000     0.00000     0.00000     0.00000     0.00000     0.00000     0.00000     0.00000     0.00000     0.00000     0.00000     0.00000     0.00000     0.00000     0.00000     0.00000     0.00000     0.00000     0.00000     0.00000     0.00000     0.00000     0.00000     0.00000     0.00000     0.00000     0.00000     0.00000     0.00000     0.00000     0.00000     0.00000     0.00000     0.00000     0.00000     0.00000     0.00000     0.00000     0.00000     0.00000     0.00000     0.00000     0.00000     0.00000     0.00000     0.00000
     0.00000     0.00000     0.00000     0.00000     0.00000     0.00000     0.00000     0.00000     0.00000     0.00000     0.00000     0.00000     0.00000     0.00000     0.00000     0.00000     0.00000     0.00000     0.00000     0.00000     0.00000     0.00000     0.00000     0.00000     0.00000     0.00000     0.00000     0.00000     0.00000     0.00000     0.00000     0.00000     0.00000     0.00000     0.00000     0.00000     0.00000     0.00000     0.00000     0.00000     0.00000     0.00000     0.00000     0.00000     0.00000     0.00000     0.00000     0.00000     0.00000     0.00000     0.00000     0.00000     0.00000     0.00000     0.00000     0.00000     0.00000     0.00000     0.00000     0.00000     0.00000     0.00000   186.42006   185.14726   183.87448   182.60167   181.32890   180.05609   178.78331   177.51051   176.23772   174.96494   173.69215   172.41934   171.14656   169.87375   168.60098   167.32819   166.05539   164.78259   163.50980   162.23700   160.96422   159.69144   158.41862   157.14584   155.87305   154.60025   153.32747   152.05466   150.78188   149.50908   148.23630   146.96350   145.69070   144.41792   143.14511   141.87233   140.59955   139.32675   138.05396   136.78116   135.50836   134.23558   132.96278   131.69000   130.41721   129.14441   127.87161   126.59883   125.32603   124.05324   122.78045   121.50766   120.23486   118.96207   117.68928   116.41649   115.14370   113.87090   112.59811   111.32533   110.05254   108.77974   107.50694   106.23415   104.96136   103.68856   102.41577   101.14298    99.87019    98.59740    97.32460    96.05182    94.77901    93.50623    92.23344    90.96064    89.68785    88.41507    87.14226    85.86948    84.59668    83.32389    82.05110    80.77831    79.50552    78.23273    76.95993    75.68714    74.41434    73.14156    71.86877    70.59596    69.32317    68.05039    66.77759    65.50481    64.23200    62.95921    61.68643    60.41363    59.14084    57.86805    56.59525    55.32246    54.04966     0.00000     0.00000     0.00000     0.00000     0.00000     0.00000     0.00000     0.00000     0.00000     0.00000     0.00000     0.00000     0.00000     0.00000     0.00000     0.00000     0.00000     0.00000     0.00000     0.00000     0.00000     0.00000     0.00000     0.00000     0.00000     0.00000     0.00000     0.00000     0.00000     0.00000     0.00000     0.00000     0.00000     0.00000     0.00000     0.00000     0.00000     0.00000     0.00000     0.00000     0.00000     0.00000     0.00000     0.00000     0.00000     0.00000     0.00000     0.00000     0.00000     0.00000     0.00000     0.00000     0.00000     0.00000     0.00000     0.00000     0.00000     0.00000     0.00000     0.00000     0.00000     0.00000
     0.00000     0.00000     0.00000     0.00000     0.00000     0.00000     0.00000     0.00000     0.00000     0.00000     0.00000     0.00000     0.00000     0.00000     0.00000     0.00000     0.00000     0.00000     0.00000     0.00000     0.00000     0.00000     0.00000     0.00000     0.00000     0.00000     0.00000     0.00000     0.00000     0.00000     0.00000     0.00000     0.00000     0.00000     0.00000     0.00000     0.00000     0.00000     0.00000     0.00000     0.00000     0.00000     0.00000     0.00000     0.00000     0.00000     0.00000     0.00000     0.00000     0.00000     0.00000     0.00000     0.00000     0.00000     0.00000     0.00000     0.00000     0.00000     0.00000     0.00000     0.00000     0.00000     0.00000   186.70290   185.43010   184.15733   182.88452   181.61174   180.33893   179.06615   177.79337   176.52057   175.24777   173.97499   172.70218   171.42941   170.15660   168.88382   167.61102   166.33823   165.06543   163.79265   162.51985   161.24706   159.97427   158.70146   157.42870   156.15588   154.88309   153.61031   152.33751   151.06473   149.79192   148.51913   147.24635   145.97354   144.70076   143.42796   142.15517   140.88239   139.60960   138.33679   137.06400   135.79121   134.51843   133.24564   131.97284   130.70004   129.42725   128.15445   126.88167   125.60888   124.33608   123.06329   121.79050   120.51771   119.24492   117.97212   116.69933   115.42654   114.15375   112.88095   111.60817   110.33537   109.06258   107.78979   106.51699   105.24420   103.97141   102.69861   101.42583   100.15303    98.88023    97.60744    96.33466    95.06186    93.78907    92.51628    91.24348    89.97069    88.69791    87.42511    86.15232    84.87952    83.60674    82.33395    81.06114    79.78836    78.51557    77.24277    75.96999    74.69719    73.42439    72.15161    70.87881    69.60602    68.33324    67.06043    65.78764    64.51485    63.24206    61.96927    60.69647    59.42368    58.15089    56.87809     0.00000     0.00000     0.00000     0.00000     0.00000     0.00000     0.00000     0.00000     0.00000     0.00000     0.00000     0.00000     0.00000     0.00000     0.00000     0.00000     0.00000     0.00000     0.00000     0.00000     0.00000     0.00000     0.00000     0.00000     0.00000     0.00000     0.00000     0.00000     0.00000     0.00000     0.00000     0.00000     0.00000     0.00000     0.00000     0.00000     0.00000     0.00000     0.00000     0.00000     0.00000     0.00000     0.00000     0.00000     0.00000     0.00000     0.00000     0.00000     0.00000     0.00000     0.00000     0.00000     0.00000     0.00000     0.00000     0.00000     0.00000     0.00000     0.00000     0.00000     0.00000     0.00000     0.00000
     0.00000     0.00000     0.00000     0.00000     0.00000     0.00000     0.00000     0.00000     0.00000     0.00000     0.00000     0.00000     0.00000     0.00000     0.00000     0.00000     0.00000     0.00000     0.00000     0.00000     0.00000     0.00000     0.00000     0.00000     0.00000     0.00000     0.00000     0.00000     0.00000     0.00000     0.00000     0.00000     0.00000     0.00000     0.00000     0.00000     0.00000     0.00000     0.00000     0.00000     0.00000     0.00000     0.00000     0.00000     0.00000     0.00000     0.00000     0.00000     0.00000     0.00000     0.00000     0.00000     0.00000     0.00000     0.00000     0.00000     0.00000     0.00000     0.00000     0.00000     0.00000     0.00000     0.00000     0.00000   186.98575   185.71295   184.44017   183.16736   181.89458   180.62177   179.34900   178.07620   176.80341   175.53061   174.25784   172.98503   171.71225   170.43944   169.16666   167.89386   166.62108   165.34828   164.07549   162.80269   161.52989   160.25713   158.98431   157.71153   156.43874   155.16594   153.89316   152.62035   151.34756   150.07477   148.80197   147.52919   146.25639   144.98360   143.71080   142.43802   141.16522   139.89244   138.61964   137.34683   136.07405   134.80127   133.52847   132.25568   130.98288   129.71008   128.43730   127.16451   125.89172   124.61893   123.34613   122.07335   120.80055   119.52776   118.25497   116.98218   115.70938   114.43659   113.16380   111.89101   110.61822   109.34542   108.07263   106.79984   105.52704   104.25425   102.98145   101.70866   100.43587    99.16309    97.89029    96.61750    95.34470    94.07191    92.79912    91.52633    90.25354    88.98075    87.70795    86.43517    85.16236    83.88957    82.61679    81.34399    80.07120    78.79842    77.52562    76.25282    74.98003    73.70724    72.43445    71.16165    69.88886    68.61607    67.34328    66.07049    64.79768    63.52490    62.25211    60.97932    59.70652     0.00000     0.00000     0.00000     0.00000     0.00000     0.00000     0.00000     0.00000     0.00000     0.00000     0.00000     0.00000     0.00000     0.00000     0.00000     0.00000     0.00000     0.00000     0.00000     0.00000     0.00000     0.00000     0.00000     0.00000     0.00000     0.00000     0.00000     0.00000     0.00000     0.00000     0.00000     0.00000     0.00000     0.00000     0.00000     0.00000     0.00000     0.00000     0.00000     0.00000     0.00000     0.00000     0.00000     0.00000     0.00000     0.00000     0.00000     0.00000     0.00000     0.00000     0.00000     0.00000     0.00000     0.00000     0.00000     0.00000     0.00000     0.00000     0.00000     0.00000     0.00000     0.00000     0.00000     0.00000
     0.00000     0.00000     0.00000     0.00000     0.00000     0.00000     0.00000     0.00000     0.00000     0.00000     0.00000     0.00000     0.00000     0.00000     0.00000     0.00000     0.00000     0.00000     0.00000     0.00000     0.00000     0.00000     0.00000     0.00000     0.00000     0.00000     0.00000     0.00000     0.00000     0.00000     0.00000     0.00000     0.00000     0.00000     0.00000     0.00000     0.00000     0.00000     0.00000     0.00000     0.00000     0.00000     0.00000     0.00000     0.00000     0.00000     0.00000     0.00000     0.00000     0.00000     0.00000     0.00000     0.00000     0.00000     0.00000     0.00000     0.00000     0.00000     0.00000     0.00000     0.00000     0.00000     0.00000     0.00000     0.00000   187.26859   185.99579   184.72301   183.45020   182.17743   180.90462   179.63184   178.35904   177.08624   175.81346   174.54068   173.26787   171.99509   170.72229   169.44951   168.17671   166.90392   165.63112   164.35832   163.08554   161.81274   160.53996   159.26715   157.99437   156.72157   155.44878   154.17599   152.90320   151.63040   150.35760   149.08482   147.81203   146.53923   145.26645   143.99364   142.72086   141.44807   140.17529   138.90248   137.62968   136.35690   135.08411   133.81131   132.53851   131.26573   129.99294   128.72014   127.44736   126.17456   124.90176   123.62897   122.35619   121.08340   119.81060   118.53781   117.26502   115.99223   114.71944   113.44664   112.17385   110.90106   109.62827   108.35547   107.08268   105.80988   104.53709   103.26430   101.99152   100.71872    99.44592    98.17313    96.90034    95.62754    94.35476    93.08197    91.80917    90.53638    89.26360    87.99079    86.71800    85.44521    84.17242    82.89963    81.62683    80.35405    79.08125    77.80846    76.53567    75.26286    73.99008    72.71729    71.44449    70.17171    68.89892    67.62611    66.35333    65.08053    63.80775    62.53495     0.00000     0.00000     0.00000     0.00000     0.00000     0.00000     0.00000     0.00000     0.00000     0.00000     0.00000     0.00000     0.00000     0.00000     0.00000     0.00000     0.00000     0.00000     0.00000     0.00000     0.00000     0.00000     0.00000     0.00000     0.00000     0.00000     0.00000     0.00000     0.00000     0.00000     0.00000     0.00000     0.00000     0.00000     0.00000     0.00000     0.00000     0.00000     0.00000     0.00000     0.00000     0.00000     0.00000     0.00000     0.00000     0.00000     0.00000     0.00000     0.00000     0.00000     0.00000     0.00000     0.00000     0.00000     0.00000     0.00000     0.00000     0.00000     0.00000     0.00000     0.00000     0.00000     0.00000     0.00000     0.00000
     0.00000     0.00000     0.00000     0.00000     0.00000     0.00000     0.00000     0.00000     0.00000     0.00000     0.00000     0.00000     0.00000     0.00000     0.00000     0.00000     0.00000     0.00000     0.00000     0.00000     0.00000     0.00000     0.00000     0.00000     0.00000     0.00000     0.00000     0.00000     0.00000     0.00000     0.00000     0.00000     0.00000     0.00000     0.00000     0.00000     0.00000     0.00000     0.00000     0.00000     0.00000     0.00000     0.00000     0.00000     0.00000     0.00000     0.00000     0.00000     0.00000     0.00000     0.00000     0.00000     0.00000     0.00000     0.00000     0.00000     0.00000     0.00000     0.00000     0.00000     0.00000     0.00000     0.00000     0.00000     0.00000     0.00000   187.55142   186.27863   185.00586   183.73305   182.46027   181.18745   179.91467   178.64189   177.36909   176.09630   174.82352   173.55072   172.27794   171.00513   169.73235   168.45955   167.18675   165.91397   164.64117   163.36838   162.09558   160.82280   159.54999   158.27722   157.00441   155.73163   154.45883   153.18604   151.91325   150.64044   149.36766   148.09488   146.82207   145.54929   144.27649   143.00369   141.73091   140.45813   139.18533   137.91252   136.63974   135.36694   134.09416   132.82137   131.54857   130.27579   129.00299   127.73019   126.45741   125.18461   123.91182   122.63903   121.36624   120.09344   118.82065   117.54787   116.27507   115.00227   113.72948   112.45670   111.18390   109.91111   108.63831   107.36552   106.09273   104.81993   103.54714   102.27435   101.00156    99.72877    98.45597    97.18319    95.91039    94.63760    93.36481    92.09201    90.81922    89.54643    88.27364    87.00085    85.72804    84.45526    83.18248    81.90967    80.63689    79.36410    78.09129    76.81851    75.54572    74.27292    73.00014    71.72733    70.45454    69.18176    67.90896    66.63618    65.36337     0.00000     0.00000     0.00000     0.00000     0.00000     0.00000     0.00000     0.00000     0.00000     0.00000     0.00000     0.00000     0.00000     0.00000     0.00000     0.00000     0.00000     0.00000     0.00000     0.00000     0.00000     0.00000     0.00000     0.00000     0.00000     0.00000     0.00000     0.00000     0.00000     0.00000     0.00000     0.00000     0.00000     0.00000     0.00000     0.00000     0.00000     0.00000     0.00000     0.00000     0.00000     0.00000     0.00000     0.00000     0.00000     0.00000     0.00000     0.00000     0.00000     0.00000     0.00000     0.00000     0.00000     0.00000     0.00000     0.00000     0.00000     0.00000     0.00000     0.00000     0.00000     0.00000     0.00000     0.00000     0.00000     0.00000
     0.00000     0.00000     0.00000     0.00000     0.00000     0.00000     0.00000     0.00000     0.00000     0.00000     0.00000     0.00000     0.00000     0.00000     0.00000     0.00000     0.00000     0.00000     0.00000     0.00000     0.00000     0.00000     0.00000     0.00000     0.00000     0.00000     0.00000     0.00000     0.00000     0.00000     0.00000     0.00000     0.00000     0.00000     0.00000     0.00000     0.00000     0.00000     0.00000     0.00000     0.00000     0.00000     0.00000     0.00000     0.00000     0.00000     0.00000     0.00000     0.00000     0.00000     0.00000     0.00000     0.00000     0.00000     0.00000     0.00000     0.00000     0.00000     0.00000     0.00000     0.00000     0.00000     0.00000     0.00000     0.00000     0.00000     0.00000   187.83427   186.56148   185.28870   184.01588   182.74310   181.47031   180.19753   178.92473   177.65193   176.37915   175.10637   173.83356   172.56078   171.28796   170.01518   168.74240   167.46960   166.19681   164.92401   163.65121   162.37842   161.10565   159.83284   158.56006   157.28726   156.01447   154.74168   153.46887   152.19609   150.92329   149.65050   148.37772   147.10492   145.83212   144.55933   143.28654   142.01376   140.74097   139.46817   138.19537   136.92258   135.64980   134.37700   133.10422   131.83142   130.55862   129.28583   128.01303   126.74025   125.46745   124.19466   122.92188   121.64908   120.37628   119.10349   117.83070   116.55791   115.28512   114.01233   112.73954   111.46674   110.19395   108.92116   107.64836   106.37557   105.10278   103.82999   102.55720   101.28440   100.01161    98.73882    97.46603    96.19323    94.92044    93.64765    92.37486    91.10207    89.82928    88.55647    87.28369    86.01089    84.73810    83.46532    82.19252    80.91972    79.64694    78.37415    77.10135    75.82855    74.55576    73.28297    72.01018    70.73739    69.46461    68.19180     0.00000     0.00000     0.00000     0.00000     0.00000     0.00000     0.00000     0.00000     0.00000     0.00000     0.00000     0.00000     0.00000     0.00000     0.00000     0.00000     0.00000     0.00000     0.00000     0.00000     0.00000     0.00000     0.00000     0.00000     0.00000     0.00000     0.00000     0.00000     0.00000     0.00000     0.00000     0.00000     0.00000     0.00000     0.00000     0.00000     0.00000     0.00000     0.00000     0.00000     0.00000     0.00000     0.00000     0.00000     0.00000     0.00000     0.00000     0.00000     0.00000     0.00000     0.00000     0.00000     0.00000     0.00000     0.00000     0.00000     0.00000     0.00000     0.00000     0.00000     0.00000     0.00000     0.00000     0.00000     0.00000     0.00000     0.00000
     0.00000     0.00000     0.00000     0.00000     0.00000     0.00000     0.00000     0.00000     0.00000     0.00000     0.00000     0.00000     0.00000     0.00000     0.00000     0.00000     0.00000     0.00000     0.00000     0.00000     0.00000     0.00000     0.00000     0.00000     0.00000     0.00000     0.00000     0.00000     0.00000     0.00000     0.00000     0.00000     0.00000     0.00000     0.00000     0.00000     0.00000     0.00000     0.00000     0.00000     0.00000     0.00000     0.00000     0.00000     0.00000     0.00000     0.00000     0.00000     0.00000     0.00000     0.00000     0.00000     0.00000     0.00000     0.00000     0.00000     0.00000     0.00000     0.00000     0.00000     0.00000     0.00000     0.00000     0.00000     0.00000     0.00000     0.00000     0.00000   188.11711   186.84431   185.57153   184.29874   183.02596   181.75314   180.48036   179.20758   177.93478   176.66199   175.38921   174.11639   172.84361   171.57082   170.29803   169.02524   167.75244   166.47964   165.20685   163.93407   162.66127   161.38849   160.11568   158.84290   157.57010   156.29730   155.02452   153.75172   152.47893   151.20613   149.93335   148.66055   147.38776   146.11497   144.84218   143.56938   142.29660   141.02380   139.75101   138.47821   137.20543   135.93265   134.65985   133.38705   132.11426   130.84146   129.56866   128.29588   127.02309   125.75030   124.47750   123.20471   121.93192   120.65913   119.38634   118.11355   116.84076   115.56796   114.29517   113.02238   111.74959   110.47679   109.20400   107.93121   106.65842   105.38562   104.11282   102.84004   101.56725   100.29445    99.02166    97.74887    96.47607    95.20329    93.93050    92.65770    91.38490    90.11212    88.83932    87.56653    86.29373    85.02095    83.74815    82.47536    81.20258    79.92978    78.65698    77.38419    76.11140    74.83861    73.56582    72.29302    71.02023     0.00000     0.00000     0.00000     0.00000     0.00000     0.00000     0.00000     0.00000     0.00000     0.00000     0.00000     0.00000     0.00000     0.00000     0.00000     0.00000     0.00000     0.00000     0.00000     0.00000     0.00000     0.00000     0.00000     0.00000     0.00000     0.00000     0.00000     0.00000     0.00000     0.00000     0.00000     0.00000     0.00000     0.00000     0.00000     0.00000     0.00000     0.00000     0.00000     0.00000     0.00000     0.00000     0.00000     0.00000     0.00000     0.00000     0.00000     0.00000     0.00000     0.00000     0.00000     0.00000     0.00000     0.00000     0.00000     0.00000     0.00000     0.00000     0.00000     0.00000     0.00000     0.00000     0.00000     0.00000     0.00000     0.00000     0.00000     0.00000
     0.00000     0.00000     0.00000     0.00000     0.00000     0.00000     0.00000     0.00000     0.00000     0.00000     0.00000     0.00000     0.00000     0.00000     0.00000     0.00000     0.00000     0.00000     0.00000     0.00000     0.00000     0.00000     0.00000     0.00000     0.00000     0.00000     0.00000     0.00000     0.00000     0.00000     0.00000     0.00000     0.00000     0.00000     0.00000     0.00000     0.00000     0.00000     0.00000     0.00000     0.00000     0.00000     0.00000     0.00000     0.00000     0.00000     0.00000     0.00000     0.00000     0.00000     0.00000     0.00000     0.00000     0.00000     0.00000     0.00000     0.00000     0.00000     0.00000     0.00000     0.00000     0.00000     0.00000     0.00000     0.00000     0.00000     0.00000     0.00000     0.00000   188.39996   187.12717   185.85439   184.58157   183.30879   182.03598   180.76321   179.49042   178.21762   176.94482   175.67204   174.39925   173.12646   171.85365   170.58087   169.30807   168.03528   166.76250   165.48970   164.21690   162.94411   161.67133   160.39853   159.12575   157.85294   156.58015   155.30736   154.03456   152.76178   151.48898   150.21619   148.94341   147.67061   146.39781   145.12502   143.85223   142.57944   141.30666   140.03386   138.76105   137.48827   136.21548   134.94269   133.66989   132.39709   131.12430   129.85152   128.57874   127.30593   126.03314   124.76035   123.48756   122.21477   120.94197   119.66917   118.39639   117.12360   115.85080   114.57801   113.30522   112.03243   110.75964   109.48685   108.21405   106.94125   105.66846   104.39567   103.12288   101.85009   100.57729    99.30450    98.03172    96.75891    95.48613    94.21333    92.94054    91.66776    90.39496    89.12216    87.84938    86.57657    85.30379    84.03101    82.75820    81.48541    80.21262    78.93983    77.66704    76.39424    75.12145    73.84866     0.00000     0.00000     0.00000     0.00000     0.00000     0.00000     0.00000     0.00000     0.00000     0.00000     0.00000     0.00000     0.00000     0.00000     0.00000     0.00000     0.00000     0.00000     0.00000     0.00000     0.00000     0.00000     0.00000     0.00000     0.00000     0.00000     0.00000     0.00000     0.00000     0.00000     0.00000     0.00000     0.00000     0.00000     0.00000     0.00000     0.00000     0.00000     0.00000     0.00000     0.00000     0.00000     0.00000     0.00000     0.00000     0.00000     0.00000     0.00000     0.00000     0.00000     0.00000     0.00000     0.00000     0.00000     0.00000     0.00000     0.00000     0.00000     0.00000     0.00000     0.00000     0.00000     0.00000     0.00000     0.00000     0.00000     0.00000     0.00000     0.00000
     0.00000     0.00000     0.00000     0.00000     0.00000     0.00000     0.00000     0.00000     0.00000     0.00000     0.00000     0.00000     0.00000     0.00000     0.00000     0.00000     0.00000     0.00000     0.00000     0.00000     0.00000     0.00000     0.00000     0.00000     0.00000     0.00000     0.00000     0.00000     0.00000     0.00000     0.00000     0.00000     0.00000     0.00000     0.00000     0.00000     0.00000     0.00000     0.00000     0.00000     0.00000     0.00000     0.00000     0.00000     0.00000     0.00000     0.00000     0.00000     0.00000     0.00000     0.00000     0.00000     0.00000     0.00000     0.00000     0.00000     0.00000     0.00000     0.00000     0.00000     0.00000     0.00000     0.00000     0.00000     0.00000     0.00000     0.00000     0.00000     0.00000     0.00000   188.68280   187.41000   186.13722   184.86441   183.59164   182.31883   181.04605   179.77325   178.50046   177.22768   175.95490   174.68208   173.40930   172.13649   170.86371   169.59093   168.31813   167.04533   165.77254   164.49976   163.22696   161.95418   160.68137   159.40858   158.13579   156.86299   155.59021   154.31741   153.04462   151.77182   150.49904   149.22624   147.95345   146.68066   145.40787   144.13507   142.86229   141.58951   140.31670   139.04390   137.77112   136.49832   135.22552   133.95273   132.67995   131.40715   130.13435   128.86157   127.58878   126.31598   125.04319   123.77040   122.49760   121.22482   119.95202   118.67923   117.40644   116.13365   114.86086   113.58807   112.31528   111.04248   109.76968   108.49689   107.22410   105.95131   104.67851   103.40572   102.13293   100.86014    99.58734    98.31456    97.04176    95.76897    94.49619    93.22338    91.95059    90.67781    89.40500    88.13222    86.85942    85.58663    84.31384    83.04105    81.76826    80.49547    79.22267    77.94988    76.67708     0.00000     0.00000     0.00000     0.00000     0.00000     0.00000     0.00000     0.00000     0.00000     0.00000     0.00000     0.00000     0.00000     0.00000     0.00000     0.00000     0.00000     0.00000     0.00000     0.00000     0.00000     0.00000     0.00000     0.00000     0.00000     0.00000     0.00000     0.00000     0.00000     0.00000     0.00000     0.00000     0.00000     0.00000     0.00000     0.00000     0.00000     0.00000     0.00000     0.00000     0.00000     0.00000     0.00000     0.00000     0.00000     0.00000     0.00000     0.00000     0.00000     0.00000     0.00000     0.00000     0.00000     0.00000     0.00000     0.00000     0.00000     0.00000     0.00000     0.00000     0.00000     0.00000     0.00000     0.00000     0.00000     0.00000     0.00000     0.00000     0.00000     0.00000
     0.00000     0.00000     0.00000     0.00000     0.00000     0.00000     0.00000     0.00000     0.00000     0.00000     0.00000     0.00000     0.00000     0.00000     0.00000     0.00000     0.00000     0.00000     0.00000     0.00000     0.00000     0.00000     0.00000     0.00000     0.00000     0.00000     0.00000     0.00000     0.00000     0.00000     0.00000     0.00000     0.00000     0.00000     0.00000     0.00000     0.00000     0.00000     0.00000     0.00000     0.00000     0.00000     0.00000     0.00000     0.00000     0.00000     0.00000     0.00000     0.00000     0.00000     0.00000     0.00000     0.00000     0.00000     0.00000     0.00000     0.00000     0.00000     0.00000     0.00000     0.00000     0.00000     0.00000     0.00000     0.00000     0.00000     0.00000     0.00000     0.00000     0.00000     0.00000   188.96564   187.69284   186.42007   185.14726   183.87448   182.60167   181.32889   180.05611   178.78331   177.51051   176.23773   174.96492   173.69214   172.41934   171.14656   169.87376   168.60097   167.32819   166.05539   164.78259   163.50980   162.23701   160.96420   159.69144   158.41862   157.14584   155.87305   154.60025   153.32747   152.05466   150.78188   149.50909   148.23630   146.96350   145.69070   144.41791   143.14513   141.87234   140.59955   139.32674   138.05396   136.78116   135.50838   134.23558   132.96278   131.68999   130.41721   129.14441   127.87162   126.59882   125.32603   124.05325   122.78045   121.50766   120.23486   118.96208   117.68929   116.41649   115.14369   113.87091   112.59811   111.32533   110.05253   108.77974   107.50694   106.23415   104.96135   103.68857   102.41577   101.14298    99.87019    98.59740    97.32460    96.05181    94.77902    93.50623    92.23343    90.96065    89.68785    88.41506    87.14226    85.86948    84.59669    83.32388    82.05110    80.77831    79.50551     0.00000     0.00000     0.00000     0.00000     0.00000     0.00000     0.00000     0.00000     0.00000     0.00000     0.00000     0.00000     0.00000     0.00000     0.00000     0.00000     0.00000     0.00000     0.00000     0.00000     0.00000     0.00000     0.00000     0.00000     0.00000     0.00000     0.00000     0.00000     0.00000     0.00000     0.00000     0.00000     0.00000     0.00000     0.00000     0.00000     0.00000     0.00000     0.00000     0.00000     0.00000     0.00000     0.00000     0.00000     0.00000     0.00000     0.00000     0.00000     0.00000     0.00000     0.00000     0.00000     0.00000     0.00000     0.00000     0.00000     0.00000     0.00000     0.00000     0.00000     0.00000     0.00000     0.00000     0.00000     0.00000     0.00000     0.00000     0.00000     0.00000     0.00000     0.00000
     0.00000     0.00000     0.00000     0.00000     0.00000     0.00000     0.00000     0.00000     0.00000     0.00000     0.00000     0.00000     0.00000     0.00000     0.00000     0.00000     0.00000     0.00000     0.00000     0.00000     0.00000     0.00000     0.00000     0.00000     0.00000     0.00000     0.00000     0.00000     0.00000     0.00000     0.00000     0.00000     0.00000     0.00000     0.00000     0.00000     0.00000     0.00000     0.00000     0.00000     0.00000     0.00000     0.00000     0.00000     0.00000     0.00000     0.00000     0.00000     0.00000     0.00000     0.00000     0.00000     0.00000     0.00000     0.00000     0.00000     0.00000     0.00000     0.00000     0.00000     0.00000     0.00000     0.00000     0.00000     0.00000     0.00000     0.00000     0.00000     0.00000     0.00000     0.00000     0.00000   189.24849   187.97569   186.70291   185.43010   184.15732   182.88452   181.61174   180.33894   179.06615   177.79335   176.52057   175.24777   173.97499   172.70218   171.42940   170.15662   168.88382   167.61102   166.33823   165.06543   163.79263   162.51987   161.24706   159.97427   158.70148   157.42868   156.15590   154.88309   153.61031   152.33749   151.06473   149.79193   148.51913   147.24634   145.97354   144.70076   143.42798   142.15518   140.88239   139.60959   138.33679   137.06401   135.79121   134.51842   133.24564   131.97284   130.70004   129.42725   128.15446   126.88167   125.60887   124.33609   123.06329   121.79050   120.51771   119.24492   117.97212   116.69933   115.42654   114.15376   112.88096   111.60817   110.33537   109.06258   107.78978   106.51699   105.24419   103.97141   102.69862   101.42583   100.15303    98.88024    97.60744    96.33466    95.06186    93.78907    92.51628    91.24349    89.97069    88.69791    87.42510    86.15231    84.87953    83.60674    82.33394     0.00000     0.00000     0.00000     0.00000     0.00000     0.00000     0.00000     0.00000     0.00000     0.00000     0.00000     0.00000     0.00000     0.00000     0.00000     0.00000     0.00000     0.00000     0.00000     0.00000     0.00000     0.00000     0.00000     0.00000     0.00000     0.00000     0.00000     0.00000     0.00000     0.00000     0.00000     0.00000     0.00000     0.00000     0.00000     0.00000     0.00000     0.00000     0.00000     0.00000     0.00000     0.00000     0.00000     0.00000     0.00000     0.00000     0.00000     0.00000     0.00000     0.00000     0.00000     0.00000     0.00000     0.00000     0.00000     0.00000     0.00000     0.00000     0.00000     0.00000     0.00000     0.00000     0.00000     0.00000     0.00000     0.00000     0.00000     0.00000     0.00000     0.00000     0.00000     0.00000
     0.00000     0.00000     0.00000     0.00000     0.00000     0.00000     0.00000     0.00000     0.00000     0.00000     0.00000     0.00000     0.00000     0.00000     0.00000     0.00000     0.00000     0.00000     0.00000     0.00000     0.00000     0.00000     0.00000     0.00000     0.00000     0.00000     0.00000     0.00000     0.00000     0.00000     0.00000     0.00000     0.00000     0.00000     0.00000     0.00000     0.00000     0.00000     0.00000     0.00000     0.00000     0.00000     0.00000     0.00000     0.00000     0.00000     0.00000     0.00000     0.00000     0.00000     0.00000     0.00000     0.00000     0.00000     0.00000     0.00000     0.00000     0.00000     0.00000     0.00000     0.00000     0.00000     0.00000     0.00000     0.00000     0.00000     0.00000     0.00000     0.00000     0.00000     0.00000     0.00000     0.00000   189.53133   188.25853   186.98575   185.71295   184.44017   183.16736   181.89458   180.62178   179.34900   178.07620   176.80342   175.53061   174.25783   172.98502   171.71225   170.43945   169.16666   167.89386   166.62106   165.34828   164.07549   162.80270   161.52989   160.25711   158.98431   157.71152   156.43874   155.16592   153.89316   152.62035   151.34756   150.07477   148.80197   147.52919   146.25638   144.98360   143.71082   142.43802   141.16522   139.89243   138.61963   137.34685   136.07407   134.80127   133.52847   132.25568   130.98288   129.71010   128.43730   127.16451   125.89172   124.61893   123.34614   122.07334   120.80055   119.52776   118.25497   116.98218   115.70938   114.43660   113.16380   111.89101   110.61821   109.34542   108.07262   106.79984   105.52704   104.25426   102.98146   101.70866   100.43587    99.16309    97.89028    96.61750    95.34471    94.07191    92.79912    91.52634    90.25353    88.98074    87.70795    86.43517    85.16237     0.00000     0.00000     0.00000     0.00000     0.00000     0.00000     0.00000     0.00000     0.00000     0.00000     0.00000     0.00000     0.00000     0.00000     0.00000     0.00000     0.00000     0.00000     0.00000     0.00000     0.00000     0.00000     0.00000     0.00000     0.00000     0.00000     0.00000     0.00000     0.00000     0.00000     0.00000     0.00000     0.00000     0.00000     0.00000     0.00000     0.00000     0.00000     0.00000     0.00000     0.00000     0.00000     0.00000     0.00000     0.00000     0.00000     0.00000     0.00000     0.00000     0.00000     0.00000     0.00000     0.00000     0.00000     0.00000     0.00000     0.00000     0.00000     0.00000     0.00000     0.00000     0.00000     0.00000     0.00000     0.00000     0.00000     0.00000     0.00000     0.00000     0.00000     0.00000     0.00000     0.00000
     0.00000     0.00000     0.00000     0.00000     0.00000     0.00000     0.00000     0.00000     0.00000     0.00000     0.00000     0.00000     0.00000     0.00000     0.00000     0.00000     0.00000     0.00000     0.00000     0.00000     0.00000     0.00000     0.00000     0.00000     0.00000     0.00000     0.00000     0.00000     0.00000     0.00000     0.00000     0.00000     0.00000     0.00000     0.00000     0.00000     0.00000     0.00000     0.00000     0.00000     0.00000     0.00000     0.00000     0.00000     0.00000     0.00000     0.00000     0.00000     0.00000     0.00000     0.00000     0.00000     0.00000     0.00000     0.00000     0.00000     0.00000     0.00000     0.00000     0.00000     0.00000     0.00000     0.00000     0.00000     0.00000     0.00000     0.00000     0.00000     0.00000     0.00000     0.00000     0.00000     0.00000     0.00000   189.81416   188.54138   187.26860   185.99579   184.72301   183.45020   182.17743   180.90463   179.63184   178.35904   177.08626   175.81345   174.54068   173.26787   171.99509   170.72229   169.44949   168.17671   166.90392   165.63112   164.35832   163.08554   161.81274   160.53996   159.26715   157.99435   156.72159   155.44878   154.17599   152.90320   151.63040   150.35762   149.08481   147.81203   146.53923   145.26645   143.99365   142.72087   141.44806   140.17526   138.90248   137.62970   136.35690   135.08411   133.81131   132.53851   131.26572   129.99294   128.72015   127.44736   126.17456   124.90177   123.62898   122.35619   121.08339   119.81061   118.53781   117.26501   115.99223   114.71944   113.44664   112.17385   110.90105   109.62827   108.35547   107.08267   105.80988   104.53709   103.26430   101.99151   100.71871    99.44593    98.17313    96.90034    95.62755    94.35475    93.08196    91.80917    90.53638    89.26360    87.99078     0.00000     0.00000     0.00000     0.00000     0.00000     0.00000     0.00000     0.00000     0.00000     0.00000     0.00000     0.00000     0.00000     0.00000     0.00000     0.00000     0.00000     0.00000     0.00000     0.00000     0.00000     0.00000     0.00000     0.00000     0.00000     0.00000     0.00000     0.00000     0.00000     0.00000     0.00000     0.00000     0.00000     0.00000     0.00000     0.00000     0.00000     0.00000     0.00000     0.00000     0.00000     0.00000     0.00000     0.00000     0.00000     0.00000     0.00000     0.00000     0.00000     0.00000     0.00000     0.00000     0.00000     0.00000     0.00000     0.00000     0.00000     0.00000     0.00000     0.00000     0.00000     0.00000     0.00000     0.00000     0.00000     0.00000     0.00000     0.00000     0.00000     0.00000     0.00000     0.00000     0.00000     0.00000
     0.00000     0.00000     0.00000     0.00000     0.00000     0.00000     0.00000     0.00000     0.00000     0.00000     0.00000     0.00000     0.00000     0.00000     0.00000     0.00000     0.00000     0.00000     0.00000     0.00000     0.00000     0.00000     0.00000     0.00000     0.00000     0.00000     0.00000     0.00000     0.00000     0.00000     0.00000     0.00000     0.00000     0.00000     0.00000     0.00000     0.00000     0.00000     0.00000     0.00000     0.00000     0.00000     0.00000     0.00000     0.00000     0.00000     0.00000     0.00000     0.00000     0.00000     0.00000     0.00000     0.00000     0.00000     0.00000     0.00000     0.00000     0.00000     0.00000     0.00000     0.00000     0.00000     0.00000     0.00000     0.00000     0.00000     0.00000     0.00000     0.00000     0.00000     0.00000     0.00000     0.00000     0.00000     0.00000   190.09702   188.82422   187.55144   186.27863   185.00586   183.73305   182.46027   181.18747   179.91467   178.64188   177.36911   176.09630   174.82352   173.55070   172.27792   171.00514   169.73235   168.45955   167.18675   165.91396   164.64117   163.36839   162.09558   160.82280   159.55000   158.27721   157.00443   155.73163   154.45883   153.18604   151.91324   150.64046   149.36766   148.09488   146.82207   145.54929   144.27649   143.00371   141.73091   140.45810   139.18533   137.91254   136.63974   135.36694   134.09415   132.82137   131.54857   130.27579   129.00299   127.73019   126.45740   125.18462   123.91182   122.63903   121.36623   120.09344   118.82066   117.54786   116.27507   115.00228   113.72948   112.45670   111.18390   109.91110   108.63831   107.36552   106.09273   104.81994   103.54714   102.27435   101.00156    99.72878    98.45597    97.18318    95.91039    94.63760    93.36481    92.09203    90.81921     0.00000     0.00000     0.00000     0.00000     0.00000     0.00000     0.00000     0.00000     0.00000     0.00000     0.00000     0.00000     0.00000     0.00000     0.00000     0.00000     0.00000     0.00000     0.00000     0.00000     0.00000     0.00000     0.00000     0.00000     0.00000     0.00000     0.00000     0.00000     0.00000     0.00000     0.00000     0.00000     0.00000     0.00000     0.00000     0.00000     0.00000     0.00000     0.00000     0.00000     0.00000     0.00000     0.00000     0.00000     0.00000     0.00000     0.00000     0.00000     0.00000     0.00000     0.00000     0.00000     0.00000     0.00000     0.00000     0.00000     0.00000     0.00000     0.00000     0.00000     0.00000     0.00000     0.00000     0.00000     0.00000     0.00000     0.00000     0.00000     0.00000     0.00000     0.00000     0.00000     0.00000     0.00000     0.00000
     0.00000     0.00000     0.00000     0.00000     0.00000     0.00000     0.00000     0.00000     0.00000     0.00000     0.00000     0.00000     0.00000     0.00000     0.00000     0.00000     0.00000     0.00000     0.00000     0.00000     0.00000     0.00000     0.00000     0.00000     0.00000     0.00000     0.00000     0.00000     0.00000     0.00000     0.00000     0.00000     0.00000     0.00000     0.00000     0.00000     0.00000     0.00000     0.00000     0.00000     0.00000     0.00000     0.00000     0.00000     0.00000     0.00000     0.00000     0.00000     0.00000     0.00000     0.00000     0.00000     0.00000     0.00000     0.00000     0.00000     0.00000     0.00000     0.00000     0.00000     0.00000     0.00000     0.00000     0.00000     0.00000     0.00000     0.00000     0.00000     0.00000     0.00000     0.00000     0.00000     0.00000     0.00000     0.00000     0.00000   190.37985   189.10706   187.83429   186.56148   185.28870   184.01588   182.74310   181.47031   180.19753   178.92473   177.65195   176.37914   175.10635   173.83356   172.56078   171.28798   170.01518   168.74239   167.46960   166.19681   164.92401   163.65123   162.37842   161.10565   159.83284   158.56006   157.28726   156.01447   154.74167   153.46887   152.19609   150.92331   149.65050   148.37772   147.10492   145.83212   144.55934   143.28656   142.01376   140.74095   139.46817   138.19537   136.92258   135.64980   134.37700   133.10420   131.83142   130.55862   129.28583   128.01303   126.74024   125.46746   124.19466   122.92188   121.64908   120.37629   119.10350   117.83070   116.55791   115.28513   114.01233   112.73953   111.46674   110.19395   108.92116   107.64836   106.37556   105.10278   103.82999   102.55719   101.28440   100.01161    98.73882    97.46603    96.19324    94.92044    93.64764     0.00000     0.00000     0.00000     0.00000     0.00000     0.00000     0.00000     0.00000     0.00000     0.00000     0.00000     0.00000     0.00000     0.00000     0.00000     0.00000     0.00000     0.00000     0.00000     0.00000     0.00000     0.00000     0.00000     0.00000     0.00000     0.00000     0.00000     0.00000     0.00000     0.00000     0.00000     0.00000     0.00000     0.00000     0.00000     0.00000     0.00000     0.00000     0.00000     0.00000     0.00000     0.00000     0.00000     0.00000     0.00000     0.00000     0.00000     0.00000     0.00000     0.00000     0.00000     0.00000     0.00000     0.00000     0.00000     0.00000     0.00000     0.00000     0.00000     0.00000     0.00000     0.00000     0.00000     0.00000     0.00000     0.00000     0.00000     0.00000     0.00000     0.00000     0.00000     0.00000     0.00000     0.00000     0.00000     0.00000
     0.00000     0.00000     0.00000     0.00000     0.00000     0.00000     0.00000     0.00000     0.00000     0.00000     0.00000     0.00000     0.00000     0.00000     0.00000     0.00000     0.00000     0.00000     0.00000     0.00000     0.00000     0.00000     0.00000     0.00000     0.00000     0.00000     0.00000     0.00000     0.00000     0.00000     0.00000     0.00000     0.00000     0.00000     0.00000     0.00000     0.00000     0.00000     0.00000     0.00000     0.00000     0.00000     0.00000     0.00000     0.00000     0.00000     0.00000     0.00000     0.00000     0.00000     0.00000     0.00000     0.00000     0.00000     0.00000     0.00000     0.00000     0.00000     0.00000     0.00000     0.00000     0.00000     0.00000     0.00000     0.00000     0.00000     0.00000     0.00000     0.00000     0.00000     0.00000     0.00000     0.00000     0.00000     0.00000     0.00000     0.00000   190.66269   189.38991   188.11713   186.84431   185.57153   184.29874   183.02596   181.75316   180.48036   179.20757   177.93478   176.66199   175.38921   174.11639   172.84361   171.57082   170.29803   169.02524   167.75244   166.47964   165.20685   163.93408   162.66127   161.38849   160.11569   158.84290   157.57010   156.29730   155.02452   153.75171   152.47893   151.20615   149.93335   148.66055   147.38776   146.11496   144.84219   143.56940   142.29660   141.02380   139.75101   138.47823   137.20543   135.93263   134.65985   133.38705   132.11426   130.84146   129.56866   128.29588   127.02309   125.75031   124.47751   123.20471   121.93192   120.65913   119.38634   118.11355   116.84075   115.56796   114.29517   113.02238   111.74959   110.47679   109.20399   107.93121   106.65841   105.38562   104.11283   102.84003   101.56725   100.29446    99.02165    97.74887    96.47607     0.00000     0.00000     0.00000     0.00000     0.00000     0.00000     0.00000     0.00000     0.00000     0.00000     0.00000     0.00000     0.00000     0.00000     0.00000     0.00000     0.00000     0.00000     0.00000     0.00000     0.00000     0.00000     0.00000     0.00000     0.00000     0.00000     0.00000     0.00000     0.00000     0.00000     0.00000     0.00000     0.00000     0.00000     0.00000     0.00000     0.00000     0.00000     0.00000     0.00000     0.00000     0.00000     0.00000     0.00000     0.00000     0.00000     0.00000     0.00000     0.00000     0.00000     0.00000     0.00000     0.00000     0.00000     0.00000     0.00000     0.00000     0.00000     0.00000     0.00000     0.00000     0.00000     0.00000     0.00000     0.00000     0.00000     0.00000     0.00000     0.00000     0.00000     0.00000     0.00000     0.00000     0.00000     0.00000     0.00000     0.00000
     0.00000     0.00000     0.00000     0.00000     0.00000     0.00000     0.00000     0.00000     0.00000     0.00000     0.00000     0.00000     0.00000     0.00000     0.00000     0.00000     0.00000     0.00000     0.00000     0.00000     0.00000     0.00000     0.00000     0.00000     0.00000     0.00000     0.00000     0.00000     0.00000     0.00000     0.00000     0.00000     0.00000     0.00000     0.00000     0.00000     0.00000     0.00000     0.00000     0.00000     0.00000     0.00000     0.00000     0.00000     0.00000     0.00000     0.00000     0.00000     0.00000     0.00000     0.00000     0.00000     0.00000     0.00000     0.00000     0.00000     0.00000     0.00000     0.00000     0.00000     0.00000     0.00000     0.00000     0.00000     0.00000     0.00000     0.00000     0.00000     0.00000     0.00000     0.00000     0.00000     0.00000     0.00000     0.00000     0.00000     0.00000     0.00000   190.94554   189.67274   188.39996   187.12717   185.85439   184.58157   183.30879   182.03600   180.76320   179.49042   178.21764   176.94482   175.67204   174.39923   173.12646   171.85367   170.58087   169.30807   168.03528   166.76248   165.48970   164.21692   162.94411   161.67133   160.39853   159.12573   157.85295   156.58014   155.30736   154.03456   152.76178   151.48898   150.21619   148.94339   147.67059   146.39781   145.12503   143.85223   142.57944   141.30664   140.03384   138.76106   137.48828   136.21548   134.94269   133.66989   132.39709   131.12431   129.85152   128.57872   127.30593   126.03314   124.76035   123.48756   122.21476   120.94198   119.66918   118.39639   117.12360   115.85081   114.57802   113.30522   112.03242   110.75964   109.48684   108.21405   106.94125   105.66846   104.39568   103.12288   101.85008   100.57730    99.30450     0.00000     0.00000     0.00000     0.00000     0.00000     0.00000     0.00000     0.00000     0.00000     0.00000     0.00000     0.00000     0.00000     0.00000     0.00000     0.00000     0.00000     0.00000     0.00000     0.00000     0.00000     0.00000     0.00000     0.00000     0.00000     0.00000     0.00000     0.00000     0.00000     0.00000     0.00000     0.00000     0.00000     0.00000     0.00000     0.00000     0.00000     0.00000     0.00000     0.00000     0.00000     0.00000     0.00000     0.00000     0.00000     0.00000     0.00000     0.00000     0.00000     0.00000     0.00000     0.00000     0.00000     0.00000     0.00000     0.00000     0.00000     0.00000     0.00000     0.00000     0.00000     0.00000     0.00000     0.00000     0.00000     0.00000     0.00000     0.00000     0.00000     0.00000     0.00000     0.00000     0.00000     0.00000     0.00000     0.00000     0.00000     0.00000
     0.00000     0.00000     0.00000     0.00000     0.00000     0.00000     0.00000     0.00000     0.00000     0.00000     0.00000     0.00000     0.00000     0.00000     0.00000     0.00000     0.00000     0.00000     0.00000     0.00000     0.00000     0.00000     0.00000     0.00000     0.00000     0.00000     0.00000     0.00000     0.00000     0.00000     0.00000     0.00000     0.00000     0.00000     0.00000     0.00000     0.00000     0.00000     0.00000     0.00000     0.00000     0.00000     0.00000     0.00000     0.00000     0.00000     0.00000     0.00000     0.00000     0.00000     0.00000     0.00000     0.00000     0.00000     0.00000     0.00000     0.00000     0.00000     0.00000     0.00000     0.00000     0.00000     0.00000     0.00000     0.00000     0.00000     0.00000     0.00000     0.00000     0.00000     0.00000     0.00000     0.00000     0.00000     0.00000     0.00000     0.00000     0.00000     0.00000   191.22838   189.95560   188.68282   187.41000   186.13722   184.86441   183.59163   182.31885   181.04605   179.77325   178.50047   177.22766   175.95490   174.68208   173.40930   172.13651   170.86371   169.59091   168.31813   167.04533   165.77254   164.49976   163.22696   161.95416   160.68137   159.40857   158.13579   156.86299   155.59021   154.31740   153.04462   151.77182   150.49902   149.22624   147.95345   146.68066   145.40787   144.13509   142.86227   141.58948   140.31670   139.04391   137.77112   136.49832   135.22552   133.95273   132.67993   131.40715   130.13437   128.86157   127.58878   126.31599   125.04319   123.77040   122.49760   121.22482   119.95203   118.67923   117.40643   116.13365   114.86086   113.58807   112.31527   111.04248   109.76968   108.49689   107.22409   105.95131   104.67851   103.40572   102.13293     0.00000     0.00000     0.00000     0.00000     0.00000     0.00000     0.00000     0.00000     0.00000     0.00000     0.00000     0.00000     0.00000     0.00000     0.00000     0.00000     0.00000     0.00000     0.00000     0.00000     0.00000     0.00000     0.00000     0.00000     0.00000     0.00000     0.00000     0.00000     0.00000     0.00000     0.00000     0.00000     0.00000     0.00000     0.00000     0.00000     0.00000     0.00000     0.00000     0.00000     0.00000     0.00000     0.00000     0.00000     0.00000     0.00000     0.00000     0.00000     0.00000     0.00000     0.00000     0.00000     0.00000     0.00000     0.00000     0.00000     0.00000     0.00000     0.00000     0.00000     0.00000     0.00000     0.00000     0.00000     0.00000     0.00000     0.00000     0.00000     0.00000     0.00000     0.00000     0.00000     0.00000     0.00000     0.00000     0.00000     0.00000     0.00000     0.00000
     0.00000     0.00000     0.00000     0.00000     0.00000     0.00000     0.00000     0.00000     0.00000     0.00000     0.00000     0.00000     0.00000     0.00000     0.00000     0.00000     0.00000     0.00000     0.00000     0.00000     0.00000     0.00000     0.00000     0.00000     0.00000     0.00000     0.00000     0.00000     0.00000     0.00000     0.00000     0.00000     0.00000     0.00000     0.00000     0.00000     0.00000     0.00000     0.00000     0.00000     0.00000     0.00000     0.00000     0.00000     0.00000     0.00000     0.00000     0.00000     0.00000     0.00000     0.00000     0.00000     0.00000     0.00000     0.00000     0.00000     0.00000     0.00000     0.00000     0.00000     0.00000     0.00000     0.00000     0.00000     0.00000     0.00000     0.00000     0.00000     0.00000     0.00000     0.00000     0.00000     0.00000     0.00000     0.00000     0.00000     0.00000     0.00000     0.00000     0.00000   191.51123   190.23843   188.96565   187.69284   186.42006   185.14726   183.87448   182.60168   181.32889   180.05609   178.78333   177.51051   176.23773   174.96492   173.69214   172.41934   171.14656   169.87376   168.60097   167.32817   166.05539   164.78259   163.50980   162.23701   160.96422   159.69142   158.41864   157.14583   155.87305   154.60025   153.32745   152.05467   150.78188   149.50909   148.23628   146.96350   145.69070   144.41792   143.14513   141.87231   140.59953   139.32675   138.05396   136.78116   135.50836   134.23558   132.96278   131.69000   130.41721   129.14441   127.87161   126.59883   125.32603   124.05324   122.78045   121.50766   120.23486   118.96207   117.68928   116.41650   115.14370   113.87091   112.59811   111.32532   110.05252   108.77973   107.50694   106.23415   104.96136     0.00000     0.00000     0.00000     0.00000     0.00000     0.00000     0.00000     0.00000     0.00000     0.00000     0.00000     0.00000     0.00000     0.00000     0.00000     0.00000     0.00000     0.00000     0.00000     0.00000     0.00000     0.00000     0.00000     0.00000     0.00000     0.00000     0.00000     0.00000     0.00000     0.00000     0.00000     0.00000     0.00000     0.00000     0.00000     0.00000     0.00000     0.00000     0.00000     0.00000     0.00000     0.00000     0.00000     0.00000     0.00000     0.00000     0.00000     0.00000     0.00000     0.00000     0.00000     0.00000     0.00000     0.00000     0.00000     0.00000     0.00000     0.00000     0.00000     0.00000     0.00000     0.00000     0.00000     0.00000     0.00000     0.00000     0.00000     0.00000     0.00000     0.00000     0.00000     0.00000     0.00000     0.00000     0.00000     0.00000     0.00000     0.00000     0.00000     0.00000
     0.00000     0.00000     0.00000     0.00000     0.00000     0.00000     0.00000     0.00000     0.00000     0.00000     0.00000     0.00000     0.00000     0.00000     0.00000     0.00000     0.00000     0.00000     0.00000     0.00000     0.00000     0.00000     0.00000     0.00000     0.00000     0.00000     0.00000     0.00000     0.00000     0.00000     0.00000     0.00000     0.00000     0.00000     0.00000     0.00000     0.00000     0.00000     0.00000     0.00000     0.00000     0.00000     0.00000     0.00000     0.00000     0.00000     0.00000     0.00000     0.00000     0.00000     0.00000     0.00000     0.00000     0.00000     0.00000     0.00000     0.00000     0.00000     0.00000     0.00000     0.00000     0.00000     0.00000     0.00000     0.00000     0.00000     0.00000     0.00000     0.00000     0.00000     0.00000     0.00000     0.00000     0.00000     0.00000     0.00000     0.00000     0.00000     0.00000     0.00000     0.00000   191.79407   190.52127   189.24849   187.97569   186.70291   185.43010   184.15732   182.88452   181.61174   180.33894   179.06616   177.79335   176.52057   175.24777   173.97499   172.70219   171.42940   170.15660   168.88382   167.61102   166.33823   165.06544   163.79263   162.51987   161.24706   159.97426   158.70148   157.42868   156.15588   154.88309   153.61031   152.33752   151.06471   149.79193   148.51913   147.24634   145.97356   144.70078   143.42796   142.15517   140.88239   139.60959   138.33679   137.06401   135.79121   134.51842   133.24562   131.97284   130.70004   129.42725   128.15445   126.88167   125.60888   124.33608   123.06329   121.79050   120.51771   119.24492   117.97212   116.69934   115.42654   114.15375   112.88095   111.60816   110.33537   109.06258   107.78978     0.00000     0.00000     0.00000     0.00000     0.00000     0.00000     0.00000     0.00000     0.00000     0.00000     0.00000     0.00000     0.00000     0.00000     0.00000     0.00000     0.00000     0.00000     0.00000     0.00000     0.00000     0.00000     0.00000     0.00000     0.00000     0.00000     0.00000     0.00000     0.00000     0.00000     0.00000     0.00000     0.00000     0.00000     0.00000     0.00000     0.00000     0.00000     0.00000     0.00000     0.00000     0.00000     0.00000     0.00000     0.00000     0.00000     0.00000     0.00000     0.00000     0.00000     0.00000     0.00000     0.00000     0.00000     0.00000     0.00000     0.00000     0.00000     0.00000     0.00000     0.00000     0.00000     0.00000     0.00000     0.00000     0.00000     0.00000     0.00000     0.00000     0.00000     0.00000     0.00000     0.00000     0.00000     0.00000     0.00000     0.00000     0.00000     0.00000     0.00000     0.00000
     0.00000     0.00000     0.00000     0.00000     0.00000     0.00000     0.00000     0.00000     0.00000     0.00000     0.00000     0.00000     0.00000     0.00000     0.00000     0.00000     0.00000     0.00000     0.00000     0.00000     0.00000     0.00000     0.00000     0.00000     0.00000     0.00000     0.00000     0.00000     0.00000     0.00000     0.00000     0.00000     0.00000     0.00000     0.00000     0.00000     0.00000     0.00000     0.00000     0.00000     0.00000     0.00000     0.00000     0.00000     0.00000     0.00000     0.00000     0.00000     0.00000     0.00000     0.00000     0.00000     0.00000     0.00000     0.00000     0.00000     0.00000     0.00000     0.00000     0.00000     0.00000     0.00000     0.00000     0.00000     0.00000     0.00000     0.00000     0.00000     0.00000     0.00000     0.00000     0.00000     0.00000     0.00000     0.00000     0.00000     0.00000     0.00000     0.00000     0.00000     0.00000     0.00000   192.07690   190.80412   189.53134   188.25853   186.98575   185.71294   184.44017   183.16737   181.89458   180.62178   179.34900   178.07620   176.80342   175.53061   174.25783   172.98503   171.71225   170.43945   169.16666   167.89386   166.62106   165.34830   164.07547   162.80270   161.52991   160.25711   158.98431   157.71152   156.43874   155.16592   153.89314   152.62036   151.34756   150.07477   148.80197   147.52917   146.25639   144.98361   143.71082   142.43802   141.16522   139.89244   138.61964   137.34685   136.07405   134.80127   133.52847   132.25568   130.98288   129.71010   128.43730   127.16451   125.89172   124.61893   123.34613   122.07335   120.80055   119.52776   118.25497   116.98218   115.70938   114.43659   113.16380   111.89101   110.61821     0.00000     0.00000     0.00000     0.00000     0.00000     0.00000     0.00000     0.00000     0.00000     0.00000     0.00000     0.00000     0.00000     0.00000     0.00000     0.00000     0.00000     0.00000     0.00000     0.00000     0.00000     0.00000     0.00000     0.00000     0.00000     0.00000     0.00000     0.00000     0.00000     0.00000     0.00000     0.00000     0.00000     0.00000     0.00000     0.00000     0.00000     0.00000     0.00000     0.00000     0.00000     0.00000     0.00000     0.00000     0.00000     0.00000     0.00000     0.00000     0.00000     0.00000     0.00000     0.00000     0.00000     0.00000     0.00000     0.00000     0.00000     0.00000     0.00000     0.00000     0.00000     0.00000     0.00000     0.00000     0.00000     0.00000     0.00000     0.00000     0.00000     0.00000     0.00000     0.00000     0.00000     0.00000     0.00000     0.00000     0.00000     0.00000     0.00000     0.00000     0.00000     0.00000
     0.00000     0.00000     0.00000     0.00000     0.00000     0.00000     0.00000     0.00000     0.00000     0.00000     0.00000     0.00000     0.00000     0.00000     0.00000     0.00000     0.00000     0.00000     0.00000     0.00000     0.00000     0.00000     0.00000     0.00000     0.00000     0.00000     0.00000     0.00000     0.00000     0.00000     0.00000     0.00000     0.00000     0.00000     0.00000     0.00000     0.00000     0.00000     0.00000     0.00000     0.00000     0.00000     0.00000     0.00000     0.00000     0.00000     0.00000     0.00000     0.00000     0.00000     0.00000     0.00000     0.00000     0.00000     0.00000     0.00000     0.00000     0.00000     0.00000     0.00000     0.00000     0.00000     0.00000     0.00000     0.00000     0.00000     0.00000     0.00000     0.00000     0.00000     0.00000     0.00000     0.00000     0.00000     0.00000     0.00000     0.00000     0.00000     0.00000     0.00000     0.00000     0.00000     0.00000   192.35976   191.08696   189.81418   188.54137   187.26860   185.99579   184.72301   183.45021   182.17743   180.90463   179.63185   178.35904   177.08626   175.81345   174.54068   173.26788   171.99509   170.72229   169.44949   168.17670   166.90390   165.63113   164.35832   163.08554   161.81274   160.53995   159.26717   157.99435   156.72157   155.44878   154.17599   152.90320   151.63040   150.35760   149.08481   147.81203   146.53925   145.26645   143.99365   142.72086   141.44806   140.17528   138.90248   137.62970   136.35690   135.08411   133.81131   132.53853   131.26573   129.99294   128.72014   127.44736   126.17456   124.90177   123.62897   122.35619   121.08340   119.81060   118.53781   117.26502   115.99223   114.71944   113.44664     0.00000     0.00000     0.00000     0.00000     0.00000     0.00000     0.00000     0.00000     0.00000     0.00000     0.00000     0.00000     0.00000     0.00000     0.00000     0.00000     0.00000     0.00000     0.00000     0.00000     0.00000     0.00000     0.00000     0.00000     0.00000     0.00000     0.00000     0.00000     0.00000     0.00000     0.00000     0.00000     0.00000     0.00000     0.00000     0.00000     0.00000     0.00000     0.00000     0.00000     0.00000     0.00000     0.00000     0.00000     0.00000     0.00000     0.00000     0.00000     0.00000     0.00000     0.00000     0.00000     0.00000     0.00000     0.00000     0.00000     0.00000     0.00000     0.00000     0.00000     0.00000     0.00000     0.00000     0.00000     0.00000     0.00000     0.00000     0.00000     0.00000     0.00000     0.00000     0.00000     0.00000     0.00000     0.00000     0.00000     0.00000     0.00000     0.00000     0.00000     0.00000     0.00000     0.00000
     0.00000     0.00000     0.00000     0.00000     0.00000     0.00000     0.00000     0.00000     0.00000     0.00000     0.00000     0.00000     0.00000     0.00000     0.00000     0.00000     0.00000     0.00000     0.00000     0.00000     0.00000     0.00000     0.00000     0.00000     0.00000     0.00000     0.00000     0.00000     0.00000     0.00000     0.00000     0.00000     0.00000     0.00000     0.00000     0.00000     0.00000     0.00000     0.00000     0.00000     0.00000     0.00000     0.00000     0.00000     0.00000     0.00000     0.00000     0.00000     0.00000     0.00000     0.00000     0.00000     0.00000     0.00000     0.00000     0.00000     0.00000     0.00000     0.00000     0.00000     0.00000     0.00000     0.00000     0.00000     0.00000     0.00000     0.00000     0.00000     0.00000     0.00000     0.00000     0.00000     0.00000     0.00000     0.00000     0.00000     0.00000     0.00000     0.00000     0.00000     0.00000     0.00000     0.00000     0.00000   192.64259   191.36980   190.09703   188.82422   187.55144   186.27863   185.00586   183.73306   182.46027   181.18747   179.91469   178.64188   177.36911   176.09628   174.82352   173.55072   172.27792   171.00513   169.73233   168.45955   167.18675   165.91397   164.64117   163.36838   162.09558   160.82278   159.55000   158.27721   157.00443   155.73161   154.45883   153.18604   151.91324   150.64046   149.36765   148.09488   146.82208   145.54930   144.27649   143.00369   141.73091   140.45813   139.18533   137.91254   136.63974   135.36694   134.09415   132.82137   131.54857   130.27579   129.00299   127.73020   126.45741   125.18462   123.91182   122.63903   121.36624   120.09344   118.82065   117.54787   116.27507     0.00000     0.00000     0.00000     0.00000     0.00000     0.00000     0.00000     0.00000     0.00000     0.00000     0.00000     0.00000     0.00000     0.00000     0.00000     0.00000     0.00000     0.00000     0.00000     0.00000     0.00000     0.00000     0.00000     0.00000     0.00000     0.00000     0.00000     0.00000     0.00000     0.00000     0.00000     0.00000     0.00000     0.00000     0.00000     0.00000     0.00000     0.00000     0.00000     0.00000     0.00000     0.00000     0.00000     0.00000     0.00000     0.00000     0.00000     0.00000     0.00000     0.00000     0.00000     0.00000     0.00000     0.00000     0.00000     0.00000     0.00000     0.00000     0.00000     0.00000     0.00000     0.00000     0.00000     0.00000     0.00000     0.00000     0.00000     0.00000     0.00000     0.00000     0.00000     0.00000     0.00000     0.00000     0.00000     0.00000     0.00000     0.00000     0.00000     0.00000     0.00000     0.00000     0.00000     0.00000
     0.00000     0.00000     0.00000     0.00000     0.00000     0.00000     0.00000     0.00000     0.00000     0.00000     0.00000     0.00000     0.00000     0.00000     0.00000     0.00000     0.00000     0.00000     0.00000     0.00000     0.00000     0.00000     0.00000     0.00000     0.00000     0.00000     0.00000     0.00000     0.00000     0.00000     0.00000     0.00000     0.00000     0.00000     0.00000     0.00000     0.00000     0.00000     0.00000     0.00000     0.00000     0.00000     0.00000     0.00000     0.00000     0.00000     0.00000     0.00000     0.00000     0.00000     0.00000     0.00000     0.00000     0.00000     0.00000     0.00000     0.00000     0.00000     0.00000     0.00000     0.00000     0.00000     0.00000     0.00000     0.00000     0.00000     0.00000     0.00000     0.00000     0.00000     0.00000     0.00000     0.00000     0.00000     0.00000     0.00000     0.00000     0.00000     0.00000     0.00000     0.00000     0.00000     0.00000     0.00000     0.00000   192.92545   191.65265   190.37987   189.10706   187.83429   186.56146   185.28870   184.01590   182.74310   181.47031   180.19754   178.92471   177.65195   176.37914   175.10635   173.83356   172.56076   171.28798   170.01518   168.74239   167.46960   166.19681   164.92401   163.65123   162.37842   161.10564   159.83286   158.56004   157.28726   156.01447   154.74167   153.46889   152.19608   150.92331   149.65050   148.37772   147.10492   145.83214   144.55934   143.28653   142.01375   140.74097   139.46817   138.19537   136.92258   135.64978   134.37700   133.10422   131.83142   130.55862   129.28583   128.01305   126.74025   125.46745   124.19466   122.92188   121.64908   120.37629   119.10349     0.00000     0.00000     0.00000     0.00000     0.00000     0.00000     0.00000     0.00000     0.00000     0.00000     0.00000     0.00000     0.00000     0.00000     0.00000     0.00000     0.00000     0.00000     0.00000     0.00000     0.00000     0.00000     0.00000     0.00000     0.00000     0.00000     0.00000     0.00000     0.00000     0.00000     0.00000     0.00000     0.00000     0.00000     0.00000     0.00000     0.00000     0.00000     0.00000     0.00000     0.00000     0.00000     0.00000     0.00000     0.00000     0.00000     0.00000     0.00000     0.00000     0.00000     0.00000     0.00000     0.00000     0.00000     0.00000     0.00000     0.00000     0.00000     0.00000     0.00000     0.00000     0.00000     0.00000     0.00000     0.00000     0.00000     0.00000     0.00000     0.00000     0.00000     0.00000     0.00000     0.00000     0.00000     0.00000     0.00000     0.00000     0.00000     0.00000     0.00000     0.00000     0.00000     0.00000     0.00000     0.00000
     0.00000     0.00000     0.00000     0.00000     0.00000     0.00000     0.00000     0.00000     0.00000     0.00000     0.00000     0.00000     0.00000     0.00000     0.00000     0.00000     0.00000     0.00000     0.00000     0.00000     0.00000     0.00000     0.00000     0.00000     0.00000     0.00000     0.00000     0.00000     0.00000     0.00000     0.00000     0.00000     0.00000     0.00000     0.00000     0.00000     0.00000     0.00000     0.00000     0.00000     0.00000     0.00000     0.00000     0.00000     0.00000     0.00000     0.00000     0.00000     0.00000     0.00000     0.00000     0.00000     0.00000     0.00000     0.00000     0.00000     0.00000     0.00000     0.00000     0.00000     0.00000     0.00000     0.00000     0.00000     0.00000     0.00000     0.00000     0.00000     0.00000     0.00000     0.00000     0.00000     0.00000     0.00000     0.00000     0.00000     0.00000     0.00000     0.00000     0.00000     0.00000     0.00000     0.00000     0.00000     0.00000     0.00000   193.20828   191.93549   190.66272   189.38989   188.11713   186.84431   185.57153   184.29874   183.02594   181.75314   180.48038   179.20757   177.93478   176.66199   175.38919   174.11641   172.84361   171.57082   170.29803   169.02524   167.75244   166.47966   165.20685   163.93407   162.66127   161.38847   160.11569   158.84290   157.57010   156.29730   155.02451   153.75174   152.47893   151.20615   149.93335   148.66055   147.38777   146.11499   144.84218   143.56938   142.29660   141.02380   139.75101   138.47821   137.20543   135.93263   134.65984   133.38705   132.11426   130.84146   129.56866   128.29588   127.02309   125.75030   124.47750   123.20472   121.93192     0.00000     0.00000     0.00000     0.00000     0.00000     0.00000     0.00000     0.00000     0.00000     0.00000     0.00000     0.00000     0.00000     0.00000     0.00000     0.00000     0.00000     0.00000     0.00000     0.00000     0.00000     0.00000     0.00000     0.00000     0.00000     0.00000     0.00000     0.00000     0.00000     0.00000     0.00000     0.00000     0.00000     0.00000     0.00000     0.00000     0.00000     0.00000     0.00000     0.00000     0.00000     0.00000     0.00000     0.00000     0.00000     0.00000     0.00000     0.00000     0.00000     0.00000     0.00000     0.00000     0.00000     0.00000     0.00000     0.00000     0.00000     0.00000     0.00000     0.00000     0.00000     0.00000     0.00000     0.00000     0.00000     0.00000     0.00000     0.00000     0.00000     0.00000     0.00000     0.00000     0.00000     0.00000     0.00000     0.00000     0.00000     0.00000     0.00000     0.00000     0.00000     0.00000     0.00000     0.00000     0.00000     0.00000
     0.00000     0.00000     0.00000     0.00000     0.00000     0.00000     0.00000     0.00000     0.00000     0.00000     0.00000     0.00000     0.00000     0.00000     0.00000     0.00000     0.00000     0.00000     0.00000     0.00000     0.00000     0.00000     0.00000     0.00000     0.00000     0.00000     0.00000     0.00000     0.00000     0.00000     0.00000     0.00000     0.00000     0.00000     0.00000     0.00000     0.00000     0.00000     0.00000     0.00000     0.00000     0.00000     0.00000     0.00000     0.00000     0.00000     0.00000     0.00000     0.00000     0.00000     0.00000     0.00000     0.00000     0.00000     0.00000     0.00000     0.00000     0.00000     0.00000     0.00000     0.00000     0.00000     0.00000     0.00000     0.00000     0.00000     0.00000     0.00000     0.00000     0.00000     0.00000     0.00000     0.00000     0.00000     0.00000     0.00000     0.00000     0.00000     0.00000     0.00000     0.00000     0.00000     0.00000     0.00000     0.00000     0.00000     0.00000   193.49112   192.21832   190.94556   189.67274   188.39996   187.12715   185.85437   184.58157   183.30879   182.03600   180.76321   179.49042   178.21762   176.94482   175.67204   174.39925   173.12646   171.85367   170.58087   169.30807   168.03528   166.76250   165.48969   164.21692   162.94412   161.67133   160.39853   159.12573   157.85294   156.58014   155.30736   154.03458   152.76178   151.48898   150.21619   148.94339   147.67061   146.39783   145.12503   143.85222   142.57944   141.30664   140.03386   138.76106   137.48827   136.21548   134.94269   133.66989   132.39709   131.12430   129.85152   128.57874   127.30593   126.03314   124.76035     0.00000     0.00000     0.00000     0.00000     0.00000     0.00000     0.00000     0.00000     0.00000     0.00000     0.00000     0.00000     0.00000     0.00000     0.00000     0.00000     0.00000     0.00000     0.00000     0.00000     0.00000     0.00000     0.00000     0.00000     0.00000     0.00000     0.00000     0.00000     0.00000     0.00000     0.00000     0.00000     0.00000     0.00000     0.00000     0.00000     0.00000     0.00000     0.00000     0.00000     0.00000     0.00000     0.00000     0.00000     0.00000     0.00000     0.00000     0.00000     0.00000     0.00000     0.00000     0.00000     0.00000     0.00000     0.00000     0.00000     0.00000     0.00000     0.00000     0.00000     0.00000     0.00000     0.00000     0.00000     0.00000     0.00000     0.00000     0.00000     0.00000     0.00000     0.00000     0.00000     0.00000     0.00000     0.00000     0.00000     0.00000     0.00000     0.00000     0.00000     0.00000     0.00000     0.00000     0.00000     0.00000     0.00000     0.00000
     0.00000     0.00000     0.00000     0.00000     0.00000     0.00000     0.00000     0.00000     0.00000     0.00000     0.00000     0.00000     0.00000     0.00000     0.00000     0.00000     0.00000     0.00000     0.00000     0.00000     0.00000     0.00000     0.00000     0.00000     0.00000     0.00000     0.00000     0.00000     0.00000     0.00000     0.00000     0.00000     0.00000     0.00000     0.00000     0.00000     0.00000     0.00000     0.00000     0.00000     0.00000     0.00000     0.00000     0.00000     0.00000     0.00000     0.00000     0.00000     0.00000     0.00000     0.00000     0.00000     0.00000     0.00000     0.00000     0.00000     0.00000     0.00000     0.00000     0.00000     0.00000     0.00000     0.00000     0.00000     0.00000     0.00000     0.00000     0.00000     0.00000     0.00000     0.00000     0.00000     0.00000     0.00000     0.00000     0.00000     0.00000     0.00000     0.00000     0.00000     0.00000     0.00000     0.00000     0.00000     0.00000     0.00000     0.00000     0.00000   193.77397   192.50117   191.22839   189.95558   188.68280   187.41000   186.13722   184.86443   183.59163   182.31885   181.04605   179.77325   178.50047   177.22766   175.95490   174.68210   173.40930   172.13651   170.86371   169.59091   168.31812   167.04535   165.77254   164.49976   163.22696   161.95416   160.68137   159.40857   158.13579   156.86299   155.59021   154.31741   153.04462   151.77182   150.49902   149.22624   147.95346   146.68066   145.40787   144.13507   142.86227   141.58949   140.31670   139.04391   137.77112   136.49832   135.22552   133.95273   132.67995   131.40715   130.13435   128.86157   127.58878     0.00000     0.00000     0.00000     0.00000     0.00000     0.00000     0.00000     0.00000     0.00000     0.00000     0.00000     0.00000     0.00000     0.00000     0.00000     0.00000     0.00000     0.00000     0.00000     0.00000     0.00000     0.00000     0.00000     0.00000     0.00000     0.00000     0.00000     0.00000     0.00000     0.00000     0.00000     0.00000     0.00000     0.00000     0.00000     0.00000     0.00000     0.00000     0.00000     0.00000     0.00000     0.00000     0.00000     0.00000     0.00000     0.00000     0.00000     0.00000     0.00000     0.00000     0.00000     0.00000     0.00000     0.00000     0.00000     0.00000     0.00000     0.00000     0.00000     0.00000     0.00000     0.00000     0.00000     0.00000     0.00000     0.00000     0.00000     0.00000     0.00000     0.00000     0.00000     0.00000     0.00000     0.00000     0.00000     0.00000     0.00000     0.00000     0.00000     0.00000     0.00000     0.00000     0.00000     0.00000     0.00000     0.00000     0.00000     0.00000
     0.00000     0.00000     0.00000     0.00000     0.00000     0.00000     0.00000     0.00000     0.00000     0.00000     0.00000     0.00000     0.00000     0.00000     0.00000     0.00000     0.00000     0.00000     0.00000     0.00000     0.00000     0.00000     0.00000     0.00000     0.00000     0.00000     0.00000     0.00000     0.00000     0.00000     0.00000     0.00000     0.00000     0.00000     0.00000     0.00000     0.00000     0.00000     0.00000     0.00000     0.00000     0.00000     0.00000     0.00000     0.00000     0.00000     0.00000     0.00000     0.00000     0.00000     0.00000     0.00000     0.00000     0.00000     0.00000     0.00000     0.00000     0.00000     0.00000     0.00000     0.00000     0.00000     0.00000     0.00000     0.00000     0.00000     0.00000     0.00000     0.00000     0.00000     0.00000     0.00000     0.00000     0.00000     0.00000     0.00000     0.00000     0.00000     0.00000     0.00000     0.00000     0.00000     0.00000     0.00000     0.00000     0.00000     0.00000     0.00000     0.00000   194.05681   192.78401   191.51123   190.23843   188.96565   187.69284   186.42006   185.14728   183.87448   182.60168   181.32890   180.05609   178.78333   177.51050   176.23773   174.96494   173.69214   172.41934   171.14655   169.87376   168.60097   167.32819   166.05537   164.78259   163.50980   162.23700   160.96422   159.69142   158.41864   157.14583   155.87305   154.60025   153.32745   152.05467   150.78186   149.50908   148.23630   146.96350   145.69070   144.41791   143.14511   141.87234   140.59955   139.32675   138.05396   136.78116   135.50836   134.23558   132.96278   131.69000   130.41721     0.00000     0.00000     0.00000     0.00000     0.00000     0.00000     0.00000     0.00000     0.00000     0.00000     0.00000     0.00000     0.00000     0.00000     0.00000     0.00000     0.00000     0.00000     0.00000     0.00000     0.00000     0.00000     0.00000     0.00000     0.00000     0.00000     0.00000     0.00000     0.00000     0.00000     0.00000     0.00000     0.00000     0.00000     0.00000     0.00000     0.00000     0.00000     0.00000     0.00000     0.00000     0.00000     0.00000     0.00000     0.00000     0.00000     0.00000     0.00000     0.00000     0.00000     0.00000     0.00000     0.00000     0.00000     0.00000     0.00000     0.00000     0.00000     0.00000     0.00000     0.00000     0.00000     0.00000     0.00000     0.00000     0.00000     0.00000     0.00000     0.00000     0.00000     0.00000     0.00000     0.00000     0.00000     0.00000     0.00000     0.00000     0.00000     0.00000     0.00000     0.00000     0.00000     0.00000     0.00000     0.00000     0.00000     0.00000     0.00000     0.00000
     0.00000     0.00000     0.00000     0.00000     0.00000     0.00000     0.00000     0.00000     0.00000     0.00000     0.00000     0.00000     0.00000     0.00000     0.00000     0.00000     0.00000     0.00000     0.00000     0.00000     0.00000     0.00000     0.00000     0.00000     0.00000     0.00000     0.00000     0.00000     0.00000     0.00000     0.00000     0.00000     0.00000     0.00000     0.00000     0.00000     0.00000     0.00000     0.00000     0.00000     0.00000     0.00000     0.00000     0.00000     0.00000     0.00000     0.00000     0.00000     0.00000     0.00000     0.00000     0.00000     0.00000     0.00000     0.00000     0.00000     0.00000     0.00000     0.00000     0.00000     0.00000     0.00000     0.00000     0.00000     0.00000     0.00000     0.00000     0.00000     0.00000     0.00000     0.00000     0.00000     0.00000     0.00000     0.00000     0.00000     0.00000     0.00000     0.00000     0.00000     0.00000     0.00000     0.00000     0.00000     0.00000     0.00000     0.00000     0.00000     0.00000     0.00000   194.33966   193.06686   191.79408   190.52127   189.24849   187.97568   186.70291   185.43011   184.15732   182.88452   181.61176   180.33893   179.06616   177.79335   176.52057   175.24777   173.97498   172.70219   171.42940   170.15660   168.88380   167.61102   166.33823   165.06544   163.79263   162.51985   161.24707   159.97426   158.70148   157.42868   156.15588   154.88310   153.61029   152.33751   151.06471   149.79193   148.51913   147.24635   145.97354   144.70074   143.42796   142.15518   140.88239   139.60959   138.33679   137.06400   135.79120   134.51843   133.24564     0.00000     0.00000     0.00000     0.00000     0.00000     0.00000     0.00000     0.00000     0.00000     0.00000     0.00000     0.00000     0.00000     0.00000     0.00000     0.00000     0.00000     0.00000     0.00000     0.00000     0.00000     0.00000     0.00000     0.00000     0.00000     0.00000     0.00000     0.00000     0.00000     0.00000     0.00000     0.00000     0.00000     0.00000     0.00000     0.00000     0.00000     0.00000     0.00000     0.00000     0.00000     0.00000     0.00000     0.00000     0.00000     0.00000     0.00000     0.00000     0.00000     0.00000     0.00000     0.00000     0.00000     0.00000     0.00000     0.00000     0.00000     0.00000     0.00000     0.00000     0.00000     0.00000     0.00000     0.00000     0.00000     0.00000     0.00000     0.00000     0.00000     0.00000     0.00000     0.00000     0.00000     0.00000     0.00000     0.00000     0.00000     0.00000     0.00000     0.00000     0.00000     0.00000     0.00000     0.00000     0.00000     0.00000     0.00000     0.00000     0.00000     0.00000
     0.00000     0.00000     0.00000     0.00000     0.00000     0.00000     0.00000     0.00000     0.00000     0.00000     0.00000     0.00000     0.00000     0.00000     0.00000     0.00000     0.00000     0.00000     0.00000     0.00000     0.00000     0.00000     0.00000     0.00000     0.00000     0.00000     0.00000     0.00000     0.00000     0.00000     0.00000     0.00000     0.00000     0.00000     0.00000     0.00000     0.00000     0.00000     0.00000     0.00000     0.00000     0.00000     0.00000     0.00000     0.00000     0.00000     0.00000     0.00000     0.00000     0.00000     0.00000     0.00000     0.00000     0.00000     0.00000     0.00000     0.00000     0.00000     0.00000     0.00000     0.00000     0.00000     0.00000     0.00000     0.00000     0.00000     0.00000     0.00000     0.00000     0.00000     0.00000     0.00000     0.00000     0.00000     0.00000     0.00000     0.00000     0.00000     0.00000     0.00000     0.00000     0.00000     0.00000     0.00000     0.00000     0.00000     0.00000     0.00000     0.00000     0.00000     0.00000   194.62250   193.34970   192.07692   190.80411   189.53134   188.25853   186.98575   185.71295   184.44016   183.16736   181.89459   180.62178   179.34900   178.07619   176.80341   175.53062   174.25783   172.98503   171.71223   170.43945   169.16666   167.89388   166.62106   165.34828   164.07549   162.80269   161.52991   160.25711   158.98431   157.71152   156.43872   155.16594   153.89314   152.62036   151.34755   150.07477   148.80197   147.52921   146.25639   144.98360   143.71082   142.43802   141.16522   139.89243   138.61963   137.34685   136.07405     0.00000     0.00000     0.00000     0.00000     0.00000     0.00000     0.00000     0.00000     0.00000     0.00000     0.00000     0.00000     0.00000     0.00000     0.00000     0.00000     0.00000     0.00000     0.00000     0.00000     0.00000     0.00000     0.00000     0.00000     0.00000     0.00000     0.00000     0.00000     0.00000     0.00000     0.00000     0.00000     0.00000     0.00000     0.00000     0.00000     0.00000     0.00000     0.00000     0.00000     0.00000     0.00000     0.00000     0.00000     0.00000     0.00000     0.00000     0.00000     0.00000     0.00000     0.00000     0.00000     0.00000     0.00000     0.00000     0.00000     0.00000     0.00000     0.00000     0.00000     0.00000     0.00000     0.00000     0.00000     0.00000     0.00000     0.00000     0.00000     0.00000     0.00000     0.00000     0.00000     0.00000     0.00000     0.00000     0.00000     0.00000     0.00000     0.00000     0.00000     0.00000     0.00000     0.00000     0.00000     0.00000     0.00000     0.00000     0.00000     0.00000     0.00000     0.00000
     0.00000     0.00000     0.00000     0.00000     0.00000     0.00000     0.00000     0.00000     0.00000     0.00000     0.00000     0.00000     0.00000     0.00000     0.00000     0.00000     0.00000     0.00000     0.00000     0.00000     0.00000     0.00000     0.00000     0.00000     0.00000     0.00000     0.00000     0.00000     0.00000     0.00000     0.00000     0.00000     0.00000     0.00000     0.00000     0.00000     0.00000     0.00000     0.00000     0.00000     0.00000     0.00000     0.00000     0.00000     0.00000     0.00000     0.00000     0.00000     0.00000     0.00000     0.00000     0.00000     0.00000     0.00000     0.00000     0.00000     0.00000     0.00000     0.00000     0.00000     0.00000     0.00000     0.00000     0.00000     0.00000     0.00000     0.00000     0.00000     0.00000     0.00000     0.00000     0.00000     0.00000     0.00000     0.00000     0.00000     0.00000     0.00000     0.00000     0.00000     0.00000     0.00000     0.00000     0.00000     0.00000     0.00000     0.00000     0.00000     0.00000     0.00000     0.00000     0.00000   194.90533   193.63254   192.35977   191.08696   189.81418   188.54137   187.26859   185.99579   184.72301   183.45021   182.17743   180.90462   179.63184   178.35904   177.08626   175.81346   174.54066   173.26788   171.99509   170.72229   169.44949   168.17671   166.90390   165.63113   164.35832   163.08554   161.81274   160.53995   159.26715   157.99435   156.72157   155.44879   154.17598   152.90320   151.63040   150.35760   149.08482   147.81204   146.53925   145.26643   143.99365   142.72086   141.44806   140.17528   138.90248     0.00000     0.00000     0.00000     0.00000     0.00000     0.00000     0.00000     0.00000     0.00000     0.00000     0.00000     0.00000     0.00000     0.00000     0.00000     0.00000     0.00000     0.00000     0.00000     0.00000     0.00000     0.00000     0.00000     0.00000     0.00000     0.00000     0.00000     0.00000     0.00000     0.00000     0.00000     0.00000     0.00000     0.00000     0.00000     0.00000     0.00000     0.00000     0.00000     0.00000     0.00000     0.00000     0.00000     0.00000     0.00000     0.00000     0.00000     0.00000     0.00000     0.00000     0.00000     0.00000     0.00000     0.00000     0.00000     0.00000     0.00000     0.00000     0.00000     0.00000     0.00000     0.00000     0.00000     0.00000     0.00000     0.00000     0.00000     0.00000     0.00000     0.00000     0.00000     0.00000     0.00000     0.00000     0.00000     0.00000     0.00000     0.00000     0.00000     0.00000     0.00000     0.00000     0.00000     0.00000     0.00000     0.00000     0.00000     0.00000     0.00000     0.00000     0.00000     0.00000
     0.00000     0.00000     0.00000     0.00000     0.00000     0.00000     0.00000     0.00000     0.00000     0.00000     0.00000     0.00000     0.00000     0.00000     0.00000     0.00000     0.00000     0.00000     0.00000     0.00000     0.00000     0.00000     0.00000     0.00000     0.00000     0.00000     0.00000     0.00000     0.00000     0.00000     0.00000     0.00000     0.00000     0.00000     0.00000     0.00000     0.00000     0.00000     0.00000     0.00000     0.00000     0.00000     0.00000     0.00000     0.00000     0.00000     0.00000     0.00000     0.00000     0.00000     0.00000     0.00000     0.00000     0.00000     0.00000     0.00000     0.00000     0.00000     0.00000     0.00000     0.00000     0.00000     0.00000     0.00000     0.00000     0.00000     0.00000     0.00000     0.00000     0.00000     0.00000     0.00000     0.00000     0.00000     0.00000     0.00000     0.00000     0.00000     0.00000     0.00000     0.00000     0.00000     0.00000     0.00000     0.00000     0.00000     0.00000     0.00000     0.00000     0.00000     0.00000     0.00000     0.00000   195.18817   193.91539   192.64261   191.36980   190.09702   188.82422   187.55144   186.27864   185.00584   183.73305   182.46027   181.18747   179.91469   178.64188   177.36909   176.09631   174.82352   173.55072   172.27792   171.00513   169.73233   168.45956   167.18675   165.91397   164.64117   163.36838   162.09558   160.82278   159.55000   158.27719   157.00441   155.73163   154.45883   153.18604   151.91324   150.64046   149.36768   148.09488   146.82208   145.54929   144.27649   143.00371   141.73091     0.00000     0.00000     0.00000     0.00000     0.00000     0.00000     0.00000     0.00000     0.00000     0.00000     0.00000     0.00000     0.00000     0.00000     0.00000     0.00000     0.00000     0.00000     0.00000     0.00000     0.00000     0.00000     0.00000     0.00000     0.00000     0.00000     0.00000     0.00000     0.00000     0.00000     0.00000     0.00000     0.00000     0.00000     0.00000     0.00000     0.00000     0.00000     0.00000     0.00000     0.00000     0.00000     0.00000     0.00000     0.00000     0.00000     0.00000     0.00000     0.00000     0.00000     0.00000     0.00000     0.00000     0.00000     0.00000     0.00000     0.00000     0.00000     0.00000     0.00000     0.00000     0.00000     0.00000     0.00000     0.00000     0.00000     0.00000     0.00000     0.00000     0.00000     0.00000     0.00000     0.00000     0.00000     0.00000     0.00000     0.00000     0.00000     0.00000     0.00000     0.00000     0.00000     0.00000     0.00000     0.00000     0.00000     0.00000     0.00000     0.00000     0.00000     0.00000     0.00000     0.00000
     0.00000     0.00000     0.00000     0.00000     0.00000     0.00000     0.00000     0.00000     0.00000     0.00000     0.00000     0.00000     0.00000     0.00000     0.00000     0.00000     0.00000     0.00000     0.00000     0.00000     0.00000     0.00000     0.00000     0.00000     0.00000     0.00000     0.00000     0.00000     0.00000     0.00000     0.00000     0.00000     0.00000     0.00000     0.00000     0.00000     0.00000     0.00000     0.00000     0.00000     0.00000     0.00000     0.00000     0.00000     0.00000     0.00000     0.00000     0.00000     0.00000     0.00000     0.00000     0.00000     0.00000     0.00000     0.00000     0.00000     0.00000     0.00000     0.00000     0.00000     0.00000     0.00000     0.00000     0.00000     0.00000     0.00000     0.00000     0.00000     0.00000     0.00000     0.00000     0.00000     0.00000     0.00000     0.00000     0.00000     0.00000     0.00000     0.00000     0.00000     0.00000     0.00000     0.00000     0.00000     0.00000     0.00000     0.00000     0.00000     0.00000     0.00000     0.00000     0.00000     0.00000     0.00000   195.47102   194.19823   192.92545   191.65265   190.37987   189.10706   187.83427   186.56148   185.28870   184.01590   182.74312   181.47031   180.19753   178.92471   177.65195   176.37915   175.10635   173.83356   172.56076   171.28796   170.01518   168.74240   167.46959   166.19681   164.92401   163.65121   162.37843   161.10562   159.83284   158.56004   157.28726   156.01447   154.74167   153.46889   152.19608   150.92329   149.65051   148.37772   147.10492   145.83212   144.55933     0.00000     0.00000     0.00000     0.00000     0.00000     0.00000     0.00000     0.00000     0.00000     0.00000     0.00000     0.00000     0.00000     0.00000     0.00000     0.00000     0.00000     0.00000     0.00000     0.00000     0.00000     0.00000     0.00000     0.00000     0.00000     0.00000     0.00000     0.00000     0.00000     0.00000     0.00000     0.00000     0.00000     0.00000     0.00000     0.00000     0.00000     0.00000     0.00000     0.00000     0.00000     0.00000     0.00000     0.00000     0.00000     0.00000     0.00000     0.00000     0.00000     0.00000     0.00000     0.00000     0.00000     0.00000     0.00000     0.00000     0.00000     0.00000     0.00000     0.00000     0.00000     0.00000     0.00000     0.00000     0.00000     0.00000     0.00000     0.00000     0.00000     0.00000     0.00000     0.00000     0.00000     0.00000     0.00000     0.00000     0.00000     0.00000     0.00000     0.00000     0.00000     0.00000     0.00000     0.00000     0.00000     0.00000     0.00000     0.00000     0.00000     0.00000     0.00000     0.00000     0.00000     0.00000
     0.00000     0.00000     0.00000     0.00000     0.00000     0.00000     0.00000     0.00000     0.00000     0.00000     0.00000     0.00000     0.00000     0.00000     0.00000     0.00000     0.00000     0.00000     0.00000     0.00000     0.00000     0.00000     0.00000     0.00000     0.00000     0.00000     0.00000     0.00000     0.00000     0.00000     0.00000     0.00000     0.00000     0.00000     0.00000     0.00000     0.00000     0.00000     0.00000     0.00000     0.00000     0.00000     0.00000     0.00000     0.00000     0.00000     0.00000     0.00000     0.00000     0.00000     0.00000     0.00000     0.00000     0.00000     0.00000     0.00000     0.00000     0.00000     0.00000     0.00000     0.00000     0.00000     0.00000     0.00000     0.00000     0.00000     0.00000     0.00000     0.00000     0.00000     0.00000     0.00000     0.00000     0.00000     0.00000     0.00000     0.00000     0.00000     0.00000     0.00000     0.00000     0.00000     0.00000     0.00000     0.00000     0.00000     0.00000     0.00000     0.00000     0.00000     0.00000     0.00000     0.00000     0.00000     0.00000   195.75388   194.48108   193.20830   191.93549   190.66270   189.38989   188.11713   186.84433   185.57153   184.29874   183.02596   181.75314   180.48038   179.20757   177.93478   176.66199   175.38919   174.11639   172.84361   171.57082   170.29802   169.02524   167.75244   166.47966   165.20685   163.93405   162.66127   161.38847   160.11569   158.84290   157.57010   156.29732   155.02451   153.75172   152.47893   151.20615   149.93335   148.66057   147.38776     0.00000     0.00000     0.00000     0.00000     0.00000     0.00000     0.00000     0.00000     0.00000     0.00000     0.00000     0.00000     0.00000     0.00000     0.00000     0.00000     0.00000     0.00000     0.00000     0.00000     0.00000     0.00000     0.00000     0.00000     0.00000     0.00000     0.00000     0.00000     0.00000     0.00000     0.00000     0.00000     0.00000     0.00000     0.00000     0.00000     0.00000     0.00000     0.00000     0.00000     0.00000     0.00000     0.00000     0.00000     0.00000     0.00000     0.00000     0.00000     0.00000     0.00000     0.00000     0.00000     0.00000     0.00000     0.00000     0.00000     0.00000     0.00000     0.00000     0.00000     0.00000     0.00000     0.00000     0.00000     0.00000     0.00000     0.00000     0.00000     0.00000     0.00000     0.00000     0.00000     0.00000     0.00000     0.00000     0.00000     0.00000     0.00000     0.00000     0.00000     0.00000     0.00000     0.00000     0.00000     0.00000     0.00000     0.00000     0.00000     0.00000     0.00000     0.00000     0.00000     0.00000     0.00000     0.00000
     0.00000     0.00000     0.00000     0.00000     0.00000     0.00000     0.00000     0.00000     0.00000     0.00000     0.00000     0.00000     0.00000     0.00000     0.00000     0.00000     0.00000     0.00000     0.00000     0.00000     0.00000     0.00000     0.00000     0.00000     0.00000     0.00000     0.00000     0.00000     0.00000     0.00000     0.00000     0.00000     0.00000     0.00000     0.00000     0.00000     0.00000     0.00000     0.00000     0.00000     0.00000     0.00000     0.00000     0.00000     0.00000     0.00000     0.00000     0.00000     0.00000     0.00000     0.00000     0.00000     0.00000     0.00000     0.00000     0.00000     0.00000     0.00000     0.00000     0.00000     0.00000     0.00000     0.00000     0.00000     0.00000     0.00000     0.00000     0.00000     0.00000     0.00000     0.00000     0.00000     0.00000     0.00000     0.00000     0.00000     0.00000     0.00000     0.00000     0.00000     0.00000     0.00000     0.00000     0.00000     0.00000     0.00000     0.00000     0.00000     0.00000     0.00000     0.00000     0.00000     0.00000     0.00000     0.00000     0.00000   196.03671   194.76392   193.49113   192.21832   190.94556   189.67274   188.39996   187.12717   185.85437   184.58157   183.30881   182.03600   180.76321   179.49040   178.21762   176.94482   175.67204   174.39925   173.12645   171.85367   170.58087   169.30809   168.03528   166.76250   165.48970   164.21690   162.94412   161.67133   160.39853   159.12573   157.85294   156.58015   155.30736   154.03458   152.76176   151.48898   150.21619     0.00000     0.00000     0.00000     0.00000     0.00000     0.00000     0.00000     0.00000     0.00000     0.00000     0.00000     0.00000     0.00000     0.00000     0.00000     0.00000     0.00000     0.00000     0.00000     0.00000     0.00000     0.00000     0.00000     0.00000     0.00000     0.00000     0.00000     0.00000     0.00000     0.00000     0.00000     0.00000     0.00000     0.00000     0.00000     0.00000     0.00000     0.00000     0.00000     0.00000     0.00000     0.00000     0.00000     0.00000     0.00000     0.00000     0.00000     0.00000     0.00000     0.00000     0.00000     0.00000     0.00000     0.00000     0.00000     0.00000     0.00000     0.00000     0.00000     0.00000     0.00000     0.00000     0.00000     0.00000     0.00000     0.00000     0.00000     0.00000     0.00000     0.00000     0.00000     0.00000     0.00000     0.00000     0.00000     0.00000     0.00000     0.00000     0.00000     0.00000     0.00000     0.00000     0.00000     0.00000     0.00000     0.00000     0.00000     0.00000     0.00000     0.00000     0.00000     0.00000     0.00000     0.00000     0.00000     0.00000
     0.00000     0.00000     0.00000     0.00000     0.00000     0.00000     0.00000     0.00000     0.00000     0.00000     0.00000     0.00000     0.00000     0.00000     0.00000     0.00000     0.00000     0.00000     0.00000     0.00000     0.00000     0.00000     0.00000     0.00000     0.00000     0.00000     0.00000     0.00000     0.00000     0.00000     0.00000     0.00000     0.00000     0.00000     0.00000     0.00000     0.00000     0.00000     0.00000     0.00000     0.00000     0.00000     0.00000     0.00000     0.00000     0.00000     0.00000     0.00000     0.00000     0.00000     0.00000     0.00000     0.00000     0.00000     0.00000     0.00000     0.00000     0.00000     0.00000     0.00000     0.00000     0.00000     0.00000     0.00000     0.00000     0.00000     0.00000     0.00000     0.00000     0.00000     0.00000     0.00000     0.00000     0.00000     0.00000     0.00000     0.00000     0.00000     0.00000     0.00000     0.00000     0.00000     0.00000     0.00000     0.00000     0.00000     0.00000     0.00000     0.00000     0.00000     0.00000     0.00000     0.00000     0.00000     0.00000     0.00000     0.00000   196.31955   195.04675   193.77399   192.50117   191.22839   189.95558   188.68280   187.41000   186.13721   184.86443   183.59164   182.31883   181.04605   179.77325   178.50047   177.22768   175.95488   174.68210   173.40930   172.13651   170.86371   169.59093   168.31812   167.04535   165.77254   164.49976   163.22696   161.95416   160.68137   159.40857   158.13579   156.86301   155.59019   154.31741   153.04462     0.00000     0.00000     0.00000     0.00000     0.00000     0.00000     0.00000     0.00000     0.00000     0.00000     0.00000     0.00000     0.00000     0.00000     0.00000     0.00000     0.00000     0.00000     0.00000     0.00000     0.00000     0.00000     0.00000     0.00000     0.00000     0.00000     0.00000     0.00000     0.00000     0.00000     0.00000     0.00000     0.00000     0.00000     0.00000     0.00000     0.00000     0.00000     0.00000     0.00000     0.00000     0.00000     0.00000     0.00000     0.00000     0.00000     0.00000     0.00000     0.00000     0.00000     0.00000     0.00000     0.00000     0.00000     0.00000     0.00000     0.00000     0.00000     0.00000     0.00000     0.00000     0.00000     0.00000     0.00000     0.00000     0.00000     0.00000     0.00000     0.00000     0.00000     0.00000     0.00000     0.00000     0.00000     0.00000     0.00000     0.00000     0.00000     0.00000     0.00000     0.00000     0.00000     0.00000     0.00000     0.00000     0.00000     0.00000     0.00000     0.00000     0.00000     0.00000     0.00000     0.00000     0.00000     0.00000     0.00000     0.00000
     0.00000     0.00000     0.00000     0.00000     0.00000     0.00000     0.00000     0.00000     0.00000     0.00000     0.00000     0.00000     0.00000     0.00000     0.00000     0.00000     0.00000     0.00000     0.00000     0.00000     0.00000     0.00000     0.00000     0.00000     0.00000     0.00000     0.00000     0.00000     0.00000     0.00000     0.00000     0.00000     0.00000     0.00000     0.00000     0.00000     0.00000     0.00000     0.00000     0.00000     0.00000     0.00000     0.00000     0.00000     0.00000     0.00000     0.00000     0.00000     0.00000     0.00000     0.00000     0.00000     0.00000     0.00000     0.00000     0.00000     0.00000     0.00000     0.00000     0.00000     0.00000     0.00000     0.00000     0.00000     0.00000     0.00000     0.00000     0.00000     0.00000     0.00000     0.00000     0.00000     0.00000     0.00000     0.00000     0.00000     0.00000     0.00000     0.00000     0.00000     0.00000     0.00000     0.00000     0.00000     0.00000     0.00000     0.00000     0.00000     0.00000     0.00000     0.00000     0.00000     0.00000     0.00000     0.00000     0.00000     0.00000     0.00000   196.60239   195.32961   194.05682   192.78401   191.51123   190.23843   188.96564   187.69286   186.42006   185.14726   183.87448   182.60168   181.32890   180.05609   178.78331   177.51053   176.23773   174.96494   173.69214   172.41934   171.14655   169.87378   168.60095   167.32819   166.05539   164.78259   163.50980   162.23700   160.96422   159.69141   158.41862   157.14584   155.87305     0.00000     0.00000     0.00000     0.00000     0.00000     0.00000     0.00000     0.00000     0.00000     0.00000     0.00000     0.00000     0.00000     0.00000     0.00000     0.00000     0.00000     0.00000     0.00000     0.00000     0.00000     0.00000     0.00000     0.00000     0.00000     0.00000     0.00000     0.00000     0.00000     0.00000     0.00000     0.00000     0.00000     0.00000     0.00000     0.00000     0.00000     0.00000     0.00000     0.00000     0.00000     0.00000     0.00000     0.00000     0.00000     0.00000     0.00000     0.00000     0.00000     0.00000     0.00000     0.00000     0.00000     0.00000     0.00000     0.00000     0.00000     0.00000     0.00000     0.00000     0.00000     0.00000     0.00000     0.00000     0.00000     0.00000     0.00000     0.00000     0.00000     0.00000     0.00000     0.00000     0.00000     0.00000     0.00000     0.00000     0.00000     0.00000     0.00000     0.00000     0.00000     0.00000     0.00000     0.00000     0.00000     0.00000     0.00000     0.00000     0.00000     0.00000     0.00000     0.00000     0.00000     0.00000     0.00000     0.00000     0.00000     0.00000
     0.00000     0.00000     0.00000     0.00000     0.00000     0.00000     0.00000     0.00000     0.00000     0.00000     0.00000     0.00000     0.00000     0.00000     0.00000     0.00000     0.00000     0.00000     0.00000     0.00000     0.00000     0.00000     0.00000     0.00000     0.00000     0.00000     0.00000     0.00000     0.00000     0.00000     0.00000     0.00000     0.00000     0.00000     0.00000     0.00000     0.00000     0.00000     0.00000     0.00000     0.00000     0.00000     0.00000     0.00000     0.00000     0.00000     0.00000     0.00000     0.00000     0.00000     0.00000     0.00000     0.00000     0.00000     0.00000     0.00000     0.00000     0.00000     0.00000     0.00000     0.00000     0.00000     0.00000     0.00000     0.00000     0.00000     0.00000     0.00000     0.00000     0.00000     0.00000     0.00000     0.00000     0.00000     0.00000     0.00000     0.00000     0.00000     0.00000     0.00000     0.00000     0.00000     0.00000     0.00000     0.00000     0.00000     0.00000     0.00000     0.00000     0.00000     0.00000     0.00000     0.00000     0.00000     0.00000     0.00000     0.00000     0.00000     0.00000   196.88524   195.61244   194.33966   193.06686   191.79407   190.52127   189.24849   187.97569   186.70291   185.43011   184.15733   182.88452   181.61174   180.33893   179.06616   177.79337   176.52057   175.24777   173.97498   172.70218   171.42938   170.15662   168.88380   167.61102   166.33823   165.06543   163.79265   162.51984   161.24706   159.97426   158.70148     0.00000     0.00000     0.00000     0.00000     0.00000     0.00000     0.00000     0.00000     0.00000     0.00000     0.00000     0.00000     0.00000     0.00000     0.00000     0.00000     0.00000     0.00000     0.00000     0.00000     0.00000     0.00000     0.00000     0.00000     0.00000     0.00000     0.00000     0.00000     0.00000     0.00000     0.00000     0.00000     0.00000     0.00000     0.00000     0.00000     0.00000     0.00000     0.00000     0.00000     0.00000     0.00000     0.00000     0.00000     0.00000     0.00000     0.00000     0.00000     0.00000     0.00000     0.00000     0.00000     0.00000     0.00000     0.00000     0.00000     0.00000     0.00000     0.00000     0.00000     0.00000     0.00000     0.00000     0.00000     0.00000     0.00000     0.00000     0.00000     0.00000     0.00000     0.00000     0.00000     0.00000     0.00000     0.00000     0.00000     0.00000     0.00000     0.00000     0.00000     0.00000     0.00000     0.00000     0.00000     0.00000     0.00000     0.00000     0.00000     0.00000     0.00000     0.00000     0.00000     0.00000     0.00000     0.00000     0.00000     0.00000     0.00000     0.00000
     0.00000     0.00000     0.00000     0.00000     0.00000     0.00000     0.00000     0.00000     0.00000     0.00000     0.00000     0.00000     0.00000     0.00000     0.00000     0.00000     0.00000     0.00000     0.00000     0.00000     0.00000     0.00000     0.00000     0.00000     0.00000     0.00000     0.00000     0.00000     0.00000     0.00000     0.00000     0.00000     0.00000     0.00000     0.00000     0.00000     0.00000     0.00000     0.00000     0.00000     0.00000     0.00000     0.00000     0.00000     0.00000     0.00000     0.00000     0.00000     0.00000     0.00000     0.00000     0.00000     0.00000     0.00000     0.00000     0.00000     0.00000     0.00000     0.00000     0.00000     0.00000     0.00000     0.00000     0.00000     0.00000     0.00000     0.00000     0.00000     0.00000     0.00000     0.00000     0.00000     0.00000     0.00000     0.00000     0.00000     0.00000     0.00000     0.00000     0.00000     0.00000     0.00000     0.00000     0.00000     0.00000     0.00000     0.00000     0.00000     0.00000     0.00000     0.00000     0.00000     0.00000     0.00000     0.00000     0.00000     0.00000     0.00000     0.00000     0.00000   197.16808   195.89529   194.62250   193.34970   192.07692   190.80411   189.53134   188.25854   186.98575   185.71295   184.44017   183.16736   181.89459   180.62178   179.34900   178.07620   176.80341   175.53061   174.25781   172.98503   171.71223   170.43945   169.16666   167.89386   166.62106   165.34827   164.07549   162.80269   161.52991     0.00000     0.00000     0.00000     0.00000     0.00000     0.00000     0.00000     0.00000     0.00000     0.00000     0.00000     0.00000     0.00000     0.00000     0.00000     0.00000     0.00000     0.00000     0.00000     0.00000     0.00000     0.00000     0.00000     0.00000     0.00000     0.00000     0.00000     0.00000     0.00000     0.00000     0.00000     0.00000     0.00000     0.00000     0.00000     0.00000     0.00000     0.00000     0.00000     0.00000     0.00000     0.00000     0.00000     0.00000     0.00000     0.00000     0.00000     0.00000     0.00000     0.00000     0.00000     0.00000     0.00000     0.00000     0.00000     0.00000     0.00000     0.00000     0.00000     0.00000     0.00000     0.00000     0.00000     0.00000     0.00000     0.00000     0.00000     0.00000     0.00000     0.00000     0.00000     0.00000     0.00000     0.00000     0.00000     0.00000     0.00000     0.00000     0.00000     0.00000     0.00000     0.00000     0.00000     0.00000     0.00000     0.00000     0.00000     0.00000     0.00000     0.00000     0.00000     0.00000     0.00000     0.00000     0.00000     0.00000     0.00000     0.00000     0.00000     0.00000
     0.00000     0.00000     0.00000     0.00000     0.00000     0.00000     0.00000     0.00000     0.00000     0.00000     0.00000     0.00000     0.00000     0.00000     0.00000     0.00000     0.00000     0.00000     0.00000     0.00000     0.00000     0.00000     0.00000     0.00000     0.00000     0.00000     0.00000     0.00000     0.00000     0.00000     0.00000     0.00000     0.00000     0.00000     0.00000     0.00000     0.00000     0.00000     0.00000     0.00000     0.00000     0.00000     0.00000     0.00000     0.00000     0.00000     0.00000     0.00000     0.00000     0.00000     0.00000     0.00000     0.00000     0.00000     0.00000     0.00000     0.00000     0.00000     0.00000     0.00000     0.00000     0.00000     0.00000     0.00000     0.00000     0.00000     0.00000     0.00000     0.00000     0.00000     0.00000     0.00000     0.00000     0.00000     0.00000     0.00000     0.00000     0.00000     0.00000     0.00000     0.00000     0.00000     0.00000     0.00000     0.00000     0.00000     0.00000     0.00000     0.00000     0.00000     0.00000     0.00000     0.00000     0.00000     0.00000     0.00000     0.00000     0.00000     0.00000     0.00000     0.00000   197.45093   196.17813   194.90535   193.63254   192.35977   191.08694   189.81418   188.54138   187.26859   185.99579   184.72302   183.45021   182.17743   180.90462   179.63184   178.35904   177.08624   175.81346   174.54066   173.26787   171.99509   170.72229   169.44949   168.17671   166.90390   165.63112   164.35834     0.00000     0.00000     0.00000     0.00000     0.00000     0.00000     0.00000     0.00000     0.00000     0.00000     0.00000     0.00000     0.00000     0.00000     0.00000     0.00000     0.00000     0.00000     0.00000     0.00000     0.00000     0.00000     0.00000     0.00000     0.00000     0.00000     0.00000     0.00000     0.00000     0.00000     0.00000     0.00000     0.00000     0.00000     0.00000     0.00000     0.00000     0.00000     0.00000     0.00000     0.00000     0.00000     0.00000     0.00000     0.00000     0.00000     0.00000     0.00000     0.00000     0.00000     0.00000     0.00000     0.00000     0.00000     0.00000     0.00000     0.00000     0.00000     0.00000     0.00000     0.00000     0.00000     0.00000     0.00000     0.00000     0.00000     0.00000     0.00000     0.00000     0.00000     0.00000     0.00000     0.00000     0.00000     0.00000     0.00000     0.00000     0.00000     0.00000     0.00000     0.00000     0.00000     0.00000     0.00000     0.00000     0.00000     0.00000     0.00000     0.00000     0.00000     0.00000     0.00000     0.00000     0.00000     0.00000     0.00000     0.00000     0.00000     0.00000     0.00000     0.00000
     0.00000     0.00000     0.00000     0.00000     0.00000     0.00000     0.00000     0.00000     0.00000     0.00000     0.00000     0.00000     0.00000     0.00000     0.00000     0.00000     0.00000     0.00000     0.00000     0.00000     0.00000     0.00000     0.00000     0.00000     0.00000     0.00000     0.00000     0.00000     0.00000     0.00000     0.00000     0.00000     0.00000     0.00000     0.00000     0.00000     0.00000     0.00000     0.00000     0.00000     0.00000     0.00000     0.00000     0.00000     0.00000     0.00000     0.00000     0.00000     0.00000     0.00000     0.00000     0.00000     0.00000     0.00000     0.00000     0.00000     0.00000     0.00000     0.00000     0.00000     0.00000     0.00000     0.00000     0.00000     0.00000     0.00000     0.00000     0.00000     0.00000     0.00000     0.00000     0.00000     0.00000     0.00000     0.00000     0.00000     0.00000     0.00000     0.00000     0.00000     0.00000     0.00000     0.00000     0.00000     0.00000     0.00000     0.00000     0.00000     0.00000     0.00000     0.00000     0.00000     0.00000     0.00000     0.00000     0.00000     0.00000     0.00000     0.00000     0.00000     0.00000     0.00000   197.73376   196.46097   195.18820   193.91537   192.64261   191.36980   190.09702   188.82422   187.55142   186.27864   185.00586   183.73305   182.46027   181.18747   179.91467   178.64189   177.36909   176.09630   174.82352   173.55072   172.27792   171.00514   169.73233   168.45956   167.18675     0.00000     0.00000     0.00000     0.00000     0.00000     0.00000     0.00000     0.00000     0.00000     0.00000     0.00000     0.00000     0.00000     0.00000     0.00000     0.00000     0.00000     0.00000     0.00000     0.00000     0.00000     0.00000     0.00000     0.00000     0.00000     0.00000     0.00000     0.00000     0.00000     0.00000     0.00000     0.00000     0.00000     0.00000     0.00000     0.00000     0.00000     0.00000     0.00000     0.00000     0.00000     0.00000     0.00000     0.00000     0.00000     0.00000     0.00000     0.00000     0.00000     0.00000     0.00000     0.00000     0.00000     0.00000     0.00000     0.00000     0.00000     0.00000     0.00000     0.00000     0.00000     0.00000     0.00000     0.00000     0.00000     0.00000     0.00000     0.00000     0.00000     0.00000     0.00000     0.00000     0.00000     0.00000     0.00000     0.00000     0.00000     0.00000     0.00000     0.00000     0.00000     0.00000     0.00000     0.00000     0.00000     0.00000     0.00000     0.00000     0.00000     0.00000     0.00000     0.00000     0.00000     0.00000     0.00000     0.00000     0.00000     0.00000     0.00000     0.00000     0.00000     0.00000
     0.00000     0.00000     0.00000     0.00000     0.00000     0.00000     0.00000     0.00000     0.00000     0.00000     0.00000     0.00000     0.00000     0.00000     0.00000     0.00000     0.00000     0.00000     0.00000     0.00000     0.00000     0.00000     0.00000     0.00000     0.00000     0.00000     0.00000     0.00000     0.00000     0.00000     0.00000     0.00000     0.00000     0.00000     0.00000     0.00000     0.00000     0.00000     0.00000     0.00000     0.00000     0.00000     0.00000     0.00000     0.00000     0.00000     0.00000     0.00000     0.00000     0.00000     0.00000     0.00000     0.00000     0.00000     0.00000     0.00000     0.00000     0.00000     0.00000     0.00000     0.00000     0.00000     0.00000     0.00000     0.00000     0.00000     0.00000     0.00000     0.00000     0.00000     0.00000     0.00000     0.00000     0.00000     0.00000     0.00000     0.00000     0.00000     0.00000     0.00000     0.00000     0.00000     0.00000     0.00000     0.00000     0.00000     0.00000     0.00000     0.00000     0.00000     0.00000     0.00000     0.00000     0.00000     0.00000     0.00000     0.00000     0.00000     0.00000     0.00000     0.00000     0.00000     0.00000   198.01660   196.74380   195.47104   194.19823   192.92545   191.65265   190.37985   189.10707   187.83427   186.56148   185.28870   184.01590   182.74310   181.47031   180.19753   178.92473   177.65195   176.37915   175.10635   173.83356   172.56076   171.28799   170.01517     0.00000     0.00000     0.00000     0.00000     0.00000     0.00000     0.00000     0.00000     0.00000     0.00000     0.00000     0.00000     0.00000     0.00000     0.00000     0.00000     0.00000     0.00000     0.00000     0.00000     0.00000     0.00000     0.00000     0.00000     0.00000     0.00000     0.00000     0.00000     0.00000     0.00000     0.00000     0.00000     0.00000     0.00000     0.00000     0.00000     0.00000     0.00000     0.00000     0.00000     0.00000     0.00000     0.00000     0.00000     0.00000     0.00000     0.00000     0.00000     0.00000     0.00000     0.00000     0.00000     0.00000     0.00000     0.00000     0.00000     0.00000     0.00000     0.00000     0.00000     0.00000     0.00000     0.00000     0.00000     0.00000     0.00000     0.00000     0.00000     0.00000     0.00000     0.00000     0.00000     0.00000     0.00000     0.00000     0.00000     0.00000     0.00000     0.00000     0.00000     0.00000     0.00000     0.00000     0.00000     0.00000     0.00000     0.00000     0.00000     0.00000     0.00000     0.00000     0.00000     0.00000     0.00000     0.00000     0.00000     0.00000     0.00000     0.00000     0.00000     0.00000     0.00000     0.00000
     0.00000     0.00000     0.00000     0.00000     0.00000     0.00000     0.00000     0.00000     0.00000     0.00000     0.00000     0.00000     0.00000     0.00000     0.00000     0.00000     0.00000     0.00000     0.00000     0.00000     0.00000     0.00000     0.00000     0.00000     0.00000     0.00000     0.00000     0.00000     0.00000     0.00000     0.00000     0.00000     0.00000     0.00000     0.00000     0.00000     0.00000     0.00000     0.00000     0.00000     0.00000     0.00000     0.00000     0.00000     0.00000     0.00000     0.00000     0.00000     0.00000     0.00000     0.00000     0.00000     0.00000     0.00000     0.00000     0.00000     0.00000     0.00000     0.00000     0.00000     0.00000     0.00000     0.00000     0.00000     0.00000     0.00000     0.00000     0.00000     0.00000     0.00000     0.00000     0.00000     0.00000     0.00000     0.00000     0.00000     0.00000     0.00000     0.00000     0.00000     0.00000     0.00000     0.00000     0.00000     0.00000     0.00000     0.00000     0.00000     0.00000     0.00000     0.00000     0.00000     0.00000     0.00000     0.00000     0.00000     0.00000     0.00000     0.00000     0.00000     0.00000     0.00000     0.00000     0.00000   198.29945   197.02666   195.75388   194.48108   193.20828   191.93549   190.66270   189.38991   188.11711   186.84433   185.57153   184.29874   183.02596   181.75314   180.48038   179.20758   177.93478   176.66199   175.38919   174.11639   172.84360     0.00000     0.00000     0.00000     0.00000     0.00000     0.00000     0.00000     0.00000     0.00000     0.00000     0.00000     0.00000     0.00000     0.00000     0.00000     0.00000     0.00000     0.00000     0.00000     0.00000     0.00000     0.00000     0.00000     0.00000     0.00000     0.00000     0.00000     0.00000     0.00000     0.00000     0.00000     0.00000     0.00000     0.00000     0.00000     0.00000     0.00000     0.00000     0.00000     0.00000     0.00000     0.00000     0.00000     0.00000     0.00000     0.00000     0.00000     0.00000     0.00000     0.00000     0.00000     0.00000     0.00000     0.00000     0.00000     0.00000     0.00000     0.00000     0.00000     0.00000     0.00000     0.00000     0.00000     0.00000     0.00000     0.00000     0.00000     0.00000     0.00000     0.00000     0.00000     0.00000     0.00000     0.00000     0.00000     0.00000     0.00000     0.00000     0.00000     0.00000     0.00000     0.00000     0.00000     0.00000     0.00000     0.00000     0.00000     0.00000     0.00000     0.00000     0.00000     0.00000     0.00000     0.00000     0.00000     0.00000     0.00000     0.00000     0.00000     0.00000     0.00000     0.00000     0.00000     0.00000
     0.00000     0.00000     0.00000     0.00000     0.00000     0.00000     0.00000     0.00000     0.00000     0.00000     0.00000     0.00000     0.00000     0.00000     0.00000     0.00000     0.00000     0.00000     0.00000     0.00000     0.00000     0.00000     0.00000     0.00000     0.00000     0.00000     0.00000     0.00000     0.00000     0.00000     0.00000     0.00000     0.00000     0.00000     0.00000     0.00000     0.00000     0.00000     0.00000     0.00000     0.00000     0.00000     0.00000     0.00000     0.00000     0.00000     0.00000     0.00000     0.00000     0.00000     0.00000     0.00000     0.00000     0.00000     0.00000     0.00000     0.00000     0.00000     0.00000     0.00000     0.00000     0.00000     0.00000     0.00000     0.00000     0.00000     0.00000     0.00000     0.00000     0.00000     0.00000     0.00000     0.00000     0.00000     0.00000     0.00000     0.00000     0.00000     0.00000     0.00000     0.00000     0.00000     0.00000     0.00000     0.00000     0.00000     0.00000     0.00000     0.00000     0.00000     0.00000     0.00000     0.00000     0.00000     0.00000     0.00000     0.00000     0.00000     0.00000     0.00000     0.00000     0.00000     0.00000     0.00000     0.00000   198.58229   197.30951   196.03671   194.76392   193.49113   192.21832   190.94554   189.67276   188.39996   187.12717   185.85439   184.58157   183.30881   182.03598   180.76321   179.49042   178.21762   176.94482   175.67203     0.00000     0.00000     0.00000     0.00000     0.00000     0.00000     0.00000     0.00000     0.00000     0.00000     0.00000     0.00000     0.00000     0.00000     0.00000     0.00000     0.00000     0.00000     0.00000     0.00000     0.00000     0.00000     0.00000     0.00000     0.00000     0.00000     0.00000     0.00000     0.00000     0.00000     0.00000     0.00000     0.00000     0.00000     0.00000     0.00000     0.00000     0.00000     0.00000     0.00000     0.00000     0.00000     0.00000     0.00000     0.00000     0.00000     0.00000     0.00000     0.00000     0.00000     0.00000     0.00000     0.00000     0.00000     0.00000     0.00000     0.00000     0.00000     0.00000     0.00000     0.00000     0.00000     0.00000     0.00000     0.00000     0.00000     0.00000     0.00000     0.00000     0.00000     0.00000     0.00000     0.00000     0.00000     0.00000     0.00000     0.00000     0.00000     0.00000     0.00000     0.00000     0.00000     0.00000     0.00000     0.00000     0.00000     0.00000     0.00000     0.00000     0.00000     0.00000     0.00000     0.00000     0.00000     0.00000     0.00000     0.00000     0.00000     0.00000     0.00000     0.00000     0.00000     0.00000     0.00000     0.00000
     0.00000     0.00000     0.00000     0.00000     0.00000     0.00000     0.00000     0.00000     0.00000     0.00000     0.00000     0.00000     0.00000     0.00000     0.00000     0.00000     0.00000     0.00000     0.00000     0.00000     0.00000     0.00000     0.00000     0.00000     0.00000     0.00000     0.00000     0.00000     0.00000     0.00000     0.00000     0.00000     0.00000     0.00000     0.00000     0.00000     0.00000     0.00000     0.00000     0.00000     0.00000     0.00000     0.00000     0.00000     0.00000     0.00000     0.00000     0.00000     0.00000     0.00000     0.00000     0.00000     0.00000     0.00000     0.00000     0.00000     0.00000     0.00000     0.00000     0.00000     0.00000     0.00000     0.00000     0.00000     0.00000     0.00000     0.00000     0.00000     0.00000     0.00000     0.00000     0.00000     0.00000     0.00000     0.00000     0.00000     0.00000     0.00000     0.00000     0.00000     0.00000     0.00000     0.00000     0.00000     0.00000     0.00000     0.00000     0.00000     0.00000     0.00000     0.00000     0.00000     0.00000     0.00000     0.00000     0.00000     0.00000     0.00000     0.00000     0.00000     0.00000     0.00000     0.00000     0.00000     0.00000     0.00000   198.86514   197.59235   196.31956   195.04675   193.77397   192.50116   191.22839   189.95560   188.68280   187.41000   186.13724   184.86441   183.59164   182.31883   181.04605   179.77325   178.50046     0.00000     0.00000     0.00000     0.00000     0.00000     0.00000     0.00000     0.00000     0.00000     0.00000     0.00000     0.00000     0.00000     0.00000     0.00000     0.00000     0.00000     0.00000     0.00000     0.00000     0.00000     0.00000     0.00000     0.00000     0.00000     0.00000     0.00000     0.00000     0.00000     0.00000     0.00000     0.00000     0.00000     0.00000     0.00000     0.00000     0.00000     0.00000     0.00000     0.00000     0.00000     0.00000     0.00000     0.00000     0.00000     0.00000     0.00000     0.00000     0.00000     0.00000     0.00000     0.00000     0.00000     0.00000     0.00000     0.00000     0.00000     0.00000     0.00000     0.00000     0.00000     0.00000     0.00000     0.00000     0.00000     0.00000     0.00000     0.00000     0.00000     0.00000     0.00000     0.00000     0.00000     0.00000     0.00000     0.00000     0.00000     0.00000     0.00000     0.00000     0.00000     0.00000     0.00000     0.00000     0.00000     0.00000     0.00000     0.00000     0.00000     0.00000     0.00000     0.00000     0.00000     0.00000     0.00000     0.00000     0.00000     0.00000     0.00000     0.00000     0.00000     0.00000     0.00000     0.00000     0.00000     0.00000
     0.00000     0.00000     0.00000     0.00000     0.00000     0.00000     0.00000     0.00000     0.00000     0.00000     0.00000     0.00000     0.00000     0.00000     0.00000     0.00000     0.00000     0.00000     0.00000     0.00000     0.00000     0.00000     0.00000     0.00000     0.00000     0.00000     0.00000     0.00000     0.00000     0.00000     0.00000     0.00000     0.00000     0.00000     0.00000     0.00000     0.00000     0.00000     0.00000     0.00000     0.00000     0.00000     0.00000     0.00000     0.00000     0.00000     0.00000     0.00000     0.00000     0.00000     0.00000     0.00000     0.00000     0.00000     0.00000     0.00000     0.00000     0.00000     0.00000     0.00000     0.00000     0.00000     0.00000     0.00000     0.00000     0.00000     0.00000     0.00000     0.00000     0.00000     0.00000     0.00000     0.00000     0.00000     0.00000     0.00000     0.00000     0.00000     0.00000     0.00000     0.00000     0.00000     0.00000     0.00000     0.00000     0.00000     0.00000     0.00000     0.00000     0.00000     0.00000     0.00000     0.00000     0.00000     0.00000     0.00000     0.00000     0.00000     0.00000     0.00000     0.00000     0.00000     0.00000     0.00000     0.00000     0.00000     0.00000   199.14798   197.87518   196.60240   195.32959   194.05682   192.78401   191.51123   190.23843   188.96564   187.69284   186.42007   185.14726   183.87448   182.60168   181.32889     0.00000     0.00000     0.00000     0.00000     0.00000     0.00000     0.00000     0.00000     0.00000     0.00000     0.00000     0.00000     0.00000     0.00000     0.00000     0.00000     0.00000     0.00000     0.00000     0.00000     0.00000     0.00000     0.00000     0.00000     0.00000     0.00000     0.00000     0.00000     0.00000     0.00000     0.00000     0.00000     0.00000     0.00000     0.00000     0.00000     0.00000     0.00000     0.00000     0.00000     0.00000     0.00000     0.00000     0.00000     0.00000     0.00000     0.00000     0.00000     0.00000     0.00000     0.00000     0.00000     0.00000     0.00000     0.00000     0.00000     0.00000     0.00000     0.00000     0.00000     0.00000     0.00000     0.00000     0.00000     0.00000     0.00000     0.00000     0.00000     0.00000     0.00000     0.00000     0.00000     0.00000     0.00000     0.00000     0.00000     0.00000     0.00000     0.00000     0.00000     0.00000     0.00000     0.00000     0.00000     0.00000     0.00000     0.00000     0.00000     0.00000     0.00000     0.00000     0.00000     0.00000     0.00000     0.00000     0.00000     0.00000     0.00000     0.00000     0.00000     0.00000     0.00000     0.00000     0.00000     0.00000     0.00000     0.00000
     0.00000     0.00000     0.00000     0.00000     0.00000     0.00000     0.00000     0.00000     0.00000     0.00000     0.00000     0.00000     0.00000     0.00000     0.00000     0.00000     0.00000     0.00000     0.00000     0.00000     0.00000     0.00000     0.00000     0.00000     0.00000     0.00000     0.00000     0.00000     0.00000     0.00000     0.00000     0.00000     0.00000     0.00000     0.00000     0.00000     0.00000     0.00000     0.00000     0.00000     0.00000     0.00000     0.00000     0.00000     0.00000     0.00000     0.00000     0.00000     0.00000     0.00000     0.00000     0.00000     0.00000     0.00000     0.00000     0.00000     0.00000     0.00000     0.00000     0.00000     0.00000     0.00000     0.00000     0.00000     0.00000     0.00000     0.00000     0.00000     0.00000     0.00000     0.00000     0.00000     0.00000     0.00000     0.00000     0.00000     0.00000     0.00000     0.00000     0.00000     0.00000     0.00000     0.00000     0.00000     0.00000     0.00000     0.00000     0.00000     0.00000     0.00000     0.00000     0.00000     0.00000     0.00000     0.00000     0.00000     0.00000     0.00000     0.00000     0.00000     0.00000     0.00000     0.00000     0.00000     0.00000     0.00000     0.00000     0.00000   199.43082   198.15802   196.88525   195.61244   194.33966   193.06685   191.79407   190.52127   189.24849   187.97569   186.70291   185.43011   184.15732     0.00000     0.00000     0.00000     0.00000     0.00000     0.00000     0.00000     0.00000     0.00000     0.00000     0.00000     0.00000     0.00000     0.00000     0.00000     0.00000     0.00000     0.00000     0.00000     0.00000     0.00000     0.00000     0.00000     0.00000     0.00000     0.00000     0.00000     0.00000     0.00000     0.00000     0.00000     0.00000     0.00000     0.00000     0.00000     0.00000     0.00000     0.00000     0.00000     0.00000     0.00000     0.00000     0.00000     0.00000     0.00000     0.00000     0.00000     0.00000     0.00000     0.00000     0.00000     0.00000     0.00000     0.00000     0.00000     0.00000     0.00000     0.00000     0.00000     0.00000     0.00000     0.00000     0.00000     0.00000     0.00000     0.00000     0.00000     0.00000     0.00000     0.00000     0.00000     0.00000     0.00000     0.00000     0.00000     0.00000     0.00000     0.00000     0.00000     0.00000     0.00000     0.00000     0.00000     0.00000     0.00000     0.00000     0.00000     0.00000     0.00000     0.00000     0.00000     0.00000     0.00000     0.00000     0.00000     0.00000     0.00000     0.00000     0.00000     0.00000     0.00000     0.00000     0.00000     0.00000     0.00000     0.00000     0.00000     0.00000
     0.00000     0.00000     0.00000     0.00000     0.00000     0.00000     0.00000     0.00000     0.00000     0.00000     0.00000     0.00000     0.00000     0.00000     0.00000     0.00000     0.00000     0.00000     0.00000     0.00000     0.00000     0.00000     0.00000     0.00000     0.00000     0.00000     0.00000     0.00000     0.00000     0.00000     0.00000     0.00000     0.00000     0.00000     0.00000     0.00000     0.00000     0.00000     0.00000     0.00000     0.00000     0.00000     0.00000     0.00000     0.00000     0.00000     0.00000     0.00000     0.00000     0.00000     0.00000     0.00000     0.00000     0.00000     0.00000     0.00000     0.00000     0.00000     0.00000     0.00000     0.00000     0.00000     0.00000     0.00000     0.00000     0.00000     0.00000     0.00000     0.00000     0.00000     0.00000     0.00000     0.00000     0.00000     0.00000     0.00000     0.00000     0.00000     0.00000     0.00000     0.00000     0.00000     0.00000     0.00000     0.00000     0.00000     0.00000     0.00000     0.00000     0.00000     0.00000     0.00000     0.00000     0.00000     0.00000     0.00000     0.00000     0.00000     0.00000     0.00000     0.00000     0.00000     0.00000     0.00000     0.00000     0.00000     0.00000     0.00000     0.00000   199.71365   198.44087   197.16809   195.89528   194.62250   193.34970   192.07692   190.80412   189.53133   188.25854   186.98575     0.00000     0.00000     0.00000     0.00000     0.00000     0.00000     0.00000     0.00000     0.00000     0.00000     0.00000     0.00000     0.00000     0.00000     0.00000     0.00000     0.00000     0.00000     0.00000     0.00000     0.00000     0.00000     0.00000     0.00000     0.00000     0.00000     0.00000     0.00000     0.00000     0.00000     0.00000     0.00000     0.00000     0.00000     0.00000     0.00000     0.00000     0.00000     0.00000     0.00000     0.00000     0.00000     0.00000     0.00000     0.00000     0.00000     0.00000     0.00000     0.00000     0.00000     0.00000     0.00000     0.00000     0.00000     0.00000     0.00000     0.00000     0.00000     0.00000     0.00000     0.00000     0.00000     0.00000     0.00000     0.00000     0.00000     0.00000     0.00000     0.00000     0.00000     0.00000     0.00000     0.00000     0.00000     0.00000     0.00000     0.00000     0.00000     0.00000     0.00000     0.00000     0.00000     0.00000     0.00000     0.00000     0.00000     0.00000     0.00000     0.00000     0.00000     0.00000     0.00000     0.00000     0.00000     0.00000     0.00000     0.00000     0.00000     0.00000     0.00000     0.00000     0.00000     0.00000     0.00000     0.00000     0.00000     0.00000     0.00000     0.00000
     0.00000     0.00000     0.00000     0.00000     0.00000     0.00000     0.00000     0.00000     0.00000     0.00000     0.00000     0.00000     0.00000     0.00000     0.00000     0.00000     0.00000     0.00000     0.00000     0.00000     0.00000     0.00000     0.00000     0.00000     0.00000     0.00000     0.00000     0.00000     0.00000     0.00000     0.00000     0.00000     0.00000     0.00000     0.00000     0.00000     0.00000     0.00000     0.00000     0.00000     0.00000     0.00000     0.00000     0.00000     0.00000     0.00000     0.00000     0.00000     0.00000     0.00000     0.00000     0.00000     0.00000     0.00000     0.00000     0.00000     0.00000     0.00000     0.00000     0.00000     0.00000     0.00000     0.00000     0.00000     0.00000     0.00000     0.00000     0.00000     0.00000     0.00000     0.00000     0.00000     0.00000     0.00000     0.00000     0.00000     0.00000     0.00000     0.00000     0.00000     0.00000     0.00000     0.00000     0.00000     0.00000     0.00000     0.00000     0.00000     0.00000     0.00000     0.00000     0.00000     0.00000     0.00000     0.00000     0.00000     0.00000     0.00000     0.00000     0.00000     0.00000     0.00000     0.00000     0.00000     0.00000     0.00000     0.00000     0.00000     0.00000     0.00000   199.99651   198.72371   197.45093   196.17813   194.90535   193.63254   192.35976   191.08698   189.81418     0.00000     0.00000     0.00000     0.00000     0.00000     0.00000     0.00000     0.00000     0.00000     0.00000     0.00000     0.00000     0.00000     0.00000     0.00000     0.00000     0.00000     0.00000     0.00000     0.00000     0.00000     0.00000     0.00000     0.00000     0.00000     0.00000     0.00000     0.00000     0.00000     0.00000     0.00000     0.00000     0.00000     0.00000     0.00000     0.00000     0.00000     0.00000     0.00000     0.00000     0.00000     0.00000     0.00000     0.00000     0.00000     0.00000     0.00000     0.00000     0.00000     0.00000     0.00000     0.00000     0.00000     0.00000     0.00000     0.00000     0.00000     0.00000     0.00000     0.00000     0.00000     0.00000     0.00000     0.00000     0.00000     0.00000     0.00000     0.00000     0.00000     0.00000     0.00000     0.00000     0.00000     0.00000     0.00000     0.00000     0.00000     0.00000     0.00000     0.00000     0.00000     0.00000     0.00000     0.00000     0.00000     0.00000     0.00000     0.00000     0.00000     0.00000     0.00000     0.00000     0.00000     0.00000     0.00000     0.00000     0.00000     0.00000     0.00000     0.00000     0.00000     0.00000     0.00000     0.00000     0.00000     0.00000     0.00000     0.00000     0.00000     0.00000
     0.00000     0.00000     0.00000     0.00000     0.00000     0.00000     0.00000     0.00000     0.00000     0.00000     0.00000     0.00000     0.00000     0.00000     0.00000     0.00000     0.00000     0.00000     0.00000     0.00000     0.00000     0.00000     0.00000     0.00000     0.00000     0.00000     0.00000     0.00000     0.00000     0.00000     0.00000     0.00000     0.00000     0.00000     0.00000     0.00000     0.00000     0.00000     0.00000     0.00000     0.00000     0.00000     0.00000     0.00000     0.00000     0.00000     0.00000     0.00000     0.00000     0.00000     0.00000     0.00000     0.00000     0.00000     0.00000     0.00000     0.00000     0.00000     0.00000     0.00000     0.00000     0.00000     0.00000     0.00000     0.00000     0.00000     0.00000     0.00000     0.00000     0.00000     0.00000     0.00000     0.00000     0.00000     0.00000     0.00000     0.00000     0.00000     0.00000     0.00000     0.00000     0.00000     0.00000     0.00000     0.00000     0.00000     0.00000     0.00000     0.00000     0.00000     0.00000     0.00000     0.00000     0.00000     0.00000     0.00000     0.00000     0.00000     0.00000     0.00000     0.00000     0.00000     0.00000     0.00000     0.00000     0.00000     0.00000     0.00000     0.00000     0.00000     0.00000   200.27936   199.00656   197.73378   196.46097   195.18819   193.91537   192.64261     0.00000     0.00000     0.00000     0.00000     0.00000     0.00000     0.00000     0.00000     0.00000     0.00000     0.00000     0.00000     0.00000     0.00000     0.00000     0.00000     0.00000     0.00000     0.00000     0.00000     0.00000     0.00000     0.00000     0.00000     0.00000     0.00000     0.00000     0.00000     0.00000     0.00000     0.00000     0.00000     0.00000     0.00000     0.00000     0.00000     0.00000     0.00000     0.00000     0.00000     0.00000     0.00000     0.00000     0.00000     0.00000     0.00000     0.00000     0.00000     0.00000     0.00000     0.00000     0.00000     0.00000     0.00000     0.00000     0.00000     0.00000     0.00000     0.00000     0.00000     0.00000     0.00000     0.00000     0.00000     0.00000     0.00000     0.00000     0.00000     0.00000     0.00000     0.00000     0.00000     0.00000     0.00000     0.00000     0.00000     0.00000     0.00000     0.00000     0.00000     0.00000     0.00000     0.00000     0.00000     0.00000     0.00000     0.00000     0.00000     0.00000     0.00000     0.00000     0.00000     0.00000     0.00000     0.00000     0.00000     0.00000     0.00000     0.00000     0.00000     0.00000     0.00000     0.00000     0.00000     0.00000     0.00000     0.00000     0.00000     0.00000     0.00000     0.00000
     0.00000     0.00000     0.00000     0.00000     0.00000     0.00000     0.00000     0.00000     0.00000     0.00000     0.00000     0.00000     0.00000     0.00000     0.00000     0.00000     0.00000     0.00000     0.00000     0.00000     0.00000     0.00000     0.00000     0.00000     0.00000     0.00000     0.00000     0.00000     0.00000     0.00000     0.00000     0.00000     0.00000     0.00000     0.00000     0.00000     0.00000     0.00000     0.00000     0.00000     0.00000     0.00000     0.00000     0.00000     0.00000     0.00000     0.00000     0.00000     0.00000     0.00000     0.00000     0.00000     0.00000     0.00000     0.00000     0.00000     0.00000     0.00000     0.00000     0.00000     0.00000     0.00000     0.00000     0.00000     0.00000     0.00000     0.00000     0.00000     0.00000     0.00000     0.00000     0.00000     0.00000     0.00000     0.00000     0.00000     0.00000     0.00000     0.00000     0.00000     0.00000     0.00000     0.00000     0.00000     0.00000     0.00000     0.00000     0.00000     0.00000     0.00000     0.00000     0.00000     0.00000     0.00000     0.00000     0.00000     0.00000     0.00000     0.00000     0.00000     0.00000     0.00000     0.00000     0.00000     0.00000     0.00000     0.00000     0.00000     0.00000     0.00000     0.00000     0.00000   200.56219   199.28940   198.01662   196.74380   195.47104     0.00000     0.00000     0.00000     0.00000     0.00000     0.00000     0.00000     0.00000     0.00000     0.00000     0.00000     0.00000     0.00000     0.00000     0.00000     0.00000     0.00000     0.00000     0.00000     0.00000     0.00000     0.00000     0.00000     0.00000     0.00000     0.00000     0.00000     0.00000     0.00000     0.00000     0.00000     0.00000     0.00000     0.00000     0.00000     0.00000     0.00000     0.00000     0.00000     0.00000     0.00000     0.00000     0.00000     0.00000     0.00000     0.00000     0.00000     0.00000     0.00000     0.00000     0.00000     0.00000     0.00000     0.00000     0.00000     0.00000     0.00000     0.00000     0.00000     0.00000     0.00000     0.00000     0.00000     0.00000     0.00000     0.00000     0.00000     0.00000     0.00000     0.00000     0.00000     0.00000     0.00000     0.00000     0.00000     0.00000     0.00000     0.00000     0.00000     0.00000     0.00000     0.00000     0.00000     0.00000     0.00000     0.00000     0.00000     0.00000     0.00000     0.00000     0.00000     0.00000     0.00000     0.00000     0.00000     0.00000     0.00000     0.00000     0.00000     0.00000     0.00000     0.00000     0.00000     0.00000     0.00000     0.00000     0.00000     0.00000     0.00000     0.00000     0.00000     0.00000
     0.00000     0.00000     0.00000     0.00000     0.00000     0.00000     0.00000     0.00000     0.00000     0.00000     0.00000     0.00000     0.00000     0.00000     0.00000     0.00000     0.00000     0.00000     0.00000     0.00000     0.00000     0.00000     0.00000     0.00000     0.00000     0.00000     0.00000     0.00000     0.00000     0.00000     0.00000     0.00000     0.00000     0.00000     0.00000     0.00000     0.00000     0.00000     0.00000     0.00000     0.00000     0.00000     0.00000     0.00000     0.00000     0.00000     0.00000     0.00000     0.00000     0.00000     0.00000     0.00000     0.00000     0.00000     0.00000     0.00000     0.00000     0.00000     0.00000     0.00000     0.00000     0.00000     0.00000     0.00000     0.00000     0.00000     0.00000     0.00000     0.00000     0.00000     0.00000     0.00000     0.00000     0.00000     0.00000     0.00000     0.00000     0.00000     0.00000     0.00000     0.00000     0.00000     0.00000     0.00000     0.00000     0.00000     0.00000     0.00000     0.00000     0.00000     0.00000     0.00000     0.00000     0.00000     0.00000     0.00000     0.00000     0.00000     0.00000     0.00000     0.00000     0.00000     0.00000     0.00000     0.00000     0.00000     0.00000     0.00000     0.00000     0.00000     0.00000     0.00000     0.00000   200.84503   199.57224   198.29947     0.00000     0.00000     0.00000     0.00000     0.00000     0.00000     0.00000     0.00000     0.00000     0.00000     0.00000     0.00000     0.00000     0.00000     0.00000     0.00000     0.00000     0.00000     0.00000     0.00000     0.00000     0.00000     0.00000     0.00000     0.00000     0.00000     0.00000     0.00000     0.00000     0.00000     0.00000     0.00000     0.00000     0.00000     0.00000     0.00000     0.00000     0.00000     0.00000     0.00000     0.00000     0.00000     0.00000     0.00000     0.00000     0.00000     0.00000     0.00000     0.00000     0.00000     0.00000     0.00000     0.00000     0.00000     0.00000     0.00000     0.00000     0.00000     0.00000     0.00000     0.00000     0.00000     0.00000     0.00000     0.00000     0.00000     0.00000     0.00000     0.00000     0.00000     0.00000     0.00000     0.00000     0.00000     0.00000     0.00000     0.00000     0.00000     0.00000     0.00000     0.00000     0.00000     0.00000     0.00000     0.00000     0.00000     0.00000     0.00000     0.00000     0.00000     0.00000     0.00000     0.00000     0.00000     0.00000     0.00000     0.00000     0.00000     0.00000     0.00000     0.00000     0.00000     0.00000     0.00000     0.00000     0.00000     0.00000     0.00000     0.00000     0.00000     0.00000     0.00000     0.00000
     0.00000     0.00000     0.00000     0.00000     0.00000     0.00000     0.00000     0.00000     0.00000     0.00000     0.00000     0.00000     0.00000     0.00000     0.00000     0.00000     0.00000     0.00000     0.00000     0.00000     0.00000     0.00000     0.00000     0.00000     0.00000     0.00000     0.00000     0.00000     0.00000     0.00000     0.00000     0.00000     0.00000     0.00000     0.00000     0.00000     0.00000     0.00000     0.00000     0.00000     0.00000     0.00000     0.00000     0.00000     0.00000     0.00000     0.00000     0.00000     0.00000     0.00000     0.00000     0.00000     0.00000     0.00000     0.00000     0.00000     0.00000     0.00000     0.00000     0.00000     0.00000     0.00000     0.00000     0.00000     0.00000     0.00000     0.00000     0.00000     0.00000     0.00000     0.00000     0.00000     0.00000     0.00000     0.00000     0.00000     0.00000     0.00000     0.00000     0.00000     0.00000     0.00000     0.00000     0.00000     0.00000     0.00000     0.00000     0.00000     0.00000     0.00000     0.00000     0.00000     0.00000     0.00000     0.00000     0.00000     0.00000     0.00000     0.00000     0.00000     0.00000     0.00000     0.00000     0.00000     0.00000     0.00000     0.00000     0.00000     0.00000     0.00000     0.00000     0.00000     0.00000     0.00000   201.12787     0.00000     0.00000     0.00000     0.00000     0.00000     0.00000     0.00000     0.00000     0.00000     0.00000     0.00000     0.00000     0.00000     0.00000     0.00000     0.00000     0.00000     0.00000     0.00000     0.00000     0.00000     0.00000     0.00000     0.00000     0.00000     0.00000     0.00000     0.00000     0.00000     0.00000     0.00000     0.00000     0.00000     0.00000     0.00000     0.00000     0.00000     0.00000     0.00000     0.00000     0.00000     0.00000     0.00000     0.00000     0.00000     0.00000     0.00000     0.00000     0.00000     0.00000     0.00000     0.00000     0.00000     0.00000     0.00000     0.00000     0.00000     0.00000     0.00000     0.00000     0.00000     0.00000     0.00000     0.00000     0.00000     0.00000     0.00000     0.00000     0.00000     0.00000     0.00000     0.00000     0.00000     0.00000     0.00000     0.00000     0.00000     0.00000     0.00000     0.00000     0.00000     0.00000     0.00000     0.00000     0.00000     0.00000     0.00000     0.00000     0.00000     0.00000     0.00000     0.00000     0.00000     0.00000     0.00000     0.00000     0.00000     0.00000     0.00000     0.00000     0.00000     0.00000     0.00000     0.00000     0.00000     0.00000     0.00000     0.00000     0.00000     0.00000     0.00000     0.00000     0.00000     0.00000
