    -6.50500    -6.50500    -6.50500    -6.50500    -6.50500    -6.50500    -6.50500    -6.50500    -6.50500    -6.50500    -6.50500    -6.50500    -6.50500    -6.50500    -6.50500    -6.50500    -6.50500    -6.50500    -6.50500    -6.50500    -6.50500    -6.50500    -6.50500    -6.50500    -6.50500    -6.50500    -6.50500    -6.50500    -6.50500    -6.50500    -6.50500    -6.50500    -6.50500    -6.50500    -6.50500    -6.50500    -6.50500    -6.50500    -6.50500    -6.50500    -6.50500    -6.50500    -6.50500    -6.50500    -6.50500    -6.50500    -6.50500    -6.50500    -6.50500    -6.50500    -6.50500    -6.50500    -6.50500    -6.50500    -6.50500    -6.50500    -6.50500    -6.50500    -6.50500    -6.50500    -6.50500    -6.50500    -6.50500    -6.50500    -6.50500    -6.50500    -6.50500    -6.50500    -6.50500    -6.50500    -6.50500    -6.50500    -6.50500    -6.50500    -6.50500    -6.50500    -6.50500    -6.50500    -6.50500    -6.50500    -6.50500    -6.50500    -6.50500    -6.50500    -6.50500    -6.50500    -6.50500    -6.50500    -6.50500    -6.50500    -6.50500    -6.50500    -6.50500    -6.50500    -6.50500    -6.50500    -6.50500    -6.50500    -6.50500    -6.50500    -6.50500    -6.50500    -6.50500    -6.50500    -6.50500    -6.50500    -6.50500    -6.50500    -6.50500    -6.50500    -6.50500    -6.50500    -6.50500    -6.50500    -6.50500    -6.50500    -6.50500    -6.50500    -6.50500    -6.50500    -6.50500    -6.50500    -6.50500    -6.50500    -6.50500    -6.50500    -6.50500    -6.50500    -6.50500    -6.50500    -6.50500    -6.50500    -6.50500    -6.50500    -6.50500    -6.50500    -6.50500    -6.50500    -6.50500    -6.50500    -6.50500    -6.50500    -6.50500    -6.50500    -6.50500    -6.50500    -6.50500    -6.50500    -6.50500    -6.50500    -6.50500    -6.50500    -6.50500    -6.50500    -6.50500    -6.50500    -6.50500    -6.50500    -6.50500    -6.50500    -6.50500    -6.50500
    -6.49500    -6.49500    -6.49500    -6.49500    -6.49500    -6.49500    -6.49500    -6.49500    -6.49500    -6.49500    -6.49500    -6.49500    -6.49500    -6.49500    -6.49500    -6.49500    -6.49500    -6.49500    -6.49500    -6.49500    -6.49500    -6.49500    -6.49500    -6.49500    -6.49500    -6.49500    -6.49500    -6.49500    -6.49500    -6.49500    -6.49500    -6.49500    -6.49500    -6.49500    -6.49500    -6.49500    -6.49500    -6.49500    -6.49500    -6.49500    -6.49500    -6.49500    -6.49500    -6.49500    -6.49500    -6.49500    -6.49500    -6.49500    -6.49500    -6.49500    -6.49500    -6.49500    -6.49500    -6.49500    -6.49500    -6.49500    -6.49500    -6.49500    -6.49500    -6.49500    -6.49500    -6.49500    -6.49500    -6.49500    -6.49500    -6.49500    -6.49500    -6.49500    -6.49500    -6.49500    -6.49500    -6.49500    -6.49500    -6.49500    -6.49500    -6.49500    -6.49500    -6.49500    -6.49500    -6.49500    -6.49500    -6.49500    -6.49500    -6.49500    -6.49500    -6.49500    -6.49500    -6.49500    -6.49500    -6.49500    -6.49500    -6.49500    -6.49500    -6.49500    -6.49500    -6.49500    -6.49500    -6.49500    -6.49500    -6.49500    -6.49500    -6.49500    -6.49500    -6.49500    -6.49500    -6.49500    -6.49500    -6.49500    -6.49500    -6.49500    -6.49500    -6.49500    -6.49500    -6.49500    -6.49500    -6.49500    -6.49500    -6.49500    -6.49500    -6.49500    -6.49500    -6.49500    -6.49500    -6.49500    -6.49500    -6.49500    -6.49500    -6.49500    -6.49500    -6.49500    -6.49500    -6.49500    -6.49500    -6.49500    -6.49500    -6.49500    -6.49500    -6.49500    -6.49500    -6.49500    -6.49500    -6.49500    -6.49500    -6.49500    -6.49500    -6.49500    -6.49500    -6.49500    -6.49500    -6.49500    -6.49500    -6.49500    -6.49500    -6.49500    -6.49500    -6.49500    -6.49500    -6.49500    -6.49500    -6.49500    -6.49500    -6.49500
    -6.48500    -6.48500    -6.48500    -6.48500    -6.48500    -6.48500    -6.48500    -6.48500    -6.48500    -6.48500    -6.48500    -6.48500    -6.48500    -6.48500    -6.48500    -6.48500    -6.48500    -6.48500    -6.48500    -6.48500    -6.48500    -6.48500    -6.48500    -6.48500    -6.48500    -6.48500    -6.48500    -6.48500    -6.48500    -6.48500    -6.48500    -6.48500    -6.48500    -6.48500    -6.48500    -6.48500    -6.48500    -6.48500    -6.48500    -6.48500    -6.48500    -6.48500    -6.48500    -6.48500    -6.48500    -6.48500    -6.48500    -6.48500    -6.48500    -6.48500    -6.48500    -6.48500    -6.48500    -6.48500    -6.48500    -6.48500    -6.48500    -6.48500    -6.48500    -6.48500    -6.48500    -6.48500    -6.48500    -6.48500    -6.48500    -6.48500    -6.48500    -6.48500    -6.48500    -6.48500    -6.48500    -6.48500    -6.48500    -6.48500    -6.48500    -6.48500    -6.48500    -6.48500    -6.48500    -6.48500    -6.48500    -6.48500    -6.48500    -6.48500    -6.48500    -6.48500    -6.48500    -6.48500    -6.48500    -6.48500    -6.48500    -6.48500    -6.48500    -6.48500    -6.48500    -6.48500    -6.48500    -6.48500    -6.48500    -6.48500    -6.48500    -6.48500    -6.48500    -6.48500    -6.48500    -6.48500    -6.48500    -6.48500    -6.48500    -6.48500    -6.48500    -6.48500    -6.48500    -6.48500    -6.48500    -6.48500    -6.48500    -6.48500    -6.48500    -6.48500    -6.48500    -6.48500    -6.48500    -6.48500    -6.48500    -6.48500    -6.48500    -6.48500    -6.48500    -6.48500    -6.48500    -6.48500    -6.48500    -6.48500    -6.48500    -6.48500    -6.48500    -6.48500    -6.48500    -6.48500    -6.48500    -6.48500    -6.48500    -6.48500    -6.48500    -6.48500    -6.48500    -6.48500    -6.48500    -6.48500    -6.48500    -6.48500    -6.48500    -6.48500    -6.48500    -6.48500    -6.48500    -6.48500    -6.48500    -6.48500    -6.48500    -6.48500
    -6.47500    -6.47500    -6.47500    -6.47500    -6.47500    -6.47500    -6.47500    -6.47500    -6.47500    -6.47500    -6.47500    -6.47500    -6.47500    -6.47500    -6.47500    -6.47500    -6.47500    -6.47500    -6.47500    -6.47500    -6.47500    -6.47500    -6.47500    -6.47500    -6.47500    -6.47500    -6.47500    -6.47500    -6.47500    -6.47500    -6.47500    -6.47500    -6.47500    -6.47500    -6.47500    -6.47500    -6.47500    -6.47500    -6.47500    -6.47500    -6.47500    -6.47500    -6.47500    -6.47500    -6.47500    -6.47500    -6.47500    -6.47500    -6.47500    -6.47500    -6.47500    -6.47500    -6.47500    -6.47500    -6.47500    -6.47500    -6.47500    -6.47500    -6.47500    -6.47500    -6.47500    -6.47500    -6.47500    -6.47500    -6.47500    -6.47500    -6.47500    -6.47500    -6.47500    -6.47500    -6.47500    -6.47500    -6.47500    -6.47500    -6.47500    -6.47500    -6.47500    -6.47500    -6.47500    -6.47500    -6.47500    -6.47500    -6.47500    -6.47500    -6.47500    -6.47500    -6.47500    -6.47500    -6.47500    -6.47500    -6.47500    -6.47500    -6.47500    -6.47500    -6.47500    -6.47500    -6.47500    -6.47500    -6.47500    -6.47500    -6.47500    -6.47500    -6.47500    -6.47500    -6.47500    -6.47500    -6.47500    -6.47500    -6.47500    -6.47500    -6.47500    -6.47500    -6.47500    -6.47500    -6.47500    -6.47500    -6.47500    -6.47500    -6.47500    -6.47500    -6.47500    -6.47500    -6.47500    -6.47500    -6.47500    -6.47500    -6.47500    -6.47500    -6.47500    -6.47500    -6.47500    -6.47500    -6.47500    -6.47500    -6.47500    -6.47500    -6.47500    -6.47500    -6.47500    -6.47500    -6.47500    -6.47500    -6.47500    -6.47500    -6.47500    -6.47500    -6.47500    -6.47500    -6.47500    -6.47500    -6.47500    -6.47500    -6.47500    -6.47500    -6.47500    -6.47500    -6.47500    -6.47500    -6.47500    -6.47500    -6.47500    -6.47500
    -6.46500    -6.46500    -6.46500    -6.46500    -6.46500    -6.46500    -6.46500    -6.46500    -6.46500    -6.46500    -6.46500    -6.46500    -6.46500    -6.46500    -6.46500    -6.46500    -6.46500    -6.46500    -6.46500    -6.46500    -6.46500    -6.46500    -6.46500    -6.46500    -6.46500    -6.46500    -6.46500    -6.46500    -6.46500    -6.46500    -6.46500    -6.46500    -6.46500    -6.46500    -6.46500    -6.46500    -6.46500    -6.46500    -6.46500    -6.46500    -6.46500    -6.46500    -6.46500    -6.46500    -6.46500    -6.46500    -6.46500    -6.46500    -6.46500    -6.46500    -6.46500    -6.46500    -6.46500    -6.46500    -6.46500    -6.46500    -6.46500    -6.46500    -6.46500    -6.46500    -6.46500    -6.46500    -6.46500    -6.46500    -6.46500    -6.46500    -6.46500    -6.46500    -6.46500    -6.46500    -6.46500    -6.46500    -6.46500    -6.46500    -6.46500    -6.46500    -6.46500    -6.46500    -6.46500    -6.46500    -6.46500    -6.46500    -6.46500    -6.46500    -6.46500    -6.46500    -6.46500    -6.46500    -6.46500    -6.46500    -6.46500    -6.46500    -6.46500    -6.46500    -6.46500    -6.46500    -6.46500    -6.46500    -6.46500    -6.46500    -6.46500    -6.46500    -6.46500    -6.46500    -6.46500    -6.46500    -6.46500    -6.46500    -6.46500    -6.46500    -6.46500    -6.46500    -6.46500    -6.46500    -6.46500    -6.46500    -6.46500    -6.46500    -6.46500    -6.46500    -6.46500    -6.46500    -6.46500    -6.46500    -6.46500    -6.46500    -6.46500    -6.46500    -6.46500    -6.46500    -6.46500    -6.46500    -6.46500    -6.46500    -6.46500    -6.46500    -6.46500    -6.46500    -6.46500    -6.46500    -6.46500    -6.46500    -6.46500    -6.46500    -6.46500    -6.46500    -6.46500    -6.46500    -6.46500    -6.46500    -6.46500    -6.46500    -6.46500    -6.46500    -6.46500    -6.46500    -6.46500    -6.46500    -6.46500    -6.46500    -6.46500    -6.46500
    -6.45500    -6.45500    -6.45500    -6.45500    -6.45500    -6.45500    -6.45500    -6.45500    -6.45500    -6.45500    -6.45500    -6.45500    -6.45500    -6.45500    -6.45500    -6.45500    -6.45500    -6.45500    -6.45500    -6.45500    -6.45500    -6.45500    -6.45500    -6.45500    -6.45500    -6.45500    -6.45500    -6.45500    -6.45500    -6.45500    -6.45500    -6.45500    -6.45500    -6.45500    -6.45500    -6.45500    -6.45500    -6.45500    -6.45500    -6.45500    -6.45500    -6.45500    -6.45500    -6.45500    -6.45500    -6.45500    -6.45500    -6.45500    -6.45500    -6.45500    -6.45500    -6.45500    -6.45500    -6.45500    -6.45500    -6.45500    -6.45500    -6.45500    -6.45500    -6.45500    -6.45500    -6.45500    -6.45500    -6.45500    -6.45500    -6.45500    -6.45500    -6.45500    -6.45500    -6.45500    -6.45500    -6.45500    -6.45500    -6.45500    -6.45500    -6.45500    -6.45500    -6.45500    -6.45500    -6.45500    -6.45500    -6.45500    -6.45500    -6.45500    -6.45500    -6.45500    -6.45500    -6.45500    -6.45500    -6.45500    -6.45500    -6.45500    -6.45500    -6.45500    -6.45500    -6.45500    -6.45500    -6.45500    -6.45500    -6.45500    -6.45500    -6.45500    -6.45500    -6.45500    -6.45500    -6.45500    -6.45500    -6.45500    -6.45500    -6.45500    -6.45500    -6.45500    -6.45500    -6.45500    -6.45500    -6.45500    -6.45500    -6.45500    -6.45500    -6.45500    -6.45500    -6.45500    -6.45500    -6.45500    -6.45500    -6.45500    -6.45500    -6.45500    -6.45500    -6.45500    -6.45500    -6.45500    -6.45500    -6.45500    -6.45500    -6.45500    -6.45500    -6.45500    -6.45500    -6.45500    -6.45500    -6.45500    -6.45500    -6.45500    -6.45500    -6.45500    -6.45500    -6.45500    -6.45500    -6.45500    -6.45500    -6.45500    -6.45500    -6.45500    -6.45500    -6.45500    -6.45500    -6.45500    -6.45500    -6.45500    -6.45500    -6.45500
    -6.44500    -6.44500    -6.44500    -6.44500    -6.44500    -6.44500    -6.44500    -6.44500    -6.44500    -6.44500    -6.44500    -6.44500    -6.44500    -6.44500    -6.44500    -6.44500    -6.44500    -6.44500    -6.44500    -6.44500    -6.44500    -6.44500    -6.44500    -6.44500    -6.44500    -6.44500    -6.44500    -6.44500    -6.44500    -6.44500    -6.44500    -6.44500    -6.44500    -6.44500    -6.44500    -6.44500    -6.44500    -6.44500    -6.44500    -6.44500    -6.44500    -6.44500    -6.44500    -6.44500    -6.44500    -6.44500    -6.44500    -6.44500    -6.44500    -6.44500    -6.44500    -6.44500    -6.44500    -6.44500    -6.44500    -6.44500    -6.44500    -6.44500    -6.44500    -6.44500    -6.44500    -6.44500    -6.44500    -6.44500    -6.44500    -6.44500    -6.44500    -6.44500    -6.44500    -6.44500    -6.44500    -6.44500    -6.44500    -6.44500    -6.44500    -6.44500    -6.44500    -6.44500    -6.44500    -6.44500    -6.44500    -6.44500    -6.44500    -6.44500    -6.44500    -6.44500    -6.44500    -6.44500    -6.44500    -6.44500    -6.44500    -6.44500    -6.44500    -6.44500    -6.44500    -6.44500    -6.44500    -6.44500    -6.44500    -6.44500    -6.44500    -6.44500    -6.44500    -6.44500    -6.44500    -6.44500    -6.44500    -6.44500    -6.44500    -6.44500    -6.44500    -6.44500    -6.44500    -6.44500    -6.44500    -6.44500    -6.44500    -6.44500    -6.44500    -6.44500    -6.44500    -6.44500    -6.44500    -6.44500    -6.44500    -6.44500    -6.44500    -6.44500    -6.44500    -6.44500    -6.44500    -6.44500    -6.44500    -6.44500    -6.44500    -6.44500    -6.44500    -6.44500    -6.44500    -6.44500    -6.44500    -6.44500    -6.44500    -6.44500    -6.44500    -6.44500    -6.44500    -6.44500    -6.44500    -6.44500    -6.44500    -6.44500    -6.44500    -6.44500    -6.44500    -6.44500    -6.44500    -6.44500    -6.44500    -6.44500    -6.44500    -6.44500
    -6.43500    -6.43500    -6.43500    -6.43500    -6.43500    -6.43500    -6.43500    -6.43500    -6.43500    -6.43500    -6.43500    -6.43500    -6.43500    -6.43500    -6.43500    -6.43500    -6.43500    -6.43500    -6.43500    -6.43500    -6.43500    -6.43500    -6.43500    -6.43500    -6.43500    -6.43500    -6.43500    -6.43500    -6.43500    -6.43500    -6.43500    -6.43500    -6.43500    -6.43500    -6.43500    -6.43500    -6.43500    -6.43500    -6.43500    -6.43500    -6.43500    -6.43500    -6.43500    -6.43500    -6.43500    -6.43500    -6.43500    -6.43500    -6.43500    -6.43500    -6.43500    -6.43500    -6.43500    -6.43500    -6.43500    -6.43500    -6.43500    -6.43500    -6.43500    -6.43500    -6.43500    -6.43500    -6.43500    -6.43500    -6.43500    -6.43500    -6.43500    -6.43500    -6.43500    -6.43500    -6.43500    -6.43500    -6.43500    -6.43500    -6.43500    -6.43500    -6.43500    -6.43500    -6.43500    -6.43500    -6.43500    -6.43500    -6.43500    -6.43500    -6.43500    -6.43500    -6.43500    -6.43500    -6.43500    -6.43500    -6.43500    -6.43500    -6.43500    -6.43500    -6.43500    -6.43500    -6.43500    -6.43500    -6.43500    -6.43500    -6.43500    -6.43500    -6.43500    -6.43500    -6.43500    -6.43500    -6.43500    -6.43500    -6.43500    -6.43500    -6.43500    -6.43500    -6.43500    -6.43500    -6.43500    -6.43500    -6.43500    -6.43500    -6.43500    -6.43500    -6.43500    -6.43500    -6.43500    -6.43500    -6.43500    -6.43500    -6.43500    -6.43500    -6.43500    -6.43500    -6.43500    -6.43500    -6.43500    -6.43500    -6.43500    -6.43500    -6.43500    -6.43500    -6.43500    -6.43500    -6.43500    -6.43500    -6.43500    -6.43500    -6.43500    -6.43500    -6.43500    -6.43500    -6.43500    -6.43500    -6.43500    -6.43500    -6.43500    -6.43500    -6.43500    -6.43500    -6.43500    -6.43500    -6.43500    -6.43500    -6.43500    -6.43500
    -6.42500    -6.42500    -6.42500    -6.42500    -6.42500    -6.42500    -6.42500    -6.42500    -6.42500    -6.42500    -6.42500    -6.42500    -6.42500    -6.42500    -6.42500    -6.42500    -6.42500    -6.42500    -6.42500    -6.42500    -6.42500    -6.42500    -6.42500    -6.42500    -6.42500    -6.42500    -6.42500    -6.42500    -6.42500    -6.42500    -6.42500    -6.42500    -6.42500    -6.42500    -6.42500    -6.42500    -6.42500    -6.42500    -6.42500    -6.42500    -6.42500    -6.42500    -6.42500    -6.42500    -6.42500    -6.42500    -6.42500    -6.42500    -6.42500    -6.42500    -6.42500    -6.42500    -6.42500    -6.42500    -6.42500    -6.42500    -6.42500    -6.42500    -6.42500    -6.42500    -6.42500    -6.42500    -6.42500    -6.42500    -6.42500    -6.42500    -6.42500    -6.42500    -6.42500    -6.42500    -6.42500    -6.42500    -6.42500    -6.42500    -6.42500    -6.42500    -6.42500    -6.42500    -6.42500    -6.42500    -6.42500    -6.42500    -6.42500    -6.42500    -6.42500    -6.42500    -6.42500    -6.42500    -6.42500    -6.42500    -6.42500    -6.42500    -6.42500    -6.42500    -6.42500    -6.42500    -6.42500    -6.42500    -6.42500    -6.42500    -6.42500    -6.42500    -6.42500    -6.42500    -6.42500    -6.42500    -6.42500    -6.42500    -6.42500    -6.42500    -6.42500    -6.42500    -6.42500    -6.42500    -6.42500    -6.42500    -6.42500    -6.42500    -6.42500    -6.42500    -6.42500    -6.42500    -6.42500    -6.42500    -6.42500    -6.42500    -6.42500    -6.42500    -6.42500    -6.42500    -6.42500    -6.42500    -6.42500    -6.42500    -6.42500    -6.42500    -6.42500    -6.42500    -6.42500    -6.42500    -6.42500    -6.42500    -6.42500    -6.42500    -6.42500    -6.42500    -6.42500    -6.42500    -6.42500    -6.42500    -6.42500    -6.42500    -6.42500    -6.42500    -6.42500    -6.42500    -6.42500    -6.42500    -6.42500    -6.42500    -6.42500    -6.42500
    -6.41500    -6.41500    -6.41500    -6.41500    -6.41500    -6.41500    -6.41500    -6.41500    -6.41500    -6.41500    -6.41500    -6.41500    -6.41500    -6.41500    -6.41500    -6.41500    -6.41500    -6.41500    -6.41500    -6.41500    -6.41500    -6.41500    -6.41500    -6.41500    -6.41500    -6.41500    -6.41500    -6.41500    -6.41500    -6.41500    -6.41500    -6.41500    -6.41500    -6.41500    -6.41500    -6.41500    -6.41500    -6.41500    -6.41500    -6.41500    -6.41500    -6.41500    -6.41500    -6.41500    -6.41500    -6.41500    -6.41500    -6.41500    -6.41500    -6.41500    -6.41500    -6.41500    -6.41500    -6.41500    -6.41500    -6.41500    -6.41500    -6.41500    -6.41500    -6.41500    -6.41500    -6.41500    -6.41500    -6.41500    -6.41500    -6.41500    -6.41500    -6.41500    -6.41500    -6.41500    -6.41500    -6.41500    -6.41500    -6.41500    -6.41500    -6.41500    -6.41500    -6.41500    -6.41500    -6.41500    -6.41500    -6.41500    -6.41500    -6.41500    -6.41500    -6.41500    -6.41500    -6.41500    -6.41500    -6.41500    -6.41500    -6.41500    -6.41500    -6.41500    -6.41500    -6.41500    -6.41500    -6.41500    -6.41500    -6.41500    -6.41500    -6.41500    -6.41500    -6.41500    -6.41500    -6.41500    -6.41500    -6.41500    -6.41500    -6.41500    -6.41500    -6.41500    -6.41500    -6.41500    -6.41500    -6.41500    -6.41500    -6.41500    -6.41500    -6.41500    -6.41500    -6.41500    -6.41500    -6.41500    -6.41500    -6.41500    -6.41500    -6.41500    -6.41500    -6.41500    -6.41500    -6.41500    -6.41500    -6.41500    -6.41500    -6.41500    -6.41500    -6.41500    -6.41500    -6.41500    -6.41500    -6.41500    -6.41500    -6.41500    -6.41500    -6.41500    -6.41500    -6.41500    -6.41500    -6.41500    -6.41500    -6.41500    -6.41500    -6.41500    -6.41500    -6.41500    -6.41500    -6.41500    -6.41500    -6.41500    -6.41500    -6.41500
    -6.40500    -6.40500    -6.40500    -6.40500    -6.40500    -6.40500    -6.40500    -6.40500    -6.40500    -6.40500    -6.40500    -6.40500    -6.40500    -6.40500    -6.40500    -6.40500    -6.40500    -6.40500    -6.40500    -6.40500    -6.40500    -6.40500    -6.40500    -6.40500    -6.40500    -6.40500    -6.40500    -6.40500    -6.40500    -6.40500    -6.40500    -6.40500    -6.40500    -6.40500    -6.40500    -6.40500    -6.40500    -6.40500    -6.40500    -6.40500    -6.40500    -6.40500    -6.40500    -6.40500    -6.40500    -6.40500    -6.40500    -6.40500    -6.40500    -6.40500    -6.40500    -6.40500    -6.40500    -6.40500    -6.40500    -6.40500    -6.40500    -6.40500    -6.40500    -6.40500    -6.40500    -6.40500    -6.40500    -6.40500    -6.40500    -6.40500    -6.40500    -6.40500    -6.40500    -6.40500    -6.40500    -6.40500    -6.40500    -6.40500    -6.40500    -6.40500    -6.40500    -6.40500    -6.40500    -6.40500    -6.40500    -6.40500    -6.40500    -6.40500    -6.40500    -6.40500    -6.40500    -6.40500    -6.40500    -6.40500    -6.40500    -6.40500    -6.40500    -6.40500    -6.40500    -6.40500    -6.40500    -6.40500    -6.40500    -6.40500    -6.40500    -6.40500    -6.40500    -6.40500    -6.40500    -6.40500    -6.40500    -6.40500    -6.40500    -6.40500    -6.40500    -6.40500    -6.40500    -6.40500    -6.40500    -6.40500    -6.40500    -6.40500    -6.40500    -6.40500    -6.40500    -6.40500    -6.40500    -6.40500    -6.40500    -6.40500    -6.40500    -6.40500    -6.40500    -6.40500    -6.40500    -6.40500    -6.40500    -6.40500    -6.40500    -6.40500    -6.40500    -6.40500    -6.40500    -6.40500    -6.40500    -6.40500    -6.40500    -6.40500    -6.40500    -6.40500    -6.40500    -6.40500    -6.40500    -6.40500    -6.40500    -6.40500    -6.40500    -6.40500    -6.40500    -6.40500    -6.40500    -6.40500    -6.40500    -6.40500    -6.40500    -6.40500
    -6.39500    -6.39500    -6.39500    -6.39500    -6.39500    -6.39500    -6.39500    -6.39500    -6.39500    -6.39500    -6.39500    -6.39500    -6.39500    -6.39500    -6.39500    -6.39500    -6.39500    -6.39500    -6.39500    -6.39500    -6.39500    -6.39500    -6.39500    -6.39500    -6.39500    -6.39500    -6.39500    -6.39500    -6.39500    -6.39500    -6.39500    -6.39500    -6.39500    -6.39500    -6.39500    -6.39500    -6.39500    -6.39500    -6.39500    -6.39500    -6.39500    -6.39500    -6.39500    -6.39500    -6.39500    -6.39500    -6.39500    -6.39500    -6.39500    -6.39500    -6.39500    -6.39500    -6.39500    -6.39500    -6.39500    -6.39500    -6.39500    -6.39500    -6.39500    -6.39500    -6.39500    -6.39500    -6.39500    -6.39500    -6.39500    -6.39500    -6.39500    -6.39500    -6.39500    -6.39500    -6.39500    -6.39500    -6.39500    -6.39500    -6.39500    -6.39500    -6.39500    -6.39500    -6.39500    -6.39500    -6.39500    -6.39500    -6.39500    -6.39500    -6.39500    -6.39500    -6.39500    -6.39500    -6.39500    -6.39500    -6.39500    -6.39500    -6.39500    -6.39500    -6.39500    -6.39500    -6.39500    -6.39500    -6.39500    -6.39500    -6.39500    -6.39500    -6.39500    -6.39500    -6.39500    -6.39500    -6.39500    -6.39500    -6.39500    -6.39500    -6.39500    -6.39500    -6.39500    -6.39500    -6.39500    -6.39500    -6.39500    -6.39500    -6.39500    -6.39500    -6.39500    -6.39500    -6.39500    -6.39500    -6.39500    -6.39500    -6.39500    -6.39500    -6.39500    -6.39500    -6.39500    -6.39500    -6.39500    -6.39500    -6.39500    -6.39500    -6.39500    -6.39500    -6.39500    -6.39500    -6.39500    -6.39500    -6.39500    -6.39500    -6.39500    -6.39500    -6.39500    -6.39500    -6.39500    -6.39500    -6.39500    -6.39500    -6.39500    -6.39500    -6.39500    -6.39500    -6.39500    -6.39500    -6.39500    -6.39500    -6.39500    -6.39500
    -6.38500    -6.38500    -6.38500    -6.38500    -6.38500    -6.38500    -6.38500    -6.38500    -6.38500    -6.38500    -6.38500    -6.38500    -6.38500    -6.38500    -6.38500    -6.38500    -6.38500    -6.38500    -6.38500    -6.38500    -6.38500    -6.38500    -6.38500    -6.38500    -6.38500    -6.38500    -6.38500    -6.38500    -6.38500    -6.38500    -6.38500    -6.38500    -6.38500    -6.38500    -6.38500    -6.38500    -6.38500    -6.38500    -6.38500    -6.38500    -6.38500    -6.38500    -6.38500    -6.38500    -6.38500    -6.38500    -6.38500    -6.38500    -6.38500    -6.38500    -6.38500    -6.38500    -6.38500    -6.38500    -6.38500    -6.38500    -6.38500    -6.38500    -6.38500    -6.38500    -6.38500    -6.38500    -6.38500    -6.38500    -6.38500    -6.38500    -6.38500    -6.38500    -6.38500    -6.38500    -6.38500    -6.38500    -6.38500    -6.38500    -6.38500    -6.38500    -6.38500    -6.38500    -6.38500    -6.38500    -6.38500    -6.38500    -6.38500    -6.38500    -6.38500    -6.38500    -6.38500    -6.38500    -6.38500    -6.38500    -6.38500    -6.38500    -6.38500    -6.38500    -6.38500    -6.38500    -6.38500    -6.38500    -6.38500    -6.38500    -6.38500    -6.38500    -6.38500    -6.38500    -6.38500    -6.38500    -6.38500    -6.38500    -6.38500    -6.38500    -6.38500    -6.38500    -6.38500    -6.38500    -6.38500    -6.38500    -6.38500    -6.38500    -6.38500    -6.38500    -6.38500    -6.38500    -6.38500    -6.38500    -6.38500    -6.38500    -6.38500    -6.38500    -6.38500    -6.38500    -6.38500    -6.38500    -6.38500    -6.38500    -6.38500    -6.38500    -6.38500    -6.38500    -6.38500    -6.38500    -6.38500    -6.38500    -6.38500    -6.38500    -6.38500    -6.38500    -6.38500    -6.38500    -6.38500    -6.38500    -6.38500    -6.38500    -6.38500    -6.38500    -6.38500    -6.38500    -6.38500    -6.38500    -6.38500    -6.38500    -6.38500    -6.38500
    -6.37500    -6.37500    -6.37500    -6.37500    -6.37500    -6.37500    -6.37500    -6.37500    -6.37500    -6.37500    -6.37500    -6.37500    -6.37500    -6.37500    -6.37500    -6.37500    -6.37500    -6.37500    -6.37500    -6.37500    -6.37500    -6.37500    -6.37500    -6.37500    -6.37500    -6.37500    -6.37500    -6.37500    -6.37500    -6.37500    -6.37500    -6.37500    -6.37500    -6.37500    -6.37500    -6.37500    -6.37500    -6.37500    -6.37500    -6.37500    -6.37500    -6.37500    -6.37500    -6.37500    -6.37500    -6.37500    -6.37500    -6.37500    -6.37500    -6.37500    -6.37500    -6.37500    -6.37500    -6.37500    -6.37500    -6.37500    -6.37500    -6.37500    -6.37500    -6.37500    -6.37500    -6.37500    -6.37500    -6.37500    -6.37500    -6.37500    -6.37500    -6.37500    -6.37500    -6.37500    -6.37500    -6.37500    -6.37500    -6.37500    -6.37500    -6.37500    -6.37500    -6.37500    -6.37500    -6.37500    -6.37500    -6.37500    -6.37500    -6.37500    -6.37500    -6.37500    -6.37500    -6.37500    -6.37500    -6.37500    -6.37500    -6.37500    -6.37500    -6.37500    -6.37500    -6.37500    -6.37500    -6.37500    -6.37500    -6.37500    -6.37500    -6.37500    -6.37500    -6.37500    -6.37500    -6.37500    -6.37500    -6.37500    -6.37500    -6.37500    -6.37500    -6.37500    -6.37500    -6.37500    -6.37500    -6.37500    -6.37500    -6.37500    -6.37500    -6.37500    -6.37500    -6.37500    -6.37500    -6.37500    -6.37500    -6.37500    -6.37500    -6.37500    -6.37500    -6.37500    -6.37500    -6.37500    -6.37500    -6.37500    -6.37500    -6.37500    -6.37500    -6.37500    -6.37500    -6.37500    -6.37500    -6.37500    -6.37500    -6.37500    -6.37500    -6.37500    -6.37500    -6.37500    -6.37500    -6.37500    -6.37500    -6.37500    -6.37500    -6.37500    -6.37500    -6.37500    -6.37500    -6.37500    -6.37500    -6.37500    -6.37500    -6.37500
    -6.36500    -6.36500    -6.36500    -6.36500    -6.36500    -6.36500    -6.36500    -6.36500    -6.36500    -6.36500    -6.36500    -6.36500    -6.36500    -6.36500    -6.36500    -6.36500    -6.36500    -6.36500    -6.36500    -6.36500    -6.36500    -6.36500    -6.36500    -6.36500    -6.36500    -6.36500    -6.36500    -6.36500    -6.36500    -6.36500    -6.36500    -6.36500    -6.36500    -6.36500    -6.36500    -6.36500    -6.36500    -6.36500    -6.36500    -6.36500    -6.36500    -6.36500    -6.36500    -6.36500    -6.36500    -6.36500    -6.36500    -6.36500    -6.36500    -6.36500    -6.36500    -6.36500    -6.36500    -6.36500    -6.36500    -6.36500    -6.36500    -6.36500    -6.36500    -6.36500    -6.36500    -6.36500    -6.36500    -6.36500    -6.36500    -6.36500    -6.36500    -6.36500    -6.36500    -6.36500    -6.36500    -6.36500    -6.36500    -6.36500    -6.36500    -6.36500    -6.36500    -6.36500    -6.36500    -6.36500    -6.36500    -6.36500    -6.36500    -6.36500    -6.36500    -6.36500    -6.36500    -6.36500    -6.36500    -6.36500    -6.36500    -6.36500    -6.36500    -6.36500    -6.36500    -6.36500    -6.36500    -6.36500    -6.36500    -6.36500    -6.36500    -6.36500    -6.36500    -6.36500    -6.36500    -6.36500    -6.36500    -6.36500    -6.36500    -6.36500    -6.36500    -6.36500    -6.36500    -6.36500    -6.36500    -6.36500    -6.36500    -6.36500    -6.36500    -6.36500    -6.36500    -6.36500    -6.36500    -6.36500    -6.36500    -6.36500    -6.36500    -6.36500    -6.36500    -6.36500    -6.36500    -6.36500    -6.36500    -6.36500    -6.36500    -6.36500    -6.36500    -6.36500    -6.36500    -6.36500    -6.36500    -6.36500    -6.36500    -6.36500    -6.36500    -6.36500    -6.36500    -6.36500    -6.36500    -6.36500    -6.36500    -6.36500    -6.36500    -6.36500    -6.36500    -6.36500    -6.36500    -6.36500    -6.36500    -6.36500    -6.36500    -6.36500
    -6.35500    -6.35500    -6.35500    -6.35500    -6.35500    -6.35500    -6.35500    -6.35500    -6.35500    -6.35500    -6.35500    -6.35500    -6.35500    -6.35500    -6.35500    -6.35500    -6.35500    -6.35500    -6.35500    -6.35500    -6.35500    -6.35500    -6.35500    -6.35500    -6.35500    -6.35500    -6.35500    -6.35500    -6.35500    -6.35500    -6.35500    -6.35500    -6.35500    -6.35500    -6.35500    -6.35500    -6.35500    -6.35500    -6.35500    -6.35500    -6.35500    -6.35500    -6.35500    -6.35500    -6.35500    -6.35500    -6.35500    -6.35500    -6.35500    -6.35500    -6.35500    -6.35500    -6.35500    -6.35500    -6.35500    -6.35500    -6.35500    -6.35500    -6.35500    -6.35500    -6.35500    -6.35500    -6.35500    -6.35500    -6.35500    -6.35500    -6.35500    -6.35500    -6.35500    -6.35500    -6.35500    -6.35500    -6.35500    -6.35500    -6.35500    -6.35500    -6.35500    -6.35500    -6.35500    -6.35500    -6.35500    -6.35500    -6.35500    -6.35500    -6.35500    -6.35500    -6.35500    -6.35500    -6.35500    -6.35500    -6.35500    -6.35500    -6.35500    -6.35500    -6.35500    -6.35500    -6.35500    -6.35500    -6.35500    -6.35500    -6.35500    -6.35500    -6.35500    -6.35500    -6.35500    -6.35500    -6.35500    -6.35500    -6.35500    -6.35500    -6.35500    -6.35500    -6.35500    -6.35500    -6.35500    -6.35500    -6.35500    -6.35500    -6.35500    -6.35500    -6.35500    -6.35500    -6.35500    -6.35500    -6.35500    -6.35500    -6.35500    -6.35500    -6.35500    -6.35500    -6.35500    -6.35500    -6.35500    -6.35500    -6.35500    -6.35500    -6.35500    -6.35500    -6.35500    -6.35500    -6.35500    -6.35500    -6.35500    -6.35500    -6.35500    -6.35500    -6.35500    -6.35500    -6.35500    -6.35500    -6.35500    -6.35500    -6.35500    -6.35500    -6.35500    -6.35500    -6.35500    -6.35500    -6.35500    -6.35500    -6.35500    -6.35500
    -6.34500    -6.34500    -6.34500    -6.34500    -6.34500    -6.34500    -6.34500    -6.34500    -6.34500    -6.34500    -6.34500    -6.34500    -6.34500    -6.34500    -6.34500    -6.34500    -6.34500    -6.34500    -6.34500    -6.34500    -6.34500    -6.34500    -6.34500    -6.34500    -6.34500    -6.34500    -6.34500    -6.34500    -6.34500    -6.34500    -6.34500    -6.34500    -6.34500    -6.34500    -6.34500    -6.34500    -6.34500    -6.34500    -6.34500    -6.34500    -6.34500    -6.34500    -6.34500    -6.34500    -6.34500    -6.34500    -6.34500    -6.34500    -6.34500    -6.34500    -6.34500    -6.34500    -6.34500    -6.34500    -6.34500    -6.34500    -6.34500    -6.34500    -6.34500    -6.34500    -6.34500    -6.34500    -6.34500    -6.34500    -6.34500    -6.34500    -6.34500    -6.34500    -6.34500    -6.34500    -6.34500    -6.34500    -6.34500    -6.34500    -6.34500    -6.34500    -6.34500    -6.34500    -6.34500    -6.34500    -6.34500    -6.34500    -6.34500    -6.34500    -6.34500    -6.34500    -6.34500    -6.34500    -6.34500    -6.34500    -6.34500    -6.34500    -6.34500    -6.34500    -6.34500    -6.34500    -6.34500    -6.34500    -6.34500    -6.34500    -6.34500    -6.34500    -6.34500    -6.34500    -6.34500    -6.34500    -6.34500    -6.34500    -6.34500    -6.34500    -6.34500    -6.34500    -6.34500    -6.34500    -6.34500    -6.34500    -6.34500    -6.34500    -6.34500    -6.34500    -6.34500    -6.34500    -6.34500    -6.34500    -6.34500    -6.34500    -6.34500    -6.34500    -6.34500    -6.34500    -6.34500    -6.34500    -6.34500    -6.34500    -6.34500    -6.34500    -6.34500    -6.34500    -6.34500    -6.34500    -6.34500    -6.34500    -6.34500    -6.34500    -6.34500    -6.34500    -6.34500    -6.34500    -6.34500    -6.34500    -6.34500    -6.34500    -6.34500    -6.34500    -6.34500    -6.34500    -6.34500    -6.34500    -6.34500    -6.34500    -6.34500    -6.34500
    -6.33500    -6.33500    -6.33500    -6.33500    -6.33500    -6.33500    -6.33500    -6.33500    -6.33500    -6.33500    -6.33500    -6.33500    -6.33500    -6.33500    -6.33500    -6.33500    -6.33500    -6.33500    -6.33500    -6.33500    -6.33500    -6.33500    -6.33500    -6.33500    -6.33500    -6.33500    -6.33500    -6.33500    -6.33500    -6.33500    -6.33500    -6.33500    -6.33500    -6.33500    -6.33500    -6.33500    -6.33500    -6.33500    -6.33500    -6.33500    -6.33500    -6.33500    -6.33500    -6.33500    -6.33500    -6.33500    -6.33500    -6.33500    -6.33500    -6.33500    -6.33500    -6.33500    -6.33500    -6.33500    -6.33500    -6.33500    -6.33500    -6.33500    -6.33500    -6.33500    -6.33500    -6.33500    -6.33500    -6.33500    -6.33500    -6.33500    -6.33500    -6.33500    -6.33500    -6.33500    -6.33500    -6.33500    -6.33500    -6.33500    -6.33500    -6.33500    -6.33500    -6.33500    -6.33500    -6.33500    -6.33500    -6.33500    -6.33500    -6.33500    -6.33500    -6.33500    -6.33500    -6.33500    -6.33500    -6.33500    -6.33500    -6.33500    -6.33500    -6.33500    -6.33500    -6.33500    -6.33500    -6.33500    -6.33500    -6.33500    -6.33500    -6.33500    -6.33500    -6.33500    -6.33500    -6.33500    -6.33500    -6.33500    -6.33500    -6.33500    -6.33500    -6.33500    -6.33500    -6.33500    -6.33500    -6.33500    -6.33500    -6.33500    -6.33500    -6.33500    -6.33500    -6.33500    -6.33500    -6.33500    -6.33500    -6.33500    -6.33500    -6.33500    -6.33500    -6.33500    -6.33500    -6.33500    -6.33500    -6.33500    -6.33500    -6.33500    -6.33500    -6.33500    -6.33500    -6.33500    -6.33500    -6.33500    -6.33500    -6.33500    -6.33500    -6.33500    -6.33500    -6.33500    -6.33500    -6.33500    -6.33500    -6.33500    -6.33500    -6.33500    -6.33500    -6.33500    -6.33500    -6.33500    -6.33500    -6.33500    -6.33500    -6.33500
    -6.32500    -6.32500    -6.32500    -6.32500    -6.32500    -6.32500    -6.32500    -6.32500    -6.32500    -6.32500    -6.32500    -6.32500    -6.32500    -6.32500    -6.32500    -6.32500    -6.32500    -6.32500    -6.32500    -6.32500    -6.32500    -6.32500    -6.32500    -6.32500    -6.32500    -6.32500    -6.32500    -6.32500    -6.32500    -6.32500    -6.32500    -6.32500    -6.32500    -6.32500    -6.32500    -6.32500    -6.32500    -6.32500    -6.32500    -6.32500    -6.32500    -6.32500    -6.32500    -6.32500    -6.32500    -6.32500    -6.32500    -6.32500    -6.32500    -6.32500    -6.32500    -6.32500    -6.32500    -6.32500    -6.32500    -6.32500    -6.32500    -6.32500    -6.32500    -6.32500    -6.32500    -6.32500    -6.32500    -6.32500    -6.32500    -6.32500    -6.32500    -6.32500    -6.32500    -6.32500    -6.32500    -6.32500    -6.32500    -6.32500    -6.32500    -6.32500    -6.32500    -6.32500    -6.32500    -6.32500    -6.32500    -6.32500    -6.32500    -6.32500    -6.32500    -6.32500    -6.32500    -6.32500    -6.32500    -6.32500    -6.32500    -6.32500    -6.32500    -6.32500    -6.32500    -6.32500    -6.32500    -6.32500    -6.32500    -6.32500    -6.32500    -6.32500    -6.32500    -6.32500    -6.32500    -6.32500    -6.32500    -6.32500    -6.32500    -6.32500    -6.32500    -6.32500    -6.32500    -6.32500    -6.32500    -6.32500    -6.32500    -6.32500    -6.32500    -6.32500    -6.32500    -6.32500    -6.32500    -6.32500    -6.32500    -6.32500    -6.32500    -6.32500    -6.32500    -6.32500    -6.32500    -6.32500    -6.32500    -6.32500    -6.32500    -6.32500    -6.32500    -6.32500    -6.32500    -6.32500    -6.32500    -6.32500    -6.32500    -6.32500    -6.32500    -6.32500    -6.32500    -6.32500    -6.32500    -6.32500    -6.32500    -6.32500    -6.32500    -6.32500    -6.32500    -6.32500    -6.32500    -6.32500    -6.32500    -6.32500    -6.32500    -6.32500
    -6.31500    -6.31500    -6.31500    -6.31500    -6.31500    -6.31500    -6.31500    -6.31500    -6.31500    -6.31500    -6.31500    -6.31500    -6.31500    -6.31500    -6.31500    -6.31500    -6.31500    -6.31500    -6.31500    -6.31500    -6.31500    -6.31500    -6.31500    -6.31500    -6.31500    -6.31500    -6.31500    -6.31500    -6.31500    -6.31500    -6.31500    -6.31500    -6.31500    -6.31500    -6.31500    -6.31500    -6.31500    -6.31500    -6.31500    -6.31500    -6.31500    -6.31500    -6.31500    -6.31500    -6.31500    -6.31500    -6.31500    -6.31500    -6.31500    -6.31500    -6.31500    -6.31500    -6.31500    -6.31500    -6.31500    -6.31500    -6.31500    -6.31500    -6.31500    -6.31500    -6.31500    -6.31500    -6.31500    -6.31500    -6.31500    -6.31500    -6.31500    -6.31500    -6.31500    -6.31500    -6.31500    -6.31500    -6.31500    -6.31500    -6.31500    -6.31500    -6.31500    -6.31500    -6.31500    -6.31500    -6.31500    -6.31500    -6.31500    -6.31500    -6.31500    -6.31500    -6.31500    -6.31500    -6.31500    -6.31500    -6.31500    -6.31500    -6.31500    -6.31500    -6.31500    -6.31500    -6.31500    -6.31500    -6.31500    -6.31500    -6.31500    -6.31500    -6.31500    -6.31500    -6.31500    -6.31500    -6.31500    -6.31500    -6.31500    -6.31500    -6.31500    -6.31500    -6.31500    -6.31500    -6.31500    -6.31500    -6.31500    -6.31500    -6.31500    -6.31500    -6.31500    -6.31500    -6.31500    -6.31500    -6.31500    -6.31500    -6.31500    -6.31500    -6.31500    -6.31500    -6.31500    -6.31500    -6.31500    -6.31500    -6.31500    -6.31500    -6.31500    -6.31500    -6.31500    -6.31500    -6.31500    -6.31500    -6.31500    -6.31500    -6.31500    -6.31500    -6.31500    -6.31500    -6.31500    -6.31500    -6.31500    -6.31500    -6.31500    -6.31500    -6.31500    -6.31500    -6.31500    -6.31500    -6.31500    -6.31500    -6.31500    -6.31500
    -6.30500    -6.30500    -6.30500    -6.30500    -6.30500    -6.30500    -6.30500    -6.30500    -6.30500    -6.30500    -6.30500    -6.30500    -6.30500    -6.30500    -6.30500    -6.30500    -6.30500    -6.30500    -6.30500    -6.30500    -6.30500    -6.30500    -6.30500    -6.30500    -6.30500    -6.30500    -6.30500    -6.30500    -6.30500    -6.30500    -6.30500    -6.30500    -6.30500    -6.30500    -6.30500    -6.30500    -6.30500    -6.30500    -6.30500    -6.30500    -6.30500    -6.30500    -6.30500    -6.30500    -6.30500    -6.30500    -6.30500    -6.30500    -6.30500    -6.30500    -6.30500    -6.30500    -6.30500    -6.30500    -6.30500    -6.30500    -6.30500    -6.30500    -6.30500    -6.30500    -6.30500    -6.30500    -6.30500    -6.30500    -6.30500    -6.30500    -6.30500    -6.30500    -6.30500    -6.30500    -6.30500    -6.30500    -6.30500    -6.30500    -6.30500    -6.30500    -6.30500    -6.30500    -6.30500    -6.30500    -6.30500    -6.30500    -6.30500    -6.30500    -6.30500    -6.30500    -6.30500    -6.30500    -6.30500    -6.30500    -6.30500    -6.30500    -6.30500    -6.30500    -6.30500    -6.30500    -6.30500    -6.30500    -6.30500    -6.30500    -6.30500    -6.30500    -6.30500    -6.30500    -6.30500    -6.30500    -6.30500    -6.30500    -6.30500    -6.30500    -6.30500    -6.30500    -6.30500    -6.30500    -6.30500    -6.30500    -6.30500    -6.30500    -6.30500    -6.30500    -6.30500    -6.30500    -6.30500    -6.30500    -6.30500    -6.30500    -6.30500    -6.30500    -6.30500    -6.30500    -6.30500    -6.30500    -6.30500    -6.30500    -6.30500    -6.30500    -6.30500    -6.30500    -6.30500    -6.30500    -6.30500    -6.30500    -6.30500    -6.30500    -6.30500    -6.30500    -6.30500    -6.30500    -6.30500    -6.30500    -6.30500    -6.30500    -6.30500    -6.30500    -6.30500    -6.30500    -6.30500    -6.30500    -6.30500    -6.30500    -6.30500    -6.30500
    -6.29500    -6.29500    -6.29500    -6.29500    -6.29500    -6.29500    -6.29500    -6.29500    -6.29500    -6.29500    -6.29500    -6.29500    -6.29500    -6.29500    -6.29500    -6.29500    -6.29500    -6.29500    -6.29500    -6.29500    -6.29500    -6.29500    -6.29500    -6.29500    -6.29500    -6.29500    -6.29500    -6.29500    -6.29500    -6.29500    -6.29500    -6.29500    -6.29500    -6.29500    -6.29500    -6.29500    -6.29500    -6.29500    -6.29500    -6.29500    -6.29500    -6.29500    -6.29500    -6.29500    -6.29500    -6.29500    -6.29500    -6.29500    -6.29500    -6.29500    -6.29500    -6.29500    -6.29500    -6.29500    -6.29500    -6.29500    -6.29500    -6.29500    -6.29500    -6.29500    -6.29500    -6.29500    -6.29500    -6.29500    -6.29500    -6.29500    -6.29500    -6.29500    -6.29500    -6.29500    -6.29500    -6.29500    -6.29500    -6.29500    -6.29500    -6.29500    -6.29500    -6.29500    -6.29500    -6.29500    -6.29500    -6.29500    -6.29500    -6.29500    -6.29500    -6.29500    -6.29500    -6.29500    -6.29500    -6.29500    -6.29500    -6.29500    -6.29500    -6.29500    -6.29500    -6.29500    -6.29500    -6.29500    -6.29500    -6.29500    -6.29500    -6.29500    -6.29500    -6.29500    -6.29500    -6.29500    -6.29500    -6.29500    -6.29500    -6.29500    -6.29500    -6.29500    -6.29500    -6.29500    -6.29500    -6.29500    -6.29500    -6.29500    -6.29500    -6.29500    -6.29500    -6.29500    -6.29500    -6.29500    -6.29500    -6.29500    -6.29500    -6.29500    -6.29500    -6.29500    -6.29500    -6.29500    -6.29500    -6.29500    -6.29500    -6.29500    -6.29500    -6.29500    -6.29500    -6.29500    -6.29500    -6.29500    -6.29500    -6.29500    -6.29500    -6.29500    -6.29500    -6.29500    -6.29500    -6.29500    -6.29500    -6.29500    -6.29500    -6.29500    -6.29500    -6.29500    -6.29500    -6.29500    -6.29500    -6.29500    -6.29500    -6.29500
    -6.28500    -6.28500    -6.28500    -6.28500    -6.28500    -6.28500    -6.28500    -6.28500    -6.28500    -6.28500    -6.28500    -6.28500    -6.28500    -6.28500    -6.28500    -6.28500    -6.28500    -6.28500    -6.28500    -6.28500    -6.28500    -6.28500    -6.28500    -6.28500    -6.28500    -6.28500    -6.28500    -6.28500    -6.28500    -6.28500    -6.28500    -6.28500    -6.28500    -6.28500    -6.28500    -6.28500    -6.28500    -6.28500    -6.28500    -6.28500    -6.28500    -6.28500    -6.28500    -6.28500    -6.28500    -6.28500    -6.28500    -6.28500    -6.28500    -6.28500    -6.28500    -6.28500    -6.28500    -6.28500    -6.28500    -6.28500    -6.28500    -6.28500    -6.28500    -6.28500    -6.28500    -6.28500    -6.28500    -6.28500    -6.28500    -6.28500    -6.28500    -6.28500    -6.28500    -6.28500    -6.28500    -6.28500    -6.28500    -6.28500    -6.28500    -6.28500    -6.28500    -6.28500    -6.28500    -6.28500    -6.28500    -6.28500    -6.28500    -6.28500    -6.28500    -6.28500    -6.28500    -6.28500    -6.28500    -6.28500    -6.28500    -6.28500    -6.28500    -6.28500    -6.28500    -6.28500    -6.28500    -6.28500    -6.28500    -6.28500    -6.28500    -6.28500    -6.28500    -6.28500    -6.28500    -6.28500    -6.28500    -6.28500    -6.28500    -6.28500    -6.28500    -6.28500    -6.28500    -6.28500    -6.28500    -6.28500    -6.28500    -6.28500    -6.28500    -6.28500    -6.28500    -6.28500    -6.28500    -6.28500    -6.28500    -6.28500    -6.28500    -6.28500    -6.28500    -6.28500    -6.28500    -6.28500    -6.28500    -6.28500    -6.28500    -6.28500    -6.28500    -6.28500    -6.28500    -6.28500    -6.28500    -6.28500    -6.28500    -6.28500    -6.28500    -6.28500    -6.28500    -6.28500    -6.28500    -6.28500    -6.28500    -6.28500    -6.28500    -6.28500    -6.28500    -6.28500    -6.28500    -6.28500    -6.28500    -6.28500    -6.28500    -6.28500
    -6.27500    -6.27500    -6.27500    -6.27500    -6.27500    -6.27500    -6.27500    -6.27500    -6.27500    -6.27500    -6.27500    -6.27500    -6.27500    -6.27500    -6.27500    -6.27500    -6.27500    -6.27500    -6.27500    -6.27500    -6.27500    -6.27500    -6.27500    -6.27500    -6.27500    -6.27500    -6.27500    -6.27500    -6.27500    -6.27500    -6.27500    -6.27500    -6.27500    -6.27500    -6.27500    -6.27500    -6.27500    -6.27500    -6.27500    -6.27500    -6.27500    -6.27500    -6.27500    -6.27500    -6.27500    -6.27500    -6.27500    -6.27500    -6.27500    -6.27500    -6.27500    -6.27500    -6.27500    -6.27500    -6.27500    -6.27500    -6.27500    -6.27500    -6.27500    -6.27500    -6.27500    -6.27500    -6.27500    -6.27500    -6.27500    -6.27500    -6.27500    -6.27500    -6.27500    -6.27500    -6.27500    -6.27500    -6.27500    -6.27500    -6.27500    -6.27500    -6.27500    -6.27500    -6.27500    -6.27500    -6.27500    -6.27500    -6.27500    -6.27500    -6.27500    -6.27500    -6.27500    -6.27500    -6.27500    -6.27500    -6.27500    -6.27500    -6.27500    -6.27500    -6.27500    -6.27500    -6.27500    -6.27500    -6.27500    -6.27500    -6.27500    -6.27500    -6.27500    -6.27500    -6.27500    -6.27500    -6.27500    -6.27500    -6.27500    -6.27500    -6.27500    -6.27500    -6.27500    -6.27500    -6.27500    -6.27500    -6.27500    -6.27500    -6.27500    -6.27500    -6.27500    -6.27500    -6.27500    -6.27500    -6.27500    -6.27500    -6.27500    -6.27500    -6.27500    -6.27500    -6.27500    -6.27500    -6.27500    -6.27500    -6.27500    -6.27500    -6.27500    -6.27500    -6.27500    -6.27500    -6.27500    -6.27500    -6.27500    -6.27500    -6.27500    -6.27500    -6.27500    -6.27500    -6.27500    -6.27500    -6.27500    -6.27500    -6.27500    -6.27500    -6.27500    -6.27500    -6.27500    -6.27500    -6.27500    -6.27500    -6.27500    -6.27500
    -6.26500    -6.26500    -6.26500    -6.26500    -6.26500    -6.26500    -6.26500    -6.26500    -6.26500    -6.26500    -6.26500    -6.26500    -6.26500    -6.26500    -6.26500    -6.26500    -6.26500    -6.26500    -6.26500    -6.26500    -6.26500    -6.26500    -6.26500    -6.26500    -6.26500    -6.26500    -6.26500    -6.26500    -6.26500    -6.26500    -6.26500    -6.26500    -6.26500    -6.26500    -6.26500    -6.26500    -6.26500    -6.26500    -6.26500    -6.26500    -6.26500    -6.26500    -6.26500    -6.26500    -6.26500    -6.26500    -6.26500    -6.26500    -6.26500    -6.26500    -6.26500    -6.26500    -6.26500    -6.26500    -6.26500    -6.26500    -6.26500    -6.26500    -6.26500    -6.26500    -6.26500    -6.26500    -6.26500    -6.26500    -6.26500    -6.26500    -6.26500    -6.26500    -6.26500    -6.26500    -6.26500    -6.26500    -6.26500    -6.26500    -6.26500    -6.26500    -6.26500    -6.26500    -6.26500    -6.26500    -6.26500    -6.26500    -6.26500    -6.26500    -6.26500    -6.26500    -6.26500    -6.26500    -6.26500    -6.26500    -6.26500    -6.26500    -6.26500    -6.26500    -6.26500    -6.26500    -6.26500    -6.26500    -6.26500    -6.26500    -6.26500    -6.26500    -6.26500    -6.26500    -6.26500    -6.26500    -6.26500    -6.26500    -6.26500    -6.26500    -6.26500    -6.26500    -6.26500    -6.26500    -6.26500    -6.26500    -6.26500    -6.26500    -6.26500    -6.26500    -6.26500    -6.26500    -6.26500    -6.26500    -6.26500    -6.26500    -6.26500    -6.26500    -6.26500    -6.26500    -6.26500    -6.26500    -6.26500    -6.26500    -6.26500    -6.26500    -6.26500    -6.26500    -6.26500    -6.26500    -6.26500    -6.26500    -6.26500    -6.26500    -6.26500    -6.26500    -6.26500    -6.26500    -6.26500    -6.26500    -6.26500    -6.26500    -6.26500    -6.26500    -6.26500    -6.26500    -6.26500    -6.26500    -6.26500    -6.26500    -6.26500    -6.26500
    -6.25500    -6.25500    -6.25500    -6.25500    -6.25500    -6.25500    -6.25500    -6.25500    -6.25500    -6.25500    -6.25500    -6.25500    -6.25500    -6.25500    -6.25500    -6.25500    -6.25500    -6.25500    -6.25500    -6.25500    -6.25500    -6.25500    -6.25500    -6.25500    -6.25500    -6.25500    -6.25500    -6.25500    -6.25500    -6.25500    -6.25500    -6.25500    -6.25500    -6.25500    -6.25500    -6.25500    -6.25500    -6.25500    -6.25500    -6.25500    -6.25500    -6.25500    -6.25500    -6.25500    -6.25500    -6.25500    -6.25500    -6.25500    -6.25500    -6.25500    -6.25500    -6.25500    -6.25500    -6.25500    -6.25500    -6.25500    -6.25500    -6.25500    -6.25500    -6.25500    -6.25500    -6.25500    -6.25500    -6.25500    -6.25500    -6.25500    -6.25500    -6.25500    -6.25500    -6.25500    -6.25500    -6.25500    -6.25500    -6.25500    -6.25500    -6.25500    -6.25500    -6.25500    -6.25500    -6.25500    -6.25500    -6.25500    -6.25500    -6.25500    -6.25500    -6.25500    -6.25500    -6.25500    -6.25500    -6.25500    -6.25500    -6.25500    -6.25500    -6.25500    -6.25500    -6.25500    -6.25500    -6.25500    -6.25500    -6.25500    -6.25500    -6.25500    -6.25500    -6.25500    -6.25500    -6.25500    -6.25500    -6.25500    -6.25500    -6.25500    -6.25500    -6.25500    -6.25500    -6.25500    -6.25500    -6.25500    -6.25500    -6.25500    -6.25500    -6.25500    -6.25500    -6.25500    -6.25500    -6.25500    -6.25500    -6.25500    -6.25500    -6.25500    -6.25500    -6.25500    -6.25500    -6.25500    -6.25500    -6.25500    -6.25500    -6.25500    -6.25500    -6.25500    -6.25500    -6.25500    -6.25500    -6.25500    -6.25500    -6.25500    -6.25500    -6.25500    -6.25500    -6.25500    -6.25500    -6.25500    -6.25500    -6.25500    -6.25500    -6.25500    -6.25500    -6.25500    -6.25500    -6.25500    -6.25500    -6.25500    -6.25500    -6.25500
    -6.24500    -6.24500    -6.24500    -6.24500    -6.24500    -6.24500    -6.24500    -6.24500    -6.24500    -6.24500    -6.24500    -6.24500    -6.24500    -6.24500    -6.24500    -6.24500    -6.24500    -6.24500    -6.24500    -6.24500    -6.24500    -6.24500    -6.24500    -6.24500    -6.24500    -6.24500    -6.24500    -6.24500    -6.24500    -6.24500    -6.24500    -6.24500    -6.24500    -6.24500    -6.24500    -6.24500    -6.24500    -6.24500    -6.24500    -6.24500    -6.24500    -6.24500    -6.24500    -6.24500    -6.24500    -6.24500    -6.24500    -6.24500    -6.24500    -6.24500    -6.24500    -6.24500    -6.24500    -6.24500    -6.24500    -6.24500    -6.24500    -6.24500    -6.24500    -6.24500    -6.24500    -6.24500    -6.24500    -6.24500    -6.24500    -6.24500    -6.24500    -6.24500    -6.24500    -6.24500    -6.24500    -6.24500    -6.24500    -6.24500    -6.24500    -6.24500    -6.24500    -6.24500    -6.24500    -6.24500    -6.24500    -6.24500    -6.24500    -6.24500    -6.24500    -6.24500    -6.24500    -6.24500    -6.24500    -6.24500    -6.24500    -6.24500    -6.24500    -6.24500    -6.24500    -6.24500    -6.24500    -6.24500    -6.24500    -6.24500    -6.24500    -6.24500    -6.24500    -6.24500    -6.24500    -6.24500    -6.24500    -6.24500    -6.24500    -6.24500    -6.24500    -6.24500    -6.24500    -6.24500    -6.24500    -6.24500    -6.24500    -6.24500    -6.24500    -6.24500    -6.24500    -6.24500    -6.24500    -6.24500    -6.24500    -6.24500    -6.24500    -6.24500    -6.24500    -6.24500    -6.24500    -6.24500    -6.24500    -6.24500    -6.24500    -6.24500    -6.24500    -6.24500    -6.24500    -6.24500    -6.24500    -6.24500    -6.24500    -6.24500    -6.24500    -6.24500    -6.24500    -6.24500    -6.24500    -6.24500    -6.24500    -6.24500    -6.24500    -6.24500    -6.24500    -6.24500    -6.24500    -6.24500    -6.24500    -6.24500    -6.24500    -6.24500
    -6.23500    -6.23500    -6.23500    -6.23500    -6.23500    -6.23500    -6.23500    -6.23500    -6.23500    -6.23500    -6.23500    -6.23500    -6.23500    -6.23500    -6.23500    -6.23500    -6.23500    -6.23500    -6.23500    -6.23500    -6.23500    -6.23500    -6.23500    -6.23500    -6.23500    -6.23500    -6.23500    -6.23500    -6.23500    -6.23500    -6.23500    -6.23500    -6.23500    -6.23500    -6.23500    -6.23500    -6.23500    -6.23500    -6.23500    -6.23500    -6.23500    -6.23500    -6.23500    -6.23500    -6.23500    -6.23500    -6.23500    -6.23500    -6.23500    -6.23500    -6.23500    -6.23500    -6.23500    -6.23500    -6.23500    -6.23500    -6.23500    -6.23500    -6.23500    -6.23500    -6.23500    -6.23500    -6.23500    -6.23500    -6.23500    -6.23500    -6.23500    -6.23500    -6.23500    -6.23500    -6.23500    -6.23500    -6.23500    -6.23500    -6.23500    -6.23500    -6.23500    -6.23500    -6.23500    -6.23500    -6.23500    -6.23500    -6.23500    -6.23500    -6.23500    -6.23500    -6.23500    -6.23500    -6.23500    -6.23500    -6.23500    -6.23500    -6.23500    -6.23500    -6.23500    -6.23500    -6.23500    -6.23500    -6.23500    -6.23500    -6.23500    -6.23500    -6.23500    -6.23500    -6.23500    -6.23500    -6.23500    -6.23500    -6.23500    -6.23500    -6.23500    -6.23500    -6.23500    -6.23500    -6.23500    -6.23500    -6.23500    -6.23500    -6.23500    -6.23500    -6.23500    -6.23500    -6.23500    -6.23500    -6.23500    -6.23500    -6.23500    -6.23500    -6.23500    -6.23500    -6.23500    -6.23500    -6.23500    -6.23500    -6.23500    -6.23500    -6.23500    -6.23500    -6.23500    -6.23500    -6.23500    -6.23500    -6.23500    -6.23500    -6.23500    -6.23500    -6.23500    -6.23500    -6.23500    -6.23500    -6.23500    -6.23500    -6.23500    -6.23500    -6.23500    -6.23500    -6.23500    -6.23500    -6.23500    -6.23500    -6.23500    -6.23500
    -6.22500    -6.22500    -6.22500    -6.22500    -6.22500    -6.22500    -6.22500    -6.22500    -6.22500    -6.22500    -6.22500    -6.22500    -6.22500    -6.22500    -6.22500    -6.22500    -6.22500    -6.22500    -6.22500    -6.22500    -6.22500    -6.22500    -6.22500    -6.22500    -6.22500    -6.22500    -6.22500    -6.22500    -6.22500    -6.22500    -6.22500    -6.22500    -6.22500    -6.22500    -6.22500    -6.22500    -6.22500    -6.22500    -6.22500    -6.22500    -6.22500    -6.22500    -6.22500    -6.22500    -6.22500    -6.22500    -6.22500    -6.22500    -6.22500    -6.22500    -6.22500    -6.22500    -6.22500    -6.22500    -6.22500    -6.22500    -6.22500    -6.22500    -6.22500    -6.22500    -6.22500    -6.22500    -6.22500    -6.22500    -6.22500    -6.22500    -6.22500    -6.22500    -6.22500    -6.22500    -6.22500    -6.22500    -6.22500    -6.22500    -6.22500    -6.22500    -6.22500    -6.22500    -6.22500    -6.22500    -6.22500    -6.22500    -6.22500    -6.22500    -6.22500    -6.22500    -6.22500    -6.22500    -6.22500    -6.22500    -6.22500    -6.22500    -6.22500    -6.22500    -6.22500    -6.22500    -6.22500    -6.22500    -6.22500    -6.22500    -6.22500    -6.22500    -6.22500    -6.22500    -6.22500    -6.22500    -6.22500    -6.22500    -6.22500    -6.22500    -6.22500    -6.22500    -6.22500    -6.22500    -6.22500    -6.22500    -6.22500    -6.22500    -6.22500    -6.22500    -6.22500    -6.22500    -6.22500    -6.22500    -6.22500    -6.22500    -6.22500    -6.22500    -6.22500    -6.22500    -6.22500    -6.22500    -6.22500    -6.22500    -6.22500    -6.22500    -6.22500    -6.22500    -6.22500    -6.22500    -6.22500    -6.22500    -6.22500    -6.22500    -6.22500    -6.22500    -6.22500    -6.22500    -6.22500    -6.22500    -6.22500    -6.22500    -6.22500    -6.22500    -6.22500    -6.22500    -6.22500    -6.22500    -6.22500    -6.22500    -6.22500    -6.22500
    -6.21500    -6.21500    -6.21500    -6.21500    -6.21500    -6.21500    -6.21500    -6.21500    -6.21500    -6.21500    -6.21500    -6.21500    -6.21500    -6.21500    -6.21500    -6.21500    -6.21500    -6.21500    -6.21500    -6.21500    -6.21500    -6.21500    -6.21500    -6.21500    -6.21500    -6.21500    -6.21500    -6.21500    -6.21500    -6.21500    -6.21500    -6.21500    -6.21500    -6.21500    -6.21500    -6.21500    -6.21500    -6.21500    -6.21500    -6.21500    -6.21500    -6.21500    -6.21500    -6.21500    -6.21500    -6.21500    -6.21500    -6.21500    -6.21500    -6.21500    -6.21500    -6.21500    -6.21500    -6.21500    -6.21500    -6.21500    -6.21500    -6.21500    -6.21500    -6.21500    -6.21500    -6.21500    -6.21500    -6.21500    -6.21500    -6.21500    -6.21500    -6.21500    -6.21500    -6.21500    -6.21500    -6.21500    -6.21500    -6.21500    -6.21500    -6.21500    -6.21500    -6.21500    -6.21500    -6.21500    -6.21500    -6.21500    -6.21500    -6.21500    -6.21500    -6.21500    -6.21500    -6.21500    -6.21500    -6.21500    -6.21500    -6.21500    -6.21500    -6.21500    -6.21500    -6.21500    -6.21500    -6.21500    -6.21500    -6.21500    -6.21500    -6.21500    -6.21500    -6.21500    -6.21500    -6.21500    -6.21500    -6.21500    -6.21500    -6.21500    -6.21500    -6.21500    -6.21500    -6.21500    -6.21500    -6.21500    -6.21500    -6.21500    -6.21500    -6.21500    -6.21500    -6.21500    -6.21500    -6.21500    -6.21500    -6.21500    -6.21500    -6.21500    -6.21500    -6.21500    -6.21500    -6.21500    -6.21500    -6.21500    -6.21500    -6.21500    -6.21500    -6.21500    -6.21500    -6.21500    -6.21500    -6.21500    -6.21500    -6.21500    -6.21500    -6.21500    -6.21500    -6.21500    -6.21500    -6.21500    -6.21500    -6.21500    -6.21500    -6.21500    -6.21500    -6.21500    -6.21500    -6.21500    -6.21500    -6.21500    -6.21500    -6.21500
    -6.20500    -6.20500    -6.20500    -6.20500    -6.20500    -6.20500    -6.20500    -6.20500    -6.20500    -6.20500    -6.20500    -6.20500    -6.20500    -6.20500    -6.20500    -6.20500    -6.20500    -6.20500    -6.20500    -6.20500    -6.20500    -6.20500    -6.20500    -6.20500    -6.20500    -6.20500    -6.20500    -6.20500    -6.20500    -6.20500    -6.20500    -6.20500    -6.20500    -6.20500    -6.20500    -6.20500    -6.20500    -6.20500    -6.20500    -6.20500    -6.20500    -6.20500    -6.20500    -6.20500    -6.20500    -6.20500    -6.20500    -6.20500    -6.20500    -6.20500    -6.20500    -6.20500    -6.20500    -6.20500    -6.20500    -6.20500    -6.20500    -6.20500    -6.20500    -6.20500    -6.20500    -6.20500    -6.20500    -6.20500    -6.20500    -6.20500    -6.20500    -6.20500    -6.20500    -6.20500    -6.20500    -6.20500    -6.20500    -6.20500    -6.20500    -6.20500    -6.20500    -6.20500    -6.20500    -6.20500    -6.20500    -6.20500    -6.20500    -6.20500    -6.20500    -6.20500    -6.20500    -6.20500    -6.20500    -6.20500    -6.20500    -6.20500    -6.20500    -6.20500    -6.20500    -6.20500    -6.20500    -6.20500    -6.20500    -6.20500    -6.20500    -6.20500    -6.20500    -6.20500    -6.20500    -6.20500    -6.20500    -6.20500    -6.20500    -6.20500    -6.20500    -6.20500    -6.20500    -6.20500    -6.20500    -6.20500    -6.20500    -6.20500    -6.20500    -6.20500    -6.20500    -6.20500    -6.20500    -6.20500    -6.20500    -6.20500    -6.20500    -6.20500    -6.20500    -6.20500    -6.20500    -6.20500    -6.20500    -6.20500    -6.20500    -6.20500    -6.20500    -6.20500    -6.20500    -6.20500    -6.20500    -6.20500    -6.20500    -6.20500    -6.20500    -6.20500    -6.20500    -6.20500    -6.20500    -6.20500    -6.20500    -6.20500    -6.20500    -6.20500    -6.20500    -6.20500    -6.20500    -6.20500    -6.20500    -6.20500    -6.20500    -6.20500
    59.15000    58.65000    58.15000    57.65000    57.15000    56.65000    56.15000    55.65000    55.15000    54.65000    54.15000    53.65000    53.15000    52.65000    52.15000    51.65000    51.15000    50.65000    50.15000    49.65000    49.15000    48.65000    48.15000    47.65000    47.15000    46.65000    46.15000    45.65000    45.15000    44.65000    44.15000    43.65000    43.15000    42.65000    42.15000    41.65000    41.15000    40.65000    40.15000    39.65000    39.15000    38.65000    38.15000    37.65000    37.15000    36.65000    36.15000    35.65000    35.15000    34.65000    34.15000    33.65000    33.15000    32.65000    32.15000    31.65000    31.15000    30.65000    30.15000    29.65000    29.15000    28.65000    28.15000    27.65000    27.15000    26.65000    26.15000    25.65000    25.15000    24.65000    24.15000    23.65000    23.15000    22.65000    22.15000    21.65000    21.15000    20.65000    20.15000    19.65000    14.15000    14.15000    19.65000    20.15000    20.65000    21.15000    21.65000    22.15000    22.65000    23.15000    23.65000    24.15000    24.65000    25.15000    25.65000    26.15000    26.65000    27.15000    27.65000    28.15000    28.65000    29.15000    29.65000    30.15000    30.65000    31.15000    31.65000    32.15000    32.65000    33.15000    33.65000    34.15000    34.65000    35.15000    35.65000    36.15000    36.65000    37.15000    37.65000    38.15000    38.65000    39.15000    39.65000    40.15000    40.65000    41.15000    41.65000    42.15000    42.65000    43.15000    43.65000    44.15000    44.65000    45.15000    45.65000    46.15000    46.65000    47.15000    47.65000    48.15000    48.65000    49.15000    49.65000    50.15000    50.65000    51.15000    51.65000    52.15000    52.65000    53.15000    53.65000    54.15000    54.65000    55.15000    55.65000    56.15000    56.65000    57.15000    57.65000    58.15000    58.65000    59.15000
    59.35000    58.85000    58.35000    57.85000    57.35000    56.85000    56.35000    55.85000    55.35000    54.85000    54.35000    53.85000    53.35000    52.85000    52.35000    51.85000    51.35000    50.85000    50.35000    49.85000    49.35000    48.85000    48.35000    47.85000    47.35000    46.85000    46.35000    45.85000    45.35000    44.85000    44.35000    43.85000    43.35000    42.85000    42.35000    41.85000    41.35000    40.85000    40.35000    39.85000    39.35000    38.85000    38.35000    37.85000    37.35000    36.85000    36.35000    35.85000    35.35000    34.85000    34.35000    33.85000    33.35000    32.85000    32.35000    31.85000    31.35000    30.85000    30.35000    29.85000    29.35000    28.85000    28.35000    27.85000    27.35000    26.85000    26.35000    25.85000    25.35000    24.85000    24.35000    23.85000    23.35000    22.85000    22.35000    21.85000    21.35000    20.85000    20.35000    19.85000    14.35000    14.35000    19.85000    20.35000    20.85000    21.35000    21.85000    22.35000    22.85000    23.35000    23.85000    24.35000    24.85000    25.35000    25.85000    26.35000    26.85000    27.35000    27.85000    28.35000    28.85000    29.35000    29.85000    30.35000    30.85000    31.35000    31.85000    32.35000    32.85000    33.35000    33.85000    34.35000    34.85000    35.35000    35.85000    36.35000    36.85000    37.35000    37.85000    38.35000    38.85000    39.35000    39.85000    40.35000    40.85000    41.35000    41.85000    42.35000    42.85000    43.35000    43.85000    44.35000    44.85000    45.35000    45.85000    46.35000    46.85000    47.35000    47.85000    48.35000    48.85000    49.35000    49.85000    50.35000    50.85000    51.35000    51.85000    52.35000    52.85000    53.35000    53.85000    54.35000    54.85000    55.35000    55.85000    56.35000    56.85000    57.35000    57.85000    58.35000    58.85000    59.35000
    59.55000    59.05000    58.55000    58.05000    57.55000    57.05000    56.55000    56.05000    55.55000    55.05000    54.55000    54.05000    53.55000    53.05000    52.55000    52.05000    51.55000    51.05000    50.55000    50.05000    49.55000    49.05000    48.55000    48.05000    47.55000    47.05000    46.55000    46.05000    45.55000    45.05000    44.55000    44.05000    43.55000    43.05000    42.55000    42.05000    41.55000    41.05000    40.55000    40.05000    39.55000    39.05000    38.55000    38.05000    37.55000    37.05000    36.55000    36.05000    35.55000    35.05000    34.55000    34.05000    33.55000    33.05000    32.55000    32.05000    31.55000    31.05000    30.55000    30.05000    29.55000    29.05000    28.55000    28.05000    27.55000    27.05000    26.55000    26.05000    25.55000    25.05000    24.55000    24.05000    23.55000    23.05000    22.55000    22.05000    21.55000    21.05000    20.55000    20.05000    14.55000    14.55000    20.05000    20.55000    21.05000    21.55000    22.05000    22.55000    23.05000    23.55000    24.05000    24.55000    25.05000    25.55000    26.05000    26.55000    27.05000    27.55000    28.05000    28.55000    29.05000    29.55000    30.05000    30.55000    31.05000    31.55000    32.05000    32.55000    33.05000    33.55000    34.05000    34.55000    35.05000    35.55000    36.05000    36.55000    37.05000    37.55000    38.05000    38.55000    39.05000    39.55000    40.05000    40.55000    41.05000    41.55000    42.05000    42.55000    43.05000    43.55000    44.05000    44.55000    45.05000    45.55000    46.05000    46.55000    47.05000    47.55000    48.05000    48.55000    49.05000    49.55000    50.05000    50.55000    51.05000    51.55000    52.05000    52.55000    53.05000    53.55000    54.05000    54.55000    55.05000    55.55000    56.05000    56.55000    57.05000    57.55000    58.05000    58.55000    59.05000    59.55000
    59.75000    59.25000    58.75000    58.25000    57.75000    57.25000    56.75000    56.25000    55.75000    55.25000    54.75000    54.25000    53.75000    53.25000    52.75000    52.25000    51.75000    51.25000    50.75000    50.25000    49.75000    49.25000    48.75000    48.25000    47.75000    47.25000    46.75000    46.25000    45.75000    45.25000    44.75000    44.25000    43.75000    43.25000    42.75000    42.25000    41.75000    41.25000    40.75000    40.25000    39.75000    39.25000    38.75000    38.25000    37.75000    37.25000    36.75000    36.25000    35.75000    35.25000    34.75000    34.25000    33.75000    33.25000    32.75000    32.25000    31.75000    31.25000    30.75000    30.25000    29.75000    29.25000    28.75000    28.25000    27.75000    27.25000    26.75000    26.25000    25.75000    25.25000    24.75000    24.25000    23.75000    23.25000    22.75000    22.25000    21.75000    21.25000    20.75000    20.25000    14.75000    14.75000    20.25000    20.75000    21.25000    21.75000    22.25000    22.75000    23.25000    23.75000    24.25000    24.75000    25.25000    25.75000    26.25000    26.75000    27.25000    27.75000    28.25000    28.75000    29.25000    29.75000    30.25000    30.75000    31.25000    31.75000    32.25000    32.75000    33.25000    33.75000    34.25000    34.75000    35.25000    35.75000    36.25000    36.75000    37.25000    37.75000    38.25000    38.75000    39.25000    39.75000    40.25000    40.75000    41.25000    41.75000    42.25000    42.75000    43.25000    43.75000    44.25000    44.75000    45.25000    45.75000    46.25000    46.75000    47.25000    47.75000    48.25000    48.75000    49.25000    49.75000    50.25000    50.75000    51.25000    51.75000    52.25000    52.75000    53.25000    53.75000    54.25000    54.75000    55.25000    55.75000    56.25000    56.75000    57.25000    57.75000    58.25000    58.75000    59.25000    59.75000
    59.95000    59.45000    58.95000    58.45000    57.95000    57.45000    56.95000    56.45000    55.95000    55.45000    54.95000    54.45000    53.95000    53.45000    52.95000    52.45000    51.95000    51.45000    50.95000    50.45000    49.95000    49.45000    48.95000    48.45000    47.95000    47.45000    46.95000    46.45000    45.95000    45.45000    44.95000    44.45000    43.95000    43.45000    42.95000    42.45000    41.95000    41.45000    40.95000    40.45000    39.95000    39.45000    38.95000    38.45000    37.95000    37.45000    36.95000    36.45000    35.95000    35.45000    34.95000    34.45000    33.95000    33.45000    32.95000    32.45000    31.95000    31.45000    30.95000    30.45000    29.95000    29.45000    28.95000    28.45000    27.95000    27.45000    26.95000    26.45000    25.95000    25.45000    24.95000    24.45000    23.95000    23.45000    22.95000    22.45000    21.95000    21.45000    20.95000    20.45000    14.95000    14.95000    20.45000    20.95000    21.45000    21.95000    22.45000    22.95000    23.45000    23.95000    24.45000    24.95000    25.45000    25.95000    26.45000    26.95000    27.45000    27.95000    28.45000    28.95000    29.45000    29.95000    30.45000    30.95000    31.45000    31.95000    32.45000    32.95000    33.45000    33.95000    34.45000    34.95000    35.45000    35.95000    36.45000    36.95000    37.45000    37.95000    38.45000    38.95000    39.45000    39.95000    40.45000    40.95000    41.45000    41.95000    42.45000    42.95000    43.45000    43.95000    44.45000    44.95000    45.45000    45.95000    46.45000    46.95000    47.45000    47.95000    48.45000    48.95000    49.45000    49.95000    50.45000    50.95000    51.45000    51.95000    52.45000    52.95000    53.45000    53.95000    54.45000    54.95000    55.45000    55.95000    56.45000    56.95000    57.45000    57.95000    58.45000    58.95000    59.45000    59.95000
    60.15000    59.65000    59.15000    58.65000    58.15000    57.65000    57.15000    56.65000    56.15000    55.65000    55.15000    54.65000    54.15000    53.65000    53.15000    52.65000    52.15000    51.65000    51.15000    50.65000    50.15000    49.65000    49.15000    48.65000    48.15000    47.65000    47.15000    46.65000    46.15000    45.65000    45.15000    44.65000    44.15000    43.65000    43.15000    42.65000    42.15000    41.65000    41.15000    40.65000    40.15000    39.65000    39.15000    38.65000    38.15000    37.65000    37.15000    36.65000    36.15000    35.65000    35.15000    34.65000    34.15000    33.65000    33.15000    32.65000    32.15000    31.65000    31.15000    30.65000    30.15000    29.65000    29.15000    28.65000    28.15000    27.65000    27.15000    26.65000    26.15000    25.65000    25.15000    24.65000    24.15000    23.65000    23.15000    22.65000    22.15000    21.65000    21.15000    20.65000    15.15000    15.15000    20.65000    21.15000    21.65000    22.15000    22.65000    23.15000    23.65000    24.15000    24.65000    25.15000    25.65000    26.15000    26.65000    27.15000    27.65000    28.15000    28.65000    29.15000    29.65000    30.15000    30.65000    31.15000    31.65000    32.15000    32.65000    33.15000    33.65000    34.15000    34.65000    35.15000    35.65000    36.15000    36.65000    37.15000    37.65000    38.15000    38.65000    39.15000    39.65000    40.15000    40.65000    41.15000    41.65000    42.15000    42.65000    43.15000    43.65000    44.15000    44.65000    45.15000    45.65000    46.15000    46.65000    47.15000    47.65000    48.15000    48.65000    49.15000    49.65000    50.15000    50.65000    51.15000    51.65000    52.15000    52.65000    53.15000    53.65000    54.15000    54.65000    55.15000    55.65000    56.15000    56.65000    57.15000    57.65000    58.15000    58.65000    59.15000    59.65000    60.15000
    60.35000    59.85000    59.35000    58.85000    58.35000    57.85000    57.35000    56.85000    56.35000    55.85000    55.35000    54.85000    54.35000    53.85000    53.35000    52.85000    52.35000    51.85000    51.35000    50.85000    50.35000    49.85000    49.35000    48.85000    48.35000    47.85000    47.35000    46.85000    46.35000    45.85000    45.35000    44.85000    44.35000    43.85000    43.35000    42.85000    42.35000    41.85000    41.35000    40.85000    40.35000    39.85000    39.35000    38.85000    38.35000    37.85000    37.35000    36.85000    36.35000    35.85000    35.35000    34.85000    34.35000    33.85000    33.35000    32.85000    32.35000    31.85000    31.35000    30.85000    30.35000    29.85000    29.35000    28.85000    28.35000    27.85000    27.35000    26.85000    26.35000    25.85000    25.35000    24.85000    24.35000    23.85000    23.35000    22.85000    22.35000    21.85000    21.35000    20.85000    15.35000    15.35000    20.85000    21.35000    21.85000    22.35000    22.85000    23.35000    23.85000    24.35000    24.85000    25.35000    25.85000    26.35000    26.85000    27.35000    27.85000    28.35000    28.85000    29.35000    29.85000    30.35000    30.85000    31.35000    31.85000    32.35000    32.85000    33.35000    33.85000    34.35000    34.85000    35.35000    35.85000    36.35000    36.85000    37.35000    37.85000    38.35000    38.85000    39.35000    39.85000    40.35000    40.85000    41.35000    41.85000    42.35000    42.85000    43.35000    43.85000    44.35000    44.85000    45.35000    45.85000    46.35000    46.85000    47.35000    47.85000    48.35000    48.85000    49.35000    49.85000    50.35000    50.85000    51.35000    51.85000    52.35000    52.85000    53.35000    53.85000    54.35000    54.85000    55.35000    55.85000    56.35000    56.85000    57.35000    57.85000    58.35000    58.85000    59.35000    59.85000    60.35000
    60.55000    60.05000    59.55000    59.05000    58.55000    58.05000    57.55000    57.05000    56.55000    56.05000    55.55000    55.05000    54.55000    54.05000    53.55000    53.05000    52.55000    52.05000    51.55000    51.05000    50.55000    50.05000    49.55000    49.05000    48.55000    48.05000    47.55000    47.05000    46.55000    46.05000    45.55000    45.05000    44.55000    44.05000    43.55000    43.05000    42.55000    42.05000    41.55000    41.05000    40.55000    40.05000    39.55000    39.05000    38.55000    38.05000    37.55000    37.05000    36.55000    36.05000    35.55000    35.05000    34.55000    34.05000    33.55000    33.05000    32.55000    32.05000    31.55000    31.05000    30.55000    30.05000    29.55000    29.05000    28.55000    28.05000    27.55000    27.05000    26.55000    26.05000    25.55000    25.05000    24.55000    24.05000    23.55000    23.05000    22.55000    22.05000    21.55000    21.05000    15.55000    15.55000    21.05000    21.55000    22.05000    22.55000    23.05000    23.55000    24.05000    24.55000    25.05000    25.55000    26.05000    26.55000    27.05000    27.55000    28.05000    28.55000    29.05000    29.55000    30.05000    30.55000    31.05000    31.55000    32.05000    32.55000    33.05000    33.55000    34.05000    34.55000    35.05000    35.55000    36.05000    36.55000    37.05000    37.55000    38.05000    38.55000    39.05000    39.55000    40.05000    40.55000    41.05000    41.55000    42.05000    42.55000    43.05000    43.55000    44.05000    44.55000    45.05000    45.55000    46.05000    46.55000    47.05000    47.55000    48.05000    48.55000    49.05000    49.55000    50.05000    50.55000    51.05000    51.55000    52.05000    52.55000    53.05000    53.55000    54.05000    54.55000    55.05000    55.55000    56.05000    56.55000    57.05000    57.55000    58.05000    58.55000    59.05000    59.55000    60.05000    60.55000
    60.75000    60.25000    59.75000    59.25000    58.75000    58.25000    57.75000    57.25000    56.75000    56.25000    55.75000    55.25000    54.75000    54.25000    53.75000    53.25000    52.75000    52.25000    51.75000    51.25000    50.75000    50.25000    49.75000    49.25000    48.75000    48.25000    47.75000    47.25000    46.75000    46.25000    45.75000    45.25000    44.75000    44.25000    43.75000    43.25000    42.75000    42.25000    41.75000    41.25000    40.75000    40.25000    39.75000    39.25000    38.75000    38.25000    37.75000    37.25000    36.75000    36.25000    35.75000    35.25000    34.75000    34.25000    33.75000    33.25000    32.75000    32.25000    31.75000    31.25000    30.75000    30.25000    29.75000    29.25000    28.75000    28.25000    27.75000    27.25000    26.75000    26.25000    25.75000    25.25000    24.75000    24.25000    23.75000    23.25000    22.75000    22.25000    21.75000    21.25000    15.75000    15.75000    21.25000    21.75000    22.25000    22.75000    23.25000    23.75000    24.25000    24.75000    25.25000    25.75000    26.25000    26.75000    27.25000    27.75000    28.25000    28.75000    29.25000    29.75000    30.25000    30.75000    31.25000    31.75000    32.25000    32.75000    33.25000    33.75000    34.25000    34.75000    35.25000    35.75000    36.25000    36.75000    37.25000    37.75000    38.25000    38.75000    39.25000    39.75000    40.25000    40.75000    41.25000    41.75000    42.25000    42.75000    43.25000    43.75000    44.25000    44.75000    45.25000    45.75000    46.25000    46.75000    47.25000    47.75000    48.25000    48.75000    49.25000    49.75000    50.25000    50.75000    51.25000    51.75000    52.25000    52.75000    53.25000    53.75000    54.25000    54.75000    55.25000    55.75000    56.25000    56.75000    57.25000    57.75000    58.25000    58.75000    59.25000    59.75000    60.25000    60.75000
    60.95000    60.45000    59.95000    59.45000    58.95000    58.45000    57.95000    57.45000    56.95000    56.45000    55.95000    55.45000    54.95000    54.45000    53.95000    53.45000    52.95000    52.45000    51.95000    51.45000    50.95000    50.45000    49.95000    49.45000    48.95000    48.45000    47.95000    47.45000    46.95000    46.45000    45.95000    45.45000    44.95000    44.45000    43.95000    43.45000    42.95000    42.45000    41.95000    41.45000    40.95000    40.45000    39.95000    39.45000    38.95000    38.45000    37.95000    37.45000    36.95000    36.45000    35.95000    35.45000    34.95000    34.45000    33.95000    33.45000    32.95000    32.45000    31.95000    31.45000    30.95000    30.45000    29.95000    29.45000    28.95000    28.45000    27.95000    27.45000    26.95000    26.45000    25.95000    25.45000    24.95000    24.45000    23.95000    23.45000    22.95000    22.45000    21.95000    21.45000    15.95000    15.95000    21.45000    21.95000    22.45000    22.95000    23.45000    23.95000    24.45000    24.95000    25.45000    25.95000    26.45000    26.95000    27.45000    27.95000    28.45000    28.95000    29.45000    29.95000    30.45000    30.95000    31.45000    31.95000    32.45000    32.95000    33.45000    33.95000    34.45000    34.95000    35.45000    35.95000    36.45000    36.95000    37.45000    37.95000    38.45000    38.95000    39.45000    39.95000    40.45000    40.95000    41.45000    41.95000    42.45000    42.95000    43.45000    43.95000    44.45000    44.95000    45.45000    45.95000    46.45000    46.95000    47.45000    47.95000    48.45000    48.95000    49.45000    49.95000    50.45000    50.95000    51.45000    51.95000    52.45000    52.95000    53.45000    53.95000    54.45000    54.95000    55.45000    55.95000    56.45000    56.95000    57.45000    57.95000    58.45000    58.95000    59.45000    59.95000    60.45000    60.95000
    61.15000    60.65000    60.15000    59.65000    59.15000    58.65000    58.15000    57.65000    57.15000    56.65000    56.15000    55.65000    55.15000    54.65000    54.15000    53.65000    53.15000    52.65000    52.15000    51.65000    51.15000    50.65000    50.15000    49.65000    49.15000    48.65000    48.15000    47.65000    47.15000    46.65000    46.15000    45.65000    45.15000    44.65000    44.15000    43.65000    43.15000    42.65000    42.15000    41.65000    41.15000    40.65000    40.15000    39.65000    39.15000    38.65000    38.15000    37.65000    37.15000    36.65000    36.15000    35.65000    35.15000    34.65000    34.15000    33.65000    33.15000    32.65000    32.15000    31.65000    31.15000    30.65000    30.15000    29.65000    29.15000    28.65000    28.15000    27.65000    27.15000    26.65000    26.15000    25.65000    25.15000    24.65000    24.15000    23.65000    23.15000    22.65000    22.15000    21.65000    16.15000    16.15000    21.65000    22.15000    22.65000    23.15000    23.65000    24.15000    24.65000    25.15000    25.65000    26.15000    26.65000    27.15000    27.65000    28.15000    28.65000    29.15000    29.65000    30.15000    30.65000    31.15000    31.65000    32.15000    32.65000    33.15000    33.65000    34.15000    34.65000    35.15000    35.65000    36.15000    36.65000    37.15000    37.65000    38.15000    38.65000    39.15000    39.65000    40.15000    40.65000    41.15000    41.65000    42.15000    42.65000    43.15000    43.65000    44.15000    44.65000    45.15000    45.65000    46.15000    46.65000    47.15000    47.65000    48.15000    48.65000    49.15000    49.65000    50.15000    50.65000    51.15000    51.65000    52.15000    52.65000    53.15000    53.65000    54.15000    54.65000    55.15000    55.65000    56.15000    56.65000    57.15000    57.65000    58.15000    58.65000    59.15000    59.65000    60.15000    60.65000    61.15000
    61.35000    60.85000    60.35000    59.85000    59.35000    58.85000    58.35000    57.85000    57.35000    56.85000    56.35000    55.85000    55.35000    54.85000    54.35000    53.85000    53.35000    52.85000    52.35000    51.85000    51.35000    50.85000    50.35000    49.85000    49.35000    48.85000    48.35000    47.85000    47.35000    46.85000    46.35000    45.85000    45.35000    44.85000    44.35000    43.85000    43.35000    42.85000    42.35000    41.85000    41.35000    40.85000    40.35000    39.85000    39.35000    38.85000    38.35000    37.85000    37.35000    36.85000    36.35000    35.85000    35.35000    34.85000    34.35000    33.85000    33.35000    32.85000    32.35000    31.85000    31.35000    30.85000    30.35000    29.85000    29.35000    28.85000    28.35000    27.85000    27.35000    26.85000    26.35000    25.85000    25.35000    24.85000    24.35000    23.85000    23.35000    22.85000    22.35000    21.85000    16.35000    16.35000    21.85000    22.35000    22.85000    23.35000    23.85000    24.35000    24.85000    25.35000    25.85000    26.35000    26.85000    27.35000    27.85000    28.35000    28.85000    29.35000    29.85000    30.35000    30.85000    31.35000    31.85000    32.35000    32.85000    33.35000    33.85000    34.35000    34.85000    35.35000    35.85000    36.35000    36.85000    37.35000    37.85000    38.35000    38.85000    39.35000    39.85000    40.35000    40.85000    41.35000    41.85000    42.35000    42.85000    43.35000    43.85000    44.35000    44.85000    45.35000    45.85000    46.35000    46.85000    47.35000    47.85000    48.35000    48.85000    49.35000    49.85000    50.35000    50.85000    51.35000    51.85000    52.35000    52.85000    53.35000    53.85000    54.35000    54.85000    55.35000    55.85000    56.35000    56.85000    57.35000    57.85000    58.35000    58.85000    59.35000    59.85000    60.35000    60.85000    61.35000
    61.55000    61.05000    60.55000    60.05000    59.55000    59.05000    58.55000    58.05000    57.55000    57.05000    56.55000    56.05000    55.55000    55.05000    54.55000    54.05000    53.55000    53.05000    52.55000    52.05000    51.55000    51.05000    50.55000    50.05000    49.55000    49.05000    48.55000    48.05000    47.55000    47.05000    46.55000    46.05000    45.55000    45.05000    44.55000    44.05000    43.55000    43.05000    42.55000    42.05000    41.55000    41.05000    40.55000    40.05000    39.55000    39.05000    38.55000    38.05000    37.55000    37.05000    36.55000    36.05000    35.55000    35.05000    34.55000    34.05000    33.55000    33.05000    32.55000    32.05000    31.55000    31.05000    30.55000    30.05000    29.55000    29.05000    28.55000    28.05000    27.55000    27.05000    26.55000    26.05000    25.55000    25.05000    24.55000    24.05000    23.55000    23.05000    22.55000    22.05000    16.55000    16.55000    22.05000    22.55000    23.05000    23.55000    24.05000    24.55000    25.05000    25.55000    26.05000    26.55000    27.05000    27.55000    28.05000    28.55000    29.05000    29.55000    30.05000    30.55000    31.05000    31.55000    32.05000    32.55000    33.05000    33.55000    34.05000    34.55000    35.05000    35.55000    36.05000    36.55000    37.05000    37.55000    38.05000    38.55000    39.05000    39.55000    40.05000    40.55000    41.05000    41.55000    42.05000    42.55000    43.05000    43.55000    44.05000    44.55000    45.05000    45.55000    46.05000    46.55000    47.05000    47.55000    48.05000    48.55000    49.05000    49.55000    50.05000    50.55000    51.05000    51.55000    52.05000    52.55000    53.05000    53.55000    54.05000    54.55000    55.05000    55.55000    56.05000    56.55000    57.05000    57.55000    58.05000    58.55000    59.05000    59.55000    60.05000    60.55000    61.05000    61.55000
    61.75000    61.25000    60.75000    60.25000    59.75000    59.25000    58.75000    58.25000    57.75000    57.25000    56.75000    56.25000    55.75000    55.25000    54.75000    54.25000    53.75000    53.25000    52.75000    52.25000    51.75000    51.25000    50.75000    50.25000    49.75000    49.25000    48.75000    48.25000    47.75000    47.25000    46.75000    46.25000    45.75000    45.25000    44.75000    44.25000    43.75000    43.25000    42.75000    42.25000    41.75000    41.25000    40.75000    40.25000    39.75000    39.25000    38.75000    38.25000    37.75000    37.25000    36.75000    36.25000    35.75000    35.25000    34.75000    34.25000    33.75000    33.25000    32.75000    32.25000    31.75000    31.25000    30.75000    30.25000    29.75000    29.25000    28.75000    28.25000    27.75000    27.25000    26.75000    26.25000    25.75000    25.25000    24.75000    24.25000    23.75000    23.25000    22.75000    22.25000    16.75000    16.75000    22.25000    22.75000    23.25000    23.75000    24.25000    24.75000    25.25000    25.75000    26.25000    26.75000    27.25000    27.75000    28.25000    28.75000    29.25000    29.75000    30.25000    30.75000    31.25000    31.75000    32.25000    32.75000    33.25000    33.75000    34.25000    34.75000    35.25000    35.75000    36.25000    36.75000    37.25000    37.75000    38.25000    38.75000    39.25000    39.75000    40.25000    40.75000    41.25000    41.75000    42.25000    42.75000    43.25000    43.75000    44.25000    44.75000    45.25000    45.75000    46.25000    46.75000    47.25000    47.75000    48.25000    48.75000    49.25000    49.75000    50.25000    50.75000    51.25000    51.75000    52.25000    52.75000    53.25000    53.75000    54.25000    54.75000    55.25000    55.75000    56.25000    56.75000    57.25000    57.75000    58.25000    58.75000    59.25000    59.75000    60.25000    60.75000    61.25000    61.75000
    61.95000    61.45000    60.95000    60.45000    59.95000    59.45000    58.95000    58.45000    57.95000    57.45000    56.95000    56.45000    55.95000    55.45000    54.95000    54.45000    53.95000    53.45000    52.95000    52.45000    51.95000    51.45000    50.95000    50.45000    49.95000    49.45000    48.95000    48.45000    47.95000    47.45000    46.95000    46.45000    45.95000    45.45000    44.95000    44.45000    43.95000    43.45000    42.95000    42.45000    41.95000    41.45000    40.95000    40.45000    39.95000    39.45000    38.95000    38.45000    37.95000    37.45000    36.95000    36.45000    35.95000    35.45000    34.95000    34.45000    33.95000    33.45000    32.95000    32.45000    31.95000    31.45000    30.95000    30.45000    29.95000    29.45000    28.95000    28.45000    27.95000    27.45000    26.95000    26.45000    25.95000    25.45000    24.95000    24.45000    23.95000    23.45000    22.95000    22.45000    16.95000    16.95000    22.45000    22.95000    23.45000    23.95000    24.45000    24.95000    25.45000    25.95000    26.45000    26.95000    27.45000    27.95000    28.45000    28.95000    29.45000    29.95000    30.45000    30.95000    31.45000    31.95000    32.45000    32.95000    33.45000    33.95000    34.45000    34.95000    35.45000    35.95000    36.45000    36.95000    37.45000    37.95000    38.45000    38.95000    39.45000    39.95000    40.45000    40.95000    41.45000    41.95000    42.45000    42.95000    43.45000    43.95000    44.45000    44.95000    45.45000    45.95000    46.45000    46.95000    47.45000    47.95000    48.45000    48.95000    49.45000    49.95000    50.45000    50.95000    51.45000    51.95000    52.45000    52.95000    53.45000    53.95000    54.45000    54.95000    55.45000    55.95000    56.45000    56.95000    57.45000    57.95000    58.45000    58.95000    59.45000    59.95000    60.45000    60.95000    61.45000    61.95000
    62.15000    61.65000    61.15000    60.65000    60.15000    59.65000    59.15000    58.65000    58.15000    57.65000    57.15000    56.65000    56.15000    55.65000    55.15000    54.65000    54.15000    53.65000    53.15000    52.65000    52.15000    51.65000    51.15000    50.65000    50.15000    49.65000    49.15000    48.65000    48.15000    47.65000    47.15000    46.65000    46.15000    45.65000    45.15000    44.65000    44.15000    43.65000    43.15000    42.65000    42.15000    41.65000    41.15000    40.65000    40.15000    39.65000    39.15000    38.65000    38.15000    37.65000    37.15000    36.65000    36.15000    35.65000    35.15000    34.65000    34.15000    33.65000    33.15000    32.65000    32.15000    31.65000    31.15000    30.65000    30.15000    29.65000    29.15000    28.65000    28.15000    27.65000    27.15000    26.65000    26.15000    25.65000    25.15000    24.65000    24.15000    23.65000    23.15000    22.65000    17.15000    17.15000    22.65000    23.15000    23.65000    24.15000    24.65000    25.15000    25.65000    26.15000    26.65000    27.15000    27.65000    28.15000    28.65000    29.15000    29.65000    30.15000    30.65000    31.15000    31.65000    32.15000    32.65000    33.15000    33.65000    34.15000    34.65000    35.15000    35.65000    36.15000    36.65000    37.15000    37.65000    38.15000    38.65000    39.15000    39.65000    40.15000    40.65000    41.15000    41.65000    42.15000    42.65000    43.15000    43.65000    44.15000    44.65000    45.15000    45.65000    46.15000    46.65000    47.15000    47.65000    48.15000    48.65000    49.15000    49.65000    50.15000    50.65000    51.15000    51.65000    52.15000    52.65000    53.15000    53.65000    54.15000    54.65000    55.15000    55.65000    56.15000    56.65000    57.15000    57.65000    58.15000    58.65000    59.15000    59.65000    60.15000    60.65000    61.15000    61.65000    62.15000
    62.35000    61.85000    61.35000    60.85000    60.35000    59.85000    59.35000    58.85000    58.35000    57.85000    57.35000    56.85000    56.35000    55.85000    55.35000    54.85000    54.35000    53.85000    53.35000    52.85000    52.35000    51.85000    51.35000    50.85000    50.35000    49.85000    49.35000    48.85000    48.35000    47.85000    47.35000    46.85000    46.35000    45.85000    45.35000    44.85000    44.35000    43.85000    43.35000    42.85000    42.35000    41.85000    41.35000    40.85000    40.35000    39.85000    39.35000    38.85000    38.35000    37.85000    37.35000    36.85000    36.35000    35.85000    35.35000    34.85000    34.35000    33.85000    33.35000    32.85000    32.35000    31.85000    31.35000    30.85000    30.35000    29.85000    29.35000    28.85000    28.35000    27.85000    27.35000    26.85000    26.35000    25.85000    25.35000    24.85000    24.35000    23.85000    23.35000    22.85000    17.35000    17.35000    22.85000    23.35000    23.85000    24.35000    24.85000    25.35000    25.85000    26.35000    26.85000    27.35000    27.85000    28.35000    28.85000    29.35000    29.85000    30.35000    30.85000    31.35000    31.85000    32.35000    32.85000    33.35000    33.85000    34.35000    34.85000    35.35000    35.85000    36.35000    36.85000    37.35000    37.85000    38.35000    38.85000    39.35000    39.85000    40.35000    40.85000    41.35000    41.85000    42.35000    42.85000    43.35000    43.85000    44.35000    44.85000    45.35000    45.85000    46.35000    46.85000    47.35000    47.85000    48.35000    48.85000    49.35000    49.85000    50.35000    50.85000    51.35000    51.85000    52.35000    52.85000    53.35000    53.85000    54.35000    54.85000    55.35000    55.85000    56.35000    56.85000    57.35000    57.85000    58.35000    58.85000    59.35000    59.85000    60.35000    60.85000    61.35000    61.85000    62.35000
    62.55000    62.05000    61.55000    61.05000    60.55000    60.05000    59.55000    59.05000    58.55000    58.05000    57.55000    57.05000    56.55000    56.05000    55.55000    55.05000    54.55000    54.05000    53.55000    53.05000    52.55000    52.05000    51.55000    51.05000    50.55000    50.05000    49.55000    49.05000    48.55000    48.05000    47.55000    47.05000    46.55000    46.05000    45.55000    45.05000    44.55000    44.05000    43.55000    43.05000    42.55000    42.05000    41.55000    41.05000    40.55000    40.05000    39.55000    39.05000    38.55000    38.05000    37.55000    37.05000    36.55000    36.05000    35.55000    35.05000    34.55000    34.05000    33.55000    33.05000    32.55000    32.05000    31.55000    31.05000    30.55000    30.05000    29.55000    29.05000    28.55000    28.05000    27.55000    27.05000    26.55000    26.05000    25.55000    25.05000    24.55000    24.05000    23.55000    23.05000    17.55000    17.55000    23.05000    23.55000    24.05000    24.55000    25.05000    25.55000    26.05000    26.55000    27.05000    27.55000    28.05000    28.55000    29.05000    29.55000    30.05000    30.55000    31.05000    31.55000    32.05000    32.55000    33.05000    33.55000    34.05000    34.55000    35.05000    35.55000    36.05000    36.55000    37.05000    37.55000    38.05000    38.55000    39.05000    39.55000    40.05000    40.55000    41.05000    41.55000    42.05000    42.55000    43.05000    43.55000    44.05000    44.55000    45.05000    45.55000    46.05000    46.55000    47.05000    47.55000    48.05000    48.55000    49.05000    49.55000    50.05000    50.55000    51.05000    51.55000    52.05000    52.55000    53.05000    53.55000    54.05000    54.55000    55.05000    55.55000    56.05000    56.55000    57.05000    57.55000    58.05000    58.55000    59.05000    59.55000    60.05000    60.55000    61.05000    61.55000    62.05000    62.55000
    62.75000    62.25000    61.75000    61.25000    60.75000    60.25000    59.75000    59.25000    58.75000    58.25000    57.75000    57.25000    56.75000    56.25000    55.75000    55.25000    54.75000    54.25000    53.75000    53.25000    52.75000    52.25000    51.75000    51.25000    50.75000    50.25000    49.75000    49.25000    48.75000    48.25000    47.75000    47.25000    46.75000    46.25000    45.75000    45.25000    44.75000    44.25000    43.75000    43.25000    42.75000    42.25000    41.75000    41.25000    40.75000    40.25000    39.75000    39.25000    38.75000    38.25000    37.75000    37.25000    36.75000    36.25000    35.75000    35.25000    34.75000    34.25000    33.75000    33.25000    32.75000    32.25000    31.75000    31.25000    30.75000    30.25000    29.75000    29.25000    28.75000    28.25000    27.75000    27.25000    26.75000    26.25000    25.75000    25.25000    24.75000    24.25000    23.75000    23.25000    17.75000    17.75000    23.25000    23.75000    24.25000    24.75000    25.25000    25.75000    26.25000    26.75000    27.25000    27.75000    28.25000    28.75000    29.25000    29.75000    30.25000    30.75000    31.25000    31.75000    32.25000    32.75000    33.25000    33.75000    34.25000    34.75000    35.25000    35.75000    36.25000    36.75000    37.25000    37.75000    38.25000    38.75000    39.25000    39.75000    40.25000    40.75000    41.25000    41.75000    42.25000    42.75000    43.25000    43.75000    44.25000    44.75000    45.25000    45.75000    46.25000    46.75000    47.25000    47.75000    48.25000    48.75000    49.25000    49.75000    50.25000    50.75000    51.25000    51.75000    52.25000    52.75000    53.25000    53.75000    54.25000    54.75000    55.25000    55.75000    56.25000    56.75000    57.25000    57.75000    58.25000    58.75000    59.25000    59.75000    60.25000    60.75000    61.25000    61.75000    62.25000    62.75000
    62.95000    62.45000    61.95000    61.45000    60.95000    60.45000    59.95000    59.45000    58.95000    58.45000    57.95000    57.45000    56.95000    56.45000    55.95000    55.45000    54.95000    54.45000    53.95000    53.45000    52.95000    52.45000    51.95000    51.45000    50.95000    50.45000    49.95000    49.45000    48.95000    48.45000    47.95000    47.45000    46.95000    46.45000    45.95000    45.45000    44.95000    44.45000    43.95000    43.45000    42.95000    42.45000    41.95000    41.45000    40.95000    40.45000    39.95000    39.45000    38.95000    38.45000    37.95000    37.45000    36.95000    36.45000    35.95000    35.45000    34.95000    34.45000    33.95000    33.45000    32.95000    32.45000    31.95000    31.45000    30.95000    30.45000    29.95000    29.45000    28.95000    28.45000    27.95000    27.45000    26.95000    26.45000    25.95000    25.45000    24.95000    24.45000    23.95000    23.45000    17.95000    17.95000    23.45000    23.95000    24.45000    24.95000    25.45000    25.95000    26.45000    26.95000    27.45000    27.95000    28.45000    28.95000    29.45000    29.95000    30.45000    30.95000    31.45000    31.95000    32.45000    32.95000    33.45000    33.95000    34.45000    34.95000    35.45000    35.95000    36.45000    36.95000    37.45000    37.95000    38.45000    38.95000    39.45000    39.95000    40.45000    40.95000    41.45000    41.95000    42.45000    42.95000    43.45000    43.95000    44.45000    44.95000    45.45000    45.95000    46.45000    46.95000    47.45000    47.95000    48.45000    48.95000    49.45000    49.95000    50.45000    50.95000    51.45000    51.95000    52.45000    52.95000    53.45000    53.95000    54.45000    54.95000    55.45000    55.95000    56.45000    56.95000    57.45000    57.95000    58.45000    58.95000    59.45000    59.95000    60.45000    60.95000    61.45000    61.95000    62.45000    62.95000
    63.15000    62.65000    62.15000    61.65000    61.15000    60.65000    60.15000    59.65000    59.15000    58.65000    58.15000    57.65000    57.15000    56.65000    56.15000    55.65000    55.15000    54.65000    54.15000    53.65000    53.15000    52.65000    52.15000    51.65000    51.15000    50.65000    50.15000    49.65000    49.15000    48.65000    48.15000    47.65000    47.15000    46.65000    46.15000    45.65000    45.15000    44.65000    44.15000    43.65000    43.15000    42.65000    42.15000    41.65000    41.15000    40.65000    40.15000    39.65000    39.15000    38.65000    38.15000    37.65000    37.15000    36.65000    36.15000    35.65000    35.15000    34.65000    34.15000    33.65000    33.15000    32.65000    32.15000    31.65000    31.15000    30.65000    30.15000    29.65000    29.15000    28.65000    28.15000    27.65000    27.15000    26.65000    26.15000    25.65000    25.15000    24.65000    24.15000    23.65000    18.15000    18.15000    23.65000    24.15000    24.65000    25.15000    25.65000    26.15000    26.65000    27.15000    27.65000    28.15000    28.65000    29.15000    29.65000    30.15000    30.65000    31.15000    31.65000    32.15000    32.65000    33.15000    33.65000    34.15000    34.65000    35.15000    35.65000    36.15000    36.65000    37.15000    37.65000    38.15000    38.65000    39.15000    39.65000    40.15000    40.65000    41.15000    41.65000    42.15000    42.65000    43.15000    43.65000    44.15000    44.65000    45.15000    45.65000    46.15000    46.65000    47.15000    47.65000    48.15000    48.65000    49.15000    49.65000    50.15000    50.65000    51.15000    51.65000    52.15000    52.65000    53.15000    53.65000    54.15000    54.65000    55.15000    55.65000    56.15000    56.65000    57.15000    57.65000    58.15000    58.65000    59.15000    59.65000    60.15000    60.65000    61.15000    61.65000    62.15000    62.65000    63.15000
    63.35000    62.85000    62.35000    61.85000    61.35000    60.85000    60.35000    59.85000    59.35000    58.85000    58.35000    57.85000    57.35000    56.85000    56.35000    55.85000    55.35000    54.85000    54.35000    53.85000    53.35000    52.85000    52.35000    51.85000    51.35000    50.85000    50.35000    49.85000    49.35000    48.85000    48.35000    47.85000    47.35000    46.85000    46.35000    45.85000    45.35000    44.85000    44.35000    43.85000    43.35000    42.85000    42.35000    41.85000    41.35000    40.85000    40.35000    39.85000    39.35000    38.85000    38.35000    37.85000    37.35000    36.85000    36.35000    35.85000    35.35000    34.85000    34.35000    33.85000    33.35000    32.85000    32.35000    31.85000    31.35000    30.85000    30.35000    29.85000    29.35000    28.85000    28.35000    27.85000    27.35000    26.85000    26.35000    25.85000    25.35000    24.85000    24.35000    23.85000    18.35000    18.35000    23.85000    24.35000    24.85000    25.35000    25.85000    26.35000    26.85000    27.35000    27.85000    28.35000    28.85000    29.35000    29.85000    30.35000    30.85000    31.35000    31.85000    32.35000    32.85000    33.35000    33.85000    34.35000    34.85000    35.35000    35.85000    36.35000    36.85000    37.35000    37.85000    38.35000    38.85000    39.35000    39.85000    40.35000    40.85000    41.35000    41.85000    42.35000    42.85000    43.35000    43.85000    44.35000    44.85000    45.35000    45.85000    46.35000    46.85000    47.35000    47.85000    48.35000    48.85000    49.35000    49.85000    50.35000    50.85000    51.35000    51.85000    52.35000    52.85000    53.35000    53.85000    54.35000    54.85000    55.35000    55.85000    56.35000    56.85000    57.35000    57.85000    58.35000    58.85000    59.35000    59.85000    60.35000    60.85000    61.35000    61.85000    62.35000    62.85000    63.35000
    63.55000    63.05000    62.55000    62.05000    61.55000    61.05000    60.55000    60.05000    59.55000    59.05000    58.55000    58.05000    57.55000    57.05000    56.55000    56.05000    55.55000    55.05000    54.55000    54.05000    53.55000    53.05000    52.55000    52.05000    51.55000    51.05000    50.55000    50.05000    49.55000    49.05000    48.55000    48.05000    47.55000    47.05000    46.55000    46.05000    45.55000    45.05000    44.55000    44.05000    43.55000    43.05000    42.55000    42.05000    41.55000    41.05000    40.55000    40.05000    39.55000    39.05000    38.55000    38.05000    37.55000    37.05000    36.55000    36.05000    35.55000    35.05000    34.55000    34.05000    33.55000    33.05000    32.55000    32.05000    31.55000    31.05000    30.55000    30.05000    29.55000    29.05000    28.55000    28.05000    27.55000    27.05000    26.55000    26.05000    25.55000    25.05000    24.55000    24.05000    18.55000    18.55000    24.05000    24.55000    25.05000    25.55000    26.05000    26.55000    27.05000    27.55000    28.05000    28.55000    29.05000    29.55000    30.05000    30.55000    31.05000    31.55000    32.05000    32.55000    33.05000    33.55000    34.05000    34.55000    35.05000    35.55000    36.05000    36.55000    37.05000    37.55000    38.05000    38.55000    39.05000    39.55000    40.05000    40.55000    41.05000    41.55000    42.05000    42.55000    43.05000    43.55000    44.05000    44.55000    45.05000    45.55000    46.05000    46.55000    47.05000    47.55000    48.05000    48.55000    49.05000    49.55000    50.05000    50.55000    51.05000    51.55000    52.05000    52.55000    53.05000    53.55000    54.05000    54.55000    55.05000    55.55000    56.05000    56.55000    57.05000    57.55000    58.05000    58.55000    59.05000    59.55000    60.05000    60.55000    61.05000    61.55000    62.05000    62.55000    63.05000    63.55000
    63.75000    63.25000    62.75000    62.25000    61.75000    61.25000    60.75000    60.25000    59.75000    59.25000    58.75000    58.25000    57.75000    57.25000    56.75000    56.25000    55.75000    55.25000    54.75000    54.25000    53.75000    53.25000    52.75000    52.25000    51.75000    51.25000    50.75000    50.25000    49.75000    49.25000    48.75000    48.25000    47.75000    47.25000    46.75000    46.25000    45.75000    45.25000    44.75000    44.25000    43.75000    43.25000    42.75000    42.25000    41.75000    41.25000    40.75000    40.25000    39.75000    39.25000    38.75000    38.25000    37.75000    37.25000    36.75000    36.25000    35.75000    35.25000    34.75000    34.25000    33.75000    33.25000    32.75000    32.25000    31.75000    31.25000    30.75000    30.25000    29.75000    29.25000    28.75000    28.25000    27.75000    27.25000    26.75000    26.25000    25.75000    25.25000    24.75000    24.25000    18.75000    18.75000    24.25000    24.75000    25.25000    25.75000    26.25000    26.75000    27.25000    27.75000    28.25000    28.75000    29.25000    29.75000    30.25000    30.75000    31.25000    31.75000    32.25000    32.75000    33.25000    33.75000    34.25000    34.75000    35.25000    35.75000    36.25000    36.75000    37.25000    37.75000    38.25000    38.75000    39.25000    39.75000    40.25000    40.75000    41.25000    41.75000    42.25000    42.75000    43.25000    43.75000    44.25000    44.75000    45.25000    45.75000    46.25000    46.75000    47.25000    47.75000    48.25000    48.75000    49.25000    49.75000    50.25000    50.75000    51.25000    51.75000    52.25000    52.75000    53.25000    53.75000    54.25000    54.75000    55.25000    55.75000    56.25000    56.75000    57.25000    57.75000    58.25000    58.75000    59.25000    59.75000    60.25000    60.75000    61.25000    61.75000    62.25000    62.75000    63.25000    63.75000
    63.95000    63.45000    62.95000    62.45000    61.95000    61.45000    60.95000    60.45000    59.95000    59.45000    58.95000    58.45000    57.95000    57.45000    56.95000    56.45000    55.95000    55.45000    54.95000    54.45000    53.95000    53.45000    52.95000    52.45000    51.95000    51.45000    50.95000    50.45000    49.95000    49.45000    48.95000    48.45000    47.95000    47.45000    46.95000    46.45000    45.95000    45.45000    44.95000    44.45000    43.95000    43.45000    42.95000    42.45000    41.95000    41.45000    40.95000    40.45000    39.95000    39.45000    38.95000    38.45000    37.95000    37.45000    36.95000    36.45000    35.95000    35.45000    34.95000    34.45000    33.95000    33.45000    32.95000    32.45000    31.95000    31.45000    30.95000    30.45000    29.95000    29.45000    28.95000    28.45000    27.95000    27.45000    26.95000    26.45000    25.95000    25.45000    24.95000    24.45000    18.95000    18.95000    24.45000    24.95000    25.45000    25.95000    26.45000    26.95000    27.45000    27.95000    28.45000    28.95000    29.45000    29.95000    30.45000    30.95000    31.45000    31.95000    32.45000    32.95000    33.45000    33.95000    34.45000    34.95000    35.45000    35.95000    36.45000    36.95000    37.45000    37.95000    38.45000    38.95000    39.45000    39.95000    40.45000    40.95000    41.45000    41.95000    42.45000    42.95000    43.45000    43.95000    44.45000    44.95000    45.45000    45.95000    46.45000    46.95000    47.45000    47.95000    48.45000    48.95000    49.45000    49.95000    50.45000    50.95000    51.45000    51.95000    52.45000    52.95000    53.45000    53.95000    54.45000    54.95000    55.45000    55.95000    56.45000    56.95000    57.45000    57.95000    58.45000    58.95000    59.45000    59.95000    60.45000    60.95000    61.45000    61.95000    62.45000    62.95000    63.45000    63.95000
    64.15000    63.65000    63.15000    62.65000    62.15000    61.65000    61.15000    60.65000    60.15000    59.65000    59.15000    58.65000    58.15000    57.65000    57.15000    56.65000    56.15000    55.65000    55.15000    54.65000    54.15000    53.65000    53.15000    52.65000    52.15000    51.65000    51.15000    50.65000    50.15000    49.65000    49.15000    48.65000    48.15000    47.65000    47.15000    46.65000    46.15000    45.65000    45.15000    44.65000    44.15000    43.65000    43.15000    42.65000    42.15000    41.65000    41.15000    40.65000    40.15000    39.65000    39.15000    38.65000    38.15000    37.65000    37.15000    36.65000    36.15000    35.65000    35.15000    34.65000    34.15000    33.65000    33.15000    32.65000    32.15000    31.65000    31.15000    30.65000    30.15000    29.65000    29.15000    28.65000    28.15000    27.65000    27.15000    26.65000    26.15000    25.65000    25.15000    24.65000    19.15000    19.15000    24.65000    25.15000    25.65000    26.15000    26.65000    27.15000    27.65000    28.15000    28.65000    29.15000    29.65000    30.15000    30.65000    31.15000    31.65000    32.15000    32.65000    33.15000    33.65000    34.15000    34.65000    35.15000    35.65000    36.15000    36.65000    37.15000    37.65000    38.15000    38.65000    39.15000    39.65000    40.15000    40.65000    41.15000    41.65000    42.15000    42.65000    43.15000    43.65000    44.15000    44.65000    45.15000    45.65000    46.15000    46.65000    47.15000    47.65000    48.15000    48.65000    49.15000    49.65000    50.15000    50.65000    51.15000    51.65000    52.15000    52.65000    53.15000    53.65000    54.15000    54.65000    55.15000    55.65000    56.15000    56.65000    57.15000    57.65000    58.15000    58.65000    59.15000    59.65000    60.15000    60.65000    61.15000    61.65000    62.15000    62.65000    63.15000    63.65000    64.15000
    64.35000    63.85000    63.35000    62.85000    62.35000    61.85000    61.35000    60.85000    60.35000    59.85000    59.35000    58.85000    58.35000    57.85000    57.35000    56.85000    56.35000    55.85000    55.35000    54.85000    54.35000    53.85000    53.35000    52.85000    52.35000    51.85000    51.35000    50.85000    50.35000    49.85000    49.35000    48.85000    48.35000    47.85000    47.35000    46.85000    46.35000    45.85000    45.35000    44.85000    44.35000    43.85000    43.35000    42.85000    42.35000    41.85000    41.35000    40.85000    40.35000    39.85000    39.35000    38.85000    38.35000    37.85000    37.35000    36.85000    36.35000    35.85000    35.35000    34.85000    34.35000    33.85000    33.35000    32.85000    32.35000    31.85000    31.35000    30.85000    30.35000    29.85000    29.35000    28.85000    28.35000    27.85000    27.35000    26.85000    26.35000    25.85000    25.35000    24.85000    19.35000    19.35000    24.85000    25.35000    25.85000    26.35000    26.85000    27.35000    27.85000    28.35000    28.85000    29.35000    29.85000    30.35000    30.85000    31.35000    31.85000    32.35000    32.85000    33.35000    33.85000    34.35000    34.85000    35.35000    35.85000    36.35000    36.85000    37.35000    37.85000    38.35000    38.85000    39.35000    39.85000    40.35000    40.85000    41.35000    41.85000    42.35000    42.85000    43.35000    43.85000    44.35000    44.85000    45.35000    45.85000    46.35000    46.85000    47.35000    47.85000    48.35000    48.85000    49.35000    49.85000    50.35000    50.85000    51.35000    51.85000    52.35000    52.85000    53.35000    53.85000    54.35000    54.85000    55.35000    55.85000    56.35000    56.85000    57.35000    57.85000    58.35000    58.85000    59.35000    59.85000    60.35000    60.85000    61.35000    61.85000    62.35000    62.85000    63.35000    63.85000    64.35000
    64.55000    64.05000    63.55000    63.05000    62.55000    62.05000    61.55000    61.05000    60.55000    60.05000    59.55000    59.05000    58.55000    58.05000    57.55000    57.05000    56.55000    56.05000    55.55000    55.05000    54.55000    54.05000    53.55000    53.05000    52.55000    52.05000    51.55000    51.05000    50.55000    50.05000    49.55000    49.05000    48.55000    48.05000    47.55000    47.05000    46.55000    46.05000    45.55000    45.05000    44.55000    44.05000    43.55000    43.05000    42.55000    42.05000    41.55000    41.05000    40.55000    40.05000    39.55000    39.05000    38.55000    38.05000    37.55000    37.05000    36.55000    36.05000    35.55000    35.05000    34.55000    34.05000    33.55000    33.05000    32.55000    32.05000    31.55000    31.05000    30.55000    30.05000    29.55000    29.05000    28.55000    28.05000    27.55000    27.05000    26.55000    26.05000    25.55000    25.05000    19.55000    19.55000    25.05000    25.55000    26.05000    26.55000    27.05000    27.55000    28.05000    28.55000    29.05000    29.55000    30.05000    30.55000    31.05000    31.55000    32.05000    32.55000    33.05000    33.55000    34.05000    34.55000    35.05000    35.55000    36.05000    36.55000    37.05000    37.55000    38.05000    38.55000    39.05000    39.55000    40.05000    40.55000    41.05000    41.55000    42.05000    42.55000    43.05000    43.55000    44.05000    44.55000    45.05000    45.55000    46.05000    46.55000    47.05000    47.55000    48.05000    48.55000    49.05000    49.55000    50.05000    50.55000    51.05000    51.55000    52.05000    52.55000    53.05000    53.55000    54.05000    54.55000    55.05000    55.55000    56.05000    56.55000    57.05000    57.55000    58.05000    58.55000    59.05000    59.55000    60.05000    60.55000    61.05000    61.55000    62.05000    62.55000    63.05000    63.55000    64.05000    64.55000
    64.75000    64.25000    63.75000    63.25000    62.75000    62.25000    61.75000    61.25000    60.75000    60.25000    59.75000    59.25000    58.75000    58.25000    57.75000    57.25000    56.75000    56.25000    55.75000    55.25000    54.75000    54.25000    53.75000    53.25000    52.75000    52.25000    51.75000    51.25000    50.75000    50.25000    49.75000    49.25000    48.75000    48.25000    47.75000    47.25000    46.75000    46.25000    45.75000    45.25000    44.75000    44.25000    43.75000    43.25000    42.75000    42.25000    41.75000    41.25000    40.75000    40.25000    39.75000    39.25000    38.75000    38.25000    37.75000    37.25000    36.75000    36.25000    35.75000    35.25000    34.75000    34.25000    33.75000    33.25000    32.75000    32.25000    31.75000    31.25000    30.75000    30.25000    29.75000    29.25000    28.75000    28.25000    27.75000    27.25000    26.75000    26.25000    25.75000    25.25000    19.75000    19.75000    25.25000    25.75000    26.25000    26.75000    27.25000    27.75000    28.25000    28.75000    29.25000    29.75000    30.25000    30.75000    31.25000    31.75000    32.25000    32.75000    33.25000    33.75000    34.25000    34.75000    35.25000    35.75000    36.25000    36.75000    37.25000    37.75000    38.25000    38.75000    39.25000    39.75000    40.25000    40.75000    41.25000    41.75000    42.25000    42.75000    43.25000    43.75000    44.25000    44.75000    45.25000    45.75000    46.25000    46.75000    47.25000    47.75000    48.25000    48.75000    49.25000    49.75000    50.25000    50.75000    51.25000    51.75000    52.25000    52.75000    53.25000    53.75000    54.25000    54.75000    55.25000    55.75000    56.25000    56.75000    57.25000    57.75000    58.25000    58.75000    59.25000    59.75000    60.25000    60.75000    61.25000    61.75000    62.25000    62.75000    63.25000    63.75000    64.25000    64.75000
    64.95000    64.45000    63.95000    63.45000    62.95000    62.45000    61.95000    61.45000    60.95000    60.45000    59.95000    59.45000    58.95000    58.45000    57.95000    57.45000    56.95000    56.45000    55.95000    55.45000    54.95000    54.45000    53.95000    53.45000    52.95000    52.45000    51.95000    51.45000    50.95000    50.45000    49.95000    49.45000    48.95000    48.45000    47.95000    47.45000    46.95000    46.45000    45.95000    45.45000    44.95000    44.45000    43.95000    43.45000    42.95000    42.45000    41.95000    41.45000    40.95000    40.45000    39.95000    39.45000    38.95000    38.45000    37.95000    37.45000    36.95000    36.45000    35.95000    35.45000    34.95000    34.45000    33.95000    33.45000    32.95000    32.45000    31.95000    31.45000    30.95000    30.45000    29.95000    29.45000    28.95000    28.45000    27.95000    27.45000    26.95000    26.45000    25.95000    25.45000    19.95000    19.95000    25.45000    25.95000    26.45000    26.95000    27.45000    27.95000    28.45000    28.95000    29.45000    29.95000    30.45000    30.95000    31.45000    31.95000    32.45000    32.95000    33.45000    33.95000    34.45000    34.95000    35.45000    35.95000    36.45000    36.95000    37.45000    37.95000    38.45000    38.95000    39.45000    39.95000    40.45000    40.95000    41.45000    41.95000    42.45000    42.95000    43.45000    43.95000    44.45000    44.95000    45.45000    45.95000    46.45000    46.95000    47.45000    47.95000    48.45000    48.95000    49.45000    49.95000    50.45000    50.95000    51.45000    51.95000    52.45000    52.95000    53.45000    53.95000    54.45000    54.95000    55.45000    55.95000    56.45000    56.95000    57.45000    57.95000    58.45000    58.95000    59.45000    59.95000    60.45000    60.95000    61.45000    61.95000    62.45000    62.95000    63.45000    63.95000    64.45000    64.95000
    65.15000    64.65000    64.15000    63.65000    63.15000    62.65000    62.15000    61.65000    61.15000    60.65000    60.15000    59.65000    59.15000    58.65000    58.15000    57.65000    57.15000    56.65000    56.15000    55.65000    55.15000    54.65000    54.15000    53.65000    53.15000    52.65000    52.15000    51.65000    51.15000    50.65000    50.15000    49.65000    49.15000    48.65000    48.15000    47.65000    47.15000    46.65000    46.15000    45.65000    45.15000    44.65000    44.15000    43.65000    43.15000    42.65000    42.15000    41.65000    41.15000    40.65000    40.15000    39.65000    39.15000    38.65000    38.15000    37.65000    37.15000    36.65000    36.15000    35.65000    35.15000    34.65000    34.15000    33.65000    33.15000    32.65000    32.15000    31.65000    31.15000    30.65000    30.15000    29.65000    29.15000    28.65000    28.15000    27.65000    27.15000    26.65000    26.15000    25.65000    20.15000    20.15000    25.65000    26.15000    26.65000    27.15000    27.65000    28.15000    28.65000    29.15000    29.65000    30.15000    30.65000    31.15000    31.65000    32.15000    32.65000    33.15000    33.65000    34.15000    34.65000    35.15000    35.65000    36.15000    36.65000    37.15000    37.65000    38.15000    38.65000    39.15000    39.65000    40.15000    40.65000    41.15000    41.65000    42.15000    42.65000    43.15000    43.65000    44.15000    44.65000    45.15000    45.65000    46.15000    46.65000    47.15000    47.65000    48.15000    48.65000    49.15000    49.65000    50.15000    50.65000    51.15000    51.65000    52.15000    52.65000    53.15000    53.65000    54.15000    54.65000    55.15000    55.65000    56.15000    56.65000    57.15000    57.65000    58.15000    58.65000    59.15000    59.65000    60.15000    60.65000    61.15000    61.65000    62.15000    62.65000    63.15000    63.65000    64.15000    64.65000    65.15000
    60.35000    59.85000    59.35000    58.85000    58.35000    57.85000    57.35000    56.85000    56.35000    55.85000    55.35000    54.85000    54.35000    53.85000    53.35000    52.85000    52.35000    51.85000    51.35000    50.85000    50.35000    49.85000    49.35000    48.85000    48.35000    47.85000    47.35000    46.85000    46.35000    45.85000    45.35000    44.85000    44.35000    43.85000    43.35000    42.85000    42.35000    41.85000    41.35000    40.85000    40.35000    39.85000    39.35000    38.85000    38.35000    37.85000    37.35000    36.85000    36.35000    35.85000    35.35000    34.85000    34.35000    33.85000    33.35000    32.85000    32.35000    31.85000    31.35000    30.85000    30.35000    29.85000    29.35000    28.85000    28.35000    27.85000    27.35000    26.85000    26.35000    25.85000    25.35000    24.85000    24.35000    23.85000    23.35000    22.85000    22.35000    21.85000    21.35000    20.85000    20.35000    20.35000    20.85000    21.35000    21.85000    22.35000    22.85000    23.35000    23.85000    24.35000    24.85000    25.35000    25.85000    26.35000    26.85000    27.35000    27.85000    28.35000    28.85000    29.35000    29.85000    30.35000    30.85000    31.35000    31.85000    32.35000    32.85000    33.35000    33.85000    34.35000    34.85000    35.35000    35.85000    36.35000    36.85000    37.35000    37.85000    38.35000    38.85000    39.35000    39.85000    40.35000    40.85000    41.35000    41.85000    42.35000    42.85000    43.35000    43.85000    44.35000    44.85000    45.35000    45.85000    46.35000    46.85000    47.35000    47.85000    48.35000    48.85000    49.35000    49.85000    50.35000    50.85000    51.35000    51.85000    52.35000    52.85000    53.35000    53.85000    54.35000    54.85000    55.35000    55.85000    56.35000    56.85000    57.35000    57.85000    58.35000    58.85000    59.35000    59.85000    60.35000
    60.55000    60.05000    59.55000    59.05000    58.55000    58.05000    57.55000    57.05000    56.55000    56.05000    55.55000    55.05000    54.55000    54.05000    53.55000    53.05000    52.55000    52.05000    51.55000    51.05000    50.55000    50.05000    49.55000    49.05000    48.55000    48.05000    47.55000    47.05000    46.55000    46.05000    45.55000    45.05000    44.55000    44.05000    43.55000    43.05000    42.55000    42.05000    41.55000    41.05000    40.55000    40.05000    39.55000    39.05000    38.55000    38.05000    37.55000    37.05000    36.55000    36.05000    35.55000    35.05000    34.55000    34.05000    33.55000    33.05000    32.55000    32.05000    31.55000    31.05000    30.55000    30.05000    29.55000    29.05000    28.55000    28.05000    27.55000    27.05000    26.55000    26.05000    25.55000    25.05000    24.55000    24.05000    23.55000    23.05000    22.55000    22.05000    21.55000    21.05000    20.55000    20.55000    21.05000    21.55000    22.05000    22.55000    23.05000    23.55000    24.05000    24.55000    25.05000    25.55000    26.05000    26.55000    27.05000    27.55000    28.05000    28.55000    29.05000    29.55000    30.05000    30.55000    31.05000    31.55000    32.05000    32.55000    33.05000    33.55000    34.05000    34.55000    35.05000    35.55000    36.05000    36.55000    37.05000    37.55000    38.05000    38.55000    39.05000    39.55000    40.05000    40.55000    41.05000    41.55000    42.05000    42.55000    43.05000    43.55000    44.05000    44.55000    45.05000    45.55000    46.05000    46.55000    47.05000    47.55000    48.05000    48.55000    49.05000    49.55000    50.05000    50.55000    51.05000    51.55000    52.05000    52.55000    53.05000    53.55000    54.05000    54.55000    55.05000    55.55000    56.05000    56.55000    57.05000    57.55000    58.05000    58.55000    59.05000    59.55000    60.05000    60.55000
    60.75000    60.25000    59.75000    59.25000    58.75000    58.25000    57.75000    57.25000    56.75000    56.25000    55.75000    55.25000    54.75000    54.25000    53.75000    53.25000    52.75000    52.25000    51.75000    51.25000    50.75000    50.25000    49.75000    49.25000    48.75000    48.25000    47.75000    47.25000    46.75000    46.25000    45.75000    45.25000    44.75000    44.25000    43.75000    43.25000    42.75000    42.25000    41.75000    41.25000    40.75000    40.25000    39.75000    39.25000    38.75000    38.25000    37.75000    37.25000    36.75000    36.25000    35.75000    35.25000    34.75000    34.25000    33.75000    33.25000    32.75000    32.25000    31.75000    31.25000    30.75000    30.25000    29.75000    29.25000    28.75000    28.25000    27.75000    27.25000    26.75000    26.25000    25.75000    25.25000    24.75000    24.25000    23.75000    23.25000    22.75000    22.25000    21.75000    21.25000    20.75000    20.75000    21.25000    21.75000    22.25000    22.75000    23.25000    23.75000    24.25000    24.75000    25.25000    25.75000    26.25000    26.75000    27.25000    27.75000    28.25000    28.75000    29.25000    29.75000    30.25000    30.75000    31.25000    31.75000    32.25000    32.75000    33.25000    33.75000    34.25000    34.75000    35.25000    35.75000    36.25000    36.75000    37.25000    37.75000    38.25000    38.75000    39.25000    39.75000    40.25000    40.75000    41.25000    41.75000    42.25000    42.75000    43.25000    43.75000    44.25000    44.75000    45.25000    45.75000    46.25000    46.75000    47.25000    47.75000    48.25000    48.75000    49.25000    49.75000    50.25000    50.75000    51.25000    51.75000    52.25000    52.75000    53.25000    53.75000    54.25000    54.75000    55.25000    55.75000    56.25000    56.75000    57.25000    57.75000    58.25000    58.75000    59.25000    59.75000    60.25000    60.75000
    60.95000    60.45000    59.95000    59.45000    58.95000    58.45000    57.95000    57.45000    56.95000    56.45000    55.95000    55.45000    54.95000    54.45000    53.95000    53.45000    52.95000    52.45000    51.95000    51.45000    50.95000    50.45000    49.95000    49.45000    48.95000    48.45000    47.95000    47.45000    46.95000    46.45000    45.95000    45.45000    44.95000    44.45000    43.95000    43.45000    42.95000    42.45000    41.95000    41.45000    40.95000    40.45000    39.95000    39.45000    38.95000    38.45000    37.95000    37.45000    36.95000    36.45000    35.95000    35.45000    34.95000    34.45000    33.95000    33.45000    32.95000    32.45000    31.95000    31.45000    30.95000    30.45000    29.95000    29.45000    28.95000    28.45000    27.95000    27.45000    26.95000    26.45000    25.95000    25.45000    24.95000    24.45000    23.95000    23.45000    22.95000    22.45000    21.95000    21.45000    20.95000    20.95000    21.45000    21.95000    22.45000    22.95000    23.45000    23.95000    24.45000    24.95000    25.45000    25.95000    26.45000    26.95000    27.45000    27.95000    28.45000    28.95000    29.45000    29.95000    30.45000    30.95000    31.45000    31.95000    32.45000    32.95000    33.45000    33.95000    34.45000    34.95000    35.45000    35.95000    36.45000    36.95000    37.45000    37.95000    38.45000    38.95000    39.45000    39.95000    40.45000    40.95000    41.45000    41.95000    42.45000    42.95000    43.45000    43.95000    44.45000    44.95000    45.45000    45.95000    46.45000    46.95000    47.45000    47.95000    48.45000    48.95000    49.45000    49.95000    50.45000    50.95000    51.45000    51.95000    52.45000    52.95000    53.45000    53.95000    54.45000    54.95000    55.45000    55.95000    56.45000    56.95000    57.45000    57.95000    58.45000    58.95000    59.45000    59.95000    60.45000    60.95000
    61.15000    60.65000    60.15000    59.65000    59.15000    58.65000    58.15000    57.65000    57.15000    56.65000    56.15000    55.65000    55.15000    54.65000    54.15000    53.65000    53.15000    52.65000    52.15000    51.65000    51.15000    50.65000    50.15000    49.65000    49.15000    48.65000    48.15000    47.65000    47.15000    46.65000    46.15000    45.65000    45.15000    44.65000    44.15000    43.65000    43.15000    42.65000    42.15000    41.65000    41.15000    40.65000    40.15000    39.65000    39.15000    38.65000    38.15000    37.65000    37.15000    36.65000    36.15000    35.65000    35.15000    34.65000    34.15000    33.65000    33.15000    32.65000    32.15000    31.65000    31.15000    30.65000    30.15000    29.65000    29.15000    28.65000    28.15000    27.65000    27.15000    26.65000    26.15000    25.65000    25.15000    24.65000    24.15000    23.65000    23.15000    22.65000    22.15000    21.65000    21.15000    21.15000    21.65000    22.15000    22.65000    23.15000    23.65000    24.15000    24.65000    25.15000    25.65000    26.15000    26.65000    27.15000    27.65000    28.15000    28.65000    29.15000    29.65000    30.15000    30.65000    31.15000    31.65000    32.15000    32.65000    33.15000    33.65000    34.15000    34.65000    35.15000    35.65000    36.15000    36.65000    37.15000    37.65000    38.15000    38.65000    39.15000    39.65000    40.15000    40.65000    41.15000    41.65000    42.15000    42.65000    43.15000    43.65000    44.15000    44.65000    45.15000    45.65000    46.15000    46.65000    47.15000    47.65000    48.15000    48.65000    49.15000    49.65000    50.15000    50.65000    51.15000    51.65000    52.15000    52.65000    53.15000    53.65000    54.15000    54.65000    55.15000    55.65000    56.15000    56.65000    57.15000    57.65000    58.15000    58.65000    59.15000    59.65000    60.15000    60.65000    61.15000
    61.35000    60.85000    60.35000    59.85000    59.35000    58.85000    58.35000    57.85000    57.35000    56.85000    56.35000    55.85000    55.35000    54.85000    54.35000    53.85000    53.35000    52.85000    52.35000    51.85000    51.35000    50.85000    50.35000    49.85000    49.35000    48.85000    48.35000    47.85000    47.35000    46.85000    46.35000    45.85000    45.35000    44.85000    44.35000    43.85000    43.35000    42.85000    42.35000    41.85000    41.35000    40.85000    40.35000    39.85000    39.35000    38.85000    38.35000    37.85000    37.35000    36.85000    36.35000    35.85000    35.35000    34.85000    34.35000    33.85000    33.35000    32.85000    32.35000    31.85000    31.35000    30.85000    30.35000    29.85000    29.35000    28.85000    28.35000    27.85000    27.35000    26.85000    26.35000    25.85000    25.35000    24.85000    24.35000    23.85000    23.35000    22.85000    22.35000    21.85000    21.35000    21.35000    21.85000    22.35000    22.85000    23.35000    23.85000    24.35000    24.85000    25.35000    25.85000    26.35000    26.85000    27.35000    27.85000    28.35000    28.85000    29.35000    29.85000    30.35000    30.85000    31.35000    31.85000    32.35000    32.85000    33.35000    33.85000    34.35000    34.85000    35.35000    35.85000    36.35000    36.85000    37.35000    37.85000    38.35000    38.85000    39.35000    39.85000    40.35000    40.85000    41.35000    41.85000    42.35000    42.85000    43.35000    43.85000    44.35000    44.85000    45.35000    45.85000    46.35000    46.85000    47.35000    47.85000    48.35000    48.85000    49.35000    49.85000    50.35000    50.85000    51.35000    51.85000    52.35000    52.85000    53.35000    53.85000    54.35000    54.85000    55.35000    55.85000    56.35000    56.85000    57.35000    57.85000    58.35000    58.85000    59.35000    59.85000    60.35000    60.85000    61.35000
    61.55000    61.05000    60.55000    60.05000    59.55000    59.05000    58.55000    58.05000    57.55000    57.05000    56.55000    56.05000    55.55000    55.05000    54.55000    54.05000    53.55000    53.05000    52.55000    52.05000    51.55000    51.05000    50.55000    50.05000    49.55000    49.05000    48.55000    48.05000    47.55000    47.05000    46.55000    46.05000    45.55000    45.05000    44.55000    44.05000    43.55000    43.05000    42.55000    42.05000    41.55000    41.05000    40.55000    40.05000    39.55000    39.05000    38.55000    38.05000    37.55000    37.05000    36.55000    36.05000    35.55000    35.05000    34.55000    34.05000    33.55000    33.05000    32.55000    32.05000    31.55000    31.05000    30.55000    30.05000    29.55000    29.05000    28.55000    28.05000    27.55000    27.05000    26.55000    26.05000    25.55000    25.05000    24.55000    24.05000    23.55000    23.05000    22.55000    22.05000    21.55000    21.55000    22.05000    22.55000    23.05000    23.55000    24.05000    24.55000    25.05000    25.55000    26.05000    26.55000    27.05000    27.55000    28.05000    28.55000    29.05000    29.55000    30.05000    30.55000    31.05000    31.55000    32.05000    32.55000    33.05000    33.55000    34.05000    34.55000    35.05000    35.55000    36.05000    36.55000    37.05000    37.55000    38.05000    38.55000    39.05000    39.55000    40.05000    40.55000    41.05000    41.55000    42.05000    42.55000    43.05000    43.55000    44.05000    44.55000    45.05000    45.55000    46.05000    46.55000    47.05000    47.55000    48.05000    48.55000    49.05000    49.55000    50.05000    50.55000    51.05000    51.55000    52.05000    52.55000    53.05000    53.55000    54.05000    54.55000    55.05000    55.55000    56.05000    56.55000    57.05000    57.55000    58.05000    58.55000    59.05000    59.55000    60.05000    60.55000    61.05000    61.55000
    61.75000    61.25000    60.75000    60.25000    59.75000    59.25000    58.75000    58.25000    57.75000    57.25000    56.75000    56.25000    55.75000    55.25000    54.75000    54.25000    53.75000    53.25000    52.75000    52.25000    51.75000    51.25000    50.75000    50.25000    49.75000    49.25000    48.75000    48.25000    47.75000    47.25000    46.75000    46.25000    45.75000    45.25000    44.75000    44.25000    43.75000    43.25000    42.75000    42.25000    41.75000    41.25000    40.75000    40.25000    39.75000    39.25000    38.75000    38.25000    37.75000    37.25000    36.75000    36.25000    35.75000    35.25000    34.75000    34.25000    33.75000    33.25000    32.75000    32.25000    31.75000    31.25000    30.75000    30.25000    29.75000    29.25000    28.75000    28.25000    27.75000    27.25000    26.75000    26.25000    25.75000    25.25000    24.75000    24.25000    23.75000    23.25000    22.75000    22.25000    21.75000    21.75000    22.25000    22.75000    23.25000    23.75000    24.25000    24.75000    25.25000    25.75000    26.25000    26.75000    27.25000    27.75000    28.25000    28.75000    29.25000    29.75000    30.25000    30.75000    31.25000    31.75000    32.25000    32.75000    33.25000    33.75000    34.25000    34.75000    35.25000    35.75000    36.25000    36.75000    37.25000    37.75000    38.25000    38.75000    39.25000    39.75000    40.25000    40.75000    41.25000    41.75000    42.25000    42.75000    43.25000    43.75000    44.25000    44.75000    45.25000    45.75000    46.25000    46.75000    47.25000    47.75000    48.25000    48.75000    49.25000    49.75000    50.25000    50.75000    51.25000    51.75000    52.25000    52.75000    53.25000    53.75000    54.25000    54.75000    55.25000    55.75000    56.25000    56.75000    57.25000    57.75000    58.25000    58.75000    59.25000    59.75000    60.25000    60.75000    61.25000    61.75000
    61.95000    61.45000    60.95000    60.45000    59.95000    59.45000    58.95000    58.45000    57.95000    57.45000    56.95000    56.45000    55.95000    55.45000    54.95000    54.45000    53.95000    53.45000    52.95000    52.45000    51.95000    51.45000    50.95000    50.45000    49.95000    49.45000    48.95000    48.45000    47.95000    47.45000    46.95000    46.45000    45.95000    45.45000    44.95000    44.45000    43.95000    43.45000    42.95000    42.45000    41.95000    41.45000    40.95000    40.45000    39.95000    39.45000    38.95000    38.45000    37.95000    37.45000    36.95000    36.45000    35.95000    35.45000    34.95000    34.45000    33.95000    33.45000    32.95000    32.45000    31.95000    31.45000    30.95000    30.45000    29.95000    29.45000    28.95000    28.45000    27.95000    27.45000    26.95000    26.45000    25.95000    25.45000    24.95000    24.45000    23.95000    23.45000    22.95000    22.45000    21.95000    21.95000    22.45000    22.95000    23.45000    23.95000    24.45000    24.95000    25.45000    25.95000    26.45000    26.95000    27.45000    27.95000    28.45000    28.95000    29.45000    29.95000    30.45000    30.95000    31.45000    31.95000    32.45000    32.95000    33.45000    33.95000    34.45000    34.95000    35.45000    35.95000    36.45000    36.95000    37.45000    37.95000    38.45000    38.95000    39.45000    39.95000    40.45000    40.95000    41.45000    41.95000    42.45000    42.95000    43.45000    43.95000    44.45000    44.95000    45.45000    45.95000    46.45000    46.95000    47.45000    47.95000    48.45000    48.95000    49.45000    49.95000    50.45000    50.95000    51.45000    51.95000    52.45000    52.95000    53.45000    53.95000    54.45000    54.95000    55.45000    55.95000    56.45000    56.95000    57.45000    57.95000    58.45000    58.95000    59.45000    59.95000    60.45000    60.95000    61.45000    61.95000
    62.15000    61.65000    61.15000    60.65000    60.15000    59.65000    59.15000    58.65000    58.15000    57.65000    57.15000    56.65000    56.15000    55.65000    55.15000    54.65000    54.15000    53.65000    53.15000    52.65000    52.15000    51.65000    51.15000    50.65000    50.15000    49.65000    49.15000    48.65000    48.15000    47.65000    47.15000    46.65000    46.15000    45.65000    45.15000    44.65000    44.15000    43.65000    43.15000    42.65000    42.15000    41.65000    41.15000    40.65000    40.15000    39.65000    39.15000    38.65000    38.15000    37.65000    37.15000    36.65000    36.15000    35.65000    35.15000    34.65000    34.15000    33.65000    33.15000    32.65000    32.15000    31.65000    31.15000    30.65000    30.15000    29.65000    29.15000    28.65000    28.15000    27.65000    27.15000    26.65000    26.15000    25.65000    25.15000    24.65000    24.15000    23.65000    23.15000    22.65000    22.15000    22.15000    22.65000    23.15000    23.65000    24.15000    24.65000    25.15000    25.65000    26.15000    26.65000    27.15000    27.65000    28.15000    28.65000    29.15000    29.65000    30.15000    30.65000    31.15000    31.65000    32.15000    32.65000    33.15000    33.65000    34.15000    34.65000    35.15000    35.65000    36.15000    36.65000    37.15000    37.65000    38.15000    38.65000    39.15000    39.65000    40.15000    40.65000    41.15000    41.65000    42.15000    42.65000    43.15000    43.65000    44.15000    44.65000    45.15000    45.65000    46.15000    46.65000    47.15000    47.65000    48.15000    48.65000    49.15000    49.65000    50.15000    50.65000    51.15000    51.65000    52.15000    52.65000    53.15000    53.65000    54.15000    54.65000    55.15000    55.65000    56.15000    56.65000    57.15000    57.65000    58.15000    58.65000    59.15000    59.65000    60.15000    60.65000    61.15000    61.65000    62.15000
    62.35000    61.85000    61.35000    60.85000    60.35000    59.85000    59.35000    58.85000    58.35000    57.85000    57.35000    56.85000    56.35000    55.85000    55.35000    54.85000    54.35000    53.85000    53.35000    52.85000    52.35000    51.85000    51.35000    50.85000    50.35000    49.85000    49.35000    48.85000    48.35000    47.85000    47.35000    46.85000    46.35000    45.85000    45.35000    44.85000    44.35000    43.85000    43.35000    42.85000    42.35000    41.85000    41.35000    40.85000    40.35000    39.85000    39.35000    38.85000    38.35000    37.85000    37.35000    36.85000    36.35000    35.85000    35.35000    34.85000    34.35000    33.85000    33.35000    32.85000    32.35000    31.85000    31.35000    30.85000    30.35000    29.85000    29.35000    28.85000    28.35000    27.85000    27.35000    26.85000    26.35000    25.85000    25.35000    24.85000    24.35000    23.85000    23.35000    22.85000    22.35000    22.35000    22.85000    23.35000    23.85000    24.35000    24.85000    25.35000    25.85000    26.35000    26.85000    27.35000    27.85000    28.35000    28.85000    29.35000    29.85000    30.35000    30.85000    31.35000    31.85000    32.35000    32.85000    33.35000    33.85000    34.35000    34.85000    35.35000    35.85000    36.35000    36.85000    37.35000    37.85000    38.35000    38.85000    39.35000    39.85000    40.35000    40.85000    41.35000    41.85000    42.35000    42.85000    43.35000    43.85000    44.35000    44.85000    45.35000    45.85000    46.35000    46.85000    47.35000    47.85000    48.35000    48.85000    49.35000    49.85000    50.35000    50.85000    51.35000    51.85000    52.35000    52.85000    53.35000    53.85000    54.35000    54.85000    55.35000    55.85000    56.35000    56.85000    57.35000    57.85000    58.35000    58.85000    59.35000    59.85000    60.35000    60.85000    61.35000    61.85000    62.35000
    62.55000    62.05000    61.55000    61.05000    60.55000    60.05000    59.55000    59.05000    58.55000    58.05000    57.55000    57.05000    56.55000    56.05000    55.55000    55.05000    54.55000    54.05000    53.55000    53.05000    52.55000    52.05000    51.55000    51.05000    50.55000    50.05000    49.55000    49.05000    48.55000    48.05000    47.55000    47.05000    46.55000    46.05000    45.55000    45.05000    44.55000    44.05000    43.55000    43.05000    42.55000    42.05000    41.55000    41.05000    40.55000    40.05000    39.55000    39.05000    38.55000    38.05000    37.55000    37.05000    36.55000    36.05000    35.55000    35.05000    34.55000    34.05000    33.55000    33.05000    32.55000    32.05000    31.55000    31.05000    30.55000    30.05000    29.55000    29.05000    28.55000    28.05000    27.55000    27.05000    26.55000    26.05000    25.55000    25.05000    24.55000    24.05000    23.55000    23.05000    22.55000    22.55000    23.05000    23.55000    24.05000    24.55000    25.05000    25.55000    26.05000    26.55000    27.05000    27.55000    28.05000    28.55000    29.05000    29.55000    30.05000    30.55000    31.05000    31.55000    32.05000    32.55000    33.05000    33.55000    34.05000    34.55000    35.05000    35.55000    36.05000    36.55000    37.05000    37.55000    38.05000    38.55000    39.05000    39.55000    40.05000    40.55000    41.05000    41.55000    42.05000    42.55000    43.05000    43.55000    44.05000    44.55000    45.05000    45.55000    46.05000    46.55000    47.05000    47.55000    48.05000    48.55000    49.05000    49.55000    50.05000    50.55000    51.05000    51.55000    52.05000    52.55000    53.05000    53.55000    54.05000    54.55000    55.05000    55.55000    56.05000    56.55000    57.05000    57.55000    58.05000    58.55000    59.05000    59.55000    60.05000    60.55000    61.05000    61.55000    62.05000    62.55000
    62.75000    62.25000    61.75000    61.25000    60.75000    60.25000    59.75000    59.25000    58.75000    58.25000    57.75000    57.25000    56.75000    56.25000    55.75000    55.25000    54.75000    54.25000    53.75000    53.25000    52.75000    52.25000    51.75000    51.25000    50.75000    50.25000    49.75000    49.25000    48.75000    48.25000    47.75000    47.25000    46.75000    46.25000    45.75000    45.25000    44.75000    44.25000    43.75000    43.25000    42.75000    42.25000    41.75000    41.25000    40.75000    40.25000    39.75000    39.25000    38.75000    38.25000    37.75000    37.25000    36.75000    36.25000    35.75000    35.25000    34.75000    34.25000    33.75000    33.25000    32.75000    32.25000    31.75000    31.25000    30.75000    30.25000    29.75000    29.25000    28.75000    28.25000    27.75000    27.25000    26.75000    26.25000    25.75000    25.25000    24.75000    24.25000    23.75000    23.25000    22.75000    22.75000    23.25000    23.75000    24.25000    24.75000    25.25000    25.75000    26.25000    26.75000    27.25000    27.75000    28.25000    28.75000    29.25000    29.75000    30.25000    30.75000    31.25000    31.75000    32.25000    32.75000    33.25000    33.75000    34.25000    34.75000    35.25000    35.75000    36.25000    36.75000    37.25000    37.75000    38.25000    38.75000    39.25000    39.75000    40.25000    40.75000    41.25000    41.75000    42.25000    42.75000    43.25000    43.75000    44.25000    44.75000    45.25000    45.75000    46.25000    46.75000    47.25000    47.75000    48.25000    48.75000    49.25000    49.75000    50.25000    50.75000    51.25000    51.75000    52.25000    52.75000    53.25000    53.75000    54.25000    54.75000    55.25000    55.75000    56.25000    56.75000    57.25000    57.75000    58.25000    58.75000    59.25000    59.75000    60.25000    60.75000    61.25000    61.75000    62.25000    62.75000
    62.95000    62.45000    61.95000    61.45000    60.95000    60.45000    59.95000    59.45000    58.95000    58.45000    57.95000    57.45000    56.95000    56.45000    55.95000    55.45000    54.95000    54.45000    53.95000    53.45000    52.95000    52.45000    51.95000    51.45000    50.95000    50.45000    49.95000    49.45000    48.95000    48.45000    47.95000    47.45000    46.95000    46.45000    45.95000    45.45000    44.95000    44.45000    43.95000    43.45000    42.95000    42.45000    41.95000    41.45000    40.95000    40.45000    39.95000    39.45000    38.95000    38.45000    37.95000    37.45000    36.95000    36.45000    35.95000    35.45000    34.95000    34.45000    33.95000    33.45000    32.95000    32.45000    31.95000    31.45000    30.95000    30.45000    29.95000    29.45000    28.95000    28.45000    27.95000    27.45000    26.95000    26.45000    25.95000    25.45000    24.95000    24.45000    23.95000    23.45000    22.95000    22.95000    23.45000    23.95000    24.45000    24.95000    25.45000    25.95000    26.45000    26.95000    27.45000    27.95000    28.45000    28.95000    29.45000    29.95000    30.45000    30.95000    31.45000    31.95000    32.45000    32.95000    33.45000    33.95000    34.45000    34.95000    35.45000    35.95000    36.45000    36.95000    37.45000    37.95000    38.45000    38.95000    39.45000    39.95000    40.45000    40.95000    41.45000    41.95000    42.45000    42.95000    43.45000    43.95000    44.45000    44.95000    45.45000    45.95000    46.45000    46.95000    47.45000    47.95000    48.45000    48.95000    49.45000    49.95000    50.45000    50.95000    51.45000    51.95000    52.45000    52.95000    53.45000    53.95000    54.45000    54.95000    55.45000    55.95000    56.45000    56.95000    57.45000    57.95000    58.45000    58.95000    59.45000    59.95000    60.45000    60.95000    61.45000    61.95000    62.45000    62.95000
    63.15000    62.65000    62.15000    61.65000    61.15000    60.65000    60.15000    59.65000    59.15000    58.65000    58.15000    57.65000    57.15000    56.65000    56.15000    55.65000    55.15000    54.65000    54.15000    53.65000    53.15000    52.65000    52.15000    51.65000    51.15000    50.65000    50.15000    49.65000    49.15000    48.65000    48.15000    47.65000    47.15000    46.65000    46.15000    45.65000    45.15000    44.65000    44.15000    43.65000    43.15000    42.65000    42.15000    41.65000    41.15000    40.65000    40.15000    39.65000    39.15000    38.65000    38.15000    37.65000    37.15000    36.65000    36.15000    35.65000    35.15000    34.65000    34.15000    33.65000    33.15000    32.65000    32.15000    31.65000    31.15000    30.65000    30.15000    29.65000    29.15000    28.65000    28.15000    27.65000    27.15000    26.65000    26.15000    25.65000    25.15000    24.65000    24.15000    23.65000    23.15000    23.15000    23.65000    24.15000    24.65000    25.15000    25.65000    26.15000    26.65000    27.15000    27.65000    28.15000    28.65000    29.15000    29.65000    30.15000    30.65000    31.15000    31.65000    32.15000    32.65000    33.15000    33.65000    34.15000    34.65000    35.15000    35.65000    36.15000    36.65000    37.15000    37.65000    38.15000    38.65000    39.15000    39.65000    40.15000    40.65000    41.15000    41.65000    42.15000    42.65000    43.15000    43.65000    44.15000    44.65000    45.15000    45.65000    46.15000    46.65000    47.15000    47.65000    48.15000    48.65000    49.15000    49.65000    50.15000    50.65000    51.15000    51.65000    52.15000    52.65000    53.15000    53.65000    54.15000    54.65000    55.15000    55.65000    56.15000    56.65000    57.15000    57.65000    58.15000    58.65000    59.15000    59.65000    60.15000    60.65000    61.15000    61.65000    62.15000    62.65000    63.15000
    63.35000    62.85000    62.35000    61.85000    61.35000    60.85000    60.35000    59.85000    59.35000    58.85000    58.35000    57.85000    57.35000    56.85000    56.35000    55.85000    55.35000    54.85000    54.35000    53.85000    53.35000    52.85000    52.35000    51.85000    51.35000    50.85000    50.35000    49.85000    49.35000    48.85000    48.35000    47.85000    47.35000    46.85000    46.35000    45.85000    45.35000    44.85000    44.35000    43.85000    43.35000    42.85000    42.35000    41.85000    41.35000    40.85000    40.35000    39.85000    39.35000    38.85000    38.35000    37.85000    37.35000    36.85000    36.35000    35.85000    35.35000    34.85000    34.35000    33.85000    33.35000    32.85000    32.35000    31.85000    31.35000    30.85000    30.35000    29.85000    29.35000    28.85000    28.35000    27.85000    27.35000    26.85000    26.35000    25.85000    25.35000    24.85000    24.35000    23.85000    23.35000    23.35000    23.85000    24.35000    24.85000    25.35000    25.85000    26.35000    26.85000    27.35000    27.85000    28.35000    28.85000    29.35000    29.85000    30.35000    30.85000    31.35000    31.85000    32.35000    32.85000    33.35000    33.85000    34.35000    34.85000    35.35000    35.85000    36.35000    36.85000    37.35000    37.85000    38.35000    38.85000    39.35000    39.85000    40.35000    40.85000    41.35000    41.85000    42.35000    42.85000    43.35000    43.85000    44.35000    44.85000    45.35000    45.85000    46.35000    46.85000    47.35000    47.85000    48.35000    48.85000    49.35000    49.85000    50.35000    50.85000    51.35000    51.85000    52.35000    52.85000    53.35000    53.85000    54.35000    54.85000    55.35000    55.85000    56.35000    56.85000    57.35000    57.85000    58.35000    58.85000    59.35000    59.85000    60.35000    60.85000    61.35000    61.85000    62.35000    62.85000    63.35000
    63.55000    63.05000    62.55000    62.05000    61.55000    61.05000    60.55000    60.05000    59.55000    59.05000    58.55000    58.05000    57.55000    57.05000    56.55000    56.05000    55.55000    55.05000    54.55000    54.05000    53.55000    53.05000    52.55000    52.05000    51.55000    51.05000    50.55000    50.05000    49.55000    49.05000    48.55000    48.05000    47.55000    47.05000    46.55000    46.05000    45.55000    45.05000    44.55000    44.05000    43.55000    43.05000    42.55000    42.05000    41.55000    41.05000    40.55000    40.05000    39.55000    39.05000    38.55000    38.05000    37.55000    37.05000    36.55000    36.05000    35.55000    35.05000    34.55000    34.05000    33.55000    33.05000    32.55000    32.05000    31.55000    31.05000    30.55000    30.05000    29.55000    29.05000    28.55000    28.05000    27.55000    27.05000    26.55000    26.05000    25.55000    25.05000    24.55000    24.05000    23.55000    23.55000    24.05000    24.55000    25.05000    25.55000    26.05000    26.55000    27.05000    27.55000    28.05000    28.55000    29.05000    29.55000    30.05000    30.55000    31.05000    31.55000    32.05000    32.55000    33.05000    33.55000    34.05000    34.55000    35.05000    35.55000    36.05000    36.55000    37.05000    37.55000    38.05000    38.55000    39.05000    39.55000    40.05000    40.55000    41.05000    41.55000    42.05000    42.55000    43.05000    43.55000    44.05000    44.55000    45.05000    45.55000    46.05000    46.55000    47.05000    47.55000    48.05000    48.55000    49.05000    49.55000    50.05000    50.55000    51.05000    51.55000    52.05000    52.55000    53.05000    53.55000    54.05000    54.55000    55.05000    55.55000    56.05000    56.55000    57.05000    57.55000    58.05000    58.55000    59.05000    59.55000    60.05000    60.55000    61.05000    61.55000    62.05000    62.55000    63.05000    63.55000
    63.75000    63.25000    62.75000    62.25000    61.75000    61.25000    60.75000    60.25000    59.75000    59.25000    58.75000    58.25000    57.75000    57.25000    56.75000    56.25000    55.75000    55.25000    54.75000    54.25000    53.75000    53.25000    52.75000    52.25000    51.75000    51.25000    50.75000    50.25000    49.75000    49.25000    48.75000    48.25000    47.75000    47.25000    46.75000    46.25000    45.75000    45.25000    44.75000    44.25000    43.75000    43.25000    42.75000    42.25000    41.75000    41.25000    40.75000    40.25000    39.75000    39.25000    38.75000    38.25000    37.75000    37.25000    36.75000    36.25000    35.75000    35.25000    34.75000    34.25000    33.75000    33.25000    32.75000    32.25000    31.75000    31.25000    30.75000    30.25000    29.75000    29.25000    28.75000    28.25000    27.75000    27.25000    26.75000    26.25000    25.75000    25.25000    24.75000    24.25000    23.75000    23.75000    24.25000    24.75000    25.25000    25.75000    26.25000    26.75000    27.25000    27.75000    28.25000    28.75000    29.25000    29.75000    30.25000    30.75000    31.25000    31.75000    32.25000    32.75000    33.25000    33.75000    34.25000    34.75000    35.25000    35.75000    36.25000    36.75000    37.25000    37.75000    38.25000    38.75000    39.25000    39.75000    40.25000    40.75000    41.25000    41.75000    42.25000    42.75000    43.25000    43.75000    44.25000    44.75000    45.25000    45.75000    46.25000    46.75000    47.25000    47.75000    48.25000    48.75000    49.25000    49.75000    50.25000    50.75000    51.25000    51.75000    52.25000    52.75000    53.25000    53.75000    54.25000    54.75000    55.25000    55.75000    56.25000    56.75000    57.25000    57.75000    58.25000    58.75000    59.25000    59.75000    60.25000    60.75000    61.25000    61.75000    62.25000    62.75000    63.25000    63.75000
    63.95000    63.45000    62.95000    62.45000    61.95000    61.45000    60.95000    60.45000    59.95000    59.45000    58.95000    58.45000    57.95000    57.45000    56.95000    56.45000    55.95000    55.45000    54.95000    54.45000    53.95000    53.45000    52.95000    52.45000    51.95000    51.45000    50.95000    50.45000    49.95000    49.45000    48.95000    48.45000    47.95000    47.45000    46.95000    46.45000    45.95000    45.45000    44.95000    44.45000    43.95000    43.45000    42.95000    42.45000    41.95000    41.45000    40.95000    40.45000    39.95000    39.45000    38.95000    38.45000    37.95000    37.45000    36.95000    36.45000    35.95000    35.45000    34.95000    34.45000    33.95000    33.45000    32.95000    32.45000    31.95000    31.45000    30.95000    30.45000    29.95000    29.45000    28.95000    28.45000    27.95000    27.45000    26.95000    26.45000    25.95000    25.45000    24.95000    24.45000    23.95000    23.95000    24.45000    24.95000    25.45000    25.95000    26.45000    26.95000    27.45000    27.95000    28.45000    28.95000    29.45000    29.95000    30.45000    30.95000    31.45000    31.95000    32.45000    32.95000    33.45000    33.95000    34.45000    34.95000    35.45000    35.95000    36.45000    36.95000    37.45000    37.95000    38.45000    38.95000    39.45000    39.95000    40.45000    40.95000    41.45000    41.95000    42.45000    42.95000    43.45000    43.95000    44.45000    44.95000    45.45000    45.95000    46.45000    46.95000    47.45000    47.95000    48.45000    48.95000    49.45000    49.95000    50.45000    50.95000    51.45000    51.95000    52.45000    52.95000    53.45000    53.95000    54.45000    54.95000    55.45000    55.95000    56.45000    56.95000    57.45000    57.95000    58.45000    58.95000    59.45000    59.95000    60.45000    60.95000    61.45000    61.95000    62.45000    62.95000    63.45000    63.95000
    64.15000    63.65000    63.15000    62.65000    62.15000    61.65000    61.15000    60.65000    60.15000    59.65000    59.15000    58.65000    58.15000    57.65000    57.15000    56.65000    56.15000    55.65000    55.15000    54.65000    54.15000    53.65000    53.15000    52.65000    52.15000    51.65000    51.15000    50.65000    50.15000    49.65000    49.15000    48.65000    48.15000    47.65000    47.15000    46.65000    46.15000    45.65000    45.15000    44.65000    44.15000    43.65000    43.15000    42.65000    42.15000    41.65000    41.15000    40.65000    40.15000    39.65000    39.15000    38.65000    38.15000    37.65000    37.15000    36.65000    36.15000    35.65000    35.15000    34.65000    34.15000    33.65000    33.15000    32.65000    32.15000    31.65000    31.15000    30.65000    30.15000    29.65000    29.15000    28.65000    28.15000    27.65000    27.15000    26.65000    26.15000    25.65000    25.15000    24.65000    24.15000    24.15000    24.65000    25.15000    25.65000    26.15000    26.65000    27.15000    27.65000    28.15000    28.65000    29.15000    29.65000    30.15000    30.65000    31.15000    31.65000    32.15000    32.65000    33.15000    33.65000    34.15000    34.65000    35.15000    35.65000    36.15000    36.65000    37.15000    37.65000    38.15000    38.65000    39.15000    39.65000    40.15000    40.65000    41.15000    41.65000    42.15000    42.65000    43.15000    43.65000    44.15000    44.65000    45.15000    45.65000    46.15000    46.65000    47.15000    47.65000    48.15000    48.65000    49.15000    49.65000    50.15000    50.65000    51.15000    51.65000    52.15000    52.65000    53.15000    53.65000    54.15000    54.65000    55.15000    55.65000    56.15000    56.65000    57.15000    57.65000    58.15000    58.65000    59.15000    59.65000    60.15000    60.65000    61.15000    61.65000    62.15000    62.65000    63.15000    63.65000    64.15000
    64.35000    63.85000    63.35000    62.85000    62.35000    61.85000    61.35000    60.85000    60.35000    59.85000    59.35000    58.85000    58.35000    57.85000    57.35000    56.85000    56.35000    55.85000    55.35000    54.85000    54.35000    53.85000    53.35000    52.85000    52.35000    51.85000    51.35000    50.85000    50.35000    49.85000    49.35000    48.85000    48.35000    47.85000    47.35000    46.85000    46.35000    45.85000    45.35000    44.85000    44.35000    43.85000    43.35000    42.85000    42.35000    41.85000    41.35000    40.85000    40.35000    39.85000    39.35000    38.85000    38.35000    37.85000    37.35000    36.85000    36.35000    35.85000    35.35000    34.85000    34.35000    33.85000    33.35000    32.85000    32.35000    31.85000    31.35000    30.85000    30.35000    29.85000    29.35000    28.85000    28.35000    27.85000    27.35000    26.85000    26.35000    25.85000    25.35000    24.85000    24.35000    24.35000    24.85000    25.35000    25.85000    26.35000    26.85000    27.35000    27.85000    28.35000    28.85000    29.35000    29.85000    30.35000    30.85000    31.35000    31.85000    32.35000    32.85000    33.35000    33.85000    34.35000    34.85000    35.35000    35.85000    36.35000    36.85000    37.35000    37.85000    38.35000    38.85000    39.35000    39.85000    40.35000    40.85000    41.35000    41.85000    42.35000    42.85000    43.35000    43.85000    44.35000    44.85000    45.35000    45.85000    46.35000    46.85000    47.35000    47.85000    48.35000    48.85000    49.35000    49.85000    50.35000    50.85000    51.35000    51.85000    52.35000    52.85000    53.35000    53.85000    54.35000    54.85000    55.35000    55.85000    56.35000    56.85000    57.35000    57.85000    58.35000    58.85000    59.35000    59.85000    60.35000    60.85000    61.35000    61.85000    62.35000    62.85000    63.35000    63.85000    64.35000
    64.55000    64.05000    63.55000    63.05000    62.55000    62.05000    61.55000    61.05000    60.55000    60.05000    59.55000    59.05000    58.55000    58.05000    57.55000    57.05000    56.55000    56.05000    55.55000    55.05000    54.55000    54.05000    53.55000    53.05000    52.55000    52.05000    51.55000    51.05000    50.55000    50.05000    49.55000    49.05000    48.55000    48.05000    47.55000    47.05000    46.55000    46.05000    45.55000    45.05000    44.55000    44.05000    43.55000    43.05000    42.55000    42.05000    41.55000    41.05000    40.55000    40.05000    39.55000    39.05000    38.55000    38.05000    37.55000    37.05000    36.55000    36.05000    35.55000    35.05000    34.55000    34.05000    33.55000    33.05000    32.55000    32.05000    31.55000    31.05000    30.55000    30.05000    29.55000    29.05000    28.55000    28.05000    27.55000    27.05000    26.55000    26.05000    25.55000    25.05000    24.55000    24.55000    25.05000    25.55000    26.05000    26.55000    27.05000    27.55000    28.05000    28.55000    29.05000    29.55000    30.05000    30.55000    31.05000    31.55000    32.05000    32.55000    33.05000    33.55000    34.05000    34.55000    35.05000    35.55000    36.05000    36.55000    37.05000    37.55000    38.05000    38.55000    39.05000    39.55000    40.05000    40.55000    41.05000    41.55000    42.05000    42.55000    43.05000    43.55000    44.05000    44.55000    45.05000    45.55000    46.05000    46.55000    47.05000    47.55000    48.05000    48.55000    49.05000    49.55000    50.05000    50.55000    51.05000    51.55000    52.05000    52.55000    53.05000    53.55000    54.05000    54.55000    55.05000    55.55000    56.05000    56.55000    57.05000    57.55000    58.05000    58.55000    59.05000    59.55000    60.05000    60.55000    61.05000    61.55000    62.05000    62.55000    63.05000    63.55000    64.05000    64.55000
    64.75000    64.25000    63.75000    63.25000    62.75000    62.25000    61.75000    61.25000    60.75000    60.25000    59.75000    59.25000    58.75000    58.25000    57.75000    57.25000    56.75000    56.25000    55.75000    55.25000    54.75000    54.25000    53.75000    53.25000    52.75000    52.25000    51.75000    51.25000    50.75000    50.25000    49.75000    49.25000    48.75000    48.25000    47.75000    47.25000    46.75000    46.25000    45.75000    45.25000    44.75000    44.25000    43.75000    43.25000    42.75000    42.25000    41.75000    41.25000    40.75000    40.25000    39.75000    39.25000    38.75000    38.25000    37.75000    37.25000    36.75000    36.25000    35.75000    35.25000    34.75000    34.25000    33.75000    33.25000    32.75000    32.25000    31.75000    31.25000    30.75000    30.25000    29.75000    29.25000    28.75000    28.25000    27.75000    27.25000    26.75000    26.25000    25.75000    25.25000    24.75000    24.75000    25.25000    25.75000    26.25000    26.75000    27.25000    27.75000    28.25000    28.75000    29.25000    29.75000    30.25000    30.75000    31.25000    31.75000    32.25000    32.75000    33.25000    33.75000    34.25000    34.75000    35.25000    35.75000    36.25000    36.75000    37.25000    37.75000    38.25000    38.75000    39.25000    39.75000    40.25000    40.75000    41.25000    41.75000    42.25000    42.75000    43.25000    43.75000    44.25000    44.75000    45.25000    45.75000    46.25000    46.75000    47.25000    47.75000    48.25000    48.75000    49.25000    49.75000    50.25000    50.75000    51.25000    51.75000    52.25000    52.75000    53.25000    53.75000    54.25000    54.75000    55.25000    55.75000    56.25000    56.75000    57.25000    57.75000    58.25000    58.75000    59.25000    59.75000    60.25000    60.75000    61.25000    61.75000    62.25000    62.75000    63.25000    63.75000    64.25000    64.75000
    64.95000    64.45000    63.95000    63.45000    62.95000    62.45000    61.95000    61.45000    60.95000    60.45000    59.95000    59.45000    58.95000    58.45000    57.95000    57.45000    56.95000    56.45000    55.95000    55.45000    54.95000    54.45000    53.95000    53.45000    52.95000    52.45000    51.95000    51.45000    50.95000    50.45000    49.95000    49.45000    48.95000    48.45000    47.95000    47.45000    46.95000    46.45000    45.95000    45.45000    44.95000    44.45000    43.95000    43.45000    42.95000    42.45000    41.95000    41.45000    40.95000    40.45000    39.95000    39.45000    38.95000    38.45000    37.95000    37.45000    36.95000    36.45000    35.95000    35.45000    34.95000    34.45000    33.95000    33.45000    32.95000    32.45000    31.95000    31.45000    30.95000    30.45000    29.95000    29.45000    28.95000    28.45000    27.95000    27.45000    26.95000    26.45000    25.95000    25.45000    24.95000    24.95000    25.45000    25.95000    26.45000    26.95000    27.45000    27.95000    28.45000    28.95000    29.45000    29.95000    30.45000    30.95000    31.45000    31.95000    32.45000    32.95000    33.45000    33.95000    34.45000    34.95000    35.45000    35.95000    36.45000    36.95000    37.45000    37.95000    38.45000    38.95000    39.45000    39.95000    40.45000    40.95000    41.45000    41.95000    42.45000    42.95000    43.45000    43.95000    44.45000    44.95000    45.45000    45.95000    46.45000    46.95000    47.45000    47.95000    48.45000    48.95000    49.45000    49.95000    50.45000    50.95000    51.45000    51.95000    52.45000    52.95000    53.45000    53.95000    54.45000    54.95000    55.45000    55.95000    56.45000    56.95000    57.45000    57.95000    58.45000    58.95000    59.45000    59.95000    60.45000    60.95000    61.45000    61.95000    62.45000    62.95000    63.45000    63.95000    64.45000    64.95000
    65.15000    64.65000    64.15000    63.65000    63.15000    62.65000    62.15000    61.65000    61.15000    60.65000    60.15000    59.65000    59.15000    58.65000    58.15000    57.65000    57.15000    56.65000    56.15000    55.65000    55.15000    54.65000    54.15000    53.65000    53.15000    52.65000    52.15000    51.65000    51.15000    50.65000    50.15000    49.65000    49.15000    48.65000    48.15000    47.65000    47.15000    46.65000    46.15000    45.65000    45.15000    44.65000    44.15000    43.65000    43.15000    42.65000    42.15000    41.65000    41.15000    40.65000    40.15000    39.65000    39.15000    38.65000    38.15000    37.65000    37.15000    36.65000    36.15000    35.65000    35.15000    34.65000    34.15000    33.65000    33.15000    32.65000    32.15000    31.65000    31.15000    30.65000    30.15000    29.65000    29.15000    28.65000    28.15000    27.65000    27.15000    26.65000    26.15000    25.65000    25.15000    25.15000    25.65000    26.15000    26.65000    27.15000    27.65000    28.15000    28.65000    29.15000    29.65000    30.15000    30.65000    31.15000    31.65000    32.15000    32.65000    33.15000    33.65000    34.15000    34.65000    35.15000    35.65000    36.15000    36.65000    37.15000    37.65000    38.15000    38.65000    39.15000    39.65000    40.15000    40.65000    41.15000    41.65000    42.15000    42.65000    43.15000    43.65000    44.15000    44.65000    45.15000    45.65000    46.15000    46.65000    47.15000    47.65000    48.15000    48.65000    49.15000    49.65000    50.15000    50.65000    51.15000    51.65000    52.15000    52.65000    53.15000    53.65000    54.15000    54.65000    55.15000    55.65000    56.15000    56.65000    57.15000    57.65000    58.15000    58.65000    59.15000    59.65000    60.15000    60.65000    61.15000    61.65000    62.15000    62.65000    63.15000    63.65000    64.15000    64.65000    65.15000
    65.35000    64.85000    64.35000    63.85000    63.35000    62.85000    62.35000    61.85000    61.35000    60.85000    60.35000    59.85000    59.35000    58.85000    58.35000    57.85000    57.35000    56.85000    56.35000    55.85000    55.35000    54.85000    54.35000    53.85000    53.35000    52.85000    52.35000    51.85000    51.35000    50.85000    50.35000    49.85000    49.35000    48.85000    48.35000    47.85000    47.35000    46.85000    46.35000    45.85000    45.35000    44.85000    44.35000    43.85000    43.35000    42.85000    42.35000    41.85000    41.35000    40.85000    40.35000    39.85000    39.35000    38.85000    38.35000    37.85000    37.35000    36.85000    36.35000    35.85000    35.35000    34.85000    34.35000    33.85000    33.35000    32.85000    32.35000    31.85000    31.35000    30.85000    30.35000    29.85000    29.35000    28.85000    28.35000    27.85000    27.35000    26.85000    26.35000    25.85000    25.35000    25.35000    25.85000    26.35000    26.85000    27.35000    27.85000    28.35000    28.85000    29.35000    29.85000    30.35000    30.85000    31.35000    31.85000    32.35000    32.85000    33.35000    33.85000    34.35000    34.85000    35.35000    35.85000    36.35000    36.85000    37.35000    37.85000    38.35000    38.85000    39.35000    39.85000    40.35000    40.85000    41.35000    41.85000    42.35000    42.85000    43.35000    43.85000    44.35000    44.85000    45.35000    45.85000    46.35000    46.85000    47.35000    47.85000    48.35000    48.85000    49.35000    49.85000    50.35000    50.85000    51.35000    51.85000    52.35000    52.85000    53.35000    53.85000    54.35000    54.85000    55.35000    55.85000    56.35000    56.85000    57.35000    57.85000    58.35000    58.85000    59.35000    59.85000    60.35000    60.85000    61.35000    61.85000    62.35000    62.85000    63.35000    63.85000    64.35000    64.85000    65.35000
    65.55000    65.05000    64.55000    64.05000    63.55000    63.05000    62.55000    62.05000    61.55000    61.05000    60.55000    60.05000    59.55000    59.05000    58.55000    58.05000    57.55000    57.05000    56.55000    56.05000    55.55000    55.05000    54.55000    54.05000    53.55000    53.05000    52.55000    52.05000    51.55000    51.05000    50.55000    50.05000    49.55000    49.05000    48.55000    48.05000    47.55000    47.05000    46.55000    46.05000    45.55000    45.05000    44.55000    44.05000    43.55000    43.05000    42.55000    42.05000    41.55000    41.05000    40.55000    40.05000    39.55000    39.05000    38.55000    38.05000    37.55000    37.05000    36.55000    36.05000    35.55000    35.05000    34.55000    34.05000    33.55000    33.05000    32.55000    32.05000    31.55000    31.05000    30.55000    30.05000    29.55000    29.05000    28.55000    28.05000    27.55000    27.05000    26.55000    26.05000    25.55000    25.55000    26.05000    26.55000    27.05000    27.55000    28.05000    28.55000    29.05000    29.55000    30.05000    30.55000    31.05000    31.55000    32.05000    32.55000    33.05000    33.55000    34.05000    34.55000    35.05000    35.55000    36.05000    36.55000    37.05000    37.55000    38.05000    38.55000    39.05000    39.55000    40.05000    40.55000    41.05000    41.55000    42.05000    42.55000    43.05000    43.55000    44.05000    44.55000    45.05000    45.55000    46.05000    46.55000    47.05000    47.55000    48.05000    48.55000    49.05000    49.55000    50.05000    50.55000    51.05000    51.55000    52.05000    52.55000    53.05000    53.55000    54.05000    54.55000    55.05000    55.55000    56.05000    56.55000    57.05000    57.55000    58.05000    58.55000    59.05000    59.55000    60.05000    60.55000    61.05000    61.55000    62.05000    62.55000    63.05000    63.55000    64.05000    64.55000    65.05000    65.55000
    65.75000    65.25000    64.75000    64.25000    63.75000    63.25000    62.75000    62.25000    61.75000    61.25000    60.75000    60.25000    59.75000    59.25000    58.75000    58.25000    57.75000    57.25000    56.75000    56.25000    55.75000    55.25000    54.75000    54.25000    53.75000    53.25000    52.75000    52.25000    51.75000    51.25000    50.75000    50.25000    49.75000    49.25000    48.75000    48.25000    47.75000    47.25000    46.75000    46.25000    45.75000    45.25000    44.75000    44.25000    43.75000    43.25000    42.75000    42.25000    41.75000    41.25000    40.75000    40.25000    39.75000    39.25000    38.75000    38.25000    37.75000    37.25000    36.75000    36.25000    35.75000    35.25000    34.75000    34.25000    33.75000    33.25000    32.75000    32.25000    31.75000    31.25000    30.75000    30.25000    29.75000    29.25000    28.75000    28.25000    27.75000    27.25000    26.75000    26.25000    25.75000    25.75000    26.25000    26.75000    27.25000    27.75000    28.25000    28.75000    29.25000    29.75000    30.25000    30.75000    31.25000    31.75000    32.25000    32.75000    33.25000    33.75000    34.25000    34.75000    35.25000    35.75000    36.25000    36.75000    37.25000    37.75000    38.25000    38.75000    39.25000    39.75000    40.25000    40.75000    41.25000    41.75000    42.25000    42.75000    43.25000    43.75000    44.25000    44.75000    45.25000    45.75000    46.25000    46.75000    47.25000    47.75000    48.25000    48.75000    49.25000    49.75000    50.25000    50.75000    51.25000    51.75000    52.25000    52.75000    53.25000    53.75000    54.25000    54.75000    55.25000    55.75000    56.25000    56.75000    57.25000    57.75000    58.25000    58.75000    59.25000    59.75000    60.25000    60.75000    61.25000    61.75000    62.25000    62.75000    63.25000    63.75000    64.25000    64.75000    65.25000    65.75000
    65.95000    65.45000    64.95000    64.45000    63.95000    63.45000    62.95000    62.45000    61.95000    61.45000    60.95000    60.45000    59.95000    59.45000    58.95000    58.45000    57.95000    57.45000    56.95000    56.45000    55.95000    55.45000    54.95000    54.45000    53.95000    53.45000    52.95000    52.45000    51.95000    51.45000    50.95000    50.45000    49.95000    49.45000    48.95000    48.45000    47.95000    47.45000    46.95000    46.45000    45.95000    45.45000    44.95000    44.45000    43.95000    43.45000    42.95000    42.45000    41.95000    41.45000    40.95000    40.45000    39.95000    39.45000    38.95000    38.45000    37.95000    37.45000    36.95000    36.45000    35.95000    35.45000    34.95000    34.45000    33.95000    33.45000    32.95000    32.45000    31.95000    31.45000    30.95000    30.45000    29.95000    29.45000    28.95000    28.45000    27.95000    27.45000    26.95000    26.45000    25.95000    25.95000    26.45000    26.95000    27.45000    27.95000    28.45000    28.95000    29.45000    29.95000    30.45000    30.95000    31.45000    31.95000    32.45000    32.95000    33.45000    33.95000    34.45000    34.95000    35.45000    35.95000    36.45000    36.95000    37.45000    37.95000    38.45000    38.95000    39.45000    39.95000    40.45000    40.95000    41.45000    41.95000    42.45000    42.95000    43.45000    43.95000    44.45000    44.95000    45.45000    45.95000    46.45000    46.95000    47.45000    47.95000    48.45000    48.95000    49.45000    49.95000    50.45000    50.95000    51.45000    51.95000    52.45000    52.95000    53.45000    53.95000    54.45000    54.95000    55.45000    55.95000    56.45000    56.95000    57.45000    57.95000    58.45000    58.95000    59.45000    59.95000    60.45000    60.95000    61.45000    61.95000    62.45000    62.95000    63.45000    63.95000    64.45000    64.95000    65.45000    65.95000
    66.15000    65.65000    65.15000    64.65000    64.15000    63.65000    63.15000    62.65000    62.15000    61.65000    61.15000    60.65000    60.15000    59.65000    59.15000    58.65000    58.15000    57.65000    57.15000    56.65000    56.15000    55.65000    55.15000    54.65000    54.15000    53.65000    53.15000    52.65000    52.15000    51.65000    51.15000    50.65000    50.15000    49.65000    49.15000    48.65000    48.15000    47.65000    47.15000    46.65000    46.15000    45.65000    45.15000    44.65000    44.15000    43.65000    43.15000    42.65000    42.15000    41.65000    41.15000    40.65000    40.15000    39.65000    39.15000    38.65000    38.15000    37.65000    37.15000    36.65000    36.15000    35.65000    35.15000    34.65000    34.15000    33.65000    33.15000    32.65000    32.15000    31.65000    31.15000    30.65000    30.15000    29.65000    29.15000    28.65000    28.15000    27.65000    27.15000    26.65000    26.15000    26.15000    26.65000    27.15000    27.65000    28.15000    28.65000    29.15000    29.65000    30.15000    30.65000    31.15000    31.65000    32.15000    32.65000    33.15000    33.65000    34.15000    34.65000    35.15000    35.65000    36.15000    36.65000    37.15000    37.65000    38.15000    38.65000    39.15000    39.65000    40.15000    40.65000    41.15000    41.65000    42.15000    42.65000    43.15000    43.65000    44.15000    44.65000    45.15000    45.65000    46.15000    46.65000    47.15000    47.65000    48.15000    48.65000    49.15000    49.65000    50.15000    50.65000    51.15000    51.65000    52.15000    52.65000    53.15000    53.65000    54.15000    54.65000    55.15000    55.65000    56.15000    56.65000    57.15000    57.65000    58.15000    58.65000    59.15000    59.65000    60.15000    60.65000    61.15000    61.65000    62.15000    62.65000    63.15000    63.65000    64.15000    64.65000    65.15000    65.65000    66.15000
    66.35000    65.85000    65.35000    64.85000    64.35000    63.85000    63.35000    62.85000    62.35000    61.85000    61.35000    60.85000    60.35000    59.85000    59.35000    58.85000    58.35000    57.85000    57.35000    56.85000    56.35000    55.85000    55.35000    54.85000    54.35000    53.85000    53.35000    52.85000    52.35000    51.85000    51.35000    50.85000    50.35000    49.85000    49.35000    48.85000    48.35000    47.85000    47.35000    46.85000    46.35000    45.85000    45.35000    44.85000    44.35000    43.85000    43.35000    42.85000    42.35000    41.85000    41.35000    40.85000    40.35000    39.85000    39.35000    38.85000    38.35000    37.85000    37.35000    36.85000    36.35000    35.85000    35.35000    34.85000    34.35000    33.85000    33.35000    32.85000    32.35000    31.85000    31.35000    30.85000    30.35000    29.85000    29.35000    28.85000    28.35000    27.85000    27.35000    26.85000    26.35000    26.35000    26.85000    27.35000    27.85000    28.35000    28.85000    29.35000    29.85000    30.35000    30.85000    31.35000    31.85000    32.35000    32.85000    33.35000    33.85000    34.35000    34.85000    35.35000    35.85000    36.35000    36.85000    37.35000    37.85000    38.35000    38.85000    39.35000    39.85000    40.35000    40.85000    41.35000    41.85000    42.35000    42.85000    43.35000    43.85000    44.35000    44.85000    45.35000    45.85000    46.35000    46.85000    47.35000    47.85000    48.35000    48.85000    49.35000    49.85000    50.35000    50.85000    51.35000    51.85000    52.35000    52.85000    53.35000    53.85000    54.35000    54.85000    55.35000    55.85000    56.35000    56.85000    57.35000    57.85000    58.35000    58.85000    59.35000    59.85000    60.35000    60.85000    61.35000    61.85000    62.35000    62.85000    63.35000    63.85000    64.35000    64.85000    65.35000    65.85000    66.35000
    66.55000    66.05000    65.55000    65.05000    64.55000    64.05000    63.55000    63.05000    62.55000    62.05000    61.55000    61.05000    60.55000    60.05000    59.55000    59.05000    58.55000    58.05000    57.55000    57.05000    56.55000    56.05000    55.55000    55.05000    54.55000    54.05000    53.55000    53.05000    52.55000    52.05000    51.55000    51.05000    50.55000    50.05000    49.55000    49.05000    48.55000    48.05000    47.55000    47.05000    46.55000    46.05000    45.55000    45.05000    44.55000    44.05000    43.55000    43.05000    42.55000    42.05000    41.55000    41.05000    40.55000    40.05000    39.55000    39.05000    38.55000    38.05000    37.55000    37.05000    36.55000    36.05000    35.55000    35.05000    34.55000    34.05000    33.55000    33.05000    32.55000    32.05000    31.55000    31.05000    30.55000    30.05000    29.55000    29.05000    28.55000    28.05000    27.55000    27.05000    26.55000    26.55000    27.05000    27.55000    28.05000    28.55000    29.05000    29.55000    30.05000    30.55000    31.05000    31.55000    32.05000    32.55000    33.05000    33.55000    34.05000    34.55000    35.05000    35.55000    36.05000    36.55000    37.05000    37.55000    38.05000    38.55000    39.05000    39.55000    40.05000    40.55000    41.05000    41.55000    42.05000    42.55000    43.05000    43.55000    44.05000    44.55000    45.05000    45.55000    46.05000    46.55000    47.05000    47.55000    48.05000    48.55000    49.05000    49.55000    50.05000    50.55000    51.05000    51.55000    52.05000    52.55000    53.05000    53.55000    54.05000    54.55000    55.05000    55.55000    56.05000    56.55000    57.05000    57.55000    58.05000    58.55000    59.05000    59.55000    60.05000    60.55000    61.05000    61.55000    62.05000    62.55000    63.05000    63.55000    64.05000    64.55000    65.05000    65.55000    66.05000    66.55000
    66.75000    66.25000    65.75000    65.25000    64.75000    64.25000    63.75000    63.25000    62.75000    62.25000    61.75000    61.25000    60.75000    60.25000    59.75000    59.25000    58.75000    58.25000    57.75000    57.25000    56.75000    56.25000    55.75000    55.25000    54.75000    54.25000    53.75000    53.25000    52.75000    52.25000    51.75000    51.25000    50.75000    50.25000    49.75000    49.25000    48.75000    48.25000    47.75000    47.25000    46.75000    46.25000    45.75000    45.25000    44.75000    44.25000    43.75000    43.25000    42.75000    42.25000    41.75000    41.25000    40.75000    40.25000    39.75000    39.25000    38.75000    38.25000    37.75000    37.25000    36.75000    36.25000    35.75000    35.25000    34.75000    34.25000    33.75000    33.25000    32.75000    32.25000    31.75000    31.25000    30.75000    30.25000    29.75000    29.25000    28.75000    28.25000    27.75000    27.25000    26.75000    26.75000    27.25000    27.75000    28.25000    28.75000    29.25000    29.75000    30.25000    30.75000    31.25000    31.75000    32.25000    32.75000    33.25000    33.75000    34.25000    34.75000    35.25000    35.75000    36.25000    36.75000    37.25000    37.75000    38.25000    38.75000    39.25000    39.75000    40.25000    40.75000    41.25000    41.75000    42.25000    42.75000    43.25000    43.75000    44.25000    44.75000    45.25000    45.75000    46.25000    46.75000    47.25000    47.75000    48.25000    48.75000    49.25000    49.75000    50.25000    50.75000    51.25000    51.75000    52.25000    52.75000    53.25000    53.75000    54.25000    54.75000    55.25000    55.75000    56.25000    56.75000    57.25000    57.75000    58.25000    58.75000    59.25000    59.75000    60.25000    60.75000    61.25000    61.75000    62.25000    62.75000    63.25000    63.75000    64.25000    64.75000    65.25000    65.75000    66.25000    66.75000
    66.95000    66.45000    65.95000    65.45000    64.95000    64.45000    63.95000    63.45000    62.95000    62.45000    61.95000    61.45000    60.95000    60.45000    59.95000    59.45000    58.95000    58.45000    57.95000    57.45000    56.95000    56.45000    55.95000    55.45000    54.95000    54.45000    53.95000    53.45000    52.95000    52.45000    51.95000    51.45000    50.95000    50.45000    49.95000    49.45000    48.95000    48.45000    47.95000    47.45000    46.95000    46.45000    45.95000    45.45000    44.95000    44.45000    43.95000    43.45000    42.95000    42.45000    41.95000    41.45000    40.95000    40.45000    39.95000    39.45000    38.95000    38.45000    37.95000    37.45000    36.95000    36.45000    35.95000    35.45000    34.95000    34.45000    33.95000    33.45000    32.95000    32.45000    31.95000    31.45000    30.95000    30.45000    29.95000    29.45000    28.95000    28.45000    27.95000    27.45000    26.95000    26.95000    27.45000    27.95000    28.45000    28.95000    29.45000    29.95000    30.45000    30.95000    31.45000    31.95000    32.45000    32.95000    33.45000    33.95000    34.45000    34.95000    35.45000    35.95000    36.45000    36.95000    37.45000    37.95000    38.45000    38.95000    39.45000    39.95000    40.45000    40.95000    41.45000    41.95000    42.45000    42.95000    43.45000    43.95000    44.45000    44.95000    45.45000    45.95000    46.45000    46.95000    47.45000    47.95000    48.45000    48.95000    49.45000    49.95000    50.45000    50.95000    51.45000    51.95000    52.45000    52.95000    53.45000    53.95000    54.45000    54.95000    55.45000    55.95000    56.45000    56.95000    57.45000    57.95000    58.45000    58.95000    59.45000    59.95000    60.45000    60.95000    61.45000    61.95000    62.45000    62.95000    63.45000    63.95000    64.45000    64.95000    65.45000    65.95000    66.45000    66.95000
    67.15000    66.65000    66.15000    65.65000    65.15000    64.65000    64.15000    63.65000    63.15000    62.65000    62.15000    61.65000    61.15000    60.65000    60.15000    59.65000    59.15000    58.65000    58.15000    57.65000    57.15000    56.65000    56.15000    55.65000    55.15000    54.65000    54.15000    53.65000    53.15000    52.65000    52.15000    51.65000    51.15000    50.65000    50.15000    49.65000    49.15000    48.65000    48.15000    47.65000    47.15000    46.65000    46.15000    45.65000    45.15000    44.65000    44.15000    43.65000    43.15000    42.65000    42.15000    41.65000    41.15000    40.65000    40.15000    39.65000    39.15000    38.65000    38.15000    37.65000    37.15000    36.65000    36.15000    35.65000    35.15000    34.65000    34.15000    33.65000    33.15000    32.65000    32.15000    31.65000    31.15000    30.65000    30.15000    29.65000    29.15000    28.65000    28.15000    27.65000    27.15000    27.15000    27.65000    28.15000    28.65000    29.15000    29.65000    30.15000    30.65000    31.15000    31.65000    32.15000    32.65000    33.15000    33.65000    34.15000    34.65000    35.15000    35.65000    36.15000    36.65000    37.15000    37.65000    38.15000    38.65000    39.15000    39.65000    40.15000    40.65000    41.15000    41.65000    42.15000    42.65000    43.15000    43.65000    44.15000    44.65000    45.15000    45.65000    46.15000    46.65000    47.15000    47.65000    48.15000    48.65000    49.15000    49.65000    50.15000    50.65000    51.15000    51.65000    52.15000    52.65000    53.15000    53.65000    54.15000    54.65000    55.15000    55.65000    56.15000    56.65000    57.15000    57.65000    58.15000    58.65000    59.15000    59.65000    60.15000    60.65000    61.15000    61.65000    62.15000    62.65000    63.15000    63.65000    64.15000    64.65000    65.15000    65.65000    66.15000    66.65000    67.15000
    67.35000    66.85000    66.35000    65.85000    65.35000    64.85000    64.35000    63.85000    63.35000    62.85000    62.35000    61.85000    61.35000    60.85000    60.35000    59.85000    59.35000    58.85000    58.35000    57.85000    57.35000    56.85000    56.35000    55.85000    55.35000    54.85000    54.35000    53.85000    53.35000    52.85000    52.35000    51.85000    51.35000    50.85000    50.35000    49.85000    49.35000    48.85000    48.35000    47.85000    47.35000    46.85000    46.35000    45.85000    45.35000    44.85000    44.35000    43.85000    43.35000    42.85000    42.35000    41.85000    41.35000    40.85000    40.35000    39.85000    39.35000    38.85000    38.35000    37.85000    37.35000    36.85000    36.35000    35.85000    35.35000    34.85000    34.35000    33.85000    33.35000    32.85000    32.35000    31.85000    31.35000    30.85000    30.35000    29.85000    29.35000    28.85000    28.35000    27.85000    27.35000    27.35000    27.85000    28.35000    28.85000    29.35000    29.85000    30.35000    30.85000    31.35000    31.85000    32.35000    32.85000    33.35000    33.85000    34.35000    34.85000    35.35000    35.85000    36.35000    36.85000    37.35000    37.85000    38.35000    38.85000    39.35000    39.85000    40.35000    40.85000    41.35000    41.85000    42.35000    42.85000    43.35000    43.85000    44.35000    44.85000    45.35000    45.85000    46.35000    46.85000    47.35000    47.85000    48.35000    48.85000    49.35000    49.85000    50.35000    50.85000    51.35000    51.85000    52.35000    52.85000    53.35000    53.85000    54.35000    54.85000    55.35000    55.85000    56.35000    56.85000    57.35000    57.85000    58.35000    58.85000    59.35000    59.85000    60.35000    60.85000    61.35000    61.85000    62.35000    62.85000    63.35000    63.85000    64.35000    64.85000    65.35000    65.85000    66.35000    66.85000    67.35000
    67.55000    67.05000    66.55000    66.05000    65.55000    65.05000    64.55000    64.05000    63.55000    63.05000    62.55000    62.05000    61.55000    61.05000    60.55000    60.05000    59.55000    59.05000    58.55000    58.05000    57.55000    57.05000    56.55000    56.05000    55.55000    55.05000    54.55000    54.05000    53.55000    53.05000    52.55000    52.05000    51.55000    51.05000    50.55000    50.05000    49.55000    49.05000    48.55000    48.05000    47.55000    47.05000    46.55000    46.05000    45.55000    45.05000    44.55000    44.05000    43.55000    43.05000    42.55000    42.05000    41.55000    41.05000    40.55000    40.05000    39.55000    39.05000    38.55000    38.05000    37.55000    37.05000    36.55000    36.05000    35.55000    35.05000    34.55000    34.05000    33.55000    33.05000    32.55000    32.05000    31.55000    31.05000    30.55000    30.05000    29.55000    29.05000    28.55000    28.05000    27.55000    27.55000    28.05000    28.55000    29.05000    29.55000    30.05000    30.55000    31.05000    31.55000    32.05000    32.55000    33.05000    33.55000    34.05000    34.55000    35.05000    35.55000    36.05000    36.55000    37.05000    37.55000    38.05000    38.55000    39.05000    39.55000    40.05000    40.55000    41.05000    41.55000    42.05000    42.55000    43.05000    43.55000    44.05000    44.55000    45.05000    45.55000    46.05000    46.55000    47.05000    47.55000    48.05000    48.55000    49.05000    49.55000    50.05000    50.55000    51.05000    51.55000    52.05000    52.55000    53.05000    53.55000    54.05000    54.55000    55.05000    55.55000    56.05000    56.55000    57.05000    57.55000    58.05000    58.55000    59.05000    59.55000    60.05000    60.55000    61.05000    61.55000    62.05000    62.55000    63.05000    63.55000    64.05000    64.55000    65.05000    65.55000    66.05000    66.55000    67.05000    67.55000
    67.75000    67.25000    66.75000    66.25000    65.75000    65.25000    64.75000    64.25000    63.75000    63.25000    62.75000    62.25000    61.75000    61.25000    60.75000    60.25000    59.75000    59.25000    58.75000    58.25000    57.75000    57.25000    56.75000    56.25000    55.75000    55.25000    54.75000    54.25000    53.75000    53.25000    52.75000    52.25000    51.75000    51.25000    50.75000    50.25000    49.75000    49.25000    48.75000    48.25000    47.75000    47.25000    46.75000    46.25000    45.75000    45.25000    44.75000    44.25000    43.75000    43.25000    42.75000    42.25000    41.75000    41.25000    40.75000    40.25000    39.75000    39.25000    38.75000    38.25000    37.75000    37.25000    36.75000    36.25000    35.75000    35.25000    34.75000    34.25000    33.75000    33.25000    32.75000    32.25000    31.75000    31.25000    30.75000    30.25000    29.75000    29.25000    28.75000    28.25000    27.75000    27.75000    28.25000    28.75000    29.25000    29.75000    30.25000    30.75000    31.25000    31.75000    32.25000    32.75000    33.25000    33.75000    34.25000    34.75000    35.25000    35.75000    36.25000    36.75000    37.25000    37.75000    38.25000    38.75000    39.25000    39.75000    40.25000    40.75000    41.25000    41.75000    42.25000    42.75000    43.25000    43.75000    44.25000    44.75000    45.25000    45.75000    46.25000    46.75000    47.25000    47.75000    48.25000    48.75000    49.25000    49.75000    50.25000    50.75000    51.25000    51.75000    52.25000    52.75000    53.25000    53.75000    54.25000    54.75000    55.25000    55.75000    56.25000    56.75000    57.25000    57.75000    58.25000    58.75000    59.25000    59.75000    60.25000    60.75000    61.25000    61.75000    62.25000    62.75000    63.25000    63.75000    64.25000    64.75000    65.25000    65.75000    66.25000    66.75000    67.25000    67.75000
    67.95000    67.45000    66.95000    66.45000    65.95000    65.45000    64.95000    64.45000    63.95000    63.45000    62.95000    62.45000    61.95000    61.45000    60.95000    60.45000    59.95000    59.45000    58.95000    58.45000    57.95000    57.45000    56.95000    56.45000    55.95000    55.45000    54.95000    54.45000    53.95000    53.45000    52.95000    52.45000    51.95000    51.45000    50.95000    50.45000    49.95000    49.45000    48.95000    48.45000    47.95000    47.45000    46.95000    46.45000    45.95000    45.45000    44.95000    44.45000    43.95000    43.45000    42.95000    42.45000    41.95000    41.45000    40.95000    40.45000    39.95000    39.45000    38.95000    38.45000    37.95000    37.45000    36.95000    36.45000    35.95000    35.45000    34.95000    34.45000    33.95000    33.45000    32.95000    32.45000    31.95000    31.45000    30.95000    30.45000    29.95000    29.45000    28.95000    28.45000    27.95000    27.95000    28.45000    28.95000    29.45000    29.95000    30.45000    30.95000    31.45000    31.95000    32.45000    32.95000    33.45000    33.95000    34.45000    34.95000    35.45000    35.95000    36.45000    36.95000    37.45000    37.95000    38.45000    38.95000    39.45000    39.95000    40.45000    40.95000    41.45000    41.95000    42.45000    42.95000    43.45000    43.95000    44.45000    44.95000    45.45000    45.95000    46.45000    46.95000    47.45000    47.95000    48.45000    48.95000    49.45000    49.95000    50.45000    50.95000    51.45000    51.95000    52.45000    52.95000    53.45000    53.95000    54.45000    54.95000    55.45000    55.95000    56.45000    56.95000    57.45000    57.95000    58.45000    58.95000    59.45000    59.95000    60.45000    60.95000    61.45000    61.95000    62.45000    62.95000    63.45000    63.95000    64.45000    64.95000    65.45000    65.95000    66.45000    66.95000    67.45000    67.95000
    68.15000    67.65000    67.15000    66.65000    66.15000    65.65000    65.15000    64.65000    64.15000    63.65000    63.15000    62.65000    62.15000    61.65000    61.15000    60.65000    60.15000    59.65000    59.15000    58.65000    58.15000    57.65000    57.15000    56.65000    56.15000    55.65000    55.15000    54.65000    54.15000    53.65000    53.15000    52.65000    52.15000    51.65000    51.15000    50.65000    50.15000    49.65000    49.15000    48.65000    48.15000    47.65000    47.15000    46.65000    46.15000    45.65000    45.15000    44.65000    44.15000    43.65000    43.15000    42.65000    42.15000    41.65000    41.15000    40.65000    40.15000    39.65000    39.15000    38.65000    38.15000    37.65000    37.15000    36.65000    36.15000    35.65000    35.15000    34.65000    34.15000    33.65000    33.15000    32.65000    32.15000    31.65000    31.15000    30.65000    30.15000    29.65000    29.15000    28.65000    28.15000    28.15000    28.65000    29.15000    29.65000    30.15000    30.65000    31.15000    31.65000    32.15000    32.65000    33.15000    33.65000    34.15000    34.65000    35.15000    35.65000    36.15000    36.65000    37.15000    37.65000    38.15000    38.65000    39.15000    39.65000    40.15000    40.65000    41.15000    41.65000    42.15000    42.65000    43.15000    43.65000    44.15000    44.65000    45.15000    45.65000    46.15000    46.65000    47.15000    47.65000    48.15000    48.65000    49.15000    49.65000    50.15000    50.65000    51.15000    51.65000    52.15000    52.65000    53.15000    53.65000    54.15000    54.65000    55.15000    55.65000    56.15000    56.65000    57.15000    57.65000    58.15000    58.65000    59.15000    59.65000    60.15000    60.65000    61.15000    61.65000    62.15000    62.65000    63.15000    63.65000    64.15000    64.65000    65.15000    65.65000    66.15000    66.65000    67.15000    67.65000    68.15000
    68.35000    67.85000    67.35000    66.85000    66.35000    65.85000    65.35000    64.85000    64.35000    63.85000    63.35000    62.85000    62.35000    61.85000    61.35000    60.85000    60.35000    59.85000    59.35000    58.85000    58.35000    57.85000    57.35000    56.85000    56.35000    55.85000    55.35000    54.85000    54.35000    53.85000    53.35000    52.85000    52.35000    51.85000    51.35000    50.85000    50.35000    49.85000    49.35000    48.85000    48.35000    47.85000    47.35000    46.85000    46.35000    45.85000    45.35000    44.85000    44.35000    43.85000    43.35000    42.85000    42.35000    41.85000    41.35000    40.85000    40.35000    39.85000    39.35000    38.85000    38.35000    37.85000    37.35000    36.85000    36.35000    35.85000    35.35000    34.85000    34.35000    33.85000    33.35000    32.85000    32.35000    31.85000    31.35000    30.85000    30.35000    29.85000    29.35000    28.85000    28.35000    28.35000    28.85000    29.35000    29.85000    30.35000    30.85000    31.35000    31.85000    32.35000    32.85000    33.35000    33.85000    34.35000    34.85000    35.35000    35.85000    36.35000    36.85000    37.35000    37.85000    38.35000    38.85000    39.35000    39.85000    40.35000    40.85000    41.35000    41.85000    42.35000    42.85000    43.35000    43.85000    44.35000    44.85000    45.35000    45.85000    46.35000    46.85000    47.35000    47.85000    48.35000    48.85000    49.35000    49.85000    50.35000    50.85000    51.35000    51.85000    52.35000    52.85000    53.35000    53.85000    54.35000    54.85000    55.35000    55.85000    56.35000    56.85000    57.35000    57.85000    58.35000    58.85000    59.35000    59.85000    60.35000    60.85000    61.35000    61.85000    62.35000    62.85000    63.35000    63.85000    64.35000    64.85000    65.35000    65.85000    66.35000    66.85000    67.35000    67.85000    68.35000
    68.55000    68.05000    67.55000    67.05000    66.55000    66.05000    65.55000    65.05000    64.55000    64.05000    63.55000    63.05000    62.55000    62.05000    61.55000    61.05000    60.55000    60.05000    59.55000    59.05000    58.55000    58.05000    57.55000    57.05000    56.55000    56.05000    55.55000    55.05000    54.55000    54.05000    53.55000    53.05000    52.55000    52.05000    51.55000    51.05000    50.55000    50.05000    49.55000    49.05000    48.55000    48.05000    47.55000    47.05000    46.55000    46.05000    45.55000    45.05000    44.55000    44.05000    43.55000    43.05000    42.55000    42.05000    41.55000    41.05000    40.55000    40.05000    39.55000    39.05000    38.55000    38.05000    37.55000    37.05000    36.55000    36.05000    35.55000    35.05000    34.55000    34.05000    33.55000    33.05000    32.55000    32.05000    31.55000    31.05000    30.55000    30.05000    29.55000    29.05000    28.55000    28.55000    29.05000    29.55000    30.05000    30.55000    31.05000    31.55000    32.05000    32.55000    33.05000    33.55000    34.05000    34.55000    35.05000    35.55000    36.05000    36.55000    37.05000    37.55000    38.05000    38.55000    39.05000    39.55000    40.05000    40.55000    41.05000    41.55000    42.05000    42.55000    43.05000    43.55000    44.05000    44.55000    45.05000    45.55000    46.05000    46.55000    47.05000    47.55000    48.05000    48.55000    49.05000    49.55000    50.05000    50.55000    51.05000    51.55000    52.05000    52.55000    53.05000    53.55000    54.05000    54.55000    55.05000    55.55000    56.05000    56.55000    57.05000    57.55000    58.05000    58.55000    59.05000    59.55000    60.05000    60.55000    61.05000    61.55000    62.05000    62.55000    63.05000    63.55000    64.05000    64.55000    65.05000    65.55000    66.05000    66.55000    67.05000    67.55000    68.05000    68.55000
    68.75000    68.25000    67.75000    67.25000    66.75000    66.25000    65.75000    65.25000    64.75000    64.25000    63.75000    63.25000    62.75000    62.25000    61.75000    61.25000    60.75000    60.25000    59.75000    59.25000    58.75000    58.25000    57.75000    57.25000    56.75000    56.25000    55.75000    55.25000    54.75000    54.25000    53.75000    53.25000    52.75000    52.25000    51.75000    51.25000    50.75000    50.25000    49.75000    49.25000    48.75000    48.25000    47.75000    47.25000    46.75000    46.25000    45.75000    45.25000    44.75000    44.25000    43.75000    43.25000    42.75000    42.25000    41.75000    41.25000    40.75000    40.25000    39.75000    39.25000    38.75000    38.25000    37.75000    37.25000    36.75000    36.25000    35.75000    35.25000    34.75000    34.25000    33.75000    33.25000    32.75000    32.25000    31.75000    31.25000    30.75000    30.25000    29.75000    29.25000    28.75000    28.75000    29.25000    29.75000    30.25000    30.75000    31.25000    31.75000    32.25000    32.75000    33.25000    33.75000    34.25000    34.75000    35.25000    35.75000    36.25000    36.75000    37.25000    37.75000    38.25000    38.75000    39.25000    39.75000    40.25000    40.75000    41.25000    41.75000    42.25000    42.75000    43.25000    43.75000    44.25000    44.75000    45.25000    45.75000    46.25000    46.75000    47.25000    47.75000    48.25000    48.75000    49.25000    49.75000    50.25000    50.75000    51.25000    51.75000    52.25000    52.75000    53.25000    53.75000    54.25000    54.75000    55.25000    55.75000    56.25000    56.75000    57.25000    57.75000    58.25000    58.75000    59.25000    59.75000    60.25000    60.75000    61.25000    61.75000    62.25000    62.75000    63.25000    63.75000    64.25000    64.75000    65.25000    65.75000    66.25000    66.75000    67.25000    67.75000    68.25000    68.75000
    68.95000    68.45000    67.95000    67.45000    66.95000    66.45000    65.95000    65.45000    64.95000    64.45000    63.95000    63.45000    62.95000    62.45000    61.95000    61.45000    60.95000    60.45000    59.95000    59.45000    58.95000    58.45000    57.95000    57.45000    56.95000    56.45000    55.95000    55.45000    54.95000    54.45000    53.95000    53.45000    52.95000    52.45000    51.95000    51.45000    50.95000    50.45000    49.95000    49.45000    48.95000    48.45000    47.95000    47.45000    46.95000    46.45000    45.95000    45.45000    44.95000    44.45000    43.95000    43.45000    42.95000    42.45000    41.95000    41.45000    40.95000    40.45000    39.95000    39.45000    38.95000    38.45000    37.95000    37.45000    36.95000    36.45000    35.95000    35.45000    34.95000    34.45000    33.95000    33.45000    32.95000    32.45000    31.95000    31.45000    30.95000    30.45000    29.95000    29.45000    28.95000    28.95000    29.45000    29.95000    30.45000    30.95000    31.45000    31.95000    32.45000    32.95000    33.45000    33.95000    34.45000    34.95000    35.45000    35.95000    36.45000    36.95000    37.45000    37.95000    38.45000    38.95000    39.45000    39.95000    40.45000    40.95000    41.45000    41.95000    42.45000    42.95000    43.45000    43.95000    44.45000    44.95000    45.45000    45.95000    46.45000    46.95000    47.45000    47.95000    48.45000    48.95000    49.45000    49.95000    50.45000    50.95000    51.45000    51.95000    52.45000    52.95000    53.45000    53.95000    54.45000    54.95000    55.45000    55.95000    56.45000    56.95000    57.45000    57.95000    58.45000    58.95000    59.45000    59.95000    60.45000    60.95000    61.45000    61.95000    62.45000    62.95000    63.45000    63.95000    64.45000    64.95000    65.45000    65.95000    66.45000    66.95000    67.45000    67.95000    68.45000    68.95000
    69.15000    68.65000    68.15000    67.65000    67.15000    66.65000    66.15000    65.65000    65.15000    64.65000    64.15000    63.65000    63.15000    62.65000    62.15000    61.65000    61.15000    60.65000    60.15000    59.65000    59.15000    58.65000    58.15000    57.65000    57.15000    56.65000    56.15000    55.65000    55.15000    54.65000    54.15000    53.65000    53.15000    52.65000    52.15000    51.65000    51.15000    50.65000    50.15000    49.65000    49.15000    48.65000    48.15000    47.65000    47.15000    46.65000    46.15000    45.65000    45.15000    44.65000    44.15000    43.65000    43.15000    42.65000    42.15000    41.65000    41.15000    40.65000    40.15000    39.65000    39.15000    38.65000    38.15000    37.65000    37.15000    36.65000    36.15000    35.65000    35.15000    34.65000    34.15000    33.65000    33.15000    32.65000    32.15000    31.65000    31.15000    30.65000    30.15000    29.65000    29.15000    29.15000    29.65000    30.15000    30.65000    31.15000    31.65000    32.15000    32.65000    33.15000    33.65000    34.15000    34.65000    35.15000    35.65000    36.15000    36.65000    37.15000    37.65000    38.15000    38.65000    39.15000    39.65000    40.15000    40.65000    41.15000    41.65000    42.15000    42.65000    43.15000    43.65000    44.15000    44.65000    45.15000    45.65000    46.15000    46.65000    47.15000    47.65000    48.15000    48.65000    49.15000    49.65000    50.15000    50.65000    51.15000    51.65000    52.15000    52.65000    53.15000    53.65000    54.15000    54.65000    55.15000    55.65000    56.15000    56.65000    57.15000    57.65000    58.15000    58.65000    59.15000    59.65000    60.15000    60.65000    61.15000    61.65000    62.15000    62.65000    63.15000    63.65000    64.15000    64.65000    65.15000    65.65000    66.15000    66.65000    67.15000    67.65000    68.15000    68.65000    69.15000
    69.35000    68.85000    68.35000    67.85000    67.35000    66.85000    66.35000    65.85000    65.35000    64.85000    64.35000    63.85000    63.35000    62.85000    62.35000    61.85000    61.35000    60.85000    60.35000    59.85000    59.35000    58.85000    58.35000    57.85000    57.35000    56.85000    56.35000    55.85000    55.35000    54.85000    54.35000    53.85000    53.35000    52.85000    52.35000    51.85000    51.35000    50.85000    50.35000    49.85000    49.35000    48.85000    48.35000    47.85000    47.35000    46.85000    46.35000    45.85000    45.35000    44.85000    44.35000    43.85000    43.35000    42.85000    42.35000    41.85000    41.35000    40.85000    40.35000    39.85000    39.35000    38.85000    38.35000    37.85000    37.35000    36.85000    36.35000    35.85000    35.35000    34.85000    34.35000    33.85000    33.35000    32.85000    32.35000    31.85000    31.35000    30.85000    30.35000    29.85000    29.35000    29.35000    29.85000    30.35000    30.85000    31.35000    31.85000    32.35000    32.85000    33.35000    33.85000    34.35000    34.85000    35.35000    35.85000    36.35000    36.85000    37.35000    37.85000    38.35000    38.85000    39.35000    39.85000    40.35000    40.85000    41.35000    41.85000    42.35000    42.85000    43.35000    43.85000    44.35000    44.85000    45.35000    45.85000    46.35000    46.85000    47.35000    47.85000    48.35000    48.85000    49.35000    49.85000    50.35000    50.85000    51.35000    51.85000    52.35000    52.85000    53.35000    53.85000    54.35000    54.85000    55.35000    55.85000    56.35000    56.85000    57.35000    57.85000    58.35000    58.85000    59.35000    59.85000    60.35000    60.85000    61.35000    61.85000    62.35000    62.85000    63.35000    63.85000    64.35000    64.85000    65.35000    65.85000    66.35000    66.85000    67.35000    67.85000    68.35000    68.85000    69.35000
    69.55000    69.05000    68.55000    68.05000    67.55000    67.05000    66.55000    66.05000    65.55000    65.05000    64.55000    64.05000    63.55000    63.05000    62.55000    62.05000    61.55000    61.05000    60.55000    60.05000    59.55000    59.05000    58.55000    58.05000    57.55000    57.05000    56.55000    56.05000    55.55000    55.05000    54.55000    54.05000    53.55000    53.05000    52.55000    52.05000    51.55000    51.05000    50.55000    50.05000    49.55000    49.05000    48.55000    48.05000    47.55000    47.05000    46.55000    46.05000    45.55000    45.05000    44.55000    44.05000    43.55000    43.05000    42.55000    42.05000    41.55000    41.05000    40.55000    40.05000    39.55000    39.05000    38.55000    38.05000    37.55000    37.05000    36.55000    36.05000    35.55000    35.05000    34.55000    34.05000    33.55000    33.05000    32.55000    32.05000    31.55000    31.05000    30.55000    30.05000    29.55000    29.55000    30.05000    30.55000    31.05000    31.55000    32.05000    32.55000    33.05000    33.55000    34.05000    34.55000    35.05000    35.55000    36.05000    36.55000    37.05000    37.55000    38.05000    38.55000    39.05000    39.55000    40.05000    40.55000    41.05000    41.55000    42.05000    42.55000    43.05000    43.55000    44.05000    44.55000    45.05000    45.55000    46.05000    46.55000    47.05000    47.55000    48.05000    48.55000    49.05000    49.55000    50.05000    50.55000    51.05000    51.55000    52.05000    52.55000    53.05000    53.55000    54.05000    54.55000    55.05000    55.55000    56.05000    56.55000    57.05000    57.55000    58.05000    58.55000    59.05000    59.55000    60.05000    60.55000    61.05000    61.55000    62.05000    62.55000    63.05000    63.55000    64.05000    64.55000    65.05000    65.55000    66.05000    66.55000    67.05000    67.55000    68.05000    68.55000    69.05000    69.55000
    69.75000    69.25000    68.75000    68.25000    67.75000    67.25000    66.75000    66.25000    65.75000    65.25000    64.75000    64.25000    63.75000    63.25000    62.75000    62.25000    61.75000    61.25000    60.75000    60.25000    59.75000    59.25000    58.75000    58.25000    57.75000    57.25000    56.75000    56.25000    55.75000    55.25000    54.75000    54.25000    53.75000    53.25000    52.75000    52.25000    51.75000    51.25000    50.75000    50.25000    49.75000    49.25000    48.75000    48.25000    47.75000    47.25000    46.75000    46.25000    45.75000    45.25000    44.75000    44.25000    43.75000    43.25000    42.75000    42.25000    41.75000    41.25000    40.75000    40.25000    39.75000    39.25000    38.75000    38.25000    37.75000    37.25000    36.75000    36.25000    35.75000    35.25000    34.75000    34.25000    33.75000    33.25000    32.75000    32.25000    31.75000    31.25000    30.75000    30.25000    29.75000    29.75000    30.25000    30.75000    31.25000    31.75000    32.25000    32.75000    33.25000    33.75000    34.25000    34.75000    35.25000    35.75000    36.25000    36.75000    37.25000    37.75000    38.25000    38.75000    39.25000    39.75000    40.25000    40.75000    41.25000    41.75000    42.25000    42.75000    43.25000    43.75000    44.25000    44.75000    45.25000    45.75000    46.25000    46.75000    47.25000    47.75000    48.25000    48.75000    49.25000    49.75000    50.25000    50.75000    51.25000    51.75000    52.25000    52.75000    53.25000    53.75000    54.25000    54.75000    55.25000    55.75000    56.25000    56.75000    57.25000    57.75000    58.25000    58.75000    59.25000    59.75000    60.25000    60.75000    61.25000    61.75000    62.25000    62.75000    63.25000    63.75000    64.25000    64.75000    65.25000    65.75000    66.25000    66.75000    67.25000    67.75000    68.25000    68.75000    69.25000    69.75000
    69.95000    69.45000    68.95000    68.45000    67.95000    67.45000    66.95000    66.45000    65.95000    65.45000    64.95000    64.45000    63.95000    63.45000    62.95000    62.45000    61.95000    61.45000    60.95000    60.45000    59.95000    59.45000    58.95000    58.45000    57.95000    57.45000    56.95000    56.45000    55.95000    55.45000    54.95000    54.45000    53.95000    53.45000    52.95000    52.45000    51.95000    51.45000    50.95000    50.45000    49.95000    49.45000    48.95000    48.45000    47.95000    47.45000    46.95000    46.45000    45.95000    45.45000    44.95000    44.45000    43.95000    43.45000    42.95000    42.45000    41.95000    41.45000    40.95000    40.45000    39.95000    39.45000    38.95000    38.45000    37.95000    37.45000    36.95000    36.45000    35.95000    35.45000    34.95000    34.45000    33.95000    33.45000    32.95000    32.45000    31.95000    31.45000    30.95000    30.45000    29.95000    29.95000    30.45000    30.95000    31.45000    31.95000    32.45000    32.95000    33.45000    33.95000    34.45000    34.95000    35.45000    35.95000    36.45000    36.95000    37.45000    37.95000    38.45000    38.95000    39.45000    39.95000    40.45000    40.95000    41.45000    41.95000    42.45000    42.95000    43.45000    43.95000    44.45000    44.95000    45.45000    45.95000    46.45000    46.95000    47.45000    47.95000    48.45000    48.95000    49.45000    49.95000    50.45000    50.95000    51.45000    51.95000    52.45000    52.95000    53.45000    53.95000    54.45000    54.95000    55.45000    55.95000    56.45000    56.95000    57.45000    57.95000    58.45000    58.95000    59.45000    59.95000    60.45000    60.95000    61.45000    61.95000    62.45000    62.95000    63.45000    63.95000    64.45000    64.95000    65.45000    65.95000    66.45000    66.95000    67.45000    67.95000    68.45000    68.95000    69.45000    69.95000
    70.15000    69.65000    69.15000    68.65000    68.15000    67.65000    67.15000    66.65000    66.15000    65.65000    65.15000    64.65000    64.15000    63.65000    63.15000    62.65000    62.15000    61.65000    61.15000    60.65000    60.15000    59.65000    59.15000    58.65000    58.15000    57.65000    57.15000    56.65000    56.15000    55.65000    55.15000    54.65000    54.15000    53.65000    53.15000    52.65000    52.15000    51.65000    51.15000    50.65000    50.15000    49.65000    49.15000    48.65000    48.15000    47.65000    47.15000    46.65000    46.15000    45.65000    45.15000    44.65000    44.15000    43.65000    43.15000    42.65000    42.15000    41.65000    41.15000    40.65000    40.15000    39.65000    39.15000    38.65000    38.15000    37.65000    37.15000    36.65000    36.15000    35.65000    35.15000    34.65000    34.15000    33.65000    33.15000    32.65000    32.15000    31.65000    31.15000    30.65000    30.15000    30.15000    30.65000    31.15000    31.65000    32.15000    32.65000    33.15000    33.65000    34.15000    34.65000    35.15000    35.65000    36.15000    36.65000    37.15000    37.65000    38.15000    38.65000    39.15000    39.65000    40.15000    40.65000    41.15000    41.65000    42.15000    42.65000    43.15000    43.65000    44.15000    44.65000    45.15000    45.65000    46.15000    46.65000    47.15000    47.65000    48.15000    48.65000    49.15000    49.65000    50.15000    50.65000    51.15000    51.65000    52.15000    52.65000    53.15000    53.65000    54.15000    54.65000    55.15000    55.65000    56.15000    56.65000    57.15000    57.65000    58.15000    58.65000    59.15000    59.65000    60.15000    60.65000    61.15000    61.65000    62.15000    62.65000    63.15000    63.65000    64.15000    64.65000    65.15000    65.65000    66.15000    66.65000    67.15000    67.65000    68.15000    68.65000    69.15000    69.65000    70.15000
    70.35000    69.85000    69.35000    68.85000    68.35000    67.85000    67.35000    66.85000    66.35000    65.85000    65.35000    64.85000    64.35000    63.85000    63.35000    62.85000    62.35000    61.85000    61.35000    60.85000    60.35000    59.85000    59.35000    58.85000    58.35000    57.85000    57.35000    56.85000    56.35000    55.85000    55.35000    54.85000    54.35000    53.85000    53.35000    52.85000    52.35000    51.85000    51.35000    50.85000    50.35000    49.85000    49.35000    48.85000    48.35000    47.85000    47.35000    46.85000    46.35000    45.85000    45.35000    44.85000    44.35000    43.85000    43.35000    42.85000    42.35000    41.85000    41.35000    40.85000    40.35000    39.85000    39.35000    38.85000    38.35000    37.85000    37.35000    36.85000    36.35000    35.85000    35.35000    34.85000    34.35000    33.85000    33.35000    32.85000    32.35000    31.85000    31.35000    30.85000    30.35000    30.35000    30.85000    31.35000    31.85000    32.35000    32.85000    33.35000    33.85000    34.35000    34.85000    35.35000    35.85000    36.35000    36.85000    37.35000    37.85000    38.35000    38.85000    39.35000    39.85000    40.35000    40.85000    41.35000    41.85000    42.35000    42.85000    43.35000    43.85000    44.35000    44.85000    45.35000    45.85000    46.35000    46.85000    47.35000    47.85000    48.35000    48.85000    49.35000    49.85000    50.35000    50.85000    51.35000    51.85000    52.35000    52.85000    53.35000    53.85000    54.35000    54.85000    55.35000    55.85000    56.35000    56.85000    57.35000    57.85000    58.35000    58.85000    59.35000    59.85000    60.35000    60.85000    61.35000    61.85000    62.35000    62.85000    63.35000    63.85000    64.35000    64.85000    65.35000    65.85000    66.35000    66.85000    67.35000    67.85000    68.35000    68.85000    69.35000    69.85000    70.35000
    70.55000    70.05000    69.55000    69.05000    68.55000    68.05000    67.55000    67.05000    66.55000    66.05000    65.55000    65.05000    64.55000    64.05000    63.55000    63.05000    62.55000    62.05000    61.55000    61.05000    60.55000    60.05000    59.55000    59.05000    58.55000    58.05000    57.55000    57.05000    56.55000    56.05000    55.55000    55.05000    54.55000    54.05000    53.55000    53.05000    52.55000    52.05000    51.55000    51.05000    50.55000    50.05000    49.55000    49.05000    48.55000    48.05000    47.55000    47.05000    46.55000    46.05000    45.55000    45.05000    44.55000    44.05000    43.55000    43.05000    42.55000    42.05000    41.55000    41.05000    40.55000    40.05000    39.55000    39.05000    38.55000    38.05000    37.55000    37.05000    36.55000    36.05000    35.55000    35.05000    34.55000    34.05000    33.55000    33.05000    32.55000    32.05000    31.55000    31.05000    30.55000    30.55000    31.05000    31.55000    32.05000    32.55000    33.05000    33.55000    34.05000    34.55000    35.05000    35.55000    36.05000    36.55000    37.05000    37.55000    38.05000    38.55000    39.05000    39.55000    40.05000    40.55000    41.05000    41.55000    42.05000    42.55000    43.05000    43.55000    44.05000    44.55000    45.05000    45.55000    46.05000    46.55000    47.05000    47.55000    48.05000    48.55000    49.05000    49.55000    50.05000    50.55000    51.05000    51.55000    52.05000    52.55000    53.05000    53.55000    54.05000    54.55000    55.05000    55.55000    56.05000    56.55000    57.05000    57.55000    58.05000    58.55000    59.05000    59.55000    60.05000    60.55000    61.05000    61.55000    62.05000    62.55000    63.05000    63.55000    64.05000    64.55000    65.05000    65.55000    66.05000    66.55000    67.05000    67.55000    68.05000    68.55000    69.05000    69.55000    70.05000    70.55000
    70.75000    70.25000    69.75000    69.25000    68.75000    68.25000    67.75000    67.25000    66.75000    66.25000    65.75000    65.25000    64.75000    64.25000    63.75000    63.25000    62.75000    62.25000    61.75000    61.25000    60.75000    60.25000    59.75000    59.25000    58.75000    58.25000    57.75000    57.25000    56.75000    56.25000    55.75000    55.25000    54.75000    54.25000    53.75000    53.25000    52.75000    52.25000    51.75000    51.25000    50.75000    50.25000    49.75000    49.25000    48.75000    48.25000    47.75000    47.25000    46.75000    46.25000    45.75000    45.25000    44.75000    44.25000    43.75000    43.25000    42.75000    42.25000    41.75000    41.25000    40.75000    40.25000    39.75000    39.25000    38.75000    38.25000    37.75000    37.25000    36.75000    36.25000    35.75000    35.25000    34.75000    34.25000    33.75000    33.25000    32.75000    32.25000    31.75000    31.25000    30.75000    30.75000    31.25000    31.75000    32.25000    32.75000    33.25000    33.75000    34.25000    34.75000    35.25000    35.75000    36.25000    36.75000    37.25000    37.75000    38.25000    38.75000    39.25000    39.75000    40.25000    40.75000    41.25000    41.75000    42.25000    42.75000    43.25000    43.75000    44.25000    44.75000    45.25000    45.75000    46.25000    46.75000    47.25000    47.75000    48.25000    48.75000    49.25000    49.75000    50.25000    50.75000    51.25000    51.75000    52.25000    52.75000    53.25000    53.75000    54.25000    54.75000    55.25000    55.75000    56.25000    56.75000    57.25000    57.75000    58.25000    58.75000    59.25000    59.75000    60.25000    60.75000    61.25000    61.75000    62.25000    62.75000    63.25000    63.75000    64.25000    64.75000    65.25000    65.75000    66.25000    66.75000    67.25000    67.75000    68.25000    68.75000    69.25000    69.75000    70.25000    70.75000
    70.95000    70.45000    69.95000    69.45000    68.95000    68.45000    67.95000    67.45000    66.95000    66.45000    65.95000    65.45000    64.95000    64.45000    63.95000    63.45000    62.95000    62.45000    61.95000    61.45000    60.95000    60.45000    59.95000    59.45000    58.95000    58.45000    57.95000    57.45000    56.95000    56.45000    55.95000    55.45000    54.95000    54.45000    53.95000    53.45000    52.95000    52.45000    51.95000    51.45000    50.95000    50.45000    49.95000    49.45000    48.95000    48.45000    47.95000    47.45000    46.95000    46.45000    45.95000    45.45000    44.95000    44.45000    43.95000    43.45000    42.95000    42.45000    41.95000    41.45000    40.95000    40.45000    39.95000    39.45000    38.95000    38.45000    37.95000    37.45000    36.95000    36.45000    35.95000    35.45000    34.95000    34.45000    33.95000    33.45000    32.95000    32.45000    31.95000    31.45000    30.95000    30.95000    31.45000    31.95000    32.45000    32.95000    33.45000    33.95000    34.45000    34.95000    35.45000    35.95000    36.45000    36.95000    37.45000    37.95000    38.45000    38.95000    39.45000    39.95000    40.45000    40.95000    41.45000    41.95000    42.45000    42.95000    43.45000    43.95000    44.45000    44.95000    45.45000    45.95000    46.45000    46.95000    47.45000    47.95000    48.45000    48.95000    49.45000    49.95000    50.45000    50.95000    51.45000    51.95000    52.45000    52.95000    53.45000    53.95000    54.45000    54.95000    55.45000    55.95000    56.45000    56.95000    57.45000    57.95000    58.45000    58.95000    59.45000    59.95000    60.45000    60.95000    61.45000    61.95000    62.45000    62.95000    63.45000    63.95000    64.45000    64.95000    65.45000    65.95000    66.45000    66.95000    67.45000    67.95000    68.45000    68.95000    69.45000    69.95000    70.45000    70.95000
    71.15000    70.65000    70.15000    69.65000    69.15000    68.65000    68.15000    67.65000    67.15000    66.65000    66.15000    65.65000    65.15000    64.65000    64.15000    63.65000    63.15000    62.65000    62.15000    61.65000    61.15000    60.65000    60.15000    59.65000    59.15000    58.65000    58.15000    57.65000    57.15000    56.65000    56.15000    55.65000    55.15000    54.65000    54.15000    53.65000    53.15000    52.65000    52.15000    51.65000    51.15000    50.65000    50.15000    49.65000    49.15000    48.65000    48.15000    47.65000    47.15000    46.65000    46.15000    45.65000    45.15000    44.65000    44.15000    43.65000    43.15000    42.65000    42.15000    41.65000    41.15000    40.65000    40.15000    39.65000    39.15000    38.65000    38.15000    37.65000    37.15000    36.65000    36.15000    35.65000    35.15000    34.65000    34.15000    33.65000    33.15000    32.65000    32.15000    31.65000    31.15000    31.15000    31.65000    32.15000    32.65000    33.15000    33.65000    34.15000    34.65000    35.15000    35.65000    36.15000    36.65000    37.15000    37.65000    38.15000    38.65000    39.15000    39.65000    40.15000    40.65000    41.15000    41.65000    42.15000    42.65000    43.15000    43.65000    44.15000    44.65000    45.15000    45.65000    46.15000    46.65000    47.15000    47.65000    48.15000    48.65000    49.15000    49.65000    50.15000    50.65000    51.15000    51.65000    52.15000    52.65000    53.15000    53.65000    54.15000    54.65000    55.15000    55.65000    56.15000    56.65000    57.15000    57.65000    58.15000    58.65000    59.15000    59.65000    60.15000    60.65000    61.15000    61.65000    62.15000    62.65000    63.15000    63.65000    64.15000    64.65000    65.15000    65.65000    66.15000    66.65000    67.15000    67.65000    68.15000    68.65000    69.15000    69.65000    70.15000    70.65000    71.15000
    71.35000    70.85000    70.35000    69.85000    69.35000    68.85000    68.35000    67.85000    67.35000    66.85000    66.35000    65.85000    65.35000    64.85000    64.35000    63.85000    63.35000    62.85000    62.35000    61.85000    61.35000    60.85000    60.35000    59.85000    59.35000    58.85000    58.35000    57.85000    57.35000    56.85000    56.35000    55.85000    55.35000    54.85000    54.35000    53.85000    53.35000    52.85000    52.35000    51.85000    51.35000    50.85000    50.35000    49.85000    49.35000    48.85000    48.35000    47.85000    47.35000    46.85000    46.35000    45.85000    45.35000    44.85000    44.35000    43.85000    43.35000    42.85000    42.35000    41.85000    41.35000    40.85000    40.35000    39.85000    39.35000    38.85000    38.35000    37.85000    37.35000    36.85000    36.35000    35.85000    35.35000    34.85000    34.35000    33.85000    33.35000    32.85000    32.35000    31.85000    31.35000    31.35000    31.85000    32.35000    32.85000    33.35000    33.85000    34.35000    34.85000    35.35000    35.85000    36.35000    36.85000    37.35000    37.85000    38.35000    38.85000    39.35000    39.85000    40.35000    40.85000    41.35000    41.85000    42.35000    42.85000    43.35000    43.85000    44.35000    44.85000    45.35000    45.85000    46.35000    46.85000    47.35000    47.85000    48.35000    48.85000    49.35000    49.85000    50.35000    50.85000    51.35000    51.85000    52.35000    52.85000    53.35000    53.85000    54.35000    54.85000    55.35000    55.85000    56.35000    56.85000    57.35000    57.85000    58.35000    58.85000    59.35000    59.85000    60.35000    60.85000    61.35000    61.85000    62.35000    62.85000    63.35000    63.85000    64.35000    64.85000    65.35000    65.85000    66.35000    66.85000    67.35000    67.85000    68.35000    68.85000    69.35000    69.85000    70.35000    70.85000    71.35000
    71.55000    71.05000    70.55000    70.05000    69.55000    69.05000    68.55000    68.05000    67.55000    67.05000    66.55000    66.05000    65.55000    65.05000    64.55000    64.05000    63.55000    63.05000    62.55000    62.05000    61.55000    61.05000    60.55000    60.05000    59.55000    59.05000    58.55000    58.05000    57.55000    57.05000    56.55000    56.05000    55.55000    55.05000    54.55000    54.05000    53.55000    53.05000    52.55000    52.05000    51.55000    51.05000    50.55000    50.05000    49.55000    49.05000    48.55000    48.05000    47.55000    47.05000    46.55000    46.05000    45.55000    45.05000    44.55000    44.05000    43.55000    43.05000    42.55000    42.05000    41.55000    41.05000    40.55000    40.05000    39.55000    39.05000    38.55000    38.05000    37.55000    37.05000    36.55000    36.05000    35.55000    35.05000    34.55000    34.05000    33.55000    33.05000    32.55000    32.05000    31.55000    31.55000    32.05000    32.55000    33.05000    33.55000    34.05000    34.55000    35.05000    35.55000    36.05000    36.55000    37.05000    37.55000    38.05000    38.55000    39.05000    39.55000    40.05000    40.55000    41.05000    41.55000    42.05000    42.55000    43.05000    43.55000    44.05000    44.55000    45.05000    45.55000    46.05000    46.55000    47.05000    47.55000    48.05000    48.55000    49.05000    49.55000    50.05000    50.55000    51.05000    51.55000    52.05000    52.55000    53.05000    53.55000    54.05000    54.55000    55.05000    55.55000    56.05000    56.55000    57.05000    57.55000    58.05000    58.55000    59.05000    59.55000    60.05000    60.55000    61.05000    61.55000    62.05000    62.55000    63.05000    63.55000    64.05000    64.55000    65.05000    65.55000    66.05000    66.55000    67.05000    67.55000    68.05000    68.55000    69.05000    69.55000    70.05000    70.55000    71.05000    71.55000
    71.75000    71.25000    70.75000    70.25000    69.75000    69.25000    68.75000    68.25000    67.75000    67.25000    66.75000    66.25000    65.75000    65.25000    64.75000    64.25000    63.75000    63.25000    62.75000    62.25000    61.75000    61.25000    60.75000    60.25000    59.75000    59.25000    58.75000    58.25000    57.75000    57.25000    56.75000    56.25000    55.75000    55.25000    54.75000    54.25000    53.75000    53.25000    52.75000    52.25000    51.75000    51.25000    50.75000    50.25000    49.75000    49.25000    48.75000    48.25000    47.75000    47.25000    46.75000    46.25000    45.75000    45.25000    44.75000    44.25000    43.75000    43.25000    42.75000    42.25000    41.75000    41.25000    40.75000    40.25000    39.75000    39.25000    38.75000    38.25000    37.75000    37.25000    36.75000    36.25000    35.75000    35.25000    34.75000    34.25000    33.75000    33.25000    32.75000    32.25000    31.75000    31.75000    32.25000    32.75000    33.25000    33.75000    34.25000    34.75000    35.25000    35.75000    36.25000    36.75000    37.25000    37.75000    38.25000    38.75000    39.25000    39.75000    40.25000    40.75000    41.25000    41.75000    42.25000    42.75000    43.25000    43.75000    44.25000    44.75000    45.25000    45.75000    46.25000    46.75000    47.25000    47.75000    48.25000    48.75000    49.25000    49.75000    50.25000    50.75000    51.25000    51.75000    52.25000    52.75000    53.25000    53.75000    54.25000    54.75000    55.25000    55.75000    56.25000    56.75000    57.25000    57.75000    58.25000    58.75000    59.25000    59.75000    60.25000    60.75000    61.25000    61.75000    62.25000    62.75000    63.25000    63.75000    64.25000    64.75000    65.25000    65.75000    66.25000    66.75000    67.25000    67.75000    68.25000    68.75000    69.25000    69.75000    70.25000    70.75000    71.25000    71.75000
    71.95000    71.45000    70.95000    70.45000    69.95000    69.45000    68.95000    68.45000    67.95000    67.45000    66.95000    66.45000    65.95000    65.45000    64.95000    64.45000    63.95000    63.45000    62.95000    62.45000    61.95000    61.45000    60.95000    60.45000    59.95000    59.45000    58.95000    58.45000    57.95000    57.45000    56.95000    56.45000    55.95000    55.45000    54.95000    54.45000    53.95000    53.45000    52.95000    52.45000    51.95000    51.45000    50.95000    50.45000    49.95000    49.45000    48.95000    48.45000    47.95000    47.45000    46.95000    46.45000    45.95000    45.45000    44.95000    44.45000    43.95000    43.45000    42.95000    42.45000    41.95000    41.45000    40.95000    40.45000    39.95000    39.45000    38.95000    38.45000    37.95000    37.45000    36.95000    36.45000    35.95000    35.45000    34.95000    34.45000    33.95000    33.45000    32.95000    32.45000    31.95000    31.95000    32.45000    32.95000    33.45000    33.95000    34.45000    34.95000    35.45000    35.95000    36.45000    36.95000    37.45000    37.95000    38.45000    38.95000    39.45000    39.95000    40.45000    40.95000    41.45000    41.95000    42.45000    42.95000    43.45000    43.95000    44.45000    44.95000    45.45000    45.95000    46.45000    46.95000    47.45000    47.95000    48.45000    48.95000    49.45000    49.95000    50.45000    50.95000    51.45000    51.95000    52.45000    52.95000    53.45000    53.95000    54.45000    54.95000    55.45000    55.95000    56.45000    56.95000    57.45000    57.95000    58.45000    58.95000    59.45000    59.95000    60.45000    60.95000    61.45000    61.95000    62.45000    62.95000    63.45000    63.95000    64.45000    64.95000    65.45000    65.95000    66.45000    66.95000    67.45000    67.95000    68.45000    68.95000    69.45000    69.95000    70.45000    70.95000    71.45000    71.95000
    72.15000    71.65000    71.15000    70.65000    70.15000    69.65000    69.15000    68.65000    68.15000    67.65000    67.15000    66.65000    66.15000    65.65000    65.15000    64.65000    64.15000    63.65000    63.15000    62.65000    62.15000    61.65000    61.15000    60.65000    60.15000    59.65000    59.15000    58.65000    58.15000    57.65000    57.15000    56.65000    56.15000    55.65000    55.15000    54.65000    54.15000    53.65000    53.15000    52.65000    52.15000    51.65000    51.15000    50.65000    50.15000    49.65000    49.15000    48.65000    48.15000    47.65000    47.15000    46.65000    46.15000    45.65000    45.15000    44.65000    44.15000    43.65000    43.15000    42.65000    42.15000    41.65000    41.15000    40.65000    40.15000    39.65000    39.15000    38.65000    38.15000    37.65000    37.15000    36.65000    36.15000    35.65000    35.15000    34.65000    34.15000    33.65000    33.15000    32.65000    32.15000    32.15000    32.65000    33.15000    33.65000    34.15000    34.65000    35.15000    35.65000    36.15000    36.65000    37.15000    37.65000    38.15000    38.65000    39.15000    39.65000    40.15000    40.65000    41.15000    41.65000    42.15000    42.65000    43.15000    43.65000    44.15000    44.65000    45.15000    45.65000    46.15000    46.65000    47.15000    47.65000    48.15000    48.65000    49.15000    49.65000    50.15000    50.65000    51.15000    51.65000    52.15000    52.65000    53.15000    53.65000    54.15000    54.65000    55.15000    55.65000    56.15000    56.65000    57.15000    57.65000    58.15000    58.65000    59.15000    59.65000    60.15000    60.65000    61.15000    61.65000    62.15000    62.65000    63.15000    63.65000    64.15000    64.65000    65.15000    65.65000    66.15000    66.65000    67.15000    67.65000    68.15000    68.65000    69.15000    69.65000    70.15000    70.65000    71.15000    71.65000    72.15000
    72.35000    71.85000    71.35000    70.85000    70.35000    69.85000    69.35000    68.85000    68.35000    67.85000    67.35000    66.85000    66.35000    65.85000    65.35000    64.85000    64.35000    63.85000    63.35000    62.85000    62.35000    61.85000    61.35000    60.85000    60.35000    59.85000    59.35000    58.85000    58.35000    57.85000    57.35000    56.85000    56.35000    55.85000    55.35000    54.85000    54.35000    53.85000    53.35000    52.85000    52.35000    51.85000    51.35000    50.85000    50.35000    49.85000    49.35000    48.85000    48.35000    47.85000    47.35000    46.85000    46.35000    45.85000    45.35000    44.85000    44.35000    43.85000    43.35000    42.85000    42.35000    41.85000    41.35000    40.85000    40.35000    39.85000    39.35000    38.85000    38.35000    37.85000    37.35000    36.85000    36.35000    35.85000    35.35000    34.85000    34.35000    33.85000    33.35000    32.85000    32.35000    32.35000    32.85000    33.35000    33.85000    34.35000    34.85000    35.35000    35.85000    36.35000    36.85000    37.35000    37.85000    38.35000    38.85000    39.35000    39.85000    40.35000    40.85000    41.35000    41.85000    42.35000    42.85000    43.35000    43.85000    44.35000    44.85000    45.35000    45.85000    46.35000    46.85000    47.35000    47.85000    48.35000    48.85000    49.35000    49.85000    50.35000    50.85000    51.35000    51.85000    52.35000    52.85000    53.35000    53.85000    54.35000    54.85000    55.35000    55.85000    56.35000    56.85000    57.35000    57.85000    58.35000    58.85000    59.35000    59.85000    60.35000    60.85000    61.35000    61.85000    62.35000    62.85000    63.35000    63.85000    64.35000    64.85000    65.35000    65.85000    66.35000    66.85000    67.35000    67.85000    68.35000    68.85000    69.35000    69.85000    70.35000    70.85000    71.35000    71.85000    72.35000
    72.55000    72.05000    71.55000    71.05000    70.55000    70.05000    69.55000    69.05000    68.55000    68.05000    67.55000    67.05000    66.55000    66.05000    65.55000    65.05000    64.55000    64.05000    63.55000    63.05000    62.55000    62.05000    61.55000    61.05000    60.55000    60.05000    59.55000    59.05000    58.55000    58.05000    57.55000    57.05000    56.55000    56.05000    55.55000    55.05000    54.55000    54.05000    53.55000    53.05000    52.55000    52.05000    51.55000    51.05000    50.55000    50.05000    49.55000    49.05000    48.55000    48.05000    47.55000    47.05000    46.55000    46.05000    45.55000    45.05000    44.55000    44.05000    43.55000    43.05000    42.55000    42.05000    41.55000    41.05000    40.55000    40.05000    39.55000    39.05000    38.55000    38.05000    37.55000    37.05000    36.55000    36.05000    35.55000    35.05000    34.55000    34.05000    33.55000    33.05000    32.55000    32.55000    33.05000    33.55000    34.05000    34.55000    35.05000    35.55000    36.05000    36.55000    37.05000    37.55000    38.05000    38.55000    39.05000    39.55000    40.05000    40.55000    41.05000    41.55000    42.05000    42.55000    43.05000    43.55000    44.05000    44.55000    45.05000    45.55000    46.05000    46.55000    47.05000    47.55000    48.05000    48.55000    49.05000    49.55000    50.05000    50.55000    51.05000    51.55000    52.05000    52.55000    53.05000    53.55000    54.05000    54.55000    55.05000    55.55000    56.05000    56.55000    57.05000    57.55000    58.05000    58.55000    59.05000    59.55000    60.05000    60.55000    61.05000    61.55000    62.05000    62.55000    63.05000    63.55000    64.05000    64.55000    65.05000    65.55000    66.05000    66.55000    67.05000    67.55000    68.05000    68.55000    69.05000    69.55000    70.05000    70.55000    71.05000    71.55000    72.05000    72.55000
    72.75000    72.25000    71.75000    71.25000    70.75000    70.25000    69.75000    69.25000    68.75000    68.25000    67.75000    67.25000    66.75000    66.25000    65.75000    65.25000    64.75000    64.25000    63.75000    63.25000    62.75000    62.25000    61.75000    61.25000    60.75000    60.25000    59.75000    59.25000    58.75000    58.25000    57.75000    57.25000    56.75000    56.25000    55.75000    55.25000    54.75000    54.25000    53.75000    53.25000    52.75000    52.25000    51.75000    51.25000    50.75000    50.25000    49.75000    49.25000    48.75000    48.25000    47.75000    47.25000    46.75000    46.25000    45.75000    45.25000    44.75000    44.25000    43.75000    43.25000    42.75000    42.25000    41.75000    41.25000    40.75000    40.25000    39.75000    39.25000    38.75000    38.25000    37.75000    37.25000    36.75000    36.25000    35.75000    35.25000    34.75000    34.25000    33.75000    33.25000    32.75000    32.75000    33.25000    33.75000    34.25000    34.75000    35.25000    35.75000    36.25000    36.75000    37.25000    37.75000    38.25000    38.75000    39.25000    39.75000    40.25000    40.75000    41.25000    41.75000    42.25000    42.75000    43.25000    43.75000    44.25000    44.75000    45.25000    45.75000    46.25000    46.75000    47.25000    47.75000    48.25000    48.75000    49.25000    49.75000    50.25000    50.75000    51.25000    51.75000    52.25000    52.75000    53.25000    53.75000    54.25000    54.75000    55.25000    55.75000    56.25000    56.75000    57.25000    57.75000    58.25000    58.75000    59.25000    59.75000    60.25000    60.75000    61.25000    61.75000    62.25000    62.75000    63.25000    63.75000    64.25000    64.75000    65.25000    65.75000    66.25000    66.75000    67.25000    67.75000    68.25000    68.75000    69.25000    69.75000    70.25000    70.75000    71.25000    71.75000    72.25000    72.75000
    72.95000    72.45000    71.95000    71.45000    70.95000    70.45000    69.95000    69.45000    68.95000    68.45000    67.95000    67.45000    66.95000    66.45000    65.95000    65.45000    64.95000    64.45000    63.95000    63.45000    62.95000    62.45000    61.95000    61.45000    60.95000    60.45000    59.95000    59.45000    58.95000    58.45000    57.95000    57.45000    56.95000    56.45000    55.95000    55.45000    54.95000    54.45000    53.95000    53.45000    52.95000    52.45000    51.95000    51.45000    50.95000    50.45000    49.95000    49.45000    48.95000    48.45000    47.95000    47.45000    46.95000    46.45000    45.95000    45.45000    44.95000    44.45000    43.95000    43.45000    42.95000    42.45000    41.95000    41.45000    40.95000    40.45000    39.95000    39.45000    38.95000    38.45000    37.95000    37.45000    36.95000    36.45000    35.95000    35.45000    34.95000    34.45000    33.95000    33.45000    32.95000    32.95000    33.45000    33.95000    34.45000    34.95000    35.45000    35.95000    36.45000    36.95000    37.45000    37.95000    38.45000    38.95000    39.45000    39.95000    40.45000    40.95000    41.45000    41.95000    42.45000    42.95000    43.45000    43.95000    44.45000    44.95000    45.45000    45.95000    46.45000    46.95000    47.45000    47.95000    48.45000    48.95000    49.45000    49.95000    50.45000    50.95000    51.45000    51.95000    52.45000    52.95000    53.45000    53.95000    54.45000    54.95000    55.45000    55.95000    56.45000    56.95000    57.45000    57.95000    58.45000    58.95000    59.45000    59.95000    60.45000    60.95000    61.45000    61.95000    62.45000    62.95000    63.45000    63.95000    64.45000    64.95000    65.45000    65.95000    66.45000    66.95000    67.45000    67.95000    68.45000    68.95000    69.45000    69.95000    70.45000    70.95000    71.45000    71.95000    72.45000    72.95000
    73.15000    72.65000    72.15000    71.65000    71.15000    70.65000    70.15000    69.65000    69.15000    68.65000    68.15000    67.65000    67.15000    66.65000    66.15000    65.65000    65.15000    64.65000    64.15000    63.65000    63.15000    62.65000    62.15000    61.65000    61.15000    60.65000    60.15000    59.65000    59.15000    58.65000    58.15000    57.65000    57.15000    56.65000    56.15000    55.65000    55.15000    54.65000    54.15000    53.65000    53.15000    52.65000    52.15000    51.65000    51.15000    50.65000    50.15000    49.65000    49.15000    48.65000    48.15000    47.65000    47.15000    46.65000    46.15000    45.65000    45.15000    44.65000    44.15000    43.65000    43.15000    42.65000    42.15000    41.65000    41.15000    40.65000    40.15000    39.65000    39.15000    38.65000    38.15000    37.65000    37.15000    36.65000    36.15000    35.65000    35.15000    34.65000    34.15000    33.65000    33.15000    33.15000    33.65000    34.15000    34.65000    35.15000    35.65000    36.15000    36.65000    37.15000    37.65000    38.15000    38.65000    39.15000    39.65000    40.15000    40.65000    41.15000    41.65000    42.15000    42.65000    43.15000    43.65000    44.15000    44.65000    45.15000    45.65000    46.15000    46.65000    47.15000    47.65000    48.15000    48.65000    49.15000    49.65000    50.15000    50.65000    51.15000    51.65000    52.15000    52.65000    53.15000    53.65000    54.15000    54.65000    55.15000    55.65000    56.15000    56.65000    57.15000    57.65000    58.15000    58.65000    59.15000    59.65000    60.15000    60.65000    61.15000    61.65000    62.15000    62.65000    63.15000    63.65000    64.15000    64.65000    65.15000    65.65000    66.15000    66.65000    67.15000    67.65000    68.15000    68.65000    69.15000    69.65000    70.15000    70.65000    71.15000    71.65000    72.15000    72.65000    73.15000
    73.35000    72.85000    72.35000    71.85000    71.35000    70.85000    70.35000    69.85000    69.35000    68.85000    68.35000    67.85000    67.35000    66.85000    66.35000    65.85000    65.35000    64.85000    64.35000    63.85000    63.35000    62.85000    62.35000    61.85000    61.35000    60.85000    60.35000    59.85000    59.35000    58.85000    58.35000    57.85000    57.35000    56.85000    56.35000    55.85000    55.35000    54.85000    54.35000    53.85000    53.35000    52.85000    52.35000    51.85000    51.35000    50.85000    50.35000    49.85000    49.35000    48.85000    48.35000    47.85000    47.35000    46.85000    46.35000    45.85000    45.35000    44.85000    44.35000    43.85000    43.35000    42.85000    42.35000    41.85000    41.35000    40.85000    40.35000    39.85000    39.35000    38.85000    38.35000    37.85000    37.35000    36.85000    36.35000    35.85000    35.35000    34.85000    34.35000    33.85000    33.35000    33.35000    33.85000    34.35000    34.85000    35.35000    35.85000    36.35000    36.85000    37.35000    37.85000    38.35000    38.85000    39.35000    39.85000    40.35000    40.85000    41.35000    41.85000    42.35000    42.85000    43.35000    43.85000    44.35000    44.85000    45.35000    45.85000    46.35000    46.85000    47.35000    47.85000    48.35000    48.85000    49.35000    49.85000    50.35000    50.85000    51.35000    51.85000    52.35000    52.85000    53.35000    53.85000    54.35000    54.85000    55.35000    55.85000    56.35000    56.85000    57.35000    57.85000    58.35000    58.85000    59.35000    59.85000    60.35000    60.85000    61.35000    61.85000    62.35000    62.85000    63.35000    63.85000    64.35000    64.85000    65.35000    65.85000    66.35000    66.85000    67.35000    67.85000    68.35000    68.85000    69.35000    69.85000    70.35000    70.85000    71.35000    71.85000    72.35000    72.85000    73.35000
    73.55000    73.05000    72.55000    72.05000    71.55000    71.05000    70.55000    70.05000    69.55000    69.05000    68.55000    68.05000    67.55000    67.05000    66.55000    66.05000    65.55000    65.05000    64.55000    64.05000    63.55000    63.05000    62.55000    62.05000    61.55000    61.05000    60.55000    60.05000    59.55000    59.05000    58.55000    58.05000    57.55000    57.05000    56.55000    56.05000    55.55000    55.05000    54.55000    54.05000    53.55000    53.05000    52.55000    52.05000    51.55000    51.05000    50.55000    50.05000    49.55000    49.05000    48.55000    48.05000    47.55000    47.05000    46.55000    46.05000    45.55000    45.05000    44.55000    44.05000    43.55000    43.05000    42.55000    42.05000    41.55000    41.05000    40.55000    40.05000    39.55000    39.05000    38.55000    38.05000    37.55000    37.05000    36.55000    36.05000    35.55000    35.05000    34.55000    34.05000    33.55000    33.55000    34.05000    34.55000    35.05000    35.55000    36.05000    36.55000    37.05000    37.55000    38.05000    38.55000    39.05000    39.55000    40.05000    40.55000    41.05000    41.55000    42.05000    42.55000    43.05000    43.55000    44.05000    44.55000    45.05000    45.55000    46.05000    46.55000    47.05000    47.55000    48.05000    48.55000    49.05000    49.55000    50.05000    50.55000    51.05000    51.55000    52.05000    52.55000    53.05000    53.55000    54.05000    54.55000    55.05000    55.55000    56.05000    56.55000    57.05000    57.55000    58.05000    58.55000    59.05000    59.55000    60.05000    60.55000    61.05000    61.55000    62.05000    62.55000    63.05000    63.55000    64.05000    64.55000    65.05000    65.55000    66.05000    66.55000    67.05000    67.55000    68.05000    68.55000    69.05000    69.55000    70.05000    70.55000    71.05000    71.55000    72.05000    72.55000    73.05000    73.55000
    73.75000    73.25000    72.75000    72.25000    71.75000    71.25000    70.75000    70.25000    69.75000    69.25000    68.75000    68.25000    67.75000    67.25000    66.75000    66.25000    65.75000    65.25000    64.75000    64.25000    63.75000    63.25000    62.75000    62.25000    61.75000    61.25000    60.75000    60.25000    59.75000    59.25000    58.75000    58.25000    57.75000    57.25000    56.75000    56.25000    55.75000    55.25000    54.75000    54.25000    53.75000    53.25000    52.75000    52.25000    51.75000    51.25000    50.75000    50.25000    49.75000    49.25000    48.75000    48.25000    47.75000    47.25000    46.75000    46.25000    45.75000    45.25000    44.75000    44.25000    43.75000    43.25000    42.75000    42.25000    41.75000    41.25000    40.75000    40.25000    39.75000    39.25000    38.75000    38.25000    37.75000    37.25000    36.75000    36.25000    35.75000    35.25000    34.75000    34.25000    33.75000    33.75000    34.25000    34.75000    35.25000    35.75000    36.25000    36.75000    37.25000    37.75000    38.25000    38.75000    39.25000    39.75000    40.25000    40.75000    41.25000    41.75000    42.25000    42.75000    43.25000    43.75000    44.25000    44.75000    45.25000    45.75000    46.25000    46.75000    47.25000    47.75000    48.25000    48.75000    49.25000    49.75000    50.25000    50.75000    51.25000    51.75000    52.25000    52.75000    53.25000    53.75000    54.25000    54.75000    55.25000    55.75000    56.25000    56.75000    57.25000    57.75000    58.25000    58.75000    59.25000    59.75000    60.25000    60.75000    61.25000    61.75000    62.25000    62.75000    63.25000    63.75000    64.25000    64.75000    65.25000    65.75000    66.25000    66.75000    67.25000    67.75000    68.25000    68.75000    69.25000    69.75000    70.25000    70.75000    71.25000    71.75000    72.25000    72.75000    73.25000    73.75000
    73.95000    73.45000    72.95000    72.45000    71.95000    71.45000    70.95000    70.45000    69.95000    69.45000    68.95000    68.45000    67.95000    67.45000    66.95000    66.45000    65.95000    65.45000    64.95000    64.45000    63.95000    63.45000    62.95000    62.45000    61.95000    61.45000    60.95000    60.45000    59.95000    59.45000    58.95000    58.45000    57.95000    57.45000    56.95000    56.45000    55.95000    55.45000    54.95000    54.45000    53.95000    53.45000    52.95000    52.45000    51.95000    51.45000    50.95000    50.45000    49.95000    49.45000    48.95000    48.45000    47.95000    47.45000    46.95000    46.45000    45.95000    45.45000    44.95000    44.45000    43.95000    43.45000    42.95000    42.45000    41.95000    41.45000    40.95000    40.45000    39.95000    39.45000    38.95000    38.45000    37.95000    37.45000    36.95000    36.45000    35.95000    35.45000    34.95000    34.45000    33.95000    33.95000    34.45000    34.95000    35.45000    35.95000    36.45000    36.95000    37.45000    37.95000    38.45000    38.95000    39.45000    39.95000    40.45000    40.95000    41.45000    41.95000    42.45000    42.95000    43.45000    43.95000    44.45000    44.95000    45.45000    45.95000    46.45000    46.95000    47.45000    47.95000    48.45000    48.95000    49.45000    49.95000    50.45000    50.95000    51.45000    51.95000    52.45000    52.95000    53.45000    53.95000    54.45000    54.95000    55.45000    55.95000    56.45000    56.95000    57.45000    57.95000    58.45000    58.95000    59.45000    59.95000    60.45000    60.95000    61.45000    61.95000    62.45000    62.95000    63.45000    63.95000    64.45000    64.95000    65.45000    65.95000    66.45000    66.95000    67.45000    67.95000    68.45000    68.95000    69.45000    69.95000    70.45000    70.95000    71.45000    71.95000    72.45000    72.95000    73.45000    73.95000
    74.15000    73.65000    73.15000    72.65000    72.15000    71.65000    71.15000    70.65000    70.15000    69.65000    69.15000    68.65000    68.15000    67.65000    67.15000    66.65000    66.15000    65.65000    65.15000    64.65000    64.15000    63.65000    63.15000    62.65000    62.15000    61.65000    61.15000    60.65000    60.15000    59.65000    59.15000    58.65000    58.15000    57.65000    57.15000    56.65000    56.15000    55.65000    55.15000    54.65000    54.15000    53.65000    53.15000    52.65000    52.15000    51.65000    51.15000    50.65000    50.15000    49.65000    49.15000    48.65000    48.15000    47.65000    47.15000    46.65000    46.15000    45.65000    45.15000    44.65000    44.15000    43.65000    43.15000    42.65000    42.15000    41.65000    41.15000    40.65000    40.15000    39.65000    39.15000    38.65000    38.15000    37.65000    37.15000    36.65000    36.15000    35.65000    35.15000    34.65000    34.15000    34.15000    34.65000    35.15000    35.65000    36.15000    36.65000    37.15000    37.65000    38.15000    38.65000    39.15000    39.65000    40.15000    40.65000    41.15000    41.65000    42.15000    42.65000    43.15000    43.65000    44.15000    44.65000    45.15000    45.65000    46.15000    46.65000    47.15000    47.65000    48.15000    48.65000    49.15000    49.65000    50.15000    50.65000    51.15000    51.65000    52.15000    52.65000    53.15000    53.65000    54.15000    54.65000    55.15000    55.65000    56.15000    56.65000    57.15000    57.65000    58.15000    58.65000    59.15000    59.65000    60.15000    60.65000    61.15000    61.65000    62.15000    62.65000    63.15000    63.65000    64.15000    64.65000    65.15000    65.65000    66.15000    66.65000    67.15000    67.65000    68.15000    68.65000    69.15000    69.65000    70.15000    70.65000    71.15000    71.65000    72.15000    72.65000    73.15000    73.65000    74.15000
    74.35000    73.85000    73.35000    72.85000    72.35000    71.85000    71.35000    70.85000    70.35000    69.85000    69.35000    68.85000    68.35000    67.85000    67.35000    66.85000    66.35000    65.85000    65.35000    64.85000    64.35000    63.85000    63.35000    62.85000    62.35000    61.85000    61.35000    60.85000    60.35000    59.85000    59.35000    58.85000    58.35000    57.85000    57.35000    56.85000    56.35000    55.85000    55.35000    54.85000    54.35000    53.85000    53.35000    52.85000    52.35000    51.85000    51.35000    50.85000    50.35000    49.85000    49.35000    48.85000    48.35000    47.85000    47.35000    46.85000    46.35000    45.85000    45.35000    44.85000    44.35000    43.85000    43.35000    42.85000    42.35000    41.85000    41.35000    40.85000    40.35000    39.85000    39.35000    38.85000    38.35000    37.85000    37.35000    36.85000    36.35000    35.85000    35.35000    34.85000    34.35000    34.35000    34.85000    35.35000    35.85000    36.35000    36.85000    37.35000    37.85000    38.35000    38.85000    39.35000    39.85000    40.35000    40.85000    41.35000    41.85000    42.35000    42.85000    43.35000    43.85000    44.35000    44.85000    45.35000    45.85000    46.35000    46.85000    47.35000    47.85000    48.35000    48.85000    49.35000    49.85000    50.35000    50.85000    51.35000    51.85000    52.35000    52.85000    53.35000    53.85000    54.35000    54.85000    55.35000    55.85000    56.35000    56.85000    57.35000    57.85000    58.35000    58.85000    59.35000    59.85000    60.35000    60.85000    61.35000    61.85000    62.35000    62.85000    63.35000    63.85000    64.35000    64.85000    65.35000    65.85000    66.35000    66.85000    67.35000    67.85000    68.35000    68.85000    69.35000    69.85000    70.35000    70.85000    71.35000    71.85000    72.35000    72.85000    73.35000    73.85000    74.35000
    74.55000    74.05000    73.55000    73.05000    72.55000    72.05000    71.55000    71.05000    70.55000    70.05000    69.55000    69.05000    68.55000    68.05000    67.55000    67.05000    66.55000    66.05000    65.55000    65.05000    64.55000    64.05000    63.55000    63.05000    62.55000    62.05000    61.55000    61.05000    60.55000    60.05000    59.55000    59.05000    58.55000    58.05000    57.55000    57.05000    56.55000    56.05000    55.55000    55.05000    54.55000    54.05000    53.55000    53.05000    52.55000    52.05000    51.55000    51.05000    50.55000    50.05000    49.55000    49.05000    48.55000    48.05000    47.55000    47.05000    46.55000    46.05000    45.55000    45.05000    44.55000    44.05000    43.55000    43.05000    42.55000    42.05000    41.55000    41.05000    40.55000    40.05000    39.55000    39.05000    38.55000    38.05000    37.55000    37.05000    36.55000    36.05000    35.55000    35.05000    34.55000    34.55000    35.05000    35.55000    36.05000    36.55000    37.05000    37.55000    38.05000    38.55000    39.05000    39.55000    40.05000    40.55000    41.05000    41.55000    42.05000    42.55000    43.05000    43.55000    44.05000    44.55000    45.05000    45.55000    46.05000    46.55000    47.05000    47.55000    48.05000    48.55000    49.05000    49.55000    50.05000    50.55000    51.05000    51.55000    52.05000    52.55000    53.05000    53.55000    54.05000    54.55000    55.05000    55.55000    56.05000    56.55000    57.05000    57.55000    58.05000    58.55000    59.05000    59.55000    60.05000    60.55000    61.05000    61.55000    62.05000    62.55000    63.05000    63.55000    64.05000    64.55000    65.05000    65.55000    66.05000    66.55000    67.05000    67.55000    68.05000    68.55000    69.05000    69.55000    70.05000    70.55000    71.05000    71.55000    72.05000    72.55000    73.05000    73.55000    74.05000    74.55000
    74.75000    74.25000    73.75000    73.25000    72.75000    72.25000    71.75000    71.25000    70.75000    70.25000    69.75000    69.25000    68.75000    68.25000    67.75000    67.25000    66.75000    66.25000    65.75000    65.25000    64.75000    64.25000    63.75000    63.25000    62.75000    62.25000    61.75000    61.25000    60.75000    60.25000    59.75000    59.25000    58.75000    58.25000    57.75000    57.25000    56.75000    56.25000    55.75000    55.25000    54.75000    54.25000    53.75000    53.25000    52.75000    52.25000    51.75000    51.25000    50.75000    50.25000    49.75000    49.25000    48.75000    48.25000    47.75000    47.25000    46.75000    46.25000    45.75000    45.25000    44.75000    44.25000    43.75000    43.25000    42.75000    42.25000    41.75000    41.25000    40.75000    40.25000    39.75000    39.25000    38.75000    38.25000    37.75000    37.25000    36.75000    36.25000    35.75000    35.25000    34.75000    34.75000    35.25000    35.75000    36.25000    36.75000    37.25000    37.75000    38.25000    38.75000    39.25000    39.75000    40.25000    40.75000    41.25000    41.75000    42.25000    42.75000    43.25000    43.75000    44.25000    44.75000    45.25000    45.75000    46.25000    46.75000    47.25000    47.75000    48.25000    48.75000    49.25000    49.75000    50.25000    50.75000    51.25000    51.75000    52.25000    52.75000    53.25000    53.75000    54.25000    54.75000    55.25000    55.75000    56.25000    56.75000    57.25000    57.75000    58.25000    58.75000    59.25000    59.75000    60.25000    60.75000    61.25000    61.75000    62.25000    62.75000    63.25000    63.75000    64.25000    64.75000    65.25000    65.75000    66.25000    66.75000    67.25000    67.75000    68.25000    68.75000    69.25000    69.75000    70.25000    70.75000    71.25000    71.75000    72.25000    72.75000    73.25000    73.75000    74.25000    74.75000
    74.95000    74.45000    73.95000    73.45000    72.95000    72.45000    71.95000    71.45000    70.95000    70.45000    69.95000    69.45000    68.95000    68.45000    67.95000    67.45000    66.95000    66.45000    65.95000    65.45000    64.95000    64.45000    63.95000    63.45000    62.95000    62.45000    61.95000    61.45000    60.95000    60.45000    59.95000    59.45000    58.95000    58.45000    57.95000    57.45000    56.95000    56.45000    55.95000    55.45000    54.95000    54.45000    53.95000    53.45000    52.95000    52.45000    51.95000    51.45000    50.95000    50.45000    49.95000    49.45000    48.95000    48.45000    47.95000    47.45000    46.95000    46.45000    45.95000    45.45000    44.95000    44.45000    43.95000    43.45000    42.95000    42.45000    41.95000    41.45000    40.95000    40.45000    39.95000    39.45000    38.95000    38.45000    37.95000    37.45000    36.95000    36.45000    35.95000    35.45000    34.95000    34.95000    35.45000    35.95000    36.45000    36.95000    37.45000    37.95000    38.45000    38.95000    39.45000    39.95000    40.45000    40.95000    41.45000    41.95000    42.45000    42.95000    43.45000    43.95000    44.45000    44.95000    45.45000    45.95000    46.45000    46.95000    47.45000    47.95000    48.45000    48.95000    49.45000    49.95000    50.45000    50.95000    51.45000    51.95000    52.45000    52.95000    53.45000    53.95000    54.45000    54.95000    55.45000    55.95000    56.45000    56.95000    57.45000    57.95000    58.45000    58.95000    59.45000    59.95000    60.45000    60.95000    61.45000    61.95000    62.45000    62.95000    63.45000    63.95000    64.45000    64.95000    65.45000    65.95000    66.45000    66.95000    67.45000    67.95000    68.45000    68.95000    69.45000    69.95000    70.45000    70.95000    71.45000    71.95000    72.45000    72.95000    73.45000    73.95000    74.45000    74.95000
    75.15000    74.65000    74.15000    73.65000    73.15000    72.65000    72.15000    71.65000    71.15000    70.65000    70.15000    69.65000    69.15000    68.65000    68.15000    67.65000    67.15000    66.65000    66.15000    65.65000    65.15000    64.65000    64.15000    63.65000    63.15000    62.65000    62.15000    61.65000    61.15000    60.65000    60.15000    59.65000    59.15000    58.65000    58.15000    57.65000    57.15000    56.65000    56.15000    55.65000    55.15000    54.65000    54.15000    53.65000    53.15000    52.65000    52.15000    51.65000    51.15000    50.65000    50.15000    49.65000    49.15000    48.65000    48.15000    47.65000    47.15000    46.65000    46.15000    45.65000    45.15000    44.65000    44.15000    43.65000    43.15000    42.65000    42.15000    41.65000    41.15000    40.65000    40.15000    39.65000    39.15000    38.65000    38.15000    37.65000    37.15000    36.65000    36.15000    35.65000    35.15000    35.15000    35.65000    36.15000    36.65000    37.15000    37.65000    38.15000    38.65000    39.15000    39.65000    40.15000    40.65000    41.15000    41.65000    42.15000    42.65000    43.15000    43.65000    44.15000    44.65000    45.15000    45.65000    46.15000    46.65000    47.15000    47.65000    48.15000    48.65000    49.15000    49.65000    50.15000    50.65000    51.15000    51.65000    52.15000    52.65000    53.15000    53.65000    54.15000    54.65000    55.15000    55.65000    56.15000    56.65000    57.15000    57.65000    58.15000    58.65000    59.15000    59.65000    60.15000    60.65000    61.15000    61.65000    62.15000    62.65000    63.15000    63.65000    64.15000    64.65000    65.15000    65.65000    66.15000    66.65000    67.15000    67.65000    68.15000    68.65000    69.15000    69.65000    70.15000    70.65000    71.15000    71.65000    72.15000    72.65000    73.15000    73.65000    74.15000    74.65000    75.15000
    75.35000    74.85000    74.35000    73.85000    73.35000    72.85000    72.35000    71.85000    71.35000    70.85000    70.35000    69.85000    69.35000    68.85000    68.35000    67.85000    67.35000    66.85000    66.35000    65.85000    65.35000    64.85000    64.35000    63.85000    63.35000    62.85000    62.35000    61.85000    61.35000    60.85000    60.35000    59.85000    59.35000    58.85000    58.35000    57.85000    57.35000    56.85000    56.35000    55.85000    55.35000    54.85000    54.35000    53.85000    53.35000    52.85000    52.35000    51.85000    51.35000    50.85000    50.35000    49.85000    49.35000    48.85000    48.35000    47.85000    47.35000    46.85000    46.35000    45.85000    45.35000    44.85000    44.35000    43.85000    43.35000    42.85000    42.35000    41.85000    41.35000    40.85000    40.35000    39.85000    39.35000    38.85000    38.35000    37.85000    37.35000    36.85000    36.35000    35.85000    35.35000    35.35000    35.85000    36.35000    36.85000    37.35000    37.85000    38.35000    38.85000    39.35000    39.85000    40.35000    40.85000    41.35000    41.85000    42.35000    42.85000    43.35000    43.85000    44.35000    44.85000    45.35000    45.85000    46.35000    46.85000    47.35000    47.85000    48.35000    48.85000    49.35000    49.85000    50.35000    50.85000    51.35000    51.85000    52.35000    52.85000    53.35000    53.85000    54.35000    54.85000    55.35000    55.85000    56.35000    56.85000    57.35000    57.85000    58.35000    58.85000    59.35000    59.85000    60.35000    60.85000    61.35000    61.85000    62.35000    62.85000    63.35000    63.85000    64.35000    64.85000    65.35000    65.85000    66.35000    66.85000    67.35000    67.85000    68.35000    68.85000    69.35000    69.85000    70.35000    70.85000    71.35000    71.85000    72.35000    72.85000    73.35000    73.85000    74.35000    74.85000    75.35000
    75.55000    75.05000    74.55000    74.05000    73.55000    73.05000    72.55000    72.05000    71.55000    71.05000    70.55000    70.05000    69.55000    69.05000    68.55000    68.05000    67.55000    67.05000    66.55000    66.05000    65.55000    65.05000    64.55000    64.05000    63.55000    63.05000    62.55000    62.05000    61.55000    61.05000    60.55000    60.05000    59.55000    59.05000    58.55000    58.05000    57.55000    57.05000    56.55000    56.05000    55.55000    55.05000    54.55000    54.05000    53.55000    53.05000    52.55000    52.05000    51.55000    51.05000    50.55000    50.05000    49.55000    49.05000    48.55000    48.05000    47.55000    47.05000    46.55000    46.05000    45.55000    45.05000    44.55000    44.05000    43.55000    43.05000    42.55000    42.05000    41.55000    41.05000    40.55000    40.05000    39.55000    39.05000    38.55000    38.05000    37.55000    37.05000    36.55000    36.05000    35.55000    35.55000    36.05000    36.55000    37.05000    37.55000    38.05000    38.55000    39.05000    39.55000    40.05000    40.55000    41.05000    41.55000    42.05000    42.55000    43.05000    43.55000    44.05000    44.55000    45.05000    45.55000    46.05000    46.55000    47.05000    47.55000    48.05000    48.55000    49.05000    49.55000    50.05000    50.55000    51.05000    51.55000    52.05000    52.55000    53.05000    53.55000    54.05000    54.55000    55.05000    55.55000    56.05000    56.55000    57.05000    57.55000    58.05000    58.55000    59.05000    59.55000    60.05000    60.55000    61.05000    61.55000    62.05000    62.55000    63.05000    63.55000    64.05000    64.55000    65.05000    65.55000    66.05000    66.55000    67.05000    67.55000    68.05000    68.55000    69.05000    69.55000    70.05000    70.55000    71.05000    71.55000    72.05000    72.55000    73.05000    73.55000    74.05000    74.55000    75.05000    75.55000
    75.75000    75.25000    74.75000    74.25000    73.75000    73.25000    72.75000    72.25000    71.75000    71.25000    70.75000    70.25000    69.75000    69.25000    68.75000    68.25000    67.75000    67.25000    66.75000    66.25000    65.75000    65.25000    64.75000    64.25000    63.75000    63.25000    62.75000    62.25000    61.75000    61.25000    60.75000    60.25000    59.75000    59.25000    58.75000    58.25000    57.75000    57.25000    56.75000    56.25000    55.75000    55.25000    54.75000    54.25000    53.75000    53.25000    52.75000    52.25000    51.75000    51.25000    50.75000    50.25000    49.75000    49.25000    48.75000    48.25000    47.75000    47.25000    46.75000    46.25000    45.75000    45.25000    44.75000    44.25000    43.75000    43.25000    42.75000    42.25000    41.75000    41.25000    40.75000    40.25000    39.75000    39.25000    38.75000    38.25000    37.75000    37.25000    36.75000    36.25000    35.75000    35.75000    36.25000    36.75000    37.25000    37.75000    38.25000    38.75000    39.25000    39.75000    40.25000    40.75000    41.25000    41.75000    42.25000    42.75000    43.25000    43.75000    44.25000    44.75000    45.25000    45.75000    46.25000    46.75000    47.25000    47.75000    48.25000    48.75000    49.25000    49.75000    50.25000    50.75000    51.25000    51.75000    52.25000    52.75000    53.25000    53.75000    54.25000    54.75000    55.25000    55.75000    56.25000    56.75000    57.25000    57.75000    58.25000    58.75000    59.25000    59.75000    60.25000    60.75000    61.25000    61.75000    62.25000    62.75000    63.25000    63.75000    64.25000    64.75000    65.25000    65.75000    66.25000    66.75000    67.25000    67.75000    68.25000    68.75000    69.25000    69.75000    70.25000    70.75000    71.25000    71.75000    72.25000    72.75000    73.25000    73.75000    74.25000    74.75000    75.25000    75.75000
    75.95000    75.45000    74.95000    74.45000    73.95000    73.45000    72.95000    72.45000    71.95000    71.45000    70.95000    70.45000    69.95000    69.45000    68.95000    68.45000    67.95000    67.45000    66.95000    66.45000    65.95000    65.45000    64.95000    64.45000    63.95000    63.45000    62.95000    62.45000    61.95000    61.45000    60.95000    60.45000    59.95000    59.45000    58.95000    58.45000    57.95000    57.45000    56.95000    56.45000    55.95000    55.45000    54.95000    54.45000    53.95000    53.45000    52.95000    52.45000    51.95000    51.45000    50.95000    50.45000    49.95000    49.45000    48.95000    48.45000    47.95000    47.45000    46.95000    46.45000    45.95000    45.45000    44.95000    44.45000    43.95000    43.45000    42.95000    42.45000    41.95000    41.45000    40.95000    40.45000    39.95000    39.45000    38.95000    38.45000    37.95000    37.45000    36.95000    36.45000    35.95000    35.95000    36.45000    36.95000    37.45000    37.95000    38.45000    38.95000    39.45000    39.95000    40.45000    40.95000    41.45000    41.95000    42.45000    42.95000    43.45000    43.95000    44.45000    44.95000    45.45000    45.95000    46.45000    46.95000    47.45000    47.95000    48.45000    48.95000    49.45000    49.95000    50.45000    50.95000    51.45000    51.95000    52.45000    52.95000    53.45000    53.95000    54.45000    54.95000    55.45000    55.95000    56.45000    56.95000    57.45000    57.95000    58.45000    58.95000    59.45000    59.95000    60.45000    60.95000    61.45000    61.95000    62.45000    62.95000    63.45000    63.95000    64.45000    64.95000    65.45000    65.95000    66.45000    66.95000    67.45000    67.95000    68.45000    68.95000    69.45000    69.95000    70.45000    70.95000    71.45000    71.95000    72.45000    72.95000    73.45000    73.95000    74.45000    74.95000    75.45000    75.95000
    76.15000    75.65000    75.15000    74.65000    74.15000    73.65000    73.15000    72.65000    72.15000    71.65000    71.15000    70.65000    70.15000    69.65000    69.15000    68.65000    68.15000    67.65000    67.15000    66.65000    66.15000    65.65000    65.15000    64.65000    64.15000    63.65000    63.15000    62.65000    62.15000    61.65000    61.15000    60.65000    60.15000    59.65000    59.15000    58.65000    58.15000    57.65000    57.15000    56.65000    56.15000    55.65000    55.15000    54.65000    54.15000    53.65000    53.15000    52.65000    52.15000    51.65000    51.15000    50.65000    50.15000    49.65000    49.15000    48.65000    48.15000    47.65000    47.15000    46.65000    46.15000    45.65000    45.15000    44.65000    44.15000    43.65000    43.15000    42.65000    42.15000    41.65000    41.15000    40.65000    40.15000    39.65000    39.15000    38.65000    38.15000    37.65000    37.15000    36.65000    36.15000    36.15000    36.65000    37.15000    37.65000    38.15000    38.65000    39.15000    39.65000    40.15000    40.65000    41.15000    41.65000    42.15000    42.65000    43.15000    43.65000    44.15000    44.65000    45.15000    45.65000    46.15000    46.65000    47.15000    47.65000    48.15000    48.65000    49.15000    49.65000    50.15000    50.65000    51.15000    51.65000    52.15000    52.65000    53.15000    53.65000    54.15000    54.65000    55.15000    55.65000    56.15000    56.65000    57.15000    57.65000    58.15000    58.65000    59.15000    59.65000    60.15000    60.65000    61.15000    61.65000    62.15000    62.65000    63.15000    63.65000    64.15000    64.65000    65.15000    65.65000    66.15000    66.65000    67.15000    67.65000    68.15000    68.65000    69.15000    69.65000    70.15000    70.65000    71.15000    71.65000    72.15000    72.65000    73.15000    73.65000    74.15000    74.65000    75.15000    75.65000    76.15000
    76.35000    75.85000    75.35000    74.85000    74.35000    73.85000    73.35000    72.85000    72.35000    71.85000    71.35000    70.85000    70.35000    69.85000    69.35000    68.85000    68.35000    67.85000    67.35000    66.85000    66.35000    65.85000    65.35000    64.85000    64.35000    63.85000    63.35000    62.85000    62.35000    61.85000    61.35000    60.85000    60.35000    59.85000    59.35000    58.85000    58.35000    57.85000    57.35000    56.85000    56.35000    55.85000    55.35000    54.85000    54.35000    53.85000    53.35000    52.85000    52.35000    51.85000    51.35000    50.85000    50.35000    49.85000    49.35000    48.85000    48.35000    47.85000    47.35000    46.85000    46.35000    45.85000    45.35000    44.85000    44.35000    43.85000    43.35000    42.85000    42.35000    41.85000    41.35000    40.85000    40.35000    39.85000    39.35000    38.85000    38.35000    37.85000    37.35000    36.85000    36.35000    36.35000    36.85000    37.35000    37.85000    38.35000    38.85000    39.35000    39.85000    40.35000    40.85000    41.35000    41.85000    42.35000    42.85000    43.35000    43.85000    44.35000    44.85000    45.35000    45.85000    46.35000    46.85000    47.35000    47.85000    48.35000    48.85000    49.35000    49.85000    50.35000    50.85000    51.35000    51.85000    52.35000    52.85000    53.35000    53.85000    54.35000    54.85000    55.35000    55.85000    56.35000    56.85000    57.35000    57.85000    58.35000    58.85000    59.35000    59.85000    60.35000    60.85000    61.35000    61.85000    62.35000    62.85000    63.35000    63.85000    64.35000    64.85000    65.35000    65.85000    66.35000    66.85000    67.35000    67.85000    68.35000    68.85000    69.35000    69.85000    70.35000    70.85000    71.35000    71.85000    72.35000    72.85000    73.35000    73.85000    74.35000    74.85000    75.35000    75.85000    76.35000
    76.55000    76.05000    75.55000    75.05000    74.55000    74.05000    73.55000    73.05000    72.55000    72.05000    71.55000    71.05000    70.55000    70.05000    69.55000    69.05000    68.55000    68.05000    67.55000    67.05000    66.55000    66.05000    65.55000    65.05000    64.55000    64.05000    63.55000    63.05000    62.55000    62.05000    61.55000    61.05000    60.55000    60.05000    59.55000    59.05000    58.55000    58.05000    57.55000    57.05000    56.55000    56.05000    55.55000    55.05000    54.55000    54.05000    53.55000    53.05000    52.55000    52.05000    51.55000    51.05000    50.55000    50.05000    49.55000    49.05000    48.55000    48.05000    47.55000    47.05000    46.55000    46.05000    45.55000    45.05000    44.55000    44.05000    43.55000    43.05000    42.55000    42.05000    41.55000    41.05000    40.55000    40.05000    39.55000    39.05000    38.55000    38.05000    37.55000    37.05000    36.55000    36.55000    37.05000    37.55000    38.05000    38.55000    39.05000    39.55000    40.05000    40.55000    41.05000    41.55000    42.05000    42.55000    43.05000    43.55000    44.05000    44.55000    45.05000    45.55000    46.05000    46.55000    47.05000    47.55000    48.05000    48.55000    49.05000    49.55000    50.05000    50.55000    51.05000    51.55000    52.05000    52.55000    53.05000    53.55000    54.05000    54.55000    55.05000    55.55000    56.05000    56.55000    57.05000    57.55000    58.05000    58.55000    59.05000    59.55000    60.05000    60.55000    61.05000    61.55000    62.05000    62.55000    63.05000    63.55000    64.05000    64.55000    65.05000    65.55000    66.05000    66.55000    67.05000    67.55000    68.05000    68.55000    69.05000    69.55000    70.05000    70.55000    71.05000    71.55000    72.05000    72.55000    73.05000    73.55000    74.05000    74.55000    75.05000    75.55000    76.05000    76.55000
    76.75000    76.25000    75.75000    75.25000    74.75000    74.25000    73.75000    73.25000    72.75000    72.25000    71.75000    71.25000    70.75000    70.25000    69.75000    69.25000    68.75000    68.25000    67.75000    67.25000    66.75000    66.25000    65.75000    65.25000    64.75000    64.25000    63.75000    63.25000    62.75000    62.25000    61.75000    61.25000    60.75000    60.25000    59.75000    59.25000    58.75000    58.25000    57.75000    57.25000    56.75000    56.25000    55.75000    55.25000    54.75000    54.25000    53.75000    53.25000    52.75000    52.25000    51.75000    51.25000    50.75000    50.25000    49.75000    49.25000    48.75000    48.25000    47.75000    47.25000    46.75000    46.25000    45.75000    45.25000    44.75000    44.25000    43.75000    43.25000    42.75000    42.25000    41.75000    41.25000    40.75000    40.25000    39.75000    39.25000    38.75000    38.25000    37.75000    37.25000    36.75000    36.75000    37.25000    37.75000    38.25000    38.75000    39.25000    39.75000    40.25000    40.75000    41.25000    41.75000    42.25000    42.75000    43.25000    43.75000    44.25000    44.75000    45.25000    45.75000    46.25000    46.75000    47.25000    47.75000    48.25000    48.75000    49.25000    49.75000    50.25000    50.75000    51.25000    51.75000    52.25000    52.75000    53.25000    53.75000    54.25000    54.75000    55.25000    55.75000    56.25000    56.75000    57.25000    57.75000    58.25000    58.75000    59.25000    59.75000    60.25000    60.75000    61.25000    61.75000    62.25000    62.75000    63.25000    63.75000    64.25000    64.75000    65.25000    65.75000    66.25000    66.75000    67.25000    67.75000    68.25000    68.75000    69.25000    69.75000    70.25000    70.75000    71.25000    71.75000    72.25000    72.75000    73.25000    73.75000    74.25000    74.75000    75.25000    75.75000    76.25000    76.75000
    76.95000    76.45000    75.95000    75.45000    74.95000    74.45000    73.95000    73.45000    72.95000    72.45000    71.95000    71.45000    70.95000    70.45000    69.95000    69.45000    68.95000    68.45000    67.95000    67.45000    66.95000    66.45000    65.95000    65.45000    64.95000    64.45000    63.95000    63.45000    62.95000    62.45000    61.95000    61.45000    60.95000    60.45000    59.95000    59.45000    58.95000    58.45000    57.95000    57.45000    56.95000    56.45000    55.95000    55.45000    54.95000    54.45000    53.95000    53.45000    52.95000    52.45000    51.95000    51.45000    50.95000    50.45000    49.95000    49.45000    48.95000    48.45000    47.95000    47.45000    46.95000    46.45000    45.95000    45.45000    44.95000    44.45000    43.95000    43.45000    42.95000    42.45000    41.95000    41.45000    40.95000    40.45000    39.95000    39.45000    38.95000    38.45000    37.95000    37.45000    36.95000    36.95000    37.45000    37.95000    38.45000    38.95000    39.45000    39.95000    40.45000    40.95000    41.45000    41.95000    42.45000    42.95000    43.45000    43.95000    44.45000    44.95000    45.45000    45.95000    46.45000    46.95000    47.45000    47.95000    48.45000    48.95000    49.45000    49.95000    50.45000    50.95000    51.45000    51.95000    52.45000    52.95000    53.45000    53.95000    54.45000    54.95000    55.45000    55.95000    56.45000    56.95000    57.45000    57.95000    58.45000    58.95000    59.45000    59.95000    60.45000    60.95000    61.45000    61.95000    62.45000    62.95000    63.45000    63.95000    64.45000    64.95000    65.45000    65.95000    66.45000    66.95000    67.45000    67.95000    68.45000    68.95000    69.45000    69.95000    70.45000    70.95000    71.45000    71.95000    72.45000    72.95000    73.45000    73.95000    74.45000    74.95000    75.45000    75.95000    76.45000    76.95000
    77.15000    76.65000    76.15000    75.65000    75.15000    74.65000    74.15000    73.65000    73.15000    72.65000    72.15000    71.65000    71.15000    70.65000    70.15000    69.65000    69.15000    68.65000    68.15000    67.65000    67.15000    66.65000    66.15000    65.65000    65.15000    64.65000    64.15000    63.65000    63.15000    62.65000    62.15000    61.65000    61.15000    60.65000    60.15000    59.65000    59.15000    58.65000    58.15000    57.65000    57.15000    56.65000    56.15000    55.65000    55.15000    54.65000    54.15000    53.65000    53.15000    52.65000    52.15000    51.65000    51.15000    50.65000    50.15000    49.65000    49.15000    48.65000    48.15000    47.65000    47.15000    46.65000    46.15000    45.65000    45.15000    44.65000    44.15000    43.65000    43.15000    42.65000    42.15000    41.65000    41.15000    40.65000    40.15000    39.65000    39.15000    38.65000    38.15000    37.65000    37.15000    37.15000    37.65000    38.15000    38.65000    39.15000    39.65000    40.15000    40.65000    41.15000    41.65000    42.15000    42.65000    43.15000    43.65000    44.15000    44.65000    45.15000    45.65000    46.15000    46.65000    47.15000    47.65000    48.15000    48.65000    49.15000    49.65000    50.15000    50.65000    51.15000    51.65000    52.15000    52.65000    53.15000    53.65000    54.15000    54.65000    55.15000    55.65000    56.15000    56.65000    57.15000    57.65000    58.15000    58.65000    59.15000    59.65000    60.15000    60.65000    61.15000    61.65000    62.15000    62.65000    63.15000    63.65000    64.15000    64.65000    65.15000    65.65000    66.15000    66.65000    67.15000    67.65000    68.15000    68.65000    69.15000    69.65000    70.15000    70.65000    71.15000    71.65000    72.15000    72.65000    73.15000    73.65000    74.15000    74.65000    75.15000    75.65000    76.15000    76.65000    77.15000
    77.35000    76.85000    76.35000    75.85000    75.35000    74.85000    74.35000    73.85000    73.35000    72.85000    72.35000    71.85000    71.35000    70.85000    70.35000    69.85000    69.35000    68.85000    68.35000    67.85000    67.35000    66.85000    66.35000    65.85000    65.35000    64.85000    64.35000    63.85000    63.35000    62.85000    62.35000    61.85000    61.35000    60.85000    60.35000    59.85000    59.35000    58.85000    58.35000    57.85000    57.35000    56.85000    56.35000    55.85000    55.35000    54.85000    54.35000    53.85000    53.35000    52.85000    52.35000    51.85000    51.35000    50.85000    50.35000    49.85000    49.35000    48.85000    48.35000    47.85000    47.35000    46.85000    46.35000    45.85000    45.35000    44.85000    44.35000    43.85000    43.35000    42.85000    42.35000    41.85000    41.35000    40.85000    40.35000    39.85000    39.35000    38.85000    38.35000    37.85000    37.35000    37.35000    37.85000    38.35000    38.85000    39.35000    39.85000    40.35000    40.85000    41.35000    41.85000    42.35000    42.85000    43.35000    43.85000    44.35000    44.85000    45.35000    45.85000    46.35000    46.85000    47.35000    47.85000    48.35000    48.85000    49.35000    49.85000    50.35000    50.85000    51.35000    51.85000    52.35000    52.85000    53.35000    53.85000    54.35000    54.85000    55.35000    55.85000    56.35000    56.85000    57.35000    57.85000    58.35000    58.85000    59.35000    59.85000    60.35000    60.85000    61.35000    61.85000    62.35000    62.85000    63.35000    63.85000    64.35000    64.85000    65.35000    65.85000    66.35000    66.85000    67.35000    67.85000    68.35000    68.85000    69.35000    69.85000    70.35000    70.85000    71.35000    71.85000    72.35000    72.85000    73.35000    73.85000    74.35000    74.85000    75.35000    75.85000    76.35000    76.85000    77.35000
    77.55000    77.05000    76.55000    76.05000    75.55000    75.05000    74.55000    74.05000    73.55000    73.05000    72.55000    72.05000    71.55000    71.05000    70.55000    70.05000    69.55000    69.05000    68.55000    68.05000    67.55000    67.05000    66.55000    66.05000    65.55000    65.05000    64.55000    64.05000    63.55000    63.05000    62.55000    62.05000    61.55000    61.05000    60.55000    60.05000    59.55000    59.05000    58.55000    58.05000    57.55000    57.05000    56.55000    56.05000    55.55000    55.05000    54.55000    54.05000    53.55000    53.05000    52.55000    52.05000    51.55000    51.05000    50.55000    50.05000    49.55000    49.05000    48.55000    48.05000    47.55000    47.05000    46.55000    46.05000    45.55000    45.05000    44.55000    44.05000    43.55000    43.05000    42.55000    42.05000    41.55000    41.05000    40.55000    40.05000    39.55000    39.05000    38.55000    38.05000    37.55000    37.55000    38.05000    38.55000    39.05000    39.55000    40.05000    40.55000    41.05000    41.55000    42.05000    42.55000    43.05000    43.55000    44.05000    44.55000    45.05000    45.55000    46.05000    46.55000    47.05000    47.55000    48.05000    48.55000    49.05000    49.55000    50.05000    50.55000    51.05000    51.55000    52.05000    52.55000    53.05000    53.55000    54.05000    54.55000    55.05000    55.55000    56.05000    56.55000    57.05000    57.55000    58.05000    58.55000    59.05000    59.55000    60.05000    60.55000    61.05000    61.55000    62.05000    62.55000    63.05000    63.55000    64.05000    64.55000    65.05000    65.55000    66.05000    66.55000    67.05000    67.55000    68.05000    68.55000    69.05000    69.55000    70.05000    70.55000    71.05000    71.55000    72.05000    72.55000    73.05000    73.55000    74.05000    74.55000    75.05000    75.55000    76.05000    76.55000    77.05000    77.55000
    77.75000    77.25000    76.75000    76.25000    75.75000    75.25000    74.75000    74.25000    73.75000    73.25000    72.75000    72.25000    71.75000    71.25000    70.75000    70.25000    69.75000    69.25000    68.75000    68.25000    67.75000    67.25000    66.75000    66.25000    65.75000    65.25000    64.75000    64.25000    63.75000    63.25000    62.75000    62.25000    61.75000    61.25000    60.75000    60.25000    59.75000    59.25000    58.75000    58.25000    57.75000    57.25000    56.75000    56.25000    55.75000    55.25000    54.75000    54.25000    53.75000    53.25000    52.75000    52.25000    51.75000    51.25000    50.75000    50.25000    49.75000    49.25000    48.75000    48.25000    47.75000    47.25000    46.75000    46.25000    45.75000    45.25000    44.75000    44.25000    43.75000    43.25000    42.75000    42.25000    41.75000    41.25000    40.75000    40.25000    39.75000    39.25000    38.75000    38.25000    37.75000    37.75000    38.25000    38.75000    39.25000    39.75000    40.25000    40.75000    41.25000    41.75000    42.25000    42.75000    43.25000    43.75000    44.25000    44.75000    45.25000    45.75000    46.25000    46.75000    47.25000    47.75000    48.25000    48.75000    49.25000    49.75000    50.25000    50.75000    51.25000    51.75000    52.25000    52.75000    53.25000    53.75000    54.25000    54.75000    55.25000    55.75000    56.25000    56.75000    57.25000    57.75000    58.25000    58.75000    59.25000    59.75000    60.25000    60.75000    61.25000    61.75000    62.25000    62.75000    63.25000    63.75000    64.25000    64.75000    65.25000    65.75000    66.25000    66.75000    67.25000    67.75000    68.25000    68.75000    69.25000    69.75000    70.25000    70.75000    71.25000    71.75000    72.25000    72.75000    73.25000    73.75000    74.25000    74.75000    75.25000    75.75000    76.25000    76.75000    77.25000    77.75000
    77.95000    77.45000    76.95000    76.45000    75.95000    75.45000    74.95000    74.45000    73.95000    73.45000    72.95000    72.45000    71.95000    71.45000    70.95000    70.45000    69.95000    69.45000    68.95000    68.45000    67.95000    67.45000    66.95000    66.45000    65.95000    65.45000    64.95000    64.45000    63.95000    63.45000    62.95000    62.45000    61.95000    61.45000    60.95000    60.45000    59.95000    59.45000    58.95000    58.45000    57.95000    57.45000    56.95000    56.45000    55.95000    55.45000    54.95000    54.45000    53.95000    53.45000    52.95000    52.45000    51.95000    51.45000    50.95000    50.45000    49.95000    49.45000    48.95000    48.45000    47.95000    47.45000    46.95000    46.45000    45.95000    45.45000    44.95000    44.45000    43.95000    43.45000    42.95000    42.45000    41.95000    41.45000    40.95000    40.45000    39.95000    39.45000    38.95000    38.45000    37.95000    37.95000    38.45000    38.95000    39.45000    39.95000    40.45000    40.95000    41.45000    41.95000    42.45000    42.95000    43.45000    43.95000    44.45000    44.95000    45.45000    45.95000    46.45000    46.95000    47.45000    47.95000    48.45000    48.95000    49.45000    49.95000    50.45000    50.95000    51.45000    51.95000    52.45000    52.95000    53.45000    53.95000    54.45000    54.95000    55.45000    55.95000    56.45000    56.95000    57.45000    57.95000    58.45000    58.95000    59.45000    59.95000    60.45000    60.95000    61.45000    61.95000    62.45000    62.95000    63.45000    63.95000    64.45000    64.95000    65.45000    65.95000    66.45000    66.95000    67.45000    67.95000    68.45000    68.95000    69.45000    69.95000    70.45000    70.95000    71.45000    71.95000    72.45000    72.95000    73.45000    73.95000    74.45000    74.95000    75.45000    75.95000    76.45000    76.95000    77.45000    77.95000
    78.15000    77.65000    77.15000    76.65000    76.15000    75.65000    75.15000    74.65000    74.15000    73.65000    73.15000    72.65000    72.15000    71.65000    71.15000    70.65000    70.15000    69.65000    69.15000    68.65000    68.15000    67.65000    67.15000    66.65000    66.15000    65.65000    65.15000    64.65000    64.15000    63.65000    63.15000    62.65000    62.15000    61.65000    61.15000    60.65000    60.15000    59.65000    59.15000    58.65000    58.15000    57.65000    57.15000    56.65000    56.15000    55.65000    55.15000    54.65000    54.15000    53.65000    53.15000    52.65000    52.15000    51.65000    51.15000    50.65000    50.15000    49.65000    49.15000    48.65000    48.15000    47.65000    47.15000    46.65000    46.15000    45.65000    45.15000    44.65000    44.15000    43.65000    43.15000    42.65000    42.15000    41.65000    41.15000    40.65000    40.15000    39.65000    39.15000    38.65000    38.15000    38.15000    38.65000    39.15000    39.65000    40.15000    40.65000    41.15000    41.65000    42.15000    42.65000    43.15000    43.65000    44.15000    44.65000    45.15000    45.65000    46.15000    46.65000    47.15000    47.65000    48.15000    48.65000    49.15000    49.65000    50.15000    50.65000    51.15000    51.65000    52.15000    52.65000    53.15000    53.65000    54.15000    54.65000    55.15000    55.65000    56.15000    56.65000    57.15000    57.65000    58.15000    58.65000    59.15000    59.65000    60.15000    60.65000    61.15000    61.65000    62.15000    62.65000    63.15000    63.65000    64.15000    64.65000    65.15000    65.65000    66.15000    66.65000    67.15000    67.65000    68.15000    68.65000    69.15000    69.65000    70.15000    70.65000    71.15000    71.65000    72.15000    72.65000    73.15000    73.65000    74.15000    74.65000    75.15000    75.65000    76.15000    76.65000    77.15000    77.65000    78.15000
    78.35000    77.85000    77.35000    76.85000    76.35000    75.85000    75.35000    74.85000    74.35000    73.85000    73.35000    72.85000    72.35000    71.85000    71.35000    70.85000    70.35000    69.85000    69.35000    68.85000    68.35000    67.85000    67.35000    66.85000    66.35000    65.85000    65.35000    64.85000    64.35000    63.85000    63.35000    62.85000    62.35000    61.85000    61.35000    60.85000    60.35000    59.85000    59.35000    58.85000    58.35000    57.85000    57.35000    56.85000    56.35000    55.85000    55.35000    54.85000    54.35000    53.85000    53.35000    52.85000    52.35000    51.85000    51.35000    50.85000    50.35000    49.85000    49.35000    48.85000    48.35000    47.85000    47.35000    46.85000    46.35000    45.85000    45.35000    44.85000    44.35000    43.85000    43.35000    42.85000    42.35000    41.85000    41.35000    40.85000    40.35000    39.85000    39.35000    38.85000    38.35000    38.35000    38.85000    39.35000    39.85000    40.35000    40.85000    41.35000    41.85000    42.35000    42.85000    43.35000    43.85000    44.35000    44.85000    45.35000    45.85000    46.35000    46.85000    47.35000    47.85000    48.35000    48.85000    49.35000    49.85000    50.35000    50.85000    51.35000    51.85000    52.35000    52.85000    53.35000    53.85000    54.35000    54.85000    55.35000    55.85000    56.35000    56.85000    57.35000    57.85000    58.35000    58.85000    59.35000    59.85000    60.35000    60.85000    61.35000    61.85000    62.35000    62.85000    63.35000    63.85000    64.35000    64.85000    65.35000    65.85000    66.35000    66.85000    67.35000    67.85000    68.35000    68.85000    69.35000    69.85000    70.35000    70.85000    71.35000    71.85000    72.35000    72.85000    73.35000    73.85000    74.35000    74.85000    75.35000    75.85000    76.35000    76.85000    77.35000    77.85000    78.35000
    78.55000    78.05000    77.55000    77.05000    76.55000    76.05000    75.55000    75.05000    74.55000    74.05000    73.55000    73.05000    72.55000    72.05000    71.55000    71.05000    70.55000    70.05000    69.55000    69.05000    68.55000    68.05000    67.55000    67.05000    66.55000    66.05000    65.55000    65.05000    64.55000    64.05000    63.55000    63.05000    62.55000    62.05000    61.55000    61.05000    60.55000    60.05000    59.55000    59.05000    58.55000    58.05000    57.55000    57.05000    56.55000    56.05000    55.55000    55.05000    54.55000    54.05000    53.55000    53.05000    52.55000    52.05000    51.55000    51.05000    50.55000    50.05000    49.55000    49.05000    48.55000    48.05000    47.55000    47.05000    46.55000    46.05000    45.55000    45.05000    44.55000    44.05000    43.55000    43.05000    42.55000    42.05000    41.55000    41.05000    40.55000    40.05000    39.55000    39.05000    38.55000    38.55000    39.05000    39.55000    40.05000    40.55000    41.05000    41.55000    42.05000    42.55000    43.05000    43.55000    44.05000    44.55000    45.05000    45.55000    46.05000    46.55000    47.05000    47.55000    48.05000    48.55000    49.05000    49.55000    50.05000    50.55000    51.05000    51.55000    52.05000    52.55000    53.05000    53.55000    54.05000    54.55000    55.05000    55.55000    56.05000    56.55000    57.05000    57.55000    58.05000    58.55000    59.05000    59.55000    60.05000    60.55000    61.05000    61.55000    62.05000    62.55000    63.05000    63.55000    64.05000    64.55000    65.05000    65.55000    66.05000    66.55000    67.05000    67.55000    68.05000    68.55000    69.05000    69.55000    70.05000    70.55000    71.05000    71.55000    72.05000    72.55000    73.05000    73.55000    74.05000    74.55000    75.05000    75.55000    76.05000    76.55000    77.05000    77.55000    78.05000    78.55000
    78.75000    78.25000    77.75000    77.25000    76.75000    76.25000    75.75000    75.25000    74.75000    74.25000    73.75000    73.25000    72.75000    72.25000    71.75000    71.25000    70.75000    70.25000    69.75000    69.25000    68.75000    68.25000    67.75000    67.25000    66.75000    66.25000    65.75000    65.25000    64.75000    64.25000    63.75000    63.25000    62.75000    62.25000    61.75000    61.25000    60.75000    60.25000    59.75000    59.25000    58.75000    58.25000    57.75000    57.25000    56.75000    56.25000    55.75000    55.25000    54.75000    54.25000    53.75000    53.25000    52.75000    52.25000    51.75000    51.25000    50.75000    50.25000    49.75000    49.25000    48.75000    48.25000    47.75000    47.25000    46.75000    46.25000    45.75000    45.25000    44.75000    44.25000    43.75000    43.25000    42.75000    42.25000    41.75000    41.25000    40.75000    40.25000    39.75000    39.25000    38.75000    38.75000    39.25000    39.75000    40.25000    40.75000    41.25000    41.75000    42.25000    42.75000    43.25000    43.75000    44.25000    44.75000    45.25000    45.75000    46.25000    46.75000    47.25000    47.75000    48.25000    48.75000    49.25000    49.75000    50.25000    50.75000    51.25000    51.75000    52.25000    52.75000    53.25000    53.75000    54.25000    54.75000    55.25000    55.75000    56.25000    56.75000    57.25000    57.75000    58.25000    58.75000    59.25000    59.75000    60.25000    60.75000    61.25000    61.75000    62.25000    62.75000    63.25000    63.75000    64.25000    64.75000    65.25000    65.75000    66.25000    66.75000    67.25000    67.75000    68.25000    68.75000    69.25000    69.75000    70.25000    70.75000    71.25000    71.75000    72.25000    72.75000    73.25000    73.75000    74.25000    74.75000    75.25000    75.75000    76.25000    76.75000    77.25000    77.75000    78.25000    78.75000
    78.95000    78.45000    77.95000    77.45000    76.95000    76.45000    75.95000    75.45000    74.95000    74.45000    73.95000    73.45000    72.95000    72.45000    71.95000    71.45000    70.95000    70.45000    69.95000    69.45000    68.95000    68.45000    67.95000    67.45000    66.95000    66.45000    65.95000    65.45000    64.95000    64.45000    63.95000    63.45000    62.95000    62.45000    61.95000    61.45000    60.95000    60.45000    59.95000    59.45000    58.95000    58.45000    57.95000    57.45000    56.95000    56.45000    55.95000    55.45000    54.95000    54.45000    53.95000    53.45000    52.95000    52.45000    51.95000    51.45000    50.95000    50.45000    49.95000    49.45000    48.95000    48.45000    47.95000    47.45000    46.95000    46.45000    45.95000    45.45000    44.95000    44.45000    43.95000    43.45000    42.95000    42.45000    41.95000    41.45000    40.95000    40.45000    39.95000    39.45000    38.95000    38.95000    39.45000    39.95000    40.45000    40.95000    41.45000    41.95000    42.45000    42.95000    43.45000    43.95000    44.45000    44.95000    45.45000    45.95000    46.45000    46.95000    47.45000    47.95000    48.45000    48.95000    49.45000    49.95000    50.45000    50.95000    51.45000    51.95000    52.45000    52.95000    53.45000    53.95000    54.45000    54.95000    55.45000    55.95000    56.45000    56.95000    57.45000    57.95000    58.45000    58.95000    59.45000    59.95000    60.45000    60.95000    61.45000    61.95000    62.45000    62.95000    63.45000    63.95000    64.45000    64.95000    65.45000    65.95000    66.45000    66.95000    67.45000    67.95000    68.45000    68.95000    69.45000    69.95000    70.45000    70.95000    71.45000    71.95000    72.45000    72.95000    73.45000    73.95000    74.45000    74.95000    75.45000    75.95000    76.45000    76.95000    77.45000    77.95000    78.45000    78.95000
    79.15000    78.65000    78.15000    77.65000    77.15000    76.65000    76.15000    75.65000    75.15000    74.65000    74.15000    73.65000    73.15000    72.65000    72.15000    71.65000    71.15000    70.65000    70.15000    69.65000    69.15000    68.65000    68.15000    67.65000    67.15000    66.65000    66.15000    65.65000    65.15000    64.65000    64.15000    63.65000    63.15000    62.65000    62.15000    61.65000    61.15000    60.65000    60.15000    59.65000    59.15000    58.65000    58.15000    57.65000    57.15000    56.65000    56.15000    55.65000    55.15000    54.65000    54.15000    53.65000    53.15000    52.65000    52.15000    51.65000    51.15000    50.65000    50.15000    49.65000    49.15000    48.65000    48.15000    47.65000    47.15000    46.65000    46.15000    45.65000    45.15000    44.65000    44.15000    43.65000    43.15000    42.65000    42.15000    41.65000    41.15000    40.65000    40.15000    39.65000    39.15000    39.15000    39.65000    40.15000    40.65000    41.15000    41.65000    42.15000    42.65000    43.15000    43.65000    44.15000    44.65000    45.15000    45.65000    46.15000    46.65000    47.15000    47.65000    48.15000    48.65000    49.15000    49.65000    50.15000    50.65000    51.15000    51.65000    52.15000    52.65000    53.15000    53.65000    54.15000    54.65000    55.15000    55.65000    56.15000    56.65000    57.15000    57.65000    58.15000    58.65000    59.15000    59.65000    60.15000    60.65000    61.15000    61.65000    62.15000    62.65000    63.15000    63.65000    64.15000    64.65000    65.15000    65.65000    66.15000    66.65000    67.15000    67.65000    68.15000    68.65000    69.15000    69.65000    70.15000    70.65000    71.15000    71.65000    72.15000    72.65000    73.15000    73.65000    74.15000    74.65000    75.15000    75.65000    76.15000    76.65000    77.15000    77.65000    78.15000    78.65000    79.15000
    79.35000    78.85000    78.35000    77.85000    77.35000    76.85000    76.35000    75.85000    75.35000    74.85000    74.35000    73.85000    73.35000    72.85000    72.35000    71.85000    71.35000    70.85000    70.35000    69.85000    69.35000    68.85000    68.35000    67.85000    67.35000    66.85000    66.35000    65.85000    65.35000    64.85000    64.35000    63.85000    63.35000    62.85000    62.35000    61.85000    61.35000    60.85000    60.35000    59.85000    59.35000    58.85000    58.35000    57.85000    57.35000    56.85000    56.35000    55.85000    55.35000    54.85000    54.35000    53.85000    53.35000    52.85000    52.35000    51.85000    51.35000    50.85000    50.35000    49.85000    49.35000    48.85000    48.35000    47.85000    47.35000    46.85000    46.35000    45.85000    45.35000    44.85000    44.35000    43.85000    43.35000    42.85000    42.35000    41.85000    41.35000    40.85000    40.35000    39.85000    39.35000    39.35000    39.85000    40.35000    40.85000    41.35000    41.85000    42.35000    42.85000    43.35000    43.85000    44.35000    44.85000    45.35000    45.85000    46.35000    46.85000    47.35000    47.85000    48.35000    48.85000    49.35000    49.85000    50.35000    50.85000    51.35000    51.85000    52.35000    52.85000    53.35000    53.85000    54.35000    54.85000    55.35000    55.85000    56.35000    56.85000    57.35000    57.85000    58.35000    58.85000    59.35000    59.85000    60.35000    60.85000    61.35000    61.85000    62.35000    62.85000    63.35000    63.85000    64.35000    64.85000    65.35000    65.85000    66.35000    66.85000    67.35000    67.85000    68.35000    68.85000    69.35000    69.85000    70.35000    70.85000    71.35000    71.85000    72.35000    72.85000    73.35000    73.85000    74.35000    74.85000    75.35000    75.85000    76.35000    76.85000    77.35000    77.85000    78.35000    78.85000    79.35000
    79.55000    79.05000    78.55000    78.05000    77.55000    77.05000    76.55000    76.05000    75.55000    75.05000    74.55000    74.05000    73.55000    73.05000    72.55000    72.05000    71.55000    71.05000    70.55000    70.05000    69.55000    69.05000    68.55000    68.05000    67.55000    67.05000    66.55000    66.05000    65.55000    65.05000    64.55000    64.05000    63.55000    63.05000    62.55000    62.05000    61.55000    61.05000    60.55000    60.05000    59.55000    59.05000    58.55000    58.05000    57.55000    57.05000    56.55000    56.05000    55.55000    55.05000    54.55000    54.05000    53.55000    53.05000    52.55000    52.05000    51.55000    51.05000    50.55000    50.05000    49.55000    49.05000    48.55000    48.05000    47.55000    47.05000    46.55000    46.05000    45.55000    45.05000    44.55000    44.05000    43.55000    43.05000    42.55000    42.05000    41.55000    41.05000    40.55000    40.05000    39.55000    39.55000    40.05000    40.55000    41.05000    41.55000    42.05000    42.55000    43.05000    43.55000    44.05000    44.55000    45.05000    45.55000    46.05000    46.55000    47.05000    47.55000    48.05000    48.55000    49.05000    49.55000    50.05000    50.55000    51.05000    51.55000    52.05000    52.55000    53.05000    53.55000    54.05000    54.55000    55.05000    55.55000    56.05000    56.55000    57.05000    57.55000    58.05000    58.55000    59.05000    59.55000    60.05000    60.55000    61.05000    61.55000    62.05000    62.55000    63.05000    63.55000    64.05000    64.55000    65.05000    65.55000    66.05000    66.55000    67.05000    67.55000    68.05000    68.55000    69.05000    69.55000    70.05000    70.55000    71.05000    71.55000    72.05000    72.55000    73.05000    73.55000    74.05000    74.55000    75.05000    75.55000    76.05000    76.55000    77.05000    77.55000    78.05000    78.55000    79.05000    79.55000
    79.75000    79.25000    78.75000    78.25000    77.75000    77.25000    76.75000    76.25000    75.75000    75.25000    74.75000    74.25000    73.75000    73.25000    72.75000    72.25000    71.75000    71.25000    70.75000    70.25000    69.75000    69.25000    68.75000    68.25000    67.75000    67.25000    66.75000    66.25000    65.75000    65.25000    64.75000    64.25000    63.75000    63.25000    62.75000    62.25000    61.75000    61.25000    60.75000    60.25000    59.75000    59.25000    58.75000    58.25000    57.75000    57.25000    56.75000    56.25000    55.75000    55.25000    54.75000    54.25000    53.75000    53.25000    52.75000    52.25000    51.75000    51.25000    50.75000    50.25000    49.75000    49.25000    48.75000    48.25000    47.75000    47.25000    46.75000    46.25000    45.75000    45.25000    44.75000    44.25000    43.75000    43.25000    42.75000    42.25000    41.75000    41.25000    40.75000    40.25000    39.75000    39.75000    40.25000    40.75000    41.25000    41.75000    42.25000    42.75000    43.25000    43.75000    44.25000    44.75000    45.25000    45.75000    46.25000    46.75000    47.25000    47.75000    48.25000    48.75000    49.25000    49.75000    50.25000    50.75000    51.25000    51.75000    52.25000    52.75000    53.25000    53.75000    54.25000    54.75000    55.25000    55.75000    56.25000    56.75000    57.25000    57.75000    58.25000    58.75000    59.25000    59.75000    60.25000    60.75000    61.25000    61.75000    62.25000    62.75000    63.25000    63.75000    64.25000    64.75000    65.25000    65.75000    66.25000    66.75000    67.25000    67.75000    68.25000    68.75000    69.25000    69.75000    70.25000    70.75000    71.25000    71.75000    72.25000    72.75000    73.25000    73.75000    74.25000    74.75000    75.25000    75.75000    76.25000    76.75000    77.25000    77.75000    78.25000    78.75000    79.25000    79.75000
    79.95000    79.45000    78.95000    78.45000    77.95000    77.45000    76.95000    76.45000    75.95000    75.45000    74.95000    74.45000    73.95000    73.45000    72.95000    72.45000    71.95000    71.45000    70.95000    70.45000    69.95000    69.45000    68.95000    68.45000    67.95000    67.45000    66.95000    66.45000    65.95000    65.45000    64.95000    64.45000    63.95000    63.45000    62.95000    62.45000    61.95000    61.45000    60.95000    60.45000    59.95000    59.45000    58.95000    58.45000    57.95000    57.45000    56.95000    56.45000    55.95000    55.45000    54.95000    54.45000    53.95000    53.45000    52.95000    52.45000    51.95000    51.45000    50.95000    50.45000    49.95000    49.45000    48.95000    48.45000    47.95000    47.45000    46.95000    46.45000    45.95000    45.45000    44.95000    44.45000    43.95000    43.45000    42.95000    42.45000    41.95000    41.45000    40.95000    40.45000    39.95000    39.95000    40.45000    40.95000    41.45000    41.95000    42.45000    42.95000    43.45000    43.95000    44.45000    44.95000    45.45000    45.95000    46.45000    46.95000    47.45000    47.95000    48.45000    48.95000    49.45000    49.95000    50.45000    50.95000    51.45000    51.95000    52.45000    52.95000    53.45000    53.95000    54.45000    54.95000    55.45000    55.95000    56.45000    56.95000    57.45000    57.95000    58.45000    58.95000    59.45000    59.95000    60.45000    60.95000    61.45000    61.95000    62.45000    62.95000    63.45000    63.95000    64.45000    64.95000    65.45000    65.95000    66.45000    66.95000    67.45000    67.95000    68.45000    68.95000    69.45000    69.95000    70.45000    70.95000    71.45000    71.95000    72.45000    72.95000    73.45000    73.95000    74.45000    74.95000    75.45000    75.95000    76.45000    76.95000    77.45000    77.95000    78.45000    78.95000    79.45000    79.95000
    80.15000    79.65000    79.15000    78.65000    78.15000    77.65000    77.15000    76.65000    76.15000    75.65000    75.15000    74.65000    74.15000    73.65000    73.15000    72.65000    72.15000    71.65000    71.15000    70.65000    70.15000    69.65000    69.15000    68.65000    68.15000    67.65000    67.15000    66.65000    66.15000    65.65000    65.15000    64.65000    64.15000    63.65000    63.15000    62.65000    62.15000    61.65000    61.15000    60.65000    60.15000    59.65000    59.15000    58.65000    58.15000    57.65000    57.15000    56.65000    56.15000    55.65000    55.15000    54.65000    54.15000    53.65000    53.15000    52.65000    52.15000    51.65000    51.15000    50.65000    50.15000    49.65000    49.15000    48.65000    48.15000    47.65000    47.15000    46.65000    46.15000    45.65000    45.15000    44.65000    44.15000    43.65000    43.15000    42.65000    42.15000    41.65000    41.15000    40.65000    40.15000    40.15000    40.65000    41.15000    41.65000    42.15000    42.65000    43.15000    43.65000    44.15000    44.65000    45.15000    45.65000    46.15000    46.65000    47.15000    47.65000    48.15000    48.65000    49.15000    49.65000    50.15000    50.65000    51.15000    51.65000    52.15000    52.65000    53.15000    53.65000    54.15000    54.65000    55.15000    55.65000    56.15000    56.65000    57.15000    57.65000    58.15000    58.65000    59.15000    59.65000    60.15000    60.65000    61.15000    61.65000    62.15000    62.65000    63.15000    63.65000    64.15000    64.65000    65.15000    65.65000    66.15000    66.65000    67.15000    67.65000    68.15000    68.65000    69.15000    69.65000    70.15000    70.65000    71.15000    71.65000    72.15000    72.65000    73.15000    73.65000    74.15000    74.65000    75.15000    75.65000    76.15000    76.65000    77.15000    77.65000    78.15000    78.65000    79.15000    79.65000    80.15000
