     0.00000     0.00000     0.00000     0.00000     0.00000     0.00000     0.00000     0.00000     0.00000     0.00000     0.00000     0.00000     0.00000     0.00000     0.00000     0.00000     0.00000     0.00000     0.00000     0.00000     0.00000     0.00000     0.00000     0.00000     0.00000     0.00000     0.00000     0.00000     0.00000     0.00000     0.00000     0.00000     0.00000     0.00000     0.00000     0.00000     0.00000     0.00000     0.00000     0.00000     0.00000     0.00000     0.00000     0.00000     0.00000     0.00000     0.00000     0.00000     0.00000     0.00000     0.00000     0.00000     0.00000     0.00000     0.00000     0.00000     0.00000     0.00000     0.00000     0.00000     0.00000     0.00000     0.00000     0.00000     0.00000     0.00000     0.00000     0.00000     0.00000     0.00000     0.00000     0.00000     0.00000     0.00000     0.00000     0.00000     0.00000     0.00000     0.00000     0.00000     0.00000     0.00000     0.00000     0.00000     0.00000     0.00000     0.00000     0.00000     0.00000     0.00000     0.00000     0.00000     0.00000     0.00000     0.00000     0.00000     0.00000     0.00000     0.00000     0.00000     0.00000     0.00000     0.00000     0.00000     0.00000     0.00000     0.00000     0.00000     0.00000     0.00000     0.00000     0.00000     0.00000     0.00000   -62.30683     0.00000     0.00000     0.00000     0.00000     0.00000     0.00000     0.00000     0.00000     0.00000     0.00000     0.00000     0.00000     0.00000     0.00000     0.00000     0.00000     0.00000     0.00000     0.00000     0.00000     0.00000     0.00000     0.00000     0.00000     0.00000     0.00000     0.00000     0.00000     0.00000     0.00000     0.00000     0.00000     0.00000     0.00000     0.00000     0.00000     0.00000     0.00000     0.00000     0.00000     0.00000     0.00000     0.00000     0.00000     0.00000     0.00000     0.00000     0.00000     0.00000     0.00000     0.00000     0.00000     0.00000     0.00000     0.00000     0.00000     0.00000     0.00000     0.00000     0.00000     0.00000     0.00000     0.00000     0.00000     0.00000     0.00000     0.00000     0.00000     0.00000     0.00000     0.00000     0.00000     0.00000     0.00000     0.00000     0.00000     0.00000     0.00000     0.00000     0.00000     0.00000     0.00000     0.00000     0.00000     0.00000     0.00000     0.00000     0.00000     0.00000     0.00000     0.00000     0.00000     0.00000     0.00000     0.00000     0.00000     0.00000     0.00000     0.00000     0.00000     0.00000     0.00000     0.00000     0.00000     0.00000     0.00000     0.00000     0.00000     0.00000     0.00000     0.00000     0.00000     0.00000     0.00000
     0.00000     0.00000     0.00000     0.00000     0.00000     0.00000     0.00000     0.00000     0.00000     0.00000     0.00000     0.00000     0.00000     0.00000     0.00000     0.00000     0.00000     0.00000     0.00000     0.00000     0.00000     0.00000     0.00000     0.00000     0.00000     0.00000     0.00000     0.00000     0.00000     0.00000     0.00000     0.00000     0.00000     0.00000     0.00000     0.00000     0.00000     0.00000     0.00000     0.00000     0.00000     0.00000     0.00000     0.00000     0.00000     0.00000     0.00000     0.00000     0.00000     0.00000     0.00000     0.00000     0.00000     0.00000     0.00000     0.00000     0.00000     0.00000     0.00000     0.00000     0.00000     0.00000     0.00000     0.00000     0.00000     0.00000     0.00000     0.00000     0.00000     0.00000     0.00000     0.00000     0.00000     0.00000     0.00000     0.00000     0.00000     0.00000     0.00000     0.00000     0.00000     0.00000     0.00000     0.00000     0.00000     0.00000     0.00000     0.00000     0.00000     0.00000     0.00000     0.00000     0.00000     0.00000     0.00000     0.00000     0.00000     0.00000     0.00000     0.00000     0.00000     0.00000     0.00000     0.00000     0.00000     0.00000     0.00000     0.00000     0.00000     0.00000     0.00000     0.00000     0.00000   -62.30683   -62.29976   -62.29269     0.00000     0.00000     0.00000     0.00000     0.00000     0.00000     0.00000     0.00000     0.00000     0.00000     0.00000     0.00000     0.00000     0.00000     0.00000     0.00000     0.00000     0.00000     0.00000     0.00000     0.00000     0.00000     0.00000     0.00000     0.00000     0.00000     0.00000     0.00000     0.00000     0.00000     0.00000     0.00000     0.00000     0.00000     0.00000     0.00000     0.00000     0.00000     0.00000     0.00000     0.00000     0.00000     0.00000     0.00000     0.00000     0.00000     0.00000     0.00000     0.00000     0.00000     0.00000     0.00000     0.00000     0.00000     0.00000     0.00000     0.00000     0.00000     0.00000     0.00000     0.00000     0.00000     0.00000     0.00000     0.00000     0.00000     0.00000     0.00000     0.00000     0.00000     0.00000     0.00000     0.00000     0.00000     0.00000     0.00000     0.00000     0.00000     0.00000     0.00000     0.00000     0.00000     0.00000     0.00000     0.00000     0.00000     0.00000     0.00000     0.00000     0.00000     0.00000     0.00000     0.00000     0.00000     0.00000     0.00000     0.00000     0.00000     0.00000     0.00000     0.00000     0.00000     0.00000     0.00000     0.00000     0.00000     0.00000     0.00000     0.00000     0.00000     0.00000     0.00000     0.00000
     0.00000     0.00000     0.00000     0.00000     0.00000     0.00000     0.00000     0.00000     0.00000     0.00000     0.00000     0.00000     0.00000     0.00000     0.00000     0.00000     0.00000     0.00000     0.00000     0.00000     0.00000     0.00000     0.00000     0.00000     0.00000     0.00000     0.00000     0.00000     0.00000     0.00000     0.00000     0.00000     0.00000     0.00000     0.00000     0.00000     0.00000     0.00000     0.00000     0.00000     0.00000     0.00000     0.00000     0.00000     0.00000     0.00000     0.00000     0.00000     0.00000     0.00000     0.00000     0.00000     0.00000     0.00000     0.00000     0.00000     0.00000     0.00000     0.00000     0.00000     0.00000     0.00000     0.00000     0.00000     0.00000     0.00000     0.00000     0.00000     0.00000     0.00000     0.00000     0.00000     0.00000     0.00000     0.00000     0.00000     0.00000     0.00000     0.00000     0.00000     0.00000     0.00000     0.00000     0.00000     0.00000     0.00000     0.00000     0.00000     0.00000     0.00000     0.00000     0.00000     0.00000     0.00000     0.00000     0.00000     0.00000     0.00000     0.00000     0.00000     0.00000     0.00000     0.00000     0.00000     0.00000     0.00000     0.00000     0.00000     0.00000     0.00000     0.00000     0.00000   -62.30683   -62.29976   -62.29269   -62.28561   -62.27854     0.00000     0.00000     0.00000     0.00000     0.00000     0.00000     0.00000     0.00000     0.00000     0.00000     0.00000     0.00000     0.00000     0.00000     0.00000     0.00000     0.00000     0.00000     0.00000     0.00000     0.00000     0.00000     0.00000     0.00000     0.00000     0.00000     0.00000     0.00000     0.00000     0.00000     0.00000     0.00000     0.00000     0.00000     0.00000     0.00000     0.00000     0.00000     0.00000     0.00000     0.00000     0.00000     0.00000     0.00000     0.00000     0.00000     0.00000     0.00000     0.00000     0.00000     0.00000     0.00000     0.00000     0.00000     0.00000     0.00000     0.00000     0.00000     0.00000     0.00000     0.00000     0.00000     0.00000     0.00000     0.00000     0.00000     0.00000     0.00000     0.00000     0.00000     0.00000     0.00000     0.00000     0.00000     0.00000     0.00000     0.00000     0.00000     0.00000     0.00000     0.00000     0.00000     0.00000     0.00000     0.00000     0.00000     0.00000     0.00000     0.00000     0.00000     0.00000     0.00000     0.00000     0.00000     0.00000     0.00000     0.00000     0.00000     0.00000     0.00000     0.00000     0.00000     0.00000     0.00000     0.00000     0.00000     0.00000     0.00000     0.00000     0.00000     0.00000     0.00000
     0.00000     0.00000     0.00000     0.00000     0.00000     0.00000     0.00000     0.00000     0.00000     0.00000     0.00000     0.00000     0.00000     0.00000     0.00000     0.00000     0.00000     0.00000     0.00000     0.00000     0.00000     0.00000     0.00000     0.00000     0.00000     0.00000     0.00000     0.00000     0.00000     0.00000     0.00000     0.00000     0.00000     0.00000     0.00000     0.00000     0.00000     0.00000     0.00000     0.00000     0.00000     0.00000     0.00000     0.00000     0.00000     0.00000     0.00000     0.00000     0.00000     0.00000     0.00000     0.00000     0.00000     0.00000     0.00000     0.00000     0.00000     0.00000     0.00000     0.00000     0.00000     0.00000     0.00000     0.00000     0.00000     0.00000     0.00000     0.00000     0.00000     0.00000     0.00000     0.00000     0.00000     0.00000     0.00000     0.00000     0.00000     0.00000     0.00000     0.00000     0.00000     0.00000     0.00000     0.00000     0.00000     0.00000     0.00000     0.00000     0.00000     0.00000     0.00000     0.00000     0.00000     0.00000     0.00000     0.00000     0.00000     0.00000     0.00000     0.00000     0.00000     0.00000     0.00000     0.00000     0.00000     0.00000     0.00000     0.00000     0.00000     0.00000     0.00000   -62.30683   -62.29976   -62.29269   -62.28561   -62.27854   -62.27147   -62.26440     0.00000     0.00000     0.00000     0.00000     0.00000     0.00000     0.00000     0.00000     0.00000     0.00000     0.00000     0.00000     0.00000     0.00000     0.00000     0.00000     0.00000     0.00000     0.00000     0.00000     0.00000     0.00000     0.00000     0.00000     0.00000     0.00000     0.00000     0.00000     0.00000     0.00000     0.00000     0.00000     0.00000     0.00000     0.00000     0.00000     0.00000     0.00000     0.00000     0.00000     0.00000     0.00000     0.00000     0.00000     0.00000     0.00000     0.00000     0.00000     0.00000     0.00000     0.00000     0.00000     0.00000     0.00000     0.00000     0.00000     0.00000     0.00000     0.00000     0.00000     0.00000     0.00000     0.00000     0.00000     0.00000     0.00000     0.00000     0.00000     0.00000     0.00000     0.00000     0.00000     0.00000     0.00000     0.00000     0.00000     0.00000     0.00000     0.00000     0.00000     0.00000     0.00000     0.00000     0.00000     0.00000     0.00000     0.00000     0.00000     0.00000     0.00000     0.00000     0.00000     0.00000     0.00000     0.00000     0.00000     0.00000     0.00000     0.00000     0.00000     0.00000     0.00000     0.00000     0.00000     0.00000     0.00000     0.00000     0.00000     0.00000     0.00000     0.00000
     0.00000     0.00000     0.00000     0.00000     0.00000     0.00000     0.00000     0.00000     0.00000     0.00000     0.00000     0.00000     0.00000     0.00000     0.00000     0.00000     0.00000     0.00000     0.00000     0.00000     0.00000     0.00000     0.00000     0.00000     0.00000     0.00000     0.00000     0.00000     0.00000     0.00000     0.00000     0.00000     0.00000     0.00000     0.00000     0.00000     0.00000     0.00000     0.00000     0.00000     0.00000     0.00000     0.00000     0.00000     0.00000     0.00000     0.00000     0.00000     0.00000     0.00000     0.00000     0.00000     0.00000     0.00000     0.00000     0.00000     0.00000     0.00000     0.00000     0.00000     0.00000     0.00000     0.00000     0.00000     0.00000     0.00000     0.00000     0.00000     0.00000     0.00000     0.00000     0.00000     0.00000     0.00000     0.00000     0.00000     0.00000     0.00000     0.00000     0.00000     0.00000     0.00000     0.00000     0.00000     0.00000     0.00000     0.00000     0.00000     0.00000     0.00000     0.00000     0.00000     0.00000     0.00000     0.00000     0.00000     0.00000     0.00000     0.00000     0.00000     0.00000     0.00000     0.00000     0.00000     0.00000     0.00000     0.00000     0.00000     0.00000     0.00000   -62.30683   -62.29976   -62.29269   -62.28561   -62.27854   -62.27147   -62.26440   -62.25733   -62.25026     0.00000     0.00000     0.00000     0.00000     0.00000     0.00000     0.00000     0.00000     0.00000     0.00000     0.00000     0.00000     0.00000     0.00000     0.00000     0.00000     0.00000     0.00000     0.00000     0.00000     0.00000     0.00000     0.00000     0.00000     0.00000     0.00000     0.00000     0.00000     0.00000     0.00000     0.00000     0.00000     0.00000     0.00000     0.00000     0.00000     0.00000     0.00000     0.00000     0.00000     0.00000     0.00000     0.00000     0.00000     0.00000     0.00000     0.00000     0.00000     0.00000     0.00000     0.00000     0.00000     0.00000     0.00000     0.00000     0.00000     0.00000     0.00000     0.00000     0.00000     0.00000     0.00000     0.00000     0.00000     0.00000     0.00000     0.00000     0.00000     0.00000     0.00000     0.00000     0.00000     0.00000     0.00000     0.00000     0.00000     0.00000     0.00000     0.00000     0.00000     0.00000     0.00000     0.00000     0.00000     0.00000     0.00000     0.00000     0.00000     0.00000     0.00000     0.00000     0.00000     0.00000     0.00000     0.00000     0.00000     0.00000     0.00000     0.00000     0.00000     0.00000     0.00000     0.00000     0.00000     0.00000     0.00000     0.00000     0.00000     0.00000     0.00000
     0.00000     0.00000     0.00000     0.00000     0.00000     0.00000     0.00000     0.00000     0.00000     0.00000     0.00000     0.00000     0.00000     0.00000     0.00000     0.00000     0.00000     0.00000     0.00000     0.00000     0.00000     0.00000     0.00000     0.00000     0.00000     0.00000     0.00000     0.00000     0.00000     0.00000     0.00000     0.00000     0.00000     0.00000     0.00000     0.00000     0.00000     0.00000     0.00000     0.00000     0.00000     0.00000     0.00000     0.00000     0.00000     0.00000     0.00000     0.00000     0.00000     0.00000     0.00000     0.00000     0.00000     0.00000     0.00000     0.00000     0.00000     0.00000     0.00000     0.00000     0.00000     0.00000     0.00000     0.00000     0.00000     0.00000     0.00000     0.00000     0.00000     0.00000     0.00000     0.00000     0.00000     0.00000     0.00000     0.00000     0.00000     0.00000     0.00000     0.00000     0.00000     0.00000     0.00000     0.00000     0.00000     0.00000     0.00000     0.00000     0.00000     0.00000     0.00000     0.00000     0.00000     0.00000     0.00000     0.00000     0.00000     0.00000     0.00000     0.00000     0.00000     0.00000     0.00000     0.00000     0.00000     0.00000     0.00000     0.00000     0.00000   -62.30683   -62.29976   -62.29269   -62.28561   -62.27854   -62.27147   -62.26440   -62.25733   -62.25026   -62.24319   -62.23612     0.00000     0.00000     0.00000     0.00000     0.00000     0.00000     0.00000     0.00000     0.00000     0.00000     0.00000     0.00000     0.00000     0.00000     0.00000     0.00000     0.00000     0.00000     0.00000     0.00000     0.00000     0.00000     0.00000     0.00000     0.00000     0.00000     0.00000     0.00000     0.00000     0.00000     0.00000     0.00000     0.00000     0.00000     0.00000     0.00000     0.00000     0.00000     0.00000     0.00000     0.00000     0.00000     0.00000     0.00000     0.00000     0.00000     0.00000     0.00000     0.00000     0.00000     0.00000     0.00000     0.00000     0.00000     0.00000     0.00000     0.00000     0.00000     0.00000     0.00000     0.00000     0.00000     0.00000     0.00000     0.00000     0.00000     0.00000     0.00000     0.00000     0.00000     0.00000     0.00000     0.00000     0.00000     0.00000     0.00000     0.00000     0.00000     0.00000     0.00000     0.00000     0.00000     0.00000     0.00000     0.00000     0.00000     0.00000     0.00000     0.00000     0.00000     0.00000     0.00000     0.00000     0.00000     0.00000     0.00000     0.00000     0.00000     0.00000     0.00000     0.00000     0.00000     0.00000     0.00000     0.00000     0.00000     0.00000     0.00000     0.00000
     0.00000     0.00000     0.00000     0.00000     0.00000     0.00000     0.00000     0.00000     0.00000     0.00000     0.00000     0.00000     0.00000     0.00000     0.00000     0.00000     0.00000     0.00000     0.00000     0.00000     0.00000     0.00000     0.00000     0.00000     0.00000     0.00000     0.00000     0.00000     0.00000     0.00000     0.00000     0.00000     0.00000     0.00000     0.00000     0.00000     0.00000     0.00000     0.00000     0.00000     0.00000     0.00000     0.00000     0.00000     0.00000     0.00000     0.00000     0.00000     0.00000     0.00000     0.00000     0.00000     0.00000     0.00000     0.00000     0.00000     0.00000     0.00000     0.00000     0.00000     0.00000     0.00000     0.00000     0.00000     0.00000     0.00000     0.00000     0.00000     0.00000     0.00000     0.00000     0.00000     0.00000     0.00000     0.00000     0.00000     0.00000     0.00000     0.00000     0.00000     0.00000     0.00000     0.00000     0.00000     0.00000     0.00000     0.00000     0.00000     0.00000     0.00000     0.00000     0.00000     0.00000     0.00000     0.00000     0.00000     0.00000     0.00000     0.00000     0.00000     0.00000     0.00000     0.00000     0.00000     0.00000     0.00000     0.00000     0.00000   -62.30683   -62.29976   -62.29269   -62.28561   -62.27854   -62.27147   -62.26440   -62.25733   -62.25026   -62.24319   -62.23612   -62.22905   -62.22197     0.00000     0.00000     0.00000     0.00000     0.00000     0.00000     0.00000     0.00000     0.00000     0.00000     0.00000     0.00000     0.00000     0.00000     0.00000     0.00000     0.00000     0.00000     0.00000     0.00000     0.00000     0.00000     0.00000     0.00000     0.00000     0.00000     0.00000     0.00000     0.00000     0.00000     0.00000     0.00000     0.00000     0.00000     0.00000     0.00000     0.00000     0.00000     0.00000     0.00000     0.00000     0.00000     0.00000     0.00000     0.00000     0.00000     0.00000     0.00000     0.00000     0.00000     0.00000     0.00000     0.00000     0.00000     0.00000     0.00000     0.00000     0.00000     0.00000     0.00000     0.00000     0.00000     0.00000     0.00000     0.00000     0.00000     0.00000     0.00000     0.00000     0.00000     0.00000     0.00000     0.00000     0.00000     0.00000     0.00000     0.00000     0.00000     0.00000     0.00000     0.00000     0.00000     0.00000     0.00000     0.00000     0.00000     0.00000     0.00000     0.00000     0.00000     0.00000     0.00000     0.00000     0.00000     0.00000     0.00000     0.00000     0.00000     0.00000     0.00000     0.00000     0.00000     0.00000     0.00000     0.00000     0.00000     0.00000     0.00000
     0.00000     0.00000     0.00000     0.00000     0.00000     0.00000     0.00000     0.00000     0.00000     0.00000     0.00000     0.00000     0.00000     0.00000     0.00000     0.00000     0.00000     0.00000     0.00000     0.00000     0.00000     0.00000     0.00000     0.00000     0.00000     0.00000     0.00000     0.00000     0.00000     0.00000     0.00000     0.00000     0.00000     0.00000     0.00000     0.00000     0.00000     0.00000     0.00000     0.00000     0.00000     0.00000     0.00000     0.00000     0.00000     0.00000     0.00000     0.00000     0.00000     0.00000     0.00000     0.00000     0.00000     0.00000     0.00000     0.00000     0.00000     0.00000     0.00000     0.00000     0.00000     0.00000     0.00000     0.00000     0.00000     0.00000     0.00000     0.00000     0.00000     0.00000     0.00000     0.00000     0.00000     0.00000     0.00000     0.00000     0.00000     0.00000     0.00000     0.00000     0.00000     0.00000     0.00000     0.00000     0.00000     0.00000     0.00000     0.00000     0.00000     0.00000     0.00000     0.00000     0.00000     0.00000     0.00000     0.00000     0.00000     0.00000     0.00000     0.00000     0.00000     0.00000     0.00000     0.00000     0.00000     0.00000     0.00000   -62.30683   -62.29976   -62.29269   -62.28561   -62.27854   -62.27147   -62.26440   -62.25733   -62.25026   -62.24319   -62.23612   -62.22905   -62.22197   -62.21490   -62.20783     0.00000     0.00000     0.00000     0.00000     0.00000     0.00000     0.00000     0.00000     0.00000     0.00000     0.00000     0.00000     0.00000     0.00000     0.00000     0.00000     0.00000     0.00000     0.00000     0.00000     0.00000     0.00000     0.00000     0.00000     0.00000     0.00000     0.00000     0.00000     0.00000     0.00000     0.00000     0.00000     0.00000     0.00000     0.00000     0.00000     0.00000     0.00000     0.00000     0.00000     0.00000     0.00000     0.00000     0.00000     0.00000     0.00000     0.00000     0.00000     0.00000     0.00000     0.00000     0.00000     0.00000     0.00000     0.00000     0.00000     0.00000     0.00000     0.00000     0.00000     0.00000     0.00000     0.00000     0.00000     0.00000     0.00000     0.00000     0.00000     0.00000     0.00000     0.00000     0.00000     0.00000     0.00000     0.00000     0.00000     0.00000     0.00000     0.00000     0.00000     0.00000     0.00000     0.00000     0.00000     0.00000     0.00000     0.00000     0.00000     0.00000     0.00000     0.00000     0.00000     0.00000     0.00000     0.00000     0.00000     0.00000     0.00000     0.00000     0.00000     0.00000     0.00000     0.00000     0.00000     0.00000     0.00000     0.00000
     0.00000     0.00000     0.00000     0.00000     0.00000     0.00000     0.00000     0.00000     0.00000     0.00000     0.00000     0.00000     0.00000     0.00000     0.00000     0.00000     0.00000     0.00000     0.00000     0.00000     0.00000     0.00000     0.00000     0.00000     0.00000     0.00000     0.00000     0.00000     0.00000     0.00000     0.00000     0.00000     0.00000     0.00000     0.00000     0.00000     0.00000     0.00000     0.00000     0.00000     0.00000     0.00000     0.00000     0.00000     0.00000     0.00000     0.00000     0.00000     0.00000     0.00000     0.00000     0.00000     0.00000     0.00000     0.00000     0.00000     0.00000     0.00000     0.00000     0.00000     0.00000     0.00000     0.00000     0.00000     0.00000     0.00000     0.00000     0.00000     0.00000     0.00000     0.00000     0.00000     0.00000     0.00000     0.00000     0.00000     0.00000     0.00000     0.00000     0.00000     0.00000     0.00000     0.00000     0.00000     0.00000     0.00000     0.00000     0.00000     0.00000     0.00000     0.00000     0.00000     0.00000     0.00000     0.00000     0.00000     0.00000     0.00000     0.00000     0.00000     0.00000     0.00000     0.00000     0.00000     0.00000     0.00000   -62.30683   -62.29976   -62.29269   -62.28561   -62.27854   -62.27147   -62.26440   -62.25733   -62.25026   -62.24319   -62.23612   -62.22905   -62.22197   -62.21490   -62.20783   -62.20076   -62.19369     0.00000     0.00000     0.00000     0.00000     0.00000     0.00000     0.00000     0.00000     0.00000     0.00000     0.00000     0.00000     0.00000     0.00000     0.00000     0.00000     0.00000     0.00000     0.00000     0.00000     0.00000     0.00000     0.00000     0.00000     0.00000     0.00000     0.00000     0.00000     0.00000     0.00000     0.00000     0.00000     0.00000     0.00000     0.00000     0.00000     0.00000     0.00000     0.00000     0.00000     0.00000     0.00000     0.00000     0.00000     0.00000     0.00000     0.00000     0.00000     0.00000     0.00000     0.00000     0.00000     0.00000     0.00000     0.00000     0.00000     0.00000     0.00000     0.00000     0.00000     0.00000     0.00000     0.00000     0.00000     0.00000     0.00000     0.00000     0.00000     0.00000     0.00000     0.00000     0.00000     0.00000     0.00000     0.00000     0.00000     0.00000     0.00000     0.00000     0.00000     0.00000     0.00000     0.00000     0.00000     0.00000     0.00000     0.00000     0.00000     0.00000     0.00000     0.00000     0.00000     0.00000     0.00000     0.00000     0.00000     0.00000     0.00000     0.00000     0.00000     0.00000     0.00000     0.00000     0.00000     0.00000     0.00000
     0.00000     0.00000     0.00000     0.00000     0.00000     0.00000     0.00000     0.00000     0.00000     0.00000     0.00000     0.00000     0.00000     0.00000     0.00000     0.00000     0.00000     0.00000     0.00000     0.00000     0.00000     0.00000     0.00000     0.00000     0.00000     0.00000     0.00000     0.00000     0.00000     0.00000     0.00000     0.00000     0.00000     0.00000     0.00000     0.00000     0.00000     0.00000     0.00000     0.00000     0.00000     0.00000     0.00000     0.00000     0.00000     0.00000     0.00000     0.00000     0.00000     0.00000     0.00000     0.00000     0.00000     0.00000     0.00000     0.00000     0.00000     0.00000     0.00000     0.00000     0.00000     0.00000     0.00000     0.00000     0.00000     0.00000     0.00000     0.00000     0.00000     0.00000     0.00000     0.00000     0.00000     0.00000     0.00000     0.00000     0.00000     0.00000     0.00000     0.00000     0.00000     0.00000     0.00000     0.00000     0.00000     0.00000     0.00000     0.00000     0.00000     0.00000     0.00000     0.00000     0.00000     0.00000     0.00000     0.00000     0.00000     0.00000     0.00000     0.00000     0.00000     0.00000     0.00000     0.00000     0.00000   -62.30683   -62.29976   -62.29269   -62.28561   -62.27854   -62.27147   -62.26440   -62.25733   -62.25026   -62.24319   -62.23612   -62.22905   -62.22197   -62.21490   -62.20783   -62.20076   -62.19369   -62.18662   -62.17955     0.00000     0.00000     0.00000     0.00000     0.00000     0.00000     0.00000     0.00000     0.00000     0.00000     0.00000     0.00000     0.00000     0.00000     0.00000     0.00000     0.00000     0.00000     0.00000     0.00000     0.00000     0.00000     0.00000     0.00000     0.00000     0.00000     0.00000     0.00000     0.00000     0.00000     0.00000     0.00000     0.00000     0.00000     0.00000     0.00000     0.00000     0.00000     0.00000     0.00000     0.00000     0.00000     0.00000     0.00000     0.00000     0.00000     0.00000     0.00000     0.00000     0.00000     0.00000     0.00000     0.00000     0.00000     0.00000     0.00000     0.00000     0.00000     0.00000     0.00000     0.00000     0.00000     0.00000     0.00000     0.00000     0.00000     0.00000     0.00000     0.00000     0.00000     0.00000     0.00000     0.00000     0.00000     0.00000     0.00000     0.00000     0.00000     0.00000     0.00000     0.00000     0.00000     0.00000     0.00000     0.00000     0.00000     0.00000     0.00000     0.00000     0.00000     0.00000     0.00000     0.00000     0.00000     0.00000     0.00000     0.00000     0.00000     0.00000     0.00000     0.00000     0.00000     0.00000     0.00000     0.00000
     0.00000     0.00000     0.00000     0.00000     0.00000     0.00000     0.00000     0.00000     0.00000     0.00000     0.00000     0.00000     0.00000     0.00000     0.00000     0.00000     0.00000     0.00000     0.00000     0.00000     0.00000     0.00000     0.00000     0.00000     0.00000     0.00000     0.00000     0.00000     0.00000     0.00000     0.00000     0.00000     0.00000     0.00000     0.00000     0.00000     0.00000     0.00000     0.00000     0.00000     0.00000     0.00000     0.00000     0.00000     0.00000     0.00000     0.00000     0.00000     0.00000     0.00000     0.00000     0.00000     0.00000     0.00000     0.00000     0.00000     0.00000     0.00000     0.00000     0.00000     0.00000     0.00000     0.00000     0.00000     0.00000     0.00000     0.00000     0.00000     0.00000     0.00000     0.00000     0.00000     0.00000     0.00000     0.00000     0.00000     0.00000     0.00000     0.00000     0.00000     0.00000     0.00000     0.00000     0.00000     0.00000     0.00000     0.00000     0.00000     0.00000     0.00000     0.00000     0.00000     0.00000     0.00000     0.00000     0.00000     0.00000     0.00000     0.00000     0.00000     0.00000     0.00000     0.00000     0.00000   -62.30683   -62.29976   -62.29269   -62.28561   -62.27854   -62.27147   -62.26440   -62.25733   -62.25026   -62.24319   -62.23612   -62.22905   -62.22197   -62.21490   -62.20783   -62.20076   -62.19369   -62.18662   -62.17955   -62.17248   -62.16541     0.00000     0.00000     0.00000     0.00000     0.00000     0.00000     0.00000     0.00000     0.00000     0.00000     0.00000     0.00000     0.00000     0.00000     0.00000     0.00000     0.00000     0.00000     0.00000     0.00000     0.00000     0.00000     0.00000     0.00000     0.00000     0.00000     0.00000     0.00000     0.00000     0.00000     0.00000     0.00000     0.00000     0.00000     0.00000     0.00000     0.00000     0.00000     0.00000     0.00000     0.00000     0.00000     0.00000     0.00000     0.00000     0.00000     0.00000     0.00000     0.00000     0.00000     0.00000     0.00000     0.00000     0.00000     0.00000     0.00000     0.00000     0.00000     0.00000     0.00000     0.00000     0.00000     0.00000     0.00000     0.00000     0.00000     0.00000     0.00000     0.00000     0.00000     0.00000     0.00000     0.00000     0.00000     0.00000     0.00000     0.00000     0.00000     0.00000     0.00000     0.00000     0.00000     0.00000     0.00000     0.00000     0.00000     0.00000     0.00000     0.00000     0.00000     0.00000     0.00000     0.00000     0.00000     0.00000     0.00000     0.00000     0.00000     0.00000     0.00000     0.00000     0.00000     0.00000     0.00000
     0.00000     0.00000     0.00000     0.00000     0.00000     0.00000     0.00000     0.00000     0.00000     0.00000     0.00000     0.00000     0.00000     0.00000     0.00000     0.00000     0.00000     0.00000     0.00000     0.00000     0.00000     0.00000     0.00000     0.00000     0.00000     0.00000     0.00000     0.00000     0.00000     0.00000     0.00000     0.00000     0.00000     0.00000     0.00000     0.00000     0.00000     0.00000     0.00000     0.00000     0.00000     0.00000     0.00000     0.00000     0.00000     0.00000     0.00000     0.00000     0.00000     0.00000     0.00000     0.00000     0.00000     0.00000     0.00000     0.00000     0.00000     0.00000     0.00000     0.00000     0.00000     0.00000     0.00000     0.00000     0.00000     0.00000     0.00000     0.00000     0.00000     0.00000     0.00000     0.00000     0.00000     0.00000     0.00000     0.00000     0.00000     0.00000     0.00000     0.00000     0.00000     0.00000     0.00000     0.00000     0.00000     0.00000     0.00000     0.00000     0.00000     0.00000     0.00000     0.00000     0.00000     0.00000     0.00000     0.00000     0.00000     0.00000     0.00000     0.00000     0.00000     0.00000     0.00000   -62.30683   -62.29976   -62.29269   -62.28561   -62.27854   -62.27147   -62.26440   -62.25733   -62.25026   -62.24319   -62.23612   -62.22905   -62.22197   -62.21490   -62.20783   -62.20076   -62.19369   -62.18662   -62.17955   -62.17248   -62.16541   -62.15834   -62.15126     0.00000     0.00000     0.00000     0.00000     0.00000     0.00000     0.00000     0.00000     0.00000     0.00000     0.00000     0.00000     0.00000     0.00000     0.00000     0.00000     0.00000     0.00000     0.00000     0.00000     0.00000     0.00000     0.00000     0.00000     0.00000     0.00000     0.00000     0.00000     0.00000     0.00000     0.00000     0.00000     0.00000     0.00000     0.00000     0.00000     0.00000     0.00000     0.00000     0.00000     0.00000     0.00000     0.00000     0.00000     0.00000     0.00000     0.00000     0.00000     0.00000     0.00000     0.00000     0.00000     0.00000     0.00000     0.00000     0.00000     0.00000     0.00000     0.00000     0.00000     0.00000     0.00000     0.00000     0.00000     0.00000     0.00000     0.00000     0.00000     0.00000     0.00000     0.00000     0.00000     0.00000     0.00000     0.00000     0.00000     0.00000     0.00000     0.00000     0.00000     0.00000     0.00000     0.00000     0.00000     0.00000     0.00000     0.00000     0.00000     0.00000     0.00000     0.00000     0.00000     0.00000     0.00000     0.00000     0.00000     0.00000     0.00000     0.00000     0.00000     0.00000     0.00000     0.00000
     0.00000     0.00000     0.00000     0.00000     0.00000     0.00000     0.00000     0.00000     0.00000     0.00000     0.00000     0.00000     0.00000     0.00000     0.00000     0.00000     0.00000     0.00000     0.00000     0.00000     0.00000     0.00000     0.00000     0.00000     0.00000     0.00000     0.00000     0.00000     0.00000     0.00000     0.00000     0.00000     0.00000     0.00000     0.00000     0.00000     0.00000     0.00000     0.00000     0.00000     0.00000     0.00000     0.00000     0.00000     0.00000     0.00000     0.00000     0.00000     0.00000     0.00000     0.00000     0.00000     0.00000     0.00000     0.00000     0.00000     0.00000     0.00000     0.00000     0.00000     0.00000     0.00000     0.00000     0.00000     0.00000     0.00000     0.00000     0.00000     0.00000     0.00000     0.00000     0.00000     0.00000     0.00000     0.00000     0.00000     0.00000     0.00000     0.00000     0.00000     0.00000     0.00000     0.00000     0.00000     0.00000     0.00000     0.00000     0.00000     0.00000     0.00000     0.00000     0.00000     0.00000     0.00000     0.00000     0.00000     0.00000     0.00000     0.00000     0.00000     0.00000     0.00000   -62.30683   -62.29976   -62.29269   -62.28561   -62.27854   -62.27147   -62.26440   -62.25733   -62.25026   -62.24319   -62.23612   -62.22905   -62.22197   -62.21490   -62.20783   -62.20076   -62.19369   -62.18662   -62.17955   -62.17248   -62.16541   -62.15834   -62.15126   -62.14419   -62.13712     0.00000     0.00000     0.00000     0.00000     0.00000     0.00000     0.00000     0.00000     0.00000     0.00000     0.00000     0.00000     0.00000     0.00000     0.00000     0.00000     0.00000     0.00000     0.00000     0.00000     0.00000     0.00000     0.00000     0.00000     0.00000     0.00000     0.00000     0.00000     0.00000     0.00000     0.00000     0.00000     0.00000     0.00000     0.00000     0.00000     0.00000     0.00000     0.00000     0.00000     0.00000     0.00000     0.00000     0.00000     0.00000     0.00000     0.00000     0.00000     0.00000     0.00000     0.00000     0.00000     0.00000     0.00000     0.00000     0.00000     0.00000     0.00000     0.00000     0.00000     0.00000     0.00000     0.00000     0.00000     0.00000     0.00000     0.00000     0.00000     0.00000     0.00000     0.00000     0.00000     0.00000     0.00000     0.00000     0.00000     0.00000     0.00000     0.00000     0.00000     0.00000     0.00000     0.00000     0.00000     0.00000     0.00000     0.00000     0.00000     0.00000     0.00000     0.00000     0.00000     0.00000     0.00000     0.00000     0.00000     0.00000     0.00000     0.00000     0.00000     0.00000     0.00000
     0.00000     0.00000     0.00000     0.00000     0.00000     0.00000     0.00000     0.00000     0.00000     0.00000     0.00000     0.00000     0.00000     0.00000     0.00000     0.00000     0.00000     0.00000     0.00000     0.00000     0.00000     0.00000     0.00000     0.00000     0.00000     0.00000     0.00000     0.00000     0.00000     0.00000     0.00000     0.00000     0.00000     0.00000     0.00000     0.00000     0.00000     0.00000     0.00000     0.00000     0.00000     0.00000     0.00000     0.00000     0.00000     0.00000     0.00000     0.00000     0.00000     0.00000     0.00000     0.00000     0.00000     0.00000     0.00000     0.00000     0.00000     0.00000     0.00000     0.00000     0.00000     0.00000     0.00000     0.00000     0.00000     0.00000     0.00000     0.00000     0.00000     0.00000     0.00000     0.00000     0.00000     0.00000     0.00000     0.00000     0.00000     0.00000     0.00000     0.00000     0.00000     0.00000     0.00000     0.00000     0.00000     0.00000     0.00000     0.00000     0.00000     0.00000     0.00000     0.00000     0.00000     0.00000     0.00000     0.00000     0.00000     0.00000     0.00000     0.00000     0.00000   -62.30683   -62.29976   -62.29269   -62.28561   -62.27854   -62.27147   -62.26440   -62.25733   -62.25026   -62.24319   -62.23612   -62.22905   -62.22197   -62.21490   -62.20783   -62.20076   -62.19369   -62.18662   -62.17955   -62.17248   -62.16541   -62.15834   -62.15126   -62.14419   -62.13712   -62.13005   -62.12298     0.00000     0.00000     0.00000     0.00000     0.00000     0.00000     0.00000     0.00000     0.00000     0.00000     0.00000     0.00000     0.00000     0.00000     0.00000     0.00000     0.00000     0.00000     0.00000     0.00000     0.00000     0.00000     0.00000     0.00000     0.00000     0.00000     0.00000     0.00000     0.00000     0.00000     0.00000     0.00000     0.00000     0.00000     0.00000     0.00000     0.00000     0.00000     0.00000     0.00000     0.00000     0.00000     0.00000     0.00000     0.00000     0.00000     0.00000     0.00000     0.00000     0.00000     0.00000     0.00000     0.00000     0.00000     0.00000     0.00000     0.00000     0.00000     0.00000     0.00000     0.00000     0.00000     0.00000     0.00000     0.00000     0.00000     0.00000     0.00000     0.00000     0.00000     0.00000     0.00000     0.00000     0.00000     0.00000     0.00000     0.00000     0.00000     0.00000     0.00000     0.00000     0.00000     0.00000     0.00000     0.00000     0.00000     0.00000     0.00000     0.00000     0.00000     0.00000     0.00000     0.00000     0.00000     0.00000     0.00000     0.00000     0.00000     0.00000     0.00000     0.00000
     0.00000     0.00000     0.00000     0.00000     0.00000     0.00000     0.00000     0.00000     0.00000     0.00000     0.00000     0.00000     0.00000     0.00000     0.00000     0.00000     0.00000     0.00000     0.00000     0.00000     0.00000     0.00000     0.00000     0.00000     0.00000     0.00000     0.00000     0.00000     0.00000     0.00000     0.00000     0.00000     0.00000     0.00000     0.00000     0.00000     0.00000     0.00000     0.00000     0.00000     0.00000     0.00000     0.00000     0.00000     0.00000     0.00000     0.00000     0.00000     0.00000     0.00000     0.00000     0.00000     0.00000     0.00000     0.00000     0.00000     0.00000     0.00000     0.00000     0.00000     0.00000     0.00000     0.00000     0.00000     0.00000     0.00000     0.00000     0.00000     0.00000     0.00000     0.00000     0.00000     0.00000     0.00000     0.00000     0.00000     0.00000     0.00000     0.00000     0.00000     0.00000     0.00000     0.00000     0.00000     0.00000     0.00000     0.00000     0.00000     0.00000     0.00000     0.00000     0.00000     0.00000     0.00000     0.00000     0.00000     0.00000     0.00000     0.00000     0.00000   -62.30683   -62.29976   -62.29269   -62.28561   -62.27854   -62.27147   -62.26440   -62.25733   -62.25026   -62.24319   -62.23612   -62.22905   -62.22197   -62.21490   -62.20783   -62.20076   -62.19369   -62.18662   -62.17955   -62.17248   -62.16541   -62.15834   -62.15126   -62.14419   -62.13712   -62.13005   -62.12298   -62.11591   -62.10884     0.00000     0.00000     0.00000     0.00000     0.00000     0.00000     0.00000     0.00000     0.00000     0.00000     0.00000     0.00000     0.00000     0.00000     0.00000     0.00000     0.00000     0.00000     0.00000     0.00000     0.00000     0.00000     0.00000     0.00000     0.00000     0.00000     0.00000     0.00000     0.00000     0.00000     0.00000     0.00000     0.00000     0.00000     0.00000     0.00000     0.00000     0.00000     0.00000     0.00000     0.00000     0.00000     0.00000     0.00000     0.00000     0.00000     0.00000     0.00000     0.00000     0.00000     0.00000     0.00000     0.00000     0.00000     0.00000     0.00000     0.00000     0.00000     0.00000     0.00000     0.00000     0.00000     0.00000     0.00000     0.00000     0.00000     0.00000     0.00000     0.00000     0.00000     0.00000     0.00000     0.00000     0.00000     0.00000     0.00000     0.00000     0.00000     0.00000     0.00000     0.00000     0.00000     0.00000     0.00000     0.00000     0.00000     0.00000     0.00000     0.00000     0.00000     0.00000     0.00000     0.00000     0.00000     0.00000     0.00000     0.00000     0.00000     0.00000     0.00000
     0.00000     0.00000     0.00000     0.00000     0.00000     0.00000     0.00000     0.00000     0.00000     0.00000     0.00000     0.00000     0.00000     0.00000     0.00000     0.00000     0.00000     0.00000     0.00000     0.00000     0.00000     0.00000     0.00000     0.00000     0.00000     0.00000     0.00000     0.00000     0.00000     0.00000     0.00000     0.00000     0.00000     0.00000     0.00000     0.00000     0.00000     0.00000     0.00000     0.00000     0.00000     0.00000     0.00000     0.00000     0.00000     0.00000     0.00000     0.00000     0.00000     0.00000     0.00000     0.00000     0.00000     0.00000     0.00000     0.00000     0.00000     0.00000     0.00000     0.00000     0.00000     0.00000     0.00000     0.00000     0.00000     0.00000     0.00000     0.00000     0.00000     0.00000     0.00000     0.00000     0.00000     0.00000     0.00000     0.00000     0.00000     0.00000     0.00000     0.00000     0.00000     0.00000     0.00000     0.00000     0.00000     0.00000     0.00000     0.00000     0.00000     0.00000     0.00000     0.00000     0.00000     0.00000     0.00000     0.00000     0.00000     0.00000     0.00000   -62.30683   -62.29976   -62.29269   -62.28561   -62.27854   -62.27147   -62.26440   -62.25733   -62.25026   -62.24319   -62.23612   -62.22905   -62.22197   -62.21490   -62.20783   -62.20076   -62.19369   -62.18662   -62.17955   -62.17248   -62.16541   -62.15834   -62.15126   -62.14419   -62.13712   -62.13005   -62.12298   -62.11591   -62.10884   -62.10176   -62.09470     0.00000     0.00000     0.00000     0.00000     0.00000     0.00000     0.00000     0.00000     0.00000     0.00000     0.00000     0.00000     0.00000     0.00000     0.00000     0.00000     0.00000     0.00000     0.00000     0.00000     0.00000     0.00000     0.00000     0.00000     0.00000     0.00000     0.00000     0.00000     0.00000     0.00000     0.00000     0.00000     0.00000     0.00000     0.00000     0.00000     0.00000     0.00000     0.00000     0.00000     0.00000     0.00000     0.00000     0.00000     0.00000     0.00000     0.00000     0.00000     0.00000     0.00000     0.00000     0.00000     0.00000     0.00000     0.00000     0.00000     0.00000     0.00000     0.00000     0.00000     0.00000     0.00000     0.00000     0.00000     0.00000     0.00000     0.00000     0.00000     0.00000     0.00000     0.00000     0.00000     0.00000     0.00000     0.00000     0.00000     0.00000     0.00000     0.00000     0.00000     0.00000     0.00000     0.00000     0.00000     0.00000     0.00000     0.00000     0.00000     0.00000     0.00000     0.00000     0.00000     0.00000     0.00000     0.00000     0.00000     0.00000     0.00000     0.00000
     0.00000     0.00000     0.00000     0.00000     0.00000     0.00000     0.00000     0.00000     0.00000     0.00000     0.00000     0.00000     0.00000     0.00000     0.00000     0.00000     0.00000     0.00000     0.00000     0.00000     0.00000     0.00000     0.00000     0.00000     0.00000     0.00000     0.00000     0.00000     0.00000     0.00000     0.00000     0.00000     0.00000     0.00000     0.00000     0.00000     0.00000     0.00000     0.00000     0.00000     0.00000     0.00000     0.00000     0.00000     0.00000     0.00000     0.00000     0.00000     0.00000     0.00000     0.00000     0.00000     0.00000     0.00000     0.00000     0.00000     0.00000     0.00000     0.00000     0.00000     0.00000     0.00000     0.00000     0.00000     0.00000     0.00000     0.00000     0.00000     0.00000     0.00000     0.00000     0.00000     0.00000     0.00000     0.00000     0.00000     0.00000     0.00000     0.00000     0.00000     0.00000     0.00000     0.00000     0.00000     0.00000     0.00000     0.00000     0.00000     0.00000     0.00000     0.00000     0.00000     0.00000     0.00000     0.00000     0.00000     0.00000     0.00000   -62.30683   -62.29976   -62.29269   -62.28561   -62.27854   -62.27147   -62.26440   -62.25733   -62.25026   -62.24319   -62.23612   -62.22905   -62.22197   -62.21490   -62.20783   -62.20076   -62.19369   -62.18662   -62.17955   -62.17248   -62.16541   -62.15834   -62.15126   -62.14419   -62.13712   -62.13005   -62.12298   -62.11591   -62.10884   -62.10176   -62.09470   -62.08762   -62.08055     0.00000     0.00000     0.00000     0.00000     0.00000     0.00000     0.00000     0.00000     0.00000     0.00000     0.00000     0.00000     0.00000     0.00000     0.00000     0.00000     0.00000     0.00000     0.00000     0.00000     0.00000     0.00000     0.00000     0.00000     0.00000     0.00000     0.00000     0.00000     0.00000     0.00000     0.00000     0.00000     0.00000     0.00000     0.00000     0.00000     0.00000     0.00000     0.00000     0.00000     0.00000     0.00000     0.00000     0.00000     0.00000     0.00000     0.00000     0.00000     0.00000     0.00000     0.00000     0.00000     0.00000     0.00000     0.00000     0.00000     0.00000     0.00000     0.00000     0.00000     0.00000     0.00000     0.00000     0.00000     0.00000     0.00000     0.00000     0.00000     0.00000     0.00000     0.00000     0.00000     0.00000     0.00000     0.00000     0.00000     0.00000     0.00000     0.00000     0.00000     0.00000     0.00000     0.00000     0.00000     0.00000     0.00000     0.00000     0.00000     0.00000     0.00000     0.00000     0.00000     0.00000     0.00000     0.00000     0.00000     0.00000     0.00000
     0.00000     0.00000     0.00000     0.00000     0.00000     0.00000     0.00000     0.00000     0.00000     0.00000     0.00000     0.00000     0.00000     0.00000     0.00000     0.00000     0.00000     0.00000     0.00000     0.00000     0.00000     0.00000     0.00000     0.00000     0.00000     0.00000     0.00000     0.00000     0.00000     0.00000     0.00000     0.00000     0.00000     0.00000     0.00000     0.00000     0.00000     0.00000     0.00000     0.00000     0.00000     0.00000     0.00000     0.00000     0.00000     0.00000     0.00000     0.00000     0.00000     0.00000     0.00000     0.00000     0.00000     0.00000     0.00000     0.00000     0.00000     0.00000     0.00000     0.00000     0.00000     0.00000     0.00000     0.00000     0.00000     0.00000     0.00000     0.00000     0.00000     0.00000     0.00000     0.00000     0.00000     0.00000     0.00000     0.00000     0.00000     0.00000     0.00000     0.00000     0.00000     0.00000     0.00000     0.00000     0.00000     0.00000     0.00000     0.00000     0.00000     0.00000     0.00000     0.00000     0.00000     0.00000     0.00000     0.00000     0.00000   -62.30683   -62.29976   -62.29269   -62.28561   -62.27854   -62.27147   -62.26440   -62.25733   -62.25026   -62.24319   -62.23612   -62.22905   -62.22197   -62.21490   -62.20783   -62.20076   -62.19369   -62.18662   -62.17955   -62.17248   -62.16541   -62.15834   -62.15126   -62.14419   -62.13712   -62.13005   -62.12298   -62.11591   -62.10884   -62.10176   -62.09470   -62.08762   -62.08055   -62.07348   -62.06641     0.00000     0.00000     0.00000     0.00000     0.00000     0.00000     0.00000     0.00000     0.00000     0.00000     0.00000     0.00000     0.00000     0.00000     0.00000     0.00000     0.00000     0.00000     0.00000     0.00000     0.00000     0.00000     0.00000     0.00000     0.00000     0.00000     0.00000     0.00000     0.00000     0.00000     0.00000     0.00000     0.00000     0.00000     0.00000     0.00000     0.00000     0.00000     0.00000     0.00000     0.00000     0.00000     0.00000     0.00000     0.00000     0.00000     0.00000     0.00000     0.00000     0.00000     0.00000     0.00000     0.00000     0.00000     0.00000     0.00000     0.00000     0.00000     0.00000     0.00000     0.00000     0.00000     0.00000     0.00000     0.00000     0.00000     0.00000     0.00000     0.00000     0.00000     0.00000     0.00000     0.00000     0.00000     0.00000     0.00000     0.00000     0.00000     0.00000     0.00000     0.00000     0.00000     0.00000     0.00000     0.00000     0.00000     0.00000     0.00000     0.00000     0.00000     0.00000     0.00000     0.00000     0.00000     0.00000     0.00000     0.00000
     0.00000     0.00000     0.00000     0.00000     0.00000     0.00000     0.00000     0.00000     0.00000     0.00000     0.00000     0.00000     0.00000     0.00000     0.00000     0.00000     0.00000     0.00000     0.00000     0.00000     0.00000     0.00000     0.00000     0.00000     0.00000     0.00000     0.00000     0.00000     0.00000     0.00000     0.00000     0.00000     0.00000     0.00000     0.00000     0.00000     0.00000     0.00000     0.00000     0.00000     0.00000     0.00000     0.00000     0.00000     0.00000     0.00000     0.00000     0.00000     0.00000     0.00000     0.00000     0.00000     0.00000     0.00000     0.00000     0.00000     0.00000     0.00000     0.00000     0.00000     0.00000     0.00000     0.00000     0.00000     0.00000     0.00000     0.00000     0.00000     0.00000     0.00000     0.00000     0.00000     0.00000     0.00000     0.00000     0.00000     0.00000     0.00000     0.00000     0.00000     0.00000     0.00000     0.00000     0.00000     0.00000     0.00000     0.00000     0.00000     0.00000     0.00000     0.00000     0.00000     0.00000     0.00000     0.00000     0.00000   -62.30683   -62.29976   -62.29269   -62.28561   -62.27854   -62.27147   -62.26440   -62.25733   -62.25026   -62.24319   -62.23612   -62.22905   -62.22197   -62.21490   -62.20783   -62.20076   -62.19369   -62.18662   -62.17955   -62.17248   -62.16541   -62.15834   -62.15126   -62.14419   -62.13712   -62.13005   -62.12298   -62.11591   -62.10884   -62.10176   -62.09470   -62.08762   -62.08055   -62.07348   -62.06641   -62.05934   -62.05227     0.00000     0.00000     0.00000     0.00000     0.00000     0.00000     0.00000     0.00000     0.00000     0.00000     0.00000     0.00000     0.00000     0.00000     0.00000     0.00000     0.00000     0.00000     0.00000     0.00000     0.00000     0.00000     0.00000     0.00000     0.00000     0.00000     0.00000     0.00000     0.00000     0.00000     0.00000     0.00000     0.00000     0.00000     0.00000     0.00000     0.00000     0.00000     0.00000     0.00000     0.00000     0.00000     0.00000     0.00000     0.00000     0.00000     0.00000     0.00000     0.00000     0.00000     0.00000     0.00000     0.00000     0.00000     0.00000     0.00000     0.00000     0.00000     0.00000     0.00000     0.00000     0.00000     0.00000     0.00000     0.00000     0.00000     0.00000     0.00000     0.00000     0.00000     0.00000     0.00000     0.00000     0.00000     0.00000     0.00000     0.00000     0.00000     0.00000     0.00000     0.00000     0.00000     0.00000     0.00000     0.00000     0.00000     0.00000     0.00000     0.00000     0.00000     0.00000     0.00000     0.00000     0.00000     0.00000     0.00000
     0.00000     0.00000     0.00000     0.00000     0.00000     0.00000     0.00000     0.00000     0.00000     0.00000     0.00000     0.00000     0.00000     0.00000     0.00000     0.00000     0.00000     0.00000     0.00000     0.00000     0.00000     0.00000     0.00000     0.00000     0.00000     0.00000     0.00000     0.00000     0.00000     0.00000     0.00000     0.00000     0.00000     0.00000     0.00000     0.00000     0.00000     0.00000     0.00000     0.00000     0.00000     0.00000     0.00000     0.00000     0.00000     0.00000     0.00000     0.00000     0.00000     0.00000     0.00000     0.00000     0.00000     0.00000     0.00000     0.00000     0.00000     0.00000     0.00000     0.00000     0.00000     0.00000     0.00000     0.00000     0.00000     0.00000     0.00000     0.00000     0.00000     0.00000     0.00000     0.00000     0.00000     0.00000     0.00000     0.00000     0.00000     0.00000     0.00000     0.00000     0.00000     0.00000     0.00000     0.00000     0.00000     0.00000     0.00000     0.00000     0.00000     0.00000     0.00000     0.00000     0.00000     0.00000     0.00000   -62.30683   -62.29976   -62.29269   -62.28561   -62.27854   -62.27147   -62.26440   -62.25733   -62.25026   -62.24319   -62.23612   -62.22905   -62.22197   -62.21490   -62.20783   -62.20076   -62.19369   -62.18662   -62.17955   -62.17248   -62.16541   -62.15834   -62.15126   -62.14419   -62.13712   -62.13005   -62.12298   -62.11591   -62.10884   -62.10176   -62.09470   -62.08762   -62.08055   -62.07348   -62.06641   -62.05934   -62.05227   -62.04520   -62.03813     0.00000     0.00000     0.00000     0.00000     0.00000     0.00000     0.00000     0.00000     0.00000     0.00000     0.00000     0.00000     0.00000     0.00000     0.00000     0.00000     0.00000     0.00000     0.00000     0.00000     0.00000     0.00000     0.00000     0.00000     0.00000     0.00000     0.00000     0.00000     0.00000     0.00000     0.00000     0.00000     0.00000     0.00000     0.00000     0.00000     0.00000     0.00000     0.00000     0.00000     0.00000     0.00000     0.00000     0.00000     0.00000     0.00000     0.00000     0.00000     0.00000     0.00000     0.00000     0.00000     0.00000     0.00000     0.00000     0.00000     0.00000     0.00000     0.00000     0.00000     0.00000     0.00000     0.00000     0.00000     0.00000     0.00000     0.00000     0.00000     0.00000     0.00000     0.00000     0.00000     0.00000     0.00000     0.00000     0.00000     0.00000     0.00000     0.00000     0.00000     0.00000     0.00000     0.00000     0.00000     0.00000     0.00000     0.00000     0.00000     0.00000     0.00000     0.00000     0.00000     0.00000     0.00000     0.00000
     0.00000     0.00000     0.00000     0.00000     0.00000     0.00000     0.00000     0.00000     0.00000     0.00000     0.00000     0.00000     0.00000     0.00000     0.00000     0.00000     0.00000     0.00000     0.00000     0.00000     0.00000     0.00000     0.00000     0.00000     0.00000     0.00000     0.00000     0.00000     0.00000     0.00000     0.00000     0.00000     0.00000     0.00000     0.00000     0.00000     0.00000     0.00000     0.00000     0.00000     0.00000     0.00000     0.00000     0.00000     0.00000     0.00000     0.00000     0.00000     0.00000     0.00000     0.00000     0.00000     0.00000     0.00000     0.00000     0.00000     0.00000     0.00000     0.00000     0.00000     0.00000     0.00000     0.00000     0.00000     0.00000     0.00000     0.00000     0.00000     0.00000     0.00000     0.00000     0.00000     0.00000     0.00000     0.00000     0.00000     0.00000     0.00000     0.00000     0.00000     0.00000     0.00000     0.00000     0.00000     0.00000     0.00000     0.00000     0.00000     0.00000     0.00000     0.00000     0.00000     0.00000     0.00000   -62.30683   -62.29976   -62.29269   -62.28561   -62.27854   -62.27147   -62.26440   -62.25733   -62.25026   -62.24319   -62.23612   -62.22905   -62.22197   -62.21490   -62.20783   -62.20076   -62.19369   -62.18662   -62.17955   -62.17248   -62.16541   -62.15834   -62.15126   -62.14419   -62.13712   -62.13005   -62.12298   -62.11591   -62.10884   -62.10176   -62.09470   -62.08762   -62.08055   -62.07348   -62.06641   -62.05934   -62.05227   -62.04520   -62.03813   -62.03106   -62.02398     0.00000     0.00000     0.00000     0.00000     0.00000     0.00000     0.00000     0.00000     0.00000     0.00000     0.00000     0.00000     0.00000     0.00000     0.00000     0.00000     0.00000     0.00000     0.00000     0.00000     0.00000     0.00000     0.00000     0.00000     0.00000     0.00000     0.00000     0.00000     0.00000     0.00000     0.00000     0.00000     0.00000     0.00000     0.00000     0.00000     0.00000     0.00000     0.00000     0.00000     0.00000     0.00000     0.00000     0.00000     0.00000     0.00000     0.00000     0.00000     0.00000     0.00000     0.00000     0.00000     0.00000     0.00000     0.00000     0.00000     0.00000     0.00000     0.00000     0.00000     0.00000     0.00000     0.00000     0.00000     0.00000     0.00000     0.00000     0.00000     0.00000     0.00000     0.00000     0.00000     0.00000     0.00000     0.00000     0.00000     0.00000     0.00000     0.00000     0.00000     0.00000     0.00000     0.00000     0.00000     0.00000     0.00000     0.00000     0.00000     0.00000     0.00000     0.00000     0.00000     0.00000     0.00000
     0.00000     0.00000     0.00000     0.00000     0.00000     0.00000     0.00000     0.00000     0.00000     0.00000     0.00000     0.00000     0.00000     0.00000     0.00000     0.00000     0.00000     0.00000     0.00000     0.00000     0.00000     0.00000     0.00000     0.00000     0.00000     0.00000     0.00000     0.00000     0.00000     0.00000     0.00000     0.00000     0.00000     0.00000     0.00000     0.00000     0.00000     0.00000     0.00000     0.00000     0.00000     0.00000     0.00000     0.00000     0.00000     0.00000     0.00000     0.00000     0.00000     0.00000     0.00000     0.00000     0.00000     0.00000     0.00000     0.00000     0.00000     0.00000     0.00000     0.00000     0.00000     0.00000     0.00000     0.00000     0.00000     0.00000     0.00000     0.00000     0.00000     0.00000     0.00000     0.00000     0.00000     0.00000     0.00000     0.00000     0.00000     0.00000     0.00000     0.00000     0.00000     0.00000     0.00000     0.00000     0.00000     0.00000     0.00000     0.00000     0.00000     0.00000     0.00000     0.00000     0.00000   -62.30683   -62.29976   -62.29269   -62.28561   -62.27854   -62.27147   -62.26440   -62.25733   -62.25026   -62.24319   -62.23612   -62.22905   -62.22197   -62.21490   -62.20783   -62.20076   -62.19369   -62.18662   -62.17955   -62.17248   -62.16541   -62.15834   -62.15126   -62.14419   -62.13712   -62.13005   -62.12298   -62.11591   -62.10884   -62.10176   -62.09470   -62.08762   -62.08055   -62.07348   -62.06641   -62.05934   -62.05227   -62.04520   -62.03813   -62.03106   -62.02398   -62.01691   -62.00984     0.00000     0.00000     0.00000     0.00000     0.00000     0.00000     0.00000     0.00000     0.00000     0.00000     0.00000     0.00000     0.00000     0.00000     0.00000     0.00000     0.00000     0.00000     0.00000     0.00000     0.00000     0.00000     0.00000     0.00000     0.00000     0.00000     0.00000     0.00000     0.00000     0.00000     0.00000     0.00000     0.00000     0.00000     0.00000     0.00000     0.00000     0.00000     0.00000     0.00000     0.00000     0.00000     0.00000     0.00000     0.00000     0.00000     0.00000     0.00000     0.00000     0.00000     0.00000     0.00000     0.00000     0.00000     0.00000     0.00000     0.00000     0.00000     0.00000     0.00000     0.00000     0.00000     0.00000     0.00000     0.00000     0.00000     0.00000     0.00000     0.00000     0.00000     0.00000     0.00000     0.00000     0.00000     0.00000     0.00000     0.00000     0.00000     0.00000     0.00000     0.00000     0.00000     0.00000     0.00000     0.00000     0.00000     0.00000     0.00000     0.00000     0.00000     0.00000     0.00000     0.00000
     0.00000     0.00000     0.00000     0.00000     0.00000     0.00000     0.00000     0.00000     0.00000     0.00000     0.00000     0.00000     0.00000     0.00000     0.00000     0.00000     0.00000     0.00000     0.00000     0.00000     0.00000     0.00000     0.00000     0.00000     0.00000     0.00000     0.00000     0.00000     0.00000     0.00000     0.00000     0.00000     0.00000     0.00000     0.00000     0.00000     0.00000     0.00000     0.00000     0.00000     0.00000     0.00000     0.00000     0.00000     0.00000     0.00000     0.00000     0.00000     0.00000     0.00000     0.00000     0.00000     0.00000     0.00000     0.00000     0.00000     0.00000     0.00000     0.00000     0.00000     0.00000     0.00000     0.00000     0.00000     0.00000     0.00000     0.00000     0.00000     0.00000     0.00000     0.00000     0.00000     0.00000     0.00000     0.00000     0.00000     0.00000     0.00000     0.00000     0.00000     0.00000     0.00000     0.00000     0.00000     0.00000     0.00000     0.00000     0.00000     0.00000     0.00000     0.00000     0.00000   -62.30683   -62.29976   -62.29269   -62.28561   -62.27854   -62.27147   -62.26440   -62.25733   -62.25026   -62.24319   -62.23612   -62.22905   -62.22197   -62.21490   -62.20783   -62.20076   -62.19369   -62.18662   -62.17955   -62.17248   -62.16541   -62.15834   -62.15126   -62.14419   -62.13712   -62.13005   -62.12298   -62.11591   -62.10884   -62.10176   -62.09470   -62.08762   -62.08055   -62.07348   -62.06641   -62.05934   -62.05227   -62.04520   -62.03813   -62.03106   -62.02398   -62.01691   -62.00984   -62.00277   461.30066     0.00000     0.00000     0.00000     0.00000     0.00000     0.00000     0.00000     0.00000     0.00000     0.00000     0.00000     0.00000     0.00000     0.00000     0.00000     0.00000     0.00000     0.00000     0.00000     0.00000     0.00000     0.00000     0.00000     0.00000     0.00000     0.00000     0.00000     0.00000     0.00000     0.00000     0.00000     0.00000     0.00000     0.00000     0.00000     0.00000     0.00000     0.00000     0.00000     0.00000     0.00000     0.00000     0.00000     0.00000     0.00000     0.00000     0.00000     0.00000     0.00000     0.00000     0.00000     0.00000     0.00000     0.00000     0.00000     0.00000     0.00000     0.00000     0.00000     0.00000     0.00000     0.00000     0.00000     0.00000     0.00000     0.00000     0.00000     0.00000     0.00000     0.00000     0.00000     0.00000     0.00000     0.00000     0.00000     0.00000     0.00000     0.00000     0.00000     0.00000     0.00000     0.00000     0.00000     0.00000     0.00000     0.00000     0.00000     0.00000     0.00000     0.00000     0.00000     0.00000
     0.00000     0.00000     0.00000     0.00000     0.00000     0.00000     0.00000     0.00000     0.00000     0.00000     0.00000     0.00000     0.00000     0.00000     0.00000     0.00000     0.00000     0.00000     0.00000     0.00000     0.00000     0.00000     0.00000     0.00000     0.00000     0.00000     0.00000     0.00000     0.00000     0.00000     0.00000     0.00000     0.00000     0.00000     0.00000     0.00000     0.00000     0.00000     0.00000     0.00000     0.00000     0.00000     0.00000     0.00000     0.00000     0.00000     0.00000     0.00000     0.00000     0.00000     0.00000     0.00000     0.00000     0.00000     0.00000     0.00000     0.00000     0.00000     0.00000     0.00000     0.00000     0.00000     0.00000     0.00000     0.00000     0.00000     0.00000     0.00000     0.00000     0.00000     0.00000     0.00000     0.00000     0.00000     0.00000     0.00000     0.00000     0.00000     0.00000     0.00000     0.00000     0.00000     0.00000     0.00000     0.00000     0.00000     0.00000     0.00000     0.00000     0.00000     0.00000   -62.30683   -62.29976   -62.29269   -62.28561   -62.27854   -62.27147   -62.26440   -62.25733   -62.25026   -62.24319   -62.23612   -62.22905   -62.22197   -62.21490   -62.20783   -62.20076   -62.19369   -62.18662   -62.17955   -62.17248   -62.16541   -62.15834   -62.15126   -62.14419   -62.13712   -62.13005   -62.12298   -62.11591   -62.10884   -62.10176   -62.09470   -62.08762   -62.08055   -62.07348   -62.06641   -62.05934   -62.05227   -62.04520   -62.03813   -62.03106   -62.02398   -62.01691   -62.00984   -62.00277   455.64380   459.88644   464.12906     0.00000     0.00000     0.00000     0.00000     0.00000     0.00000     0.00000     0.00000     0.00000     0.00000     0.00000     0.00000     0.00000     0.00000     0.00000     0.00000     0.00000     0.00000     0.00000     0.00000     0.00000     0.00000     0.00000     0.00000     0.00000     0.00000     0.00000     0.00000     0.00000     0.00000     0.00000     0.00000     0.00000     0.00000     0.00000     0.00000     0.00000     0.00000     0.00000     0.00000     0.00000     0.00000     0.00000     0.00000     0.00000     0.00000     0.00000     0.00000     0.00000     0.00000     0.00000     0.00000     0.00000     0.00000     0.00000     0.00000     0.00000     0.00000     0.00000     0.00000     0.00000     0.00000     0.00000     0.00000     0.00000     0.00000     0.00000     0.00000     0.00000     0.00000     0.00000     0.00000     0.00000     0.00000     0.00000     0.00000     0.00000     0.00000     0.00000     0.00000     0.00000     0.00000     0.00000     0.00000     0.00000     0.00000     0.00000     0.00000     0.00000     0.00000     0.00000
     0.00000     0.00000     0.00000     0.00000     0.00000     0.00000     0.00000     0.00000     0.00000     0.00000     0.00000     0.00000     0.00000     0.00000     0.00000     0.00000     0.00000     0.00000     0.00000     0.00000     0.00000     0.00000     0.00000     0.00000     0.00000     0.00000     0.00000     0.00000     0.00000     0.00000     0.00000     0.00000     0.00000     0.00000     0.00000     0.00000     0.00000     0.00000     0.00000     0.00000     0.00000     0.00000     0.00000     0.00000     0.00000     0.00000     0.00000     0.00000     0.00000     0.00000     0.00000     0.00000     0.00000     0.00000     0.00000     0.00000     0.00000     0.00000     0.00000     0.00000     0.00000     0.00000     0.00000     0.00000     0.00000     0.00000     0.00000     0.00000     0.00000     0.00000     0.00000     0.00000     0.00000     0.00000     0.00000     0.00000     0.00000     0.00000     0.00000     0.00000     0.00000     0.00000     0.00000     0.00000     0.00000     0.00000     0.00000     0.00000     0.00000     0.00000   -62.30683   -62.29976   -62.29269   -62.28561   -62.27854   -62.27147   -62.26440   -62.25733   -62.25026   -62.24319   -62.23612   -62.22905   -62.22197   -62.21490   -62.20783   -62.20076   -62.19369   -62.18662   -62.17955   -62.17248   -62.16541   -62.15834   -62.15126   -62.14419   -62.13712   -62.13005   -62.12298   -62.11591   -62.10884   -62.10176   -62.09470   -62.08762   -62.08055   -62.07348   -62.06641   -62.05934   -62.05227   -62.04520   -62.03813   -62.03106   -62.02398   -62.01691   -62.00984   -62.00277   449.98694   454.22955   458.47223   462.71487   466.95749     0.00000     0.00000     0.00000     0.00000     0.00000     0.00000     0.00000     0.00000     0.00000     0.00000     0.00000     0.00000     0.00000     0.00000     0.00000     0.00000     0.00000     0.00000     0.00000     0.00000     0.00000     0.00000     0.00000     0.00000     0.00000     0.00000     0.00000     0.00000     0.00000     0.00000     0.00000     0.00000     0.00000     0.00000     0.00000     0.00000     0.00000     0.00000     0.00000     0.00000     0.00000     0.00000     0.00000     0.00000     0.00000     0.00000     0.00000     0.00000     0.00000     0.00000     0.00000     0.00000     0.00000     0.00000     0.00000     0.00000     0.00000     0.00000     0.00000     0.00000     0.00000     0.00000     0.00000     0.00000     0.00000     0.00000     0.00000     0.00000     0.00000     0.00000     0.00000     0.00000     0.00000     0.00000     0.00000     0.00000     0.00000     0.00000     0.00000     0.00000     0.00000     0.00000     0.00000     0.00000     0.00000     0.00000     0.00000     0.00000     0.00000     0.00000
     0.00000     0.00000     0.00000     0.00000     0.00000     0.00000     0.00000     0.00000     0.00000     0.00000     0.00000     0.00000     0.00000     0.00000     0.00000     0.00000     0.00000     0.00000     0.00000     0.00000     0.00000     0.00000     0.00000     0.00000     0.00000     0.00000     0.00000     0.00000     0.00000     0.00000     0.00000     0.00000     0.00000     0.00000     0.00000     0.00000     0.00000     0.00000     0.00000     0.00000     0.00000     0.00000     0.00000     0.00000     0.00000     0.00000     0.00000     0.00000     0.00000     0.00000     0.00000     0.00000     0.00000     0.00000     0.00000     0.00000     0.00000     0.00000     0.00000     0.00000     0.00000     0.00000     0.00000     0.00000     0.00000     0.00000     0.00000     0.00000     0.00000     0.00000     0.00000     0.00000     0.00000     0.00000     0.00000     0.00000     0.00000     0.00000     0.00000     0.00000     0.00000     0.00000     0.00000     0.00000     0.00000     0.00000     0.00000     0.00000     0.00000   -62.30683   -62.29976   -62.29269   -62.28561   -62.27854   -62.27147   -62.26440   -62.25733   -62.25026   -62.24319   -62.23612   -62.22905   -62.22197   -62.21490   -62.20783   -62.20076   -62.19369   -62.18662   -62.17955   -62.17248   -62.16541   -62.15834   -62.15126   -62.14419   -62.13712   -62.13005   -62.12298   -62.11591   -62.10884   -62.10176   -62.09470   -62.08762   -62.08055   -62.07348   -62.06641   -62.05934   -62.05227   -62.04520   -62.03813   -62.03106   -62.02398   -62.01691   -62.00984   -62.00277   444.33008   448.57272   452.81534   457.05798   461.30066   465.54330   469.78592     0.00000     0.00000     0.00000     0.00000     0.00000     0.00000     0.00000     0.00000     0.00000     0.00000     0.00000     0.00000     0.00000     0.00000     0.00000     0.00000     0.00000     0.00000     0.00000     0.00000     0.00000     0.00000     0.00000     0.00000     0.00000     0.00000     0.00000     0.00000     0.00000     0.00000     0.00000     0.00000     0.00000     0.00000     0.00000     0.00000     0.00000     0.00000     0.00000     0.00000     0.00000     0.00000     0.00000     0.00000     0.00000     0.00000     0.00000     0.00000     0.00000     0.00000     0.00000     0.00000     0.00000     0.00000     0.00000     0.00000     0.00000     0.00000     0.00000     0.00000     0.00000     0.00000     0.00000     0.00000     0.00000     0.00000     0.00000     0.00000     0.00000     0.00000     0.00000     0.00000     0.00000     0.00000     0.00000     0.00000     0.00000     0.00000     0.00000     0.00000     0.00000     0.00000     0.00000     0.00000     0.00000     0.00000     0.00000     0.00000     0.00000
     0.00000     0.00000     0.00000     0.00000     0.00000     0.00000     0.00000     0.00000     0.00000     0.00000     0.00000     0.00000     0.00000     0.00000     0.00000     0.00000     0.00000     0.00000     0.00000     0.00000     0.00000     0.00000     0.00000     0.00000     0.00000     0.00000     0.00000     0.00000     0.00000     0.00000     0.00000     0.00000     0.00000     0.00000     0.00000     0.00000     0.00000     0.00000     0.00000     0.00000     0.00000     0.00000     0.00000     0.00000     0.00000     0.00000     0.00000     0.00000     0.00000     0.00000     0.00000     0.00000     0.00000     0.00000     0.00000     0.00000     0.00000     0.00000     0.00000     0.00000     0.00000     0.00000     0.00000     0.00000     0.00000     0.00000     0.00000     0.00000     0.00000     0.00000     0.00000     0.00000     0.00000     0.00000     0.00000     0.00000     0.00000     0.00000     0.00000     0.00000     0.00000     0.00000     0.00000     0.00000     0.00000     0.00000     0.00000     0.00000   -62.30683   -62.29976   -62.29269   -62.28561   -62.27854   -62.27147   -62.26440   -62.25733   -62.25026   -62.24319   -62.23612   -62.22905   -62.22197   -62.21490   -62.20783   -62.20076   -62.19369   -62.18662   -62.17955   -62.17248   -62.16541   -62.15834   -62.15126   -62.14419   -62.13712   -62.13005   -62.12298   -62.11591   -62.10884   -62.10176   -62.09470   -62.08762   -62.08055   -62.07348   -62.06641   -62.05934   -62.05227   -62.04520   -62.03813   -62.03106   -62.02398   -62.01691   -62.00984   -62.00277   438.67322   442.91586   447.15851   451.40115   455.64377   459.88641   464.12909   468.37173   472.61435     0.00000     0.00000     0.00000     0.00000     0.00000     0.00000     0.00000     0.00000     0.00000     0.00000     0.00000     0.00000     0.00000     0.00000     0.00000     0.00000     0.00000     0.00000     0.00000     0.00000     0.00000     0.00000     0.00000     0.00000     0.00000     0.00000     0.00000     0.00000     0.00000     0.00000     0.00000     0.00000     0.00000     0.00000     0.00000     0.00000     0.00000     0.00000     0.00000     0.00000     0.00000     0.00000     0.00000     0.00000     0.00000     0.00000     0.00000     0.00000     0.00000     0.00000     0.00000     0.00000     0.00000     0.00000     0.00000     0.00000     0.00000     0.00000     0.00000     0.00000     0.00000     0.00000     0.00000     0.00000     0.00000     0.00000     0.00000     0.00000     0.00000     0.00000     0.00000     0.00000     0.00000     0.00000     0.00000     0.00000     0.00000     0.00000     0.00000     0.00000     0.00000     0.00000     0.00000     0.00000     0.00000     0.00000     0.00000     0.00000
     0.00000     0.00000     0.00000     0.00000     0.00000     0.00000     0.00000     0.00000     0.00000     0.00000     0.00000     0.00000     0.00000     0.00000     0.00000     0.00000     0.00000     0.00000     0.00000     0.00000     0.00000     0.00000     0.00000     0.00000     0.00000     0.00000     0.00000     0.00000     0.00000     0.00000     0.00000     0.00000     0.00000     0.00000     0.00000     0.00000     0.00000     0.00000     0.00000     0.00000     0.00000     0.00000     0.00000     0.00000     0.00000     0.00000     0.00000     0.00000     0.00000     0.00000     0.00000     0.00000     0.00000     0.00000     0.00000     0.00000     0.00000     0.00000     0.00000     0.00000     0.00000     0.00000     0.00000     0.00000     0.00000     0.00000     0.00000     0.00000     0.00000     0.00000     0.00000     0.00000     0.00000     0.00000     0.00000     0.00000     0.00000     0.00000     0.00000     0.00000     0.00000     0.00000     0.00000     0.00000     0.00000     0.00000     0.00000   -62.30683   -62.29976   -62.29269   -62.28561   -62.27854   -62.27147   -62.26440   -62.25733   -62.25026   -62.24319   -62.23612   -62.22905   -62.22197   -62.21490   -62.20783   -62.20076   -62.19369   -62.18662   -62.17955   -62.17248   -62.16541   -62.15834   -62.15126   -62.14419   -62.13712   -62.13005   -62.12298   -62.11591   -62.10884   -62.10176   -62.09470   -62.08762   -62.08055   -62.07348   -62.06641   -62.05934   -62.05227   -62.04520   -62.03813   -62.03106   -62.02398   -62.01691   -62.00984   -62.00277   433.01636   437.25900   441.50162   445.74429   449.98694   454.22958   458.47220   462.71484   466.95752   471.20016   475.44278     0.00000     0.00000     0.00000     0.00000     0.00000     0.00000     0.00000     0.00000     0.00000     0.00000     0.00000     0.00000     0.00000     0.00000     0.00000     0.00000     0.00000     0.00000     0.00000     0.00000     0.00000     0.00000     0.00000     0.00000     0.00000     0.00000     0.00000     0.00000     0.00000     0.00000     0.00000     0.00000     0.00000     0.00000     0.00000     0.00000     0.00000     0.00000     0.00000     0.00000     0.00000     0.00000     0.00000     0.00000     0.00000     0.00000     0.00000     0.00000     0.00000     0.00000     0.00000     0.00000     0.00000     0.00000     0.00000     0.00000     0.00000     0.00000     0.00000     0.00000     0.00000     0.00000     0.00000     0.00000     0.00000     0.00000     0.00000     0.00000     0.00000     0.00000     0.00000     0.00000     0.00000     0.00000     0.00000     0.00000     0.00000     0.00000     0.00000     0.00000     0.00000     0.00000     0.00000     0.00000     0.00000     0.00000     0.00000
     0.00000     0.00000     0.00000     0.00000     0.00000     0.00000     0.00000     0.00000     0.00000     0.00000     0.00000     0.00000     0.00000     0.00000     0.00000     0.00000     0.00000     0.00000     0.00000     0.00000     0.00000     0.00000     0.00000     0.00000     0.00000     0.00000     0.00000     0.00000     0.00000     0.00000     0.00000     0.00000     0.00000     0.00000     0.00000     0.00000     0.00000     0.00000     0.00000     0.00000     0.00000     0.00000     0.00000     0.00000     0.00000     0.00000     0.00000     0.00000     0.00000     0.00000     0.00000     0.00000     0.00000     0.00000     0.00000     0.00000     0.00000     0.00000     0.00000     0.00000     0.00000     0.00000     0.00000     0.00000     0.00000     0.00000     0.00000     0.00000     0.00000     0.00000     0.00000     0.00000     0.00000     0.00000     0.00000     0.00000     0.00000     0.00000     0.00000     0.00000     0.00000     0.00000     0.00000     0.00000     0.00000     0.00000   -62.30683   -62.29976   -62.29269   -62.28561   -62.27854   -62.27147   -62.26440   -62.25733   -62.25026   -62.24319   -62.23612   -62.22905   -62.22197   -62.21490   -62.20783   -62.20076   -62.19369   -62.18662   -62.17955   -62.17248   -62.16541   -62.15834   -62.15126   -62.14419   -62.13712   -62.13005   -62.12298   -62.11591   -62.10884   -62.10176   -62.09470   -62.08762   -62.08055   -62.07348   -62.06641   -62.05934   -62.05227   -62.04520   -62.03813   -62.03106   -62.02398   -62.01691   -62.00984   -62.00277   427.35956   431.60214   435.84479   440.08743   444.33005   448.57272   452.81537   457.05801   461.30063   465.54327   469.78595   474.02859   478.27121     0.00000     0.00000     0.00000     0.00000     0.00000     0.00000     0.00000     0.00000     0.00000     0.00000     0.00000     0.00000     0.00000     0.00000     0.00000     0.00000     0.00000     0.00000     0.00000     0.00000     0.00000     0.00000     0.00000     0.00000     0.00000     0.00000     0.00000     0.00000     0.00000     0.00000     0.00000     0.00000     0.00000     0.00000     0.00000     0.00000     0.00000     0.00000     0.00000     0.00000     0.00000     0.00000     0.00000     0.00000     0.00000     0.00000     0.00000     0.00000     0.00000     0.00000     0.00000     0.00000     0.00000     0.00000     0.00000     0.00000     0.00000     0.00000     0.00000     0.00000     0.00000     0.00000     0.00000     0.00000     0.00000     0.00000     0.00000     0.00000     0.00000     0.00000     0.00000     0.00000     0.00000     0.00000     0.00000     0.00000     0.00000     0.00000     0.00000     0.00000     0.00000     0.00000     0.00000     0.00000     0.00000     0.00000
     0.00000     0.00000     0.00000     0.00000     0.00000     0.00000     0.00000     0.00000     0.00000     0.00000     0.00000     0.00000     0.00000     0.00000     0.00000     0.00000     0.00000     0.00000     0.00000     0.00000     0.00000     0.00000     0.00000     0.00000     0.00000     0.00000     0.00000     0.00000     0.00000     0.00000     0.00000     0.00000     0.00000     0.00000     0.00000     0.00000     0.00000     0.00000     0.00000     0.00000     0.00000     0.00000     0.00000     0.00000     0.00000     0.00000     0.00000     0.00000     0.00000     0.00000     0.00000     0.00000     0.00000     0.00000     0.00000     0.00000     0.00000     0.00000     0.00000     0.00000     0.00000     0.00000     0.00000     0.00000     0.00000     0.00000     0.00000     0.00000     0.00000     0.00000     0.00000     0.00000     0.00000     0.00000     0.00000     0.00000     0.00000     0.00000     0.00000     0.00000     0.00000     0.00000     0.00000     0.00000     0.00000   -62.30683   -62.29976   -62.29269   -62.28561   -62.27854   -62.27147   -62.26440   -62.25733   -62.25026   -62.24319   -62.23612   -62.22905   -62.22197   -62.21490   -62.20783   -62.20076   -62.19369   -62.18662   -62.17955   -62.17248   -62.16541   -62.15834   -62.15126   -62.14419   -62.13712   -62.13005   -62.12298   -62.11591   -62.10884   -62.10176   -62.09470   -62.08762   -62.08055   -62.07348   -62.06641   -62.05934   -62.05227   -62.04520   -62.03813   -62.03106   -62.02398   -62.01691   -62.00984   -62.00277   421.70264   425.94528   430.18796   434.43057   438.67322   442.91586   447.15848   451.40115   455.64380   459.88644   464.12906   468.37170   472.61438   476.85703   481.09964     0.00000     0.00000     0.00000     0.00000     0.00000     0.00000     0.00000     0.00000     0.00000     0.00000     0.00000     0.00000     0.00000     0.00000     0.00000     0.00000     0.00000     0.00000     0.00000     0.00000     0.00000     0.00000     0.00000     0.00000     0.00000     0.00000     0.00000     0.00000     0.00000     0.00000     0.00000     0.00000     0.00000     0.00000     0.00000     0.00000     0.00000     0.00000     0.00000     0.00000     0.00000     0.00000     0.00000     0.00000     0.00000     0.00000     0.00000     0.00000     0.00000     0.00000     0.00000     0.00000     0.00000     0.00000     0.00000     0.00000     0.00000     0.00000     0.00000     0.00000     0.00000     0.00000     0.00000     0.00000     0.00000     0.00000     0.00000     0.00000     0.00000     0.00000     0.00000     0.00000     0.00000     0.00000     0.00000     0.00000     0.00000     0.00000     0.00000     0.00000     0.00000     0.00000     0.00000     0.00000     0.00000
     0.00000     0.00000     0.00000     0.00000     0.00000     0.00000     0.00000     0.00000     0.00000     0.00000     0.00000     0.00000     0.00000     0.00000     0.00000     0.00000     0.00000     0.00000     0.00000     0.00000     0.00000     0.00000     0.00000     0.00000     0.00000     0.00000     0.00000     0.00000     0.00000     0.00000     0.00000     0.00000     0.00000     0.00000     0.00000     0.00000     0.00000     0.00000     0.00000     0.00000     0.00000     0.00000     0.00000     0.00000     0.00000     0.00000     0.00000     0.00000     0.00000     0.00000     0.00000     0.00000     0.00000     0.00000     0.00000     0.00000     0.00000     0.00000     0.00000     0.00000     0.00000     0.00000     0.00000     0.00000     0.00000     0.00000     0.00000     0.00000     0.00000     0.00000     0.00000     0.00000     0.00000     0.00000     0.00000     0.00000     0.00000     0.00000     0.00000     0.00000     0.00000     0.00000     0.00000     0.00000   -62.30683   -62.29976   -62.29269   -62.28561   -62.27854   -62.27147   -62.26440   -62.25733   -62.25026   -62.24319   -62.23612   -62.22905   -62.22197   -62.21490   -62.20783   -62.20076   -62.19369   -62.18662   -62.17955   -62.17248   -62.16541   -62.15834   -62.15126   -62.14419   -62.13712   -62.13005   -62.12298   -62.11591   -62.10884   -62.10176   -62.09470   -62.08762   -62.08055   -62.07348   -62.06641   -62.05934   -62.05227   -62.04520   -62.03813   -62.03106   -62.02398   -62.01691   -62.00984   -62.00277   416.04584   420.28842   424.53107   428.77371   433.01639   437.25900   441.50165   445.74429   449.98691   454.22958   458.47223   462.71487   466.95749   471.20013   475.44281   479.68546   483.92804     0.00000     0.00000     0.00000     0.00000     0.00000     0.00000     0.00000     0.00000     0.00000     0.00000     0.00000     0.00000     0.00000     0.00000     0.00000     0.00000     0.00000     0.00000     0.00000     0.00000     0.00000     0.00000     0.00000     0.00000     0.00000     0.00000     0.00000     0.00000     0.00000     0.00000     0.00000     0.00000     0.00000     0.00000     0.00000     0.00000     0.00000     0.00000     0.00000     0.00000     0.00000     0.00000     0.00000     0.00000     0.00000     0.00000     0.00000     0.00000     0.00000     0.00000     0.00000     0.00000     0.00000     0.00000     0.00000     0.00000     0.00000     0.00000     0.00000     0.00000     0.00000     0.00000     0.00000     0.00000     0.00000     0.00000     0.00000     0.00000     0.00000     0.00000     0.00000     0.00000     0.00000     0.00000     0.00000     0.00000     0.00000     0.00000     0.00000     0.00000     0.00000     0.00000     0.00000     0.00000
     0.00000     0.00000     0.00000     0.00000     0.00000     0.00000     0.00000     0.00000     0.00000     0.00000     0.00000     0.00000     0.00000     0.00000     0.00000     0.00000     0.00000     0.00000     0.00000     0.00000     0.00000     0.00000     0.00000     0.00000     0.00000     0.00000     0.00000     0.00000     0.00000     0.00000     0.00000     0.00000     0.00000     0.00000     0.00000     0.00000     0.00000     0.00000     0.00000     0.00000     0.00000     0.00000     0.00000     0.00000     0.00000     0.00000     0.00000     0.00000     0.00000     0.00000     0.00000     0.00000     0.00000     0.00000     0.00000     0.00000     0.00000     0.00000     0.00000     0.00000     0.00000     0.00000     0.00000     0.00000     0.00000     0.00000     0.00000     0.00000     0.00000     0.00000     0.00000     0.00000     0.00000     0.00000     0.00000     0.00000     0.00000     0.00000     0.00000     0.00000     0.00000     0.00000     0.00000   -62.30683   -62.29976   -62.29269   -62.28561   -62.27854   -62.27147   -62.26440   -62.25733   -62.25026   -62.24319   -62.23612   -62.22905   -62.22197   -62.21490   -62.20783   -62.20076   -62.19369   -62.18662   -62.17955   -62.17248   -62.16541   -62.15834   -62.15126   -62.14419   -62.13712   -62.13005   -62.12298   -62.11591   -62.10884   -62.10176   -62.09470   -62.08762   -62.08055   -62.07348   -62.06641   -62.05934   -62.05227   -62.04520   -62.03813   -62.03106   -62.02398   -62.01691   -62.00984   -62.00277   410.38898   414.63159   418.87424   423.11685   427.35950   431.60214   435.84482   440.08743   444.33008   448.57272   452.81534   457.05801   461.30066   465.54330   469.78592   474.02856   478.27124   482.51385   486.75647     0.00000     0.00000     0.00000     0.00000     0.00000     0.00000     0.00000     0.00000     0.00000     0.00000     0.00000     0.00000     0.00000     0.00000     0.00000     0.00000     0.00000     0.00000     0.00000     0.00000     0.00000     0.00000     0.00000     0.00000     0.00000     0.00000     0.00000     0.00000     0.00000     0.00000     0.00000     0.00000     0.00000     0.00000     0.00000     0.00000     0.00000     0.00000     0.00000     0.00000     0.00000     0.00000     0.00000     0.00000     0.00000     0.00000     0.00000     0.00000     0.00000     0.00000     0.00000     0.00000     0.00000     0.00000     0.00000     0.00000     0.00000     0.00000     0.00000     0.00000     0.00000     0.00000     0.00000     0.00000     0.00000     0.00000     0.00000     0.00000     0.00000     0.00000     0.00000     0.00000     0.00000     0.00000     0.00000     0.00000     0.00000     0.00000     0.00000     0.00000     0.00000     0.00000     0.00000
     0.00000     0.00000     0.00000     0.00000     0.00000     0.00000     0.00000     0.00000     0.00000     0.00000     0.00000     0.00000     0.00000     0.00000     0.00000     0.00000     0.00000     0.00000     0.00000     0.00000     0.00000     0.00000     0.00000     0.00000     0.00000     0.00000     0.00000     0.00000     0.00000     0.00000     0.00000     0.00000     0.00000     0.00000     0.00000     0.00000     0.00000     0.00000     0.00000     0.00000     0.00000     0.00000     0.00000     0.00000     0.00000     0.00000     0.00000     0.00000     0.00000     0.00000     0.00000     0.00000     0.00000     0.00000     0.00000     0.00000     0.00000     0.00000     0.00000     0.00000     0.00000     0.00000     0.00000     0.00000     0.00000     0.00000     0.00000     0.00000     0.00000     0.00000     0.00000     0.00000     0.00000     0.00000     0.00000     0.00000     0.00000     0.00000     0.00000     0.00000     0.00000     0.00000   -62.30683   -62.29976   -62.29269   -62.28561   -62.27854   -62.27147   -62.26440   -62.25733   -62.25026   -62.24319   -62.23612   -62.22905   -62.22197   -62.21490   -62.20783   -62.20076   -62.19369   -62.18662   -62.17955   -62.17248   -62.16541   -62.15834   -62.15126   -62.14419   -62.13712   -62.13005   -62.12298   -62.11591   -62.10884   -62.10176   -62.09470   -62.08762   -62.08055   -62.07348   -62.06641   -62.05934   -62.05227   -62.04520   -62.03813   -62.03106   -62.02398   -62.01691   -62.00984   -62.00277   404.73212   408.97470   413.21741   417.46002   421.70267   425.94528   430.18793   434.43057   438.67325   442.91586   447.15851   451.40115   455.64377   459.88644   464.12909   468.37173   472.61432   476.85699   481.09967   485.34229   489.58490     0.00000     0.00000     0.00000     0.00000     0.00000     0.00000     0.00000     0.00000     0.00000     0.00000     0.00000     0.00000     0.00000     0.00000     0.00000     0.00000     0.00000     0.00000     0.00000     0.00000     0.00000     0.00000     0.00000     0.00000     0.00000     0.00000     0.00000     0.00000     0.00000     0.00000     0.00000     0.00000     0.00000     0.00000     0.00000     0.00000     0.00000     0.00000     0.00000     0.00000     0.00000     0.00000     0.00000     0.00000     0.00000     0.00000     0.00000     0.00000     0.00000     0.00000     0.00000     0.00000     0.00000     0.00000     0.00000     0.00000     0.00000     0.00000     0.00000     0.00000     0.00000     0.00000     0.00000     0.00000     0.00000     0.00000     0.00000     0.00000     0.00000     0.00000     0.00000     0.00000     0.00000     0.00000     0.00000     0.00000     0.00000     0.00000     0.00000     0.00000     0.00000     0.00000
     0.00000     0.00000     0.00000     0.00000     0.00000     0.00000     0.00000     0.00000     0.00000     0.00000     0.00000     0.00000     0.00000     0.00000     0.00000     0.00000     0.00000     0.00000     0.00000     0.00000     0.00000     0.00000     0.00000     0.00000     0.00000     0.00000     0.00000     0.00000     0.00000     0.00000     0.00000     0.00000     0.00000     0.00000     0.00000     0.00000     0.00000     0.00000     0.00000     0.00000     0.00000     0.00000     0.00000     0.00000     0.00000     0.00000     0.00000     0.00000     0.00000     0.00000     0.00000     0.00000     0.00000     0.00000     0.00000     0.00000     0.00000     0.00000     0.00000     0.00000     0.00000     0.00000     0.00000     0.00000     0.00000     0.00000     0.00000     0.00000     0.00000     0.00000     0.00000     0.00000     0.00000     0.00000     0.00000     0.00000     0.00000     0.00000     0.00000     0.00000     0.00000   -62.30683   -62.29976   -62.29269   -62.28561   -62.27854   -62.27147   -62.26440   -62.25733   -62.25026   -62.24319   -62.23612   -62.22905   -62.22197   -62.21490   -62.20783   -62.20076   -62.19369   -62.18662   -62.17955   -62.17248   -62.16541   -62.15834   -62.15126   -62.14419   -62.13712   -62.13005   -62.12298   -62.11591   -62.10884   -62.10176   -62.09470   -62.08762   -62.08055   -62.07348   -62.06641   -62.05934   -62.05227   -62.04520   -62.03813   -62.03106   -62.02398   -62.01691   -62.00984   -62.00277   399.07526   403.31787   407.56052   411.80313   416.04584   420.28845   424.53110   428.77371   433.01636   437.25900   441.50168   445.74429   449.98694   454.22958   458.47220   462.71487   466.95752   471.20013   475.44275   479.68542   483.92810   488.17072   492.41333     0.00000     0.00000     0.00000     0.00000     0.00000     0.00000     0.00000     0.00000     0.00000     0.00000     0.00000     0.00000     0.00000     0.00000     0.00000     0.00000     0.00000     0.00000     0.00000     0.00000     0.00000     0.00000     0.00000     0.00000     0.00000     0.00000     0.00000     0.00000     0.00000     0.00000     0.00000     0.00000     0.00000     0.00000     0.00000     0.00000     0.00000     0.00000     0.00000     0.00000     0.00000     0.00000     0.00000     0.00000     0.00000     0.00000     0.00000     0.00000     0.00000     0.00000     0.00000     0.00000     0.00000     0.00000     0.00000     0.00000     0.00000     0.00000     0.00000     0.00000     0.00000     0.00000     0.00000     0.00000     0.00000     0.00000     0.00000     0.00000     0.00000     0.00000     0.00000     0.00000     0.00000     0.00000     0.00000     0.00000     0.00000     0.00000     0.00000     0.00000     0.00000
     0.00000     0.00000     0.00000     0.00000     0.00000     0.00000     0.00000     0.00000     0.00000     0.00000     0.00000     0.00000     0.00000     0.00000     0.00000     0.00000     0.00000     0.00000     0.00000     0.00000     0.00000     0.00000     0.00000     0.00000     0.00000     0.00000     0.00000     0.00000     0.00000     0.00000     0.00000     0.00000     0.00000     0.00000     0.00000     0.00000     0.00000     0.00000     0.00000     0.00000     0.00000     0.00000     0.00000     0.00000     0.00000     0.00000     0.00000     0.00000     0.00000     0.00000     0.00000     0.00000     0.00000     0.00000     0.00000     0.00000     0.00000     0.00000     0.00000     0.00000     0.00000     0.00000     0.00000     0.00000     0.00000     0.00000     0.00000     0.00000     0.00000     0.00000     0.00000     0.00000     0.00000     0.00000     0.00000     0.00000     0.00000     0.00000     0.00000     0.00000   -62.30683   -62.29976   -62.29269   -62.28561   -62.27854   -62.27147   -62.26440   -62.25733   -62.25026   -62.24319   -62.23612   -62.22905   -62.22197   -62.21490   -62.20783   -62.20076   -62.19369   -62.18662   -62.17955   -62.17248   -62.16541   -62.15834   -62.15126   -62.14419   -62.13712   -62.13005   -62.12298   -62.11591   -62.10884   -62.10176   -62.09470   -62.08762   -62.08055   -62.07348   -62.06641   -62.05934   -62.05227   -62.04520   -62.03813   -62.03106   -62.02398   -62.01691   -62.00984   -62.00277   393.41837   397.66104   401.90369   406.14630   410.38895   414.63156   418.87427   423.11688   427.35953   431.60214   435.84479   440.08743   444.33011   448.57272   452.81537   457.05801   461.30060   465.54327   469.78595   474.02856   478.27118   482.51382   486.75650   490.99915   495.24176     0.00000     0.00000     0.00000     0.00000     0.00000     0.00000     0.00000     0.00000     0.00000     0.00000     0.00000     0.00000     0.00000     0.00000     0.00000     0.00000     0.00000     0.00000     0.00000     0.00000     0.00000     0.00000     0.00000     0.00000     0.00000     0.00000     0.00000     0.00000     0.00000     0.00000     0.00000     0.00000     0.00000     0.00000     0.00000     0.00000     0.00000     0.00000     0.00000     0.00000     0.00000     0.00000     0.00000     0.00000     0.00000     0.00000     0.00000     0.00000     0.00000     0.00000     0.00000     0.00000     0.00000     0.00000     0.00000     0.00000     0.00000     0.00000     0.00000     0.00000     0.00000     0.00000     0.00000     0.00000     0.00000     0.00000     0.00000     0.00000     0.00000     0.00000     0.00000     0.00000     0.00000     0.00000     0.00000     0.00000     0.00000     0.00000     0.00000     0.00000
     0.00000     0.00000     0.00000     0.00000     0.00000     0.00000     0.00000     0.00000     0.00000     0.00000     0.00000     0.00000     0.00000     0.00000     0.00000     0.00000     0.00000     0.00000     0.00000     0.00000     0.00000     0.00000     0.00000     0.00000     0.00000     0.00000     0.00000     0.00000     0.00000     0.00000     0.00000     0.00000     0.00000     0.00000     0.00000     0.00000     0.00000     0.00000     0.00000     0.00000     0.00000     0.00000     0.00000     0.00000     0.00000     0.00000     0.00000     0.00000     0.00000     0.00000     0.00000     0.00000     0.00000     0.00000     0.00000     0.00000     0.00000     0.00000     0.00000     0.00000     0.00000     0.00000     0.00000     0.00000     0.00000     0.00000     0.00000     0.00000     0.00000     0.00000     0.00000     0.00000     0.00000     0.00000     0.00000     0.00000     0.00000     0.00000     0.00000   -62.30683   -62.29976   -62.29269   -62.28561   -62.27854   -62.27147   -62.26440   -62.25733   -62.25026   -62.24319   -62.23612   -62.22905   -62.22197   -62.21490   -62.20783   -62.20076   -62.19369   -62.18662   -62.17955   -62.17248   -62.16541   -62.15834   -62.15126   -62.14419   -62.13712   -62.13005   -62.12298   -62.11591   -62.10884   -62.10176   -62.09470   -62.08762   -62.08055   -62.07348   -62.06641   -62.05934   -62.05227   -62.04520   -62.03813   -62.03106   -62.02398   -62.01691   -62.00984   -62.00277   387.76154   392.00415   396.24677   400.48947   404.73212   408.97473   413.21738   417.45999   421.70270   425.94531   430.18796   434.43057   438.67322   442.91586   447.15854   451.40115   455.64380   459.88641   464.12903   468.37170   472.61438   476.85699   481.09961   485.34225   489.58493   493.82758   498.07019     0.00000     0.00000     0.00000     0.00000     0.00000     0.00000     0.00000     0.00000     0.00000     0.00000     0.00000     0.00000     0.00000     0.00000     0.00000     0.00000     0.00000     0.00000     0.00000     0.00000     0.00000     0.00000     0.00000     0.00000     0.00000     0.00000     0.00000     0.00000     0.00000     0.00000     0.00000     0.00000     0.00000     0.00000     0.00000     0.00000     0.00000     0.00000     0.00000     0.00000     0.00000     0.00000     0.00000     0.00000     0.00000     0.00000     0.00000     0.00000     0.00000     0.00000     0.00000     0.00000     0.00000     0.00000     0.00000     0.00000     0.00000     0.00000     0.00000     0.00000     0.00000     0.00000     0.00000     0.00000     0.00000     0.00000     0.00000     0.00000     0.00000     0.00000     0.00000     0.00000     0.00000     0.00000     0.00000     0.00000     0.00000     0.00000     0.00000
     0.00000     0.00000     0.00000     0.00000     0.00000     0.00000     0.00000     0.00000     0.00000     0.00000     0.00000     0.00000     0.00000     0.00000     0.00000     0.00000     0.00000     0.00000     0.00000     0.00000     0.00000     0.00000     0.00000     0.00000     0.00000     0.00000     0.00000     0.00000     0.00000     0.00000     0.00000     0.00000     0.00000     0.00000     0.00000     0.00000     0.00000     0.00000     0.00000     0.00000     0.00000     0.00000     0.00000     0.00000     0.00000     0.00000     0.00000     0.00000     0.00000     0.00000     0.00000     0.00000     0.00000     0.00000     0.00000     0.00000     0.00000     0.00000     0.00000     0.00000     0.00000     0.00000     0.00000     0.00000     0.00000     0.00000     0.00000     0.00000     0.00000     0.00000     0.00000     0.00000     0.00000     0.00000     0.00000     0.00000     0.00000     0.00000   -62.30683   -62.29976   -62.29269   -62.28561   -62.27854   -62.27147   -62.26440   -62.25733   -62.25026   -62.24319   -62.23612   -62.22905   -62.22197   -62.21490   -62.20783   -62.20076   -62.19369   -62.18662   -62.17955   -62.17248   -62.16541   -62.15834   -62.15126   -62.14419   -62.13712   -62.13005   -62.12298   -62.11591   -62.10884   -62.10176   -62.09470   -62.08762   -62.08055   -62.07348   -62.06641   -62.05934   -62.05227   -62.04520   -62.03813   -62.03106   -62.02398   -62.01691   -62.00984   -62.00277   382.10471   386.34732   390.58997   394.83258   399.07520   403.31790   407.56055   411.80316   416.04581   420.28842   424.53113   428.77374   433.01639   437.25900   441.50165   445.74429   449.98694   454.22955   458.47223   462.71484   466.95746   471.20013   475.44278   479.68542   483.92804   488.17068   492.41336   496.65601   500.89862     0.00000     0.00000     0.00000     0.00000     0.00000     0.00000     0.00000     0.00000     0.00000     0.00000     0.00000     0.00000     0.00000     0.00000     0.00000     0.00000     0.00000     0.00000     0.00000     0.00000     0.00000     0.00000     0.00000     0.00000     0.00000     0.00000     0.00000     0.00000     0.00000     0.00000     0.00000     0.00000     0.00000     0.00000     0.00000     0.00000     0.00000     0.00000     0.00000     0.00000     0.00000     0.00000     0.00000     0.00000     0.00000     0.00000     0.00000     0.00000     0.00000     0.00000     0.00000     0.00000     0.00000     0.00000     0.00000     0.00000     0.00000     0.00000     0.00000     0.00000     0.00000     0.00000     0.00000     0.00000     0.00000     0.00000     0.00000     0.00000     0.00000     0.00000     0.00000     0.00000     0.00000     0.00000     0.00000     0.00000     0.00000     0.00000
     0.00000     0.00000     0.00000     0.00000     0.00000     0.00000     0.00000     0.00000     0.00000     0.00000     0.00000     0.00000     0.00000     0.00000     0.00000     0.00000     0.00000     0.00000     0.00000     0.00000     0.00000     0.00000     0.00000     0.00000     0.00000     0.00000     0.00000     0.00000     0.00000     0.00000     0.00000     0.00000     0.00000     0.00000     0.00000     0.00000     0.00000     0.00000     0.00000     0.00000     0.00000     0.00000     0.00000     0.00000     0.00000     0.00000     0.00000     0.00000     0.00000     0.00000     0.00000     0.00000     0.00000     0.00000     0.00000     0.00000     0.00000     0.00000     0.00000     0.00000     0.00000     0.00000     0.00000     0.00000     0.00000     0.00000     0.00000     0.00000     0.00000     0.00000     0.00000     0.00000     0.00000     0.00000     0.00000     0.00000     0.00000   -62.30683   -62.29976   -62.29269   -62.28561   -62.27854   -62.27147   -62.26440   -62.25733   -62.25026   -62.24319   -62.23612   -62.22905   -62.22197   -62.21490   -62.20783   -62.20076   -62.19369   -62.18662   -62.17955   -62.17248   -62.16541   -62.15834   -62.15126   -62.14419   -62.13712   -62.13005   -62.12298   -62.11591   -62.10884   -62.10176   -62.09470   -62.08762   -62.08055   -62.07348   -62.06641   -62.05934   -62.05227   -62.04520   -62.03813   -62.03106   -62.02398   -62.01691   -62.00984   -62.00277   376.44781   380.69043   384.93311   389.17575   393.41840   397.66101   401.90363   406.14633   410.38898   414.63159   418.87424   423.11685   427.35956   431.60217   435.84482   440.08743   444.33008   448.57269   452.81537   457.05798   461.30066   465.54327   469.78589   474.02856   478.27121   482.51385   486.75647   490.99911   495.24179   499.48444   503.72705     0.00000     0.00000     0.00000     0.00000     0.00000     0.00000     0.00000     0.00000     0.00000     0.00000     0.00000     0.00000     0.00000     0.00000     0.00000     0.00000     0.00000     0.00000     0.00000     0.00000     0.00000     0.00000     0.00000     0.00000     0.00000     0.00000     0.00000     0.00000     0.00000     0.00000     0.00000     0.00000     0.00000     0.00000     0.00000     0.00000     0.00000     0.00000     0.00000     0.00000     0.00000     0.00000     0.00000     0.00000     0.00000     0.00000     0.00000     0.00000     0.00000     0.00000     0.00000     0.00000     0.00000     0.00000     0.00000     0.00000     0.00000     0.00000     0.00000     0.00000     0.00000     0.00000     0.00000     0.00000     0.00000     0.00000     0.00000     0.00000     0.00000     0.00000     0.00000     0.00000     0.00000     0.00000     0.00000     0.00000     0.00000
     0.00000     0.00000     0.00000     0.00000     0.00000     0.00000     0.00000     0.00000     0.00000     0.00000     0.00000     0.00000     0.00000     0.00000     0.00000     0.00000     0.00000     0.00000     0.00000     0.00000     0.00000     0.00000     0.00000     0.00000     0.00000     0.00000     0.00000     0.00000     0.00000     0.00000     0.00000     0.00000     0.00000     0.00000     0.00000     0.00000     0.00000     0.00000     0.00000     0.00000     0.00000     0.00000     0.00000     0.00000     0.00000     0.00000     0.00000     0.00000     0.00000     0.00000     0.00000     0.00000     0.00000     0.00000     0.00000     0.00000     0.00000     0.00000     0.00000     0.00000     0.00000     0.00000     0.00000     0.00000     0.00000     0.00000     0.00000     0.00000     0.00000     0.00000     0.00000     0.00000     0.00000     0.00000     0.00000     0.00000   -62.30683   -62.29976   -62.29269   -62.28561   -62.27854   -62.27147   -62.26440   -62.25733   -62.25026   -62.24319   -62.23612   -62.22905   -62.22197   -62.21490   -62.20783   -62.20076   -62.19369   -62.18662   -62.17955   -62.17248   -62.16541   -62.15834   -62.15126   -62.14419   -62.13712   -62.13005   -62.12298   -62.11591   -62.10884   -62.10176   -62.09470   -62.08762   -62.08055   -62.07348   -62.06641   -62.05934   -62.05227   -62.04520   -62.03813   -62.03106   -62.02398   -62.01691   -62.00984   -62.00277   370.79099   375.03360   379.27625   383.51886   387.76154   392.00418   396.24683   400.48944   404.73206   408.97476   413.21741   417.46002   421.70267   425.94528   430.18799   434.43060   438.67322   442.91583   447.15851   451.40112   455.64380   459.88641   464.12906   468.37170   472.61432   476.85699   481.09964   485.34229   489.58490   493.82755   498.07022   502.31287   506.55548     0.00000     0.00000     0.00000     0.00000     0.00000     0.00000     0.00000     0.00000     0.00000     0.00000     0.00000     0.00000     0.00000     0.00000     0.00000     0.00000     0.00000     0.00000     0.00000     0.00000     0.00000     0.00000     0.00000     0.00000     0.00000     0.00000     0.00000     0.00000     0.00000     0.00000     0.00000     0.00000     0.00000     0.00000     0.00000     0.00000     0.00000     0.00000     0.00000     0.00000     0.00000     0.00000     0.00000     0.00000     0.00000     0.00000     0.00000     0.00000     0.00000     0.00000     0.00000     0.00000     0.00000     0.00000     0.00000     0.00000     0.00000     0.00000     0.00000     0.00000     0.00000     0.00000     0.00000     0.00000     0.00000     0.00000     0.00000     0.00000     0.00000     0.00000     0.00000     0.00000     0.00000     0.00000     0.00000     0.00000
     0.00000     0.00000     0.00000     0.00000     0.00000     0.00000     0.00000     0.00000     0.00000     0.00000     0.00000     0.00000     0.00000     0.00000     0.00000     0.00000     0.00000     0.00000     0.00000     0.00000     0.00000     0.00000     0.00000     0.00000     0.00000     0.00000     0.00000     0.00000     0.00000     0.00000     0.00000     0.00000     0.00000     0.00000     0.00000     0.00000     0.00000     0.00000     0.00000     0.00000     0.00000     0.00000     0.00000     0.00000     0.00000     0.00000     0.00000     0.00000     0.00000     0.00000     0.00000     0.00000     0.00000     0.00000     0.00000     0.00000     0.00000     0.00000     0.00000     0.00000     0.00000     0.00000     0.00000     0.00000     0.00000     0.00000     0.00000     0.00000     0.00000     0.00000     0.00000     0.00000     0.00000     0.00000     0.00000   -62.30683   -62.29976   -62.29269   -62.28561   -62.27854   -62.27147   -62.26440   -62.25733   -62.25026   -62.24319   -62.23612   -62.22905   -62.22197   -62.21490   -62.20783   -62.20076   -62.19369   -62.18662   -62.17955   -62.17248   -62.16541   -62.15834   -62.15126   -62.14419   -62.13712   -62.13005   -62.12298   -62.11591   -62.10884   -62.10176   -62.09470   -62.08762   -62.08055   -62.07348   -62.06641   -62.05934   -62.05227   -62.04520   -62.03813   -62.03106   -62.02398   -62.01691   -62.00984   -62.00277   365.13416   369.37677   373.61938   377.86203   382.10468   386.34729   390.58997   394.83261   399.07526   403.31787   407.56049   411.80319   416.04584   420.28845   424.53110   428.77371   433.01642   437.25903   441.50165   445.74426   449.98694   454.22955   458.47223   462.71484   466.95749   471.20013   475.44275   479.68542   483.92807   488.17072   492.41333   496.65598   500.89865   505.14130   509.38391     0.00000     0.00000     0.00000     0.00000     0.00000     0.00000     0.00000     0.00000     0.00000     0.00000     0.00000     0.00000     0.00000     0.00000     0.00000     0.00000     0.00000     0.00000     0.00000     0.00000     0.00000     0.00000     0.00000     0.00000     0.00000     0.00000     0.00000     0.00000     0.00000     0.00000     0.00000     0.00000     0.00000     0.00000     0.00000     0.00000     0.00000     0.00000     0.00000     0.00000     0.00000     0.00000     0.00000     0.00000     0.00000     0.00000     0.00000     0.00000     0.00000     0.00000     0.00000     0.00000     0.00000     0.00000     0.00000     0.00000     0.00000     0.00000     0.00000     0.00000     0.00000     0.00000     0.00000     0.00000     0.00000     0.00000     0.00000     0.00000     0.00000     0.00000     0.00000     0.00000     0.00000     0.00000     0.00000
     0.00000     0.00000     0.00000     0.00000     0.00000     0.00000     0.00000     0.00000     0.00000     0.00000     0.00000     0.00000     0.00000     0.00000     0.00000     0.00000     0.00000     0.00000     0.00000     0.00000     0.00000     0.00000     0.00000     0.00000     0.00000     0.00000     0.00000     0.00000     0.00000     0.00000     0.00000     0.00000     0.00000     0.00000     0.00000     0.00000     0.00000     0.00000     0.00000     0.00000     0.00000     0.00000     0.00000     0.00000     0.00000     0.00000     0.00000     0.00000     0.00000     0.00000     0.00000     0.00000     0.00000     0.00000     0.00000     0.00000     0.00000     0.00000     0.00000     0.00000     0.00000     0.00000     0.00000     0.00000     0.00000     0.00000     0.00000     0.00000     0.00000     0.00000     0.00000     0.00000     0.00000     0.00000   -62.30683   -62.29976   -62.29269   -62.28561   -62.27854   -62.27147   -62.26440   -62.25733   -62.25026   -62.24319   -62.23612   -62.22905   -62.22197   -62.21490   -62.20783   -62.20076   -62.19369   -62.18662   -62.17955   -62.17248   -62.16541   -62.15834   -62.15126   -62.14419   -62.13712   -62.13005   -62.12298   -62.11591   -62.10884   -62.10176   -62.09470   -62.08762   -62.08055   -62.07348   -62.06641   -62.05934   -62.05227   -62.04520   -62.03813   -62.03106   -62.02398   -62.01691   -62.00984   -62.00277   359.47726   363.71988   367.96255   372.20520   376.44781   380.69046   384.93311   389.17572   393.41840   397.66104   401.90369   406.14630   410.38892   414.63162   418.87427   423.11688   427.35950   431.60211   435.84485   440.08746   444.33008   448.57269   452.81534   457.05798   461.30066   465.54327   469.78592   474.02856   478.27118   482.51385   486.75650   490.99915   495.24176   499.48441   503.72708   507.96973   512.21234     0.00000     0.00000     0.00000     0.00000     0.00000     0.00000     0.00000     0.00000     0.00000     0.00000     0.00000     0.00000     0.00000     0.00000     0.00000     0.00000     0.00000     0.00000     0.00000     0.00000     0.00000     0.00000     0.00000     0.00000     0.00000     0.00000     0.00000     0.00000     0.00000     0.00000     0.00000     0.00000     0.00000     0.00000     0.00000     0.00000     0.00000     0.00000     0.00000     0.00000     0.00000     0.00000     0.00000     0.00000     0.00000     0.00000     0.00000     0.00000     0.00000     0.00000     0.00000     0.00000     0.00000     0.00000     0.00000     0.00000     0.00000     0.00000     0.00000     0.00000     0.00000     0.00000     0.00000     0.00000     0.00000     0.00000     0.00000     0.00000     0.00000     0.00000     0.00000     0.00000     0.00000     0.00000
     0.00000     0.00000     0.00000     0.00000     0.00000     0.00000     0.00000     0.00000     0.00000     0.00000     0.00000     0.00000     0.00000     0.00000     0.00000     0.00000     0.00000     0.00000     0.00000     0.00000     0.00000     0.00000     0.00000     0.00000     0.00000     0.00000     0.00000     0.00000     0.00000     0.00000     0.00000     0.00000     0.00000     0.00000     0.00000     0.00000     0.00000     0.00000     0.00000     0.00000     0.00000     0.00000     0.00000     0.00000     0.00000     0.00000     0.00000     0.00000     0.00000     0.00000     0.00000     0.00000     0.00000     0.00000     0.00000     0.00000     0.00000     0.00000     0.00000     0.00000     0.00000     0.00000     0.00000     0.00000     0.00000     0.00000     0.00000     0.00000     0.00000     0.00000     0.00000     0.00000     0.00000   -62.30683   -62.29976   -62.29269   -62.28561   -62.27854   -62.27147   -62.26440   -62.25733   -62.25026   -62.24319   -62.23612   -62.22905   -62.22197   -62.21490   -62.20783   -62.20076   -62.19369   -62.18662   -62.17955   -62.17248   -62.16541   -62.15834   -62.15126   -62.14419   -62.13712   -62.13005   -62.12298   -62.11591   -62.10884   -62.10176   -62.09470   -62.08762   -62.08055   -62.07348   -62.06641   -62.05934   -62.05227   -62.04520   -62.03813   -62.03106   -62.02398   -62.01691   -62.00984   -62.00277   353.82043   358.06305   362.30566   366.54831   370.79099   375.03363   379.27625   383.51889   387.76154   392.00415   396.24683   400.48947   404.73212   408.97473   413.21735   417.46005   421.70270   425.94531   430.18793   434.43054   438.67328   442.91586   447.15851   451.40112   455.64377   459.88641   464.12909   468.37170   472.61435   476.85699   481.09961   485.34229   489.58493   493.82758   498.07019   502.31284   506.55551   510.79816   515.04077     0.00000     0.00000     0.00000     0.00000     0.00000     0.00000     0.00000     0.00000     0.00000     0.00000     0.00000     0.00000     0.00000     0.00000     0.00000     0.00000     0.00000     0.00000     0.00000     0.00000     0.00000     0.00000     0.00000     0.00000     0.00000     0.00000     0.00000     0.00000     0.00000     0.00000     0.00000     0.00000     0.00000     0.00000     0.00000     0.00000     0.00000     0.00000     0.00000     0.00000     0.00000     0.00000     0.00000     0.00000     0.00000     0.00000     0.00000     0.00000     0.00000     0.00000     0.00000     0.00000     0.00000     0.00000     0.00000     0.00000     0.00000     0.00000     0.00000     0.00000     0.00000     0.00000     0.00000     0.00000     0.00000     0.00000     0.00000     0.00000     0.00000     0.00000     0.00000     0.00000     0.00000
     0.00000     0.00000     0.00000     0.00000     0.00000     0.00000     0.00000     0.00000     0.00000     0.00000     0.00000     0.00000     0.00000     0.00000     0.00000     0.00000     0.00000     0.00000     0.00000     0.00000     0.00000     0.00000     0.00000     0.00000     0.00000     0.00000     0.00000     0.00000     0.00000     0.00000     0.00000     0.00000     0.00000     0.00000     0.00000     0.00000     0.00000     0.00000     0.00000     0.00000     0.00000     0.00000     0.00000     0.00000     0.00000     0.00000     0.00000     0.00000     0.00000     0.00000     0.00000     0.00000     0.00000     0.00000     0.00000     0.00000     0.00000     0.00000     0.00000     0.00000     0.00000     0.00000     0.00000     0.00000     0.00000     0.00000     0.00000     0.00000     0.00000     0.00000     0.00000     0.00000   -62.30683   -62.29976   -62.29269   -62.28561   -62.27854   -62.27147   -62.26440   -62.25733   -62.25026   -62.24319   -62.23612   -62.22905   -62.22197   -62.21490   -62.20783   -62.20076   -62.19369   -62.18662   -62.17955   -62.17248   -62.16541   -62.15834   -62.15126   -62.14419   -62.13712   -62.13005   -62.12298   -62.11591   -62.10884   -62.10176   -62.09470   -62.08762   -62.08055   -62.07348   -62.06641   -62.05934   -62.05227   -62.04520   -62.03813   -62.03106   -62.02398   -62.01691   -62.00984   -62.00277   348.16354   352.40619   356.64883   360.89148   365.13409   369.37674   373.61942   377.86206   382.10468   386.34732   390.58997   394.83258   399.07526   403.31790   407.56055   411.80316   416.04578   420.28845   424.53113   428.77374   433.01636   437.25897   441.50168   445.74429   449.98694   454.22955   458.47220   462.71484   466.95752   471.20013   475.44278   479.68542   483.92804   488.17072   492.41336   496.65601   500.89862   505.14124   509.38391   513.62659   517.86920     0.00000     0.00000     0.00000     0.00000     0.00000     0.00000     0.00000     0.00000     0.00000     0.00000     0.00000     0.00000     0.00000     0.00000     0.00000     0.00000     0.00000     0.00000     0.00000     0.00000     0.00000     0.00000     0.00000     0.00000     0.00000     0.00000     0.00000     0.00000     0.00000     0.00000     0.00000     0.00000     0.00000     0.00000     0.00000     0.00000     0.00000     0.00000     0.00000     0.00000     0.00000     0.00000     0.00000     0.00000     0.00000     0.00000     0.00000     0.00000     0.00000     0.00000     0.00000     0.00000     0.00000     0.00000     0.00000     0.00000     0.00000     0.00000     0.00000     0.00000     0.00000     0.00000     0.00000     0.00000     0.00000     0.00000     0.00000     0.00000     0.00000     0.00000     0.00000     0.00000
     0.00000     0.00000     0.00000     0.00000     0.00000     0.00000     0.00000     0.00000     0.00000     0.00000     0.00000     0.00000     0.00000     0.00000     0.00000     0.00000     0.00000     0.00000     0.00000     0.00000     0.00000     0.00000     0.00000     0.00000     0.00000     0.00000     0.00000     0.00000     0.00000     0.00000     0.00000     0.00000     0.00000     0.00000     0.00000     0.00000     0.00000     0.00000     0.00000     0.00000     0.00000     0.00000     0.00000     0.00000     0.00000     0.00000     0.00000     0.00000     0.00000     0.00000     0.00000     0.00000     0.00000     0.00000     0.00000     0.00000     0.00000     0.00000     0.00000     0.00000     0.00000     0.00000     0.00000     0.00000     0.00000     0.00000     0.00000     0.00000     0.00000     0.00000     0.00000   -62.30683   -62.29976   -62.29269   -62.28561   -62.27854   -62.27147   -62.26440   -62.25733   -62.25026   -62.24319   -62.23612   -62.22905   -62.22197   -62.21490   -62.20783   -62.20076   -62.19369   -62.18662   -62.17955   -62.17248   -62.16541   -62.15834   -62.15126   -62.14419   -62.13712   -62.13005   -62.12298   -62.11591   -62.10884   -62.10176   -62.09470   -62.08762   -62.08055   -62.07348   -62.06641   -62.05934   -62.05227   -62.04520   -62.03813   -62.03106   -62.02398   -62.01691   -62.00984   -62.00277   342.50671   346.74933   350.99194   355.23462   359.47726   363.71991   367.96252   372.20517   376.44785   380.69049   384.93311   389.17575   393.41840   397.66101   401.90369   406.14633   410.38895   414.63159   418.87421   423.11688   427.35956   431.60214   435.84479   440.08740   444.33011   448.57272   452.81537   457.05798   461.30063   465.54327   469.78595   474.02856   478.27121   482.51385   486.75647   490.99915   495.24179   499.48444   503.72705   507.96967   512.21234   516.45502   520.69763     0.00000     0.00000     0.00000     0.00000     0.00000     0.00000     0.00000     0.00000     0.00000     0.00000     0.00000     0.00000     0.00000     0.00000     0.00000     0.00000     0.00000     0.00000     0.00000     0.00000     0.00000     0.00000     0.00000     0.00000     0.00000     0.00000     0.00000     0.00000     0.00000     0.00000     0.00000     0.00000     0.00000     0.00000     0.00000     0.00000     0.00000     0.00000     0.00000     0.00000     0.00000     0.00000     0.00000     0.00000     0.00000     0.00000     0.00000     0.00000     0.00000     0.00000     0.00000     0.00000     0.00000     0.00000     0.00000     0.00000     0.00000     0.00000     0.00000     0.00000     0.00000     0.00000     0.00000     0.00000     0.00000     0.00000     0.00000     0.00000     0.00000     0.00000     0.00000
     0.00000     0.00000     0.00000     0.00000     0.00000     0.00000     0.00000     0.00000     0.00000     0.00000     0.00000     0.00000     0.00000     0.00000     0.00000     0.00000     0.00000     0.00000     0.00000     0.00000     0.00000     0.00000     0.00000     0.00000     0.00000     0.00000     0.00000     0.00000     0.00000     0.00000     0.00000     0.00000     0.00000     0.00000     0.00000     0.00000     0.00000     0.00000     0.00000     0.00000     0.00000     0.00000     0.00000     0.00000     0.00000     0.00000     0.00000     0.00000     0.00000     0.00000     0.00000     0.00000     0.00000     0.00000     0.00000     0.00000     0.00000     0.00000     0.00000     0.00000     0.00000     0.00000     0.00000     0.00000     0.00000     0.00000     0.00000     0.00000     0.00000     0.00000   -62.30683   -62.29976   -62.29269   -62.28561   -62.27854   -62.27147   -62.26440   -62.25733   -62.25026   -62.24319   -62.23612   -62.22905   -62.22197   -62.21490   -62.20783   -62.20076   -62.19369   -62.18662   -62.17955   -62.17248   -62.16541   -62.15834   -62.15126   -62.14419   -62.13712   -62.13005   -62.12298   -62.11591   -62.10884   -62.10176   -62.09470   -62.08762   -62.08055   -62.07348   -62.06641   -62.05934   -62.05227   -62.04520   -62.03813   -62.03106   -62.02398   -62.01691   -62.00984   -62.00277   336.84985   341.09247   345.33511   349.57776   353.82037   358.06305   362.30569   366.54834   370.79095   375.03360   379.27628   383.51892   387.76154   392.00418   396.24683   400.48944   404.73212   408.97473   413.21738   417.46002   421.70264   425.94531   430.18796   434.43057   438.67322   442.91583   447.15854   451.40115   455.64380   459.88641   464.12906   468.37170   472.61438   476.85699   481.09964   485.34229   489.58490   493.82758   498.07019   502.31287   506.55548   510.79810   515.04077   519.28345   523.52600     0.00000     0.00000     0.00000     0.00000     0.00000     0.00000     0.00000     0.00000     0.00000     0.00000     0.00000     0.00000     0.00000     0.00000     0.00000     0.00000     0.00000     0.00000     0.00000     0.00000     0.00000     0.00000     0.00000     0.00000     0.00000     0.00000     0.00000     0.00000     0.00000     0.00000     0.00000     0.00000     0.00000     0.00000     0.00000     0.00000     0.00000     0.00000     0.00000     0.00000     0.00000     0.00000     0.00000     0.00000     0.00000     0.00000     0.00000     0.00000     0.00000     0.00000     0.00000     0.00000     0.00000     0.00000     0.00000     0.00000     0.00000     0.00000     0.00000     0.00000     0.00000     0.00000     0.00000     0.00000     0.00000     0.00000     0.00000     0.00000     0.00000     0.00000
     0.00000     0.00000     0.00000     0.00000     0.00000     0.00000     0.00000     0.00000     0.00000     0.00000     0.00000     0.00000     0.00000     0.00000     0.00000     0.00000     0.00000     0.00000     0.00000     0.00000     0.00000     0.00000     0.00000     0.00000     0.00000     0.00000     0.00000     0.00000     0.00000     0.00000     0.00000     0.00000     0.00000     0.00000     0.00000     0.00000     0.00000     0.00000     0.00000     0.00000     0.00000     0.00000     0.00000     0.00000     0.00000     0.00000     0.00000     0.00000     0.00000     0.00000     0.00000     0.00000     0.00000     0.00000     0.00000     0.00000     0.00000     0.00000     0.00000     0.00000     0.00000     0.00000     0.00000     0.00000     0.00000     0.00000     0.00000     0.00000     0.00000   -62.30683   -62.29976   -62.29269   -62.28561   -62.27854   -62.27147   -62.26440   -62.25733   -62.25026   -62.24319   -62.23612   -62.22905   -62.22197   -62.21490   -62.20783   -62.20076   -62.19369   -62.18662   -62.17955   -62.17248   -62.16541   -62.15834   -62.15126   -62.14419   -62.13712   -62.13005   -62.12298   -62.11591   -62.10884   -62.10176   -62.09470   -62.08762   -62.08055   -62.07348   -62.06641   -62.05934   -62.05227   -62.04520   -62.03813   -62.03106   -62.02398   -62.01691   -62.00984   -62.00277   331.19299   335.43561   339.67828   343.92090   348.16354   352.40619   356.64880   360.89148   365.13412   369.37677   373.61938   377.86203   382.10471   386.34735   390.58997   394.83261   399.07523   403.31787   407.56055   411.80316   416.04581   420.28842   424.53107   428.77374   433.01639   437.25900   441.50165   445.74426   449.98697   454.22958   458.47223   462.71484   466.95749   471.20013   475.44281   479.68542   483.92807   488.17072   492.41333   496.65601   500.89862   505.14130   509.38388   513.62653   517.86920   522.11182   526.35449     0.00000     0.00000     0.00000     0.00000     0.00000     0.00000     0.00000     0.00000     0.00000     0.00000     0.00000     0.00000     0.00000     0.00000     0.00000     0.00000     0.00000     0.00000     0.00000     0.00000     0.00000     0.00000     0.00000     0.00000     0.00000     0.00000     0.00000     0.00000     0.00000     0.00000     0.00000     0.00000     0.00000     0.00000     0.00000     0.00000     0.00000     0.00000     0.00000     0.00000     0.00000     0.00000     0.00000     0.00000     0.00000     0.00000     0.00000     0.00000     0.00000     0.00000     0.00000     0.00000     0.00000     0.00000     0.00000     0.00000     0.00000     0.00000     0.00000     0.00000     0.00000     0.00000     0.00000     0.00000     0.00000     0.00000     0.00000     0.00000     0.00000
     0.00000     0.00000     0.00000     0.00000     0.00000     0.00000     0.00000     0.00000     0.00000     0.00000     0.00000     0.00000     0.00000     0.00000     0.00000     0.00000     0.00000     0.00000     0.00000     0.00000     0.00000     0.00000     0.00000     0.00000     0.00000     0.00000     0.00000     0.00000     0.00000     0.00000     0.00000     0.00000     0.00000     0.00000     0.00000     0.00000     0.00000     0.00000     0.00000     0.00000     0.00000     0.00000     0.00000     0.00000     0.00000     0.00000     0.00000     0.00000     0.00000     0.00000     0.00000     0.00000     0.00000     0.00000     0.00000     0.00000     0.00000     0.00000     0.00000     0.00000     0.00000     0.00000     0.00000     0.00000     0.00000     0.00000     0.00000     0.00000   -62.30683   -62.29976   -62.29269   -62.28561   -62.27854   -62.27147   -62.26440   -62.25733   -62.25026   -62.24319   -62.23612   -62.22905   -62.22197   -62.21490   -62.20783   -62.20076   -62.19369   -62.18662   -62.17955   -62.17248   -62.16541   -62.15834   -62.15126   -62.14419   -62.13712   -62.13005   -62.12298   -62.11591   -62.10884   -62.10176   -62.09470   -62.08762   -62.08055   -62.07348   -62.06641   -62.05934   -62.05227   -62.04520   -62.03813   -62.03106   -62.02398   -62.01691   -62.00984   -62.00277   325.53613   329.77875   334.02139   338.26404   342.50671   346.74933   350.99197   355.23462   359.47723   363.71991   367.96255   372.20520   376.44781   380.69046   384.93314   389.17578   393.41840   397.66101   401.90366   406.14630   410.38898   414.63159   418.87421   423.11685   427.35950   431.60217   435.84482   440.08743   444.33008   448.57269   452.81540   457.05801   461.30066   465.54327   469.78592   474.02856   478.27124   482.51385   486.75647   490.99915   495.24176   499.48444   503.72705   507.96970   512.21228   516.45496   520.69763   524.94031   529.18286     0.00000     0.00000     0.00000     0.00000     0.00000     0.00000     0.00000     0.00000     0.00000     0.00000     0.00000     0.00000     0.00000     0.00000     0.00000     0.00000     0.00000     0.00000     0.00000     0.00000     0.00000     0.00000     0.00000     0.00000     0.00000     0.00000     0.00000     0.00000     0.00000     0.00000     0.00000     0.00000     0.00000     0.00000     0.00000     0.00000     0.00000     0.00000     0.00000     0.00000     0.00000     0.00000     0.00000     0.00000     0.00000     0.00000     0.00000     0.00000     0.00000     0.00000     0.00000     0.00000     0.00000     0.00000     0.00000     0.00000     0.00000     0.00000     0.00000     0.00000     0.00000     0.00000     0.00000     0.00000     0.00000     0.00000     0.00000     0.00000
     0.00000     0.00000     0.00000     0.00000     0.00000     0.00000     0.00000     0.00000     0.00000     0.00000     0.00000     0.00000     0.00000     0.00000     0.00000     0.00000     0.00000     0.00000     0.00000     0.00000     0.00000     0.00000     0.00000     0.00000     0.00000     0.00000     0.00000     0.00000     0.00000     0.00000     0.00000     0.00000     0.00000     0.00000     0.00000     0.00000     0.00000     0.00000     0.00000     0.00000     0.00000     0.00000     0.00000     0.00000     0.00000     0.00000     0.00000     0.00000     0.00000     0.00000     0.00000     0.00000     0.00000     0.00000     0.00000     0.00000     0.00000     0.00000     0.00000     0.00000     0.00000     0.00000     0.00000     0.00000     0.00000     0.00000     0.00000   -62.30683   -62.29976   -62.29269   -62.28561   -62.27854   -62.27147   -62.26440   -62.25733   -62.25026   -62.24319   -62.23612   -62.22905   -62.22197   -62.21490   -62.20783   -62.20076   -62.19369   -62.18662   -62.17955   -62.17248   -62.16541   -62.15834   -62.15126   -62.14419   -62.13712   -62.13005   -62.12298   -62.11591   -62.10884   -62.10176   -62.09470   -62.08762   -62.08055   -62.07348   -62.06641   -62.05934   -62.05227   -62.04520   -62.03813   -62.03106   -62.02398   -62.01691   -62.00984   -62.00277   319.87930   324.12195   328.36456   332.60718   336.84982   341.09247   345.33514   349.57776   353.82040   358.06305   362.30566   366.54834   370.79099   375.03363   379.27625   383.51889   387.76154   392.00418   396.24683   400.48944   404.73209   408.97470   413.21741   417.46002   421.70264   425.94528   430.18793   434.43060   438.67325   442.91586   447.15851   451.40112   455.64383   459.88644   464.12909   468.37170   472.61435   476.85699   481.09967   485.34229   489.58490   493.82758   498.07016   502.31284   506.55548   510.79813   515.04077   519.28339   523.52606   527.76868   532.01135     0.00000     0.00000     0.00000     0.00000     0.00000     0.00000     0.00000     0.00000     0.00000     0.00000     0.00000     0.00000     0.00000     0.00000     0.00000     0.00000     0.00000     0.00000     0.00000     0.00000     0.00000     0.00000     0.00000     0.00000     0.00000     0.00000     0.00000     0.00000     0.00000     0.00000     0.00000     0.00000     0.00000     0.00000     0.00000     0.00000     0.00000     0.00000     0.00000     0.00000     0.00000     0.00000     0.00000     0.00000     0.00000     0.00000     0.00000     0.00000     0.00000     0.00000     0.00000     0.00000     0.00000     0.00000     0.00000     0.00000     0.00000     0.00000     0.00000     0.00000     0.00000     0.00000     0.00000     0.00000     0.00000     0.00000     0.00000
     0.00000     0.00000     0.00000     0.00000     0.00000     0.00000     0.00000     0.00000     0.00000     0.00000     0.00000     0.00000     0.00000     0.00000     0.00000     0.00000     0.00000     0.00000     0.00000     0.00000     0.00000     0.00000     0.00000     0.00000     0.00000     0.00000     0.00000     0.00000     0.00000     0.00000     0.00000     0.00000     0.00000     0.00000     0.00000     0.00000     0.00000     0.00000     0.00000     0.00000     0.00000     0.00000     0.00000     0.00000     0.00000     0.00000     0.00000     0.00000     0.00000     0.00000     0.00000     0.00000     0.00000     0.00000     0.00000     0.00000     0.00000     0.00000     0.00000     0.00000     0.00000     0.00000     0.00000     0.00000     0.00000     0.00000   -62.30683   -62.29976   -62.29269   -62.28561   -62.27854   -62.27147   -62.26440   -62.25733   -62.25026   -62.24319   -62.23612   -62.22905   -62.22197   -62.21490   -62.20783   -62.20076   -62.19369   -62.18662   -62.17955   -62.17248   -62.16541   -62.15834   -62.15126   -62.14419   -62.13712   -62.13005   -62.12298   -62.11591   -62.10884   -62.10176   -62.09470   -62.08762   -62.08055   -62.07348   -62.06641   -62.05934   -62.05227   -62.04520   -62.03813   -62.03106   -62.02398   -62.01691   -62.00984   -62.00277   314.22241   318.46503   322.70770   326.95038   331.19299   335.43561   339.67825   343.92090   348.16357   352.40619   356.64883   360.89148   365.13409   369.37677   373.61942   377.86206   382.10468   386.34729   390.58997   394.83261   399.07526   403.31787   407.56049   411.80313   416.04584   420.28845   424.53107   428.77371   433.01636   437.25903   441.50168   445.74429   449.98694   454.22955   458.47226   462.71487   466.95752   471.20013   475.44275   479.68542   483.92810   488.17072   492.41333   496.65598   500.89859   505.14127   509.38391   513.62659   517.86914   522.11182   526.35449   530.59717   534.83972     0.00000     0.00000     0.00000     0.00000     0.00000     0.00000     0.00000     0.00000     0.00000     0.00000     0.00000     0.00000     0.00000     0.00000     0.00000     0.00000     0.00000     0.00000     0.00000     0.00000     0.00000     0.00000     0.00000     0.00000     0.00000     0.00000     0.00000     0.00000     0.00000     0.00000     0.00000     0.00000     0.00000     0.00000     0.00000     0.00000     0.00000     0.00000     0.00000     0.00000     0.00000     0.00000     0.00000     0.00000     0.00000     0.00000     0.00000     0.00000     0.00000     0.00000     0.00000     0.00000     0.00000     0.00000     0.00000     0.00000     0.00000     0.00000     0.00000     0.00000     0.00000     0.00000     0.00000     0.00000     0.00000     0.00000
     0.00000     0.00000     0.00000     0.00000     0.00000     0.00000     0.00000     0.00000     0.00000     0.00000     0.00000     0.00000     0.00000     0.00000     0.00000     0.00000     0.00000     0.00000     0.00000     0.00000     0.00000     0.00000     0.00000     0.00000     0.00000     0.00000     0.00000     0.00000     0.00000     0.00000     0.00000     0.00000     0.00000     0.00000     0.00000     0.00000     0.00000     0.00000     0.00000     0.00000     0.00000     0.00000     0.00000     0.00000     0.00000     0.00000     0.00000     0.00000     0.00000     0.00000     0.00000     0.00000     0.00000     0.00000     0.00000     0.00000     0.00000     0.00000     0.00000     0.00000     0.00000     0.00000     0.00000     0.00000     0.00000   -62.30683   -62.29976   -62.29269   -62.28561   -62.27854   -62.27147   -62.26440   -62.25733   -62.25026   -62.24319   -62.23612   -62.22905   -62.22197   -62.21490   -62.20783   -62.20076   -62.19369   -62.18662   -62.17955   -62.17248   -62.16541   -62.15834   -62.15126   -62.14419   -62.13712   -62.13005   -62.12298   -62.11591   -62.10884   -62.10176   -62.09470   -62.08762   -62.08055   -62.07348   -62.06641   -62.05934   -62.05227   -62.04520   -62.03813   -62.03106   -62.02398   -62.01691   -62.00984   -62.00277   308.56558   312.80823   317.05084   321.29346   325.53613   329.77881   334.02142   338.26404   342.50668   346.74933   350.99200   355.23462   359.47726   363.71991   367.96252   372.20520   376.44781   380.69046   384.93311   389.17572   393.41840   397.66101   401.90369   406.14630   410.38892   414.63156   418.87427   423.11688   427.35950   431.60214   435.84479   440.08746   444.33011   448.57272   452.81537   457.05798   461.30069   465.54327   469.78595   474.02856   478.27118   482.51385   486.75650   490.99911   495.24176   499.48441   503.72702   507.96970   512.21234   516.45496   520.69763   524.94025   529.18292   533.42554   537.66821     0.00000     0.00000     0.00000     0.00000     0.00000     0.00000     0.00000     0.00000     0.00000     0.00000     0.00000     0.00000     0.00000     0.00000     0.00000     0.00000     0.00000     0.00000     0.00000     0.00000     0.00000     0.00000     0.00000     0.00000     0.00000     0.00000     0.00000     0.00000     0.00000     0.00000     0.00000     0.00000     0.00000     0.00000     0.00000     0.00000     0.00000     0.00000     0.00000     0.00000     0.00000     0.00000     0.00000     0.00000     0.00000     0.00000     0.00000     0.00000     0.00000     0.00000     0.00000     0.00000     0.00000     0.00000     0.00000     0.00000     0.00000     0.00000     0.00000     0.00000     0.00000     0.00000     0.00000     0.00000     0.00000
     0.00000     0.00000     0.00000     0.00000     0.00000     0.00000     0.00000     0.00000     0.00000     0.00000     0.00000     0.00000     0.00000     0.00000     0.00000     0.00000     0.00000     0.00000     0.00000     0.00000     0.00000     0.00000     0.00000     0.00000     0.00000     0.00000     0.00000     0.00000     0.00000     0.00000     0.00000     0.00000     0.00000     0.00000     0.00000     0.00000     0.00000     0.00000     0.00000     0.00000     0.00000     0.00000     0.00000     0.00000     0.00000     0.00000     0.00000     0.00000     0.00000     0.00000     0.00000     0.00000     0.00000     0.00000     0.00000     0.00000     0.00000     0.00000     0.00000     0.00000     0.00000     0.00000     0.00000     0.00000   -62.30683   -62.29976   -62.29269   -62.28561   -62.27854   -62.27147   -62.26440   -62.25733   -62.25026   -62.24319   -62.23612   -62.22905   -62.22197   -62.21490   -62.20783   -62.20076   -62.19369   -62.18662   -62.17955   -62.17248   -62.16541   -62.15834   -62.15126   -62.14419   -62.13712   -62.13005   -62.12298   -62.11591   -62.10884   -62.10176   -62.09470   -62.08762   -62.08055   -62.07348   -62.06641   -62.05934   -62.05227   -62.04520   -62.03813   -62.03106   -62.02398   -62.01691   -62.00984   -62.00277   302.90869   307.15137   311.39398   315.63666   319.87927   324.12189   328.36456   332.60724   336.84985   341.09247   345.33511   349.57776   353.82043   358.06305   362.30569   366.54834   370.79095   375.03363   379.27625   383.51889   387.76154   392.00415   396.24683   400.48944   404.73212   408.97473   413.21735   417.45999   421.70270   425.94531   430.18793   434.43057   438.67322   442.91589   447.15854   451.40115   455.64380   459.88641   464.12909   468.37170   472.61438   476.85699   481.09961   485.34225   489.58493   493.82755   498.07019   502.31284   506.55545   510.79813   515.04077   519.28345   523.52600   527.76868   532.01135   536.25397   540.49658     0.00000     0.00000     0.00000     0.00000     0.00000     0.00000     0.00000     0.00000     0.00000     0.00000     0.00000     0.00000     0.00000     0.00000     0.00000     0.00000     0.00000     0.00000     0.00000     0.00000     0.00000     0.00000     0.00000     0.00000     0.00000     0.00000     0.00000     0.00000     0.00000     0.00000     0.00000     0.00000     0.00000     0.00000     0.00000     0.00000     0.00000     0.00000     0.00000     0.00000     0.00000     0.00000     0.00000     0.00000     0.00000     0.00000     0.00000     0.00000     0.00000     0.00000     0.00000     0.00000     0.00000     0.00000     0.00000     0.00000     0.00000     0.00000     0.00000     0.00000     0.00000     0.00000     0.00000     0.00000
     0.00000     0.00000     0.00000     0.00000     0.00000     0.00000     0.00000     0.00000     0.00000     0.00000     0.00000     0.00000     0.00000     0.00000     0.00000     0.00000     0.00000     0.00000     0.00000     0.00000     0.00000     0.00000     0.00000     0.00000     0.00000     0.00000     0.00000     0.00000     0.00000     0.00000     0.00000     0.00000     0.00000     0.00000     0.00000     0.00000     0.00000     0.00000     0.00000     0.00000     0.00000     0.00000     0.00000     0.00000     0.00000     0.00000     0.00000     0.00000     0.00000     0.00000     0.00000     0.00000     0.00000     0.00000     0.00000     0.00000     0.00000     0.00000     0.00000     0.00000     0.00000     0.00000     0.00000   -62.30683   -62.29976   -62.29269   -62.28561   -62.27854   -62.27147   -62.26440   -62.25733   -62.25026   -62.24319   -62.23612   -62.22905   -62.22197   -62.21490   -62.20783   -62.20076   -62.19369   -62.18662   -62.17955   -62.17248   -62.16541   -62.15834   -62.15126   -62.14419   -62.13712   -62.13005   -62.12298   -62.11591   -62.10884   -62.10176   -62.09470   -62.08762   -62.08055   -62.07348   -62.06641   -62.05934   -62.05227   -62.04520   -62.03813   -62.03106   -62.02398   -62.01691   -62.00984   -62.00277   297.25186   301.49451   305.73712   309.97980   314.22241   318.46509   322.70770   326.95032   331.19299   335.43567   339.67828   343.92090   348.16354   352.40619   356.64886   360.89148   365.13409   369.37674   373.61938   377.86206   382.10468   386.34729   390.58997   394.83258   399.07526   403.31787   407.56055   411.80316   416.04578   420.28842   424.53113   428.77374   433.01636   437.25900   441.50165   445.74432   449.98697   454.22955   458.47223   462.71484   466.95752   471.20013   475.44278   479.68539   483.92804   488.17068   492.41336   496.65598   500.89862   505.14127   509.38388   513.62659   517.86920   522.11182   526.35449   530.59711   534.83978   539.08240   543.32501     0.00000     0.00000     0.00000     0.00000     0.00000     0.00000     0.00000     0.00000     0.00000     0.00000     0.00000     0.00000     0.00000     0.00000     0.00000     0.00000     0.00000     0.00000     0.00000     0.00000     0.00000     0.00000     0.00000     0.00000     0.00000     0.00000     0.00000     0.00000     0.00000     0.00000     0.00000     0.00000     0.00000     0.00000     0.00000     0.00000     0.00000     0.00000     0.00000     0.00000     0.00000     0.00000     0.00000     0.00000     0.00000     0.00000     0.00000     0.00000     0.00000     0.00000     0.00000     0.00000     0.00000     0.00000     0.00000     0.00000     0.00000     0.00000     0.00000     0.00000     0.00000     0.00000     0.00000
     0.00000     0.00000     0.00000     0.00000     0.00000     0.00000     0.00000     0.00000     0.00000     0.00000     0.00000     0.00000     0.00000     0.00000     0.00000     0.00000     0.00000     0.00000     0.00000     0.00000     0.00000     0.00000     0.00000     0.00000     0.00000     0.00000     0.00000     0.00000     0.00000     0.00000     0.00000     0.00000     0.00000     0.00000     0.00000     0.00000     0.00000     0.00000     0.00000     0.00000     0.00000     0.00000     0.00000     0.00000     0.00000     0.00000     0.00000     0.00000     0.00000     0.00000     0.00000     0.00000     0.00000     0.00000     0.00000     0.00000     0.00000     0.00000     0.00000     0.00000     0.00000     0.00000   -62.30683   -62.29976   -62.29269   -62.28561   -62.27854   -62.27147   -62.26440   -62.25733   -62.25026   -62.24319   -62.23612   -62.22905   -62.22197   -62.21490   -62.20783   -62.20076   -62.19369   -62.18662   -62.17955   -62.17248   -62.16541   -62.15834   -62.15126   -62.14419   -62.13712   -62.13005   -62.12298   -62.11591   -62.10884   -62.10176   -62.09470   -62.08762   -62.08055   -62.07348   -62.06641   -62.05934   -62.05227   -62.04520   -62.03813   -62.03106   -62.02398   -62.01691   -62.00984   -62.00277   291.59503   295.83765   300.08026   304.32294   308.56555   312.80823   317.05084   321.29352   325.53613   329.77875   334.02142   338.26410   342.50671   346.74933   350.99197   355.23462   359.47729   363.71991   367.96252   372.20517   376.44781   380.69049   384.93311   389.17572   393.41840   397.66101   401.90369   406.14630   410.38898   414.63159   418.87421   423.11685   427.35956   431.60217   435.84479   440.08743   444.33008   448.57275   452.81537   457.05798   461.30066   465.54327   469.78595   474.02856   478.27121   482.51382   486.75647   490.99911   495.24179   499.48441   503.72705   507.96970   512.21228   516.45496   520.69763   524.94025   529.18286   533.42554   537.66821   541.91083   546.15344     0.00000     0.00000     0.00000     0.00000     0.00000     0.00000     0.00000     0.00000     0.00000     0.00000     0.00000     0.00000     0.00000     0.00000     0.00000     0.00000     0.00000     0.00000     0.00000     0.00000     0.00000     0.00000     0.00000     0.00000     0.00000     0.00000     0.00000     0.00000     0.00000     0.00000     0.00000     0.00000     0.00000     0.00000     0.00000     0.00000     0.00000     0.00000     0.00000     0.00000     0.00000     0.00000     0.00000     0.00000     0.00000     0.00000     0.00000     0.00000     0.00000     0.00000     0.00000     0.00000     0.00000     0.00000     0.00000     0.00000     0.00000     0.00000     0.00000     0.00000     0.00000     0.00000
     0.00000     0.00000     0.00000     0.00000     0.00000     0.00000     0.00000     0.00000     0.00000     0.00000     0.00000     0.00000     0.00000     0.00000     0.00000     0.00000     0.00000     0.00000     0.00000     0.00000     0.00000     0.00000     0.00000     0.00000     0.00000     0.00000     0.00000     0.00000     0.00000     0.00000     0.00000     0.00000     0.00000     0.00000     0.00000     0.00000     0.00000     0.00000     0.00000     0.00000     0.00000     0.00000     0.00000     0.00000     0.00000     0.00000     0.00000     0.00000     0.00000     0.00000     0.00000     0.00000     0.00000     0.00000     0.00000     0.00000     0.00000     0.00000     0.00000     0.00000     0.00000   -62.30683   -62.29976   -62.29269   -62.28561   -62.27854   -62.27147   -62.26440   -62.25733   -62.25026   -62.24319   -62.23612   -62.22905   -62.22197   -62.21490   -62.20783   -62.20076   -62.19369   -62.18662   -62.17955   -62.17248   -62.16541   -62.15834   -62.15126   -62.14419   -62.13712   -62.13005   -62.12298   -62.11591   -62.10884   -62.10176   -62.09470   -62.08762   -62.08055   -62.07348   -62.06641   -62.05934   -62.05227   -62.04520   -62.03813   -62.03106   -62.02398   -62.01691   -62.00984   -62.00277   285.93814   290.18082   294.42346   298.66608   302.90869   307.15137   311.39398   315.63666   319.87927   324.12195   328.36456   332.60718   336.84985   341.09253   345.33514   349.57776   353.82037   358.06302   362.30573   366.54834   370.79095   375.03357   379.27625   383.51892   387.76154   392.00415   396.24683   400.48944   404.73212   408.97473   413.21741   417.46002   421.70264   425.94528   430.18799   434.43060   438.67322   442.91583   447.15848   451.40118   455.64380   459.88641   464.12906   468.37167   472.61438   476.85699   481.09964   485.34225   489.58490   493.82755   498.07022   502.31284   506.55548   510.79813   515.04077   519.28339   523.52606   527.76868   532.01129   536.25397   540.49664   544.73926   548.98187     0.00000     0.00000     0.00000     0.00000     0.00000     0.00000     0.00000     0.00000     0.00000     0.00000     0.00000     0.00000     0.00000     0.00000     0.00000     0.00000     0.00000     0.00000     0.00000     0.00000     0.00000     0.00000     0.00000     0.00000     0.00000     0.00000     0.00000     0.00000     0.00000     0.00000     0.00000     0.00000     0.00000     0.00000     0.00000     0.00000     0.00000     0.00000     0.00000     0.00000     0.00000     0.00000     0.00000     0.00000     0.00000     0.00000     0.00000     0.00000     0.00000     0.00000     0.00000     0.00000     0.00000     0.00000     0.00000     0.00000     0.00000     0.00000     0.00000     0.00000     0.00000
     0.00000     0.00000     0.00000     0.00000     0.00000     0.00000     0.00000     0.00000     0.00000     0.00000     0.00000     0.00000     0.00000     0.00000     0.00000     0.00000     0.00000     0.00000     0.00000     0.00000     0.00000     0.00000     0.00000     0.00000     0.00000     0.00000     0.00000     0.00000     0.00000     0.00000     0.00000     0.00000     0.00000     0.00000     0.00000     0.00000     0.00000     0.00000     0.00000     0.00000     0.00000     0.00000     0.00000     0.00000     0.00000     0.00000     0.00000     0.00000     0.00000     0.00000     0.00000     0.00000     0.00000     0.00000     0.00000     0.00000     0.00000     0.00000     0.00000     0.00000   -62.30683   -62.29976   -62.29269   -62.28561   -62.27854   -62.27147   -62.26440   -62.25733   -62.25026   -62.24319   -62.23612   -62.22905   -62.22197   -62.21490   -62.20783   -62.20076   -62.19369   -62.18662   -62.17955   -62.17248   -62.16541   -62.15834   -62.15126   -62.14419   -62.13712   -62.13005   -62.12298   -62.11591   -62.10884   -62.10176   -62.09470   -62.08762   -62.08055   -62.07348   -62.06641   -62.05934   -62.05227   -62.04520   -62.03813   -62.03106   -62.02398   -62.01691   -62.00984   -62.00277   280.28131   284.52393   288.76654   293.00925   297.25189   301.49451   305.73712   309.97980   314.22241   318.46509   322.70770   326.95038   331.19299   335.43561   339.67828   343.92096   348.16357   352.40619   356.64880   360.89145   365.13416   369.37677   373.61938   377.86200   382.10468   386.34735   390.58997   394.83258   399.07526   403.31787   407.56055   411.80316   416.04584   420.28845   424.53107   428.77371   433.01642   437.25903   441.50165   445.74426   449.98691   454.22961   458.47223   462.71484   466.95749   471.20010   475.44281   479.68542   483.92807   488.17068   492.41333   496.65598   500.89865   505.14127   509.38391   513.62653   517.86914   522.11182   526.35449   530.59711   534.83972   539.08240   543.32507   547.56769   551.81030     0.00000     0.00000     0.00000     0.00000     0.00000     0.00000     0.00000     0.00000     0.00000     0.00000     0.00000     0.00000     0.00000     0.00000     0.00000     0.00000     0.00000     0.00000     0.00000     0.00000     0.00000     0.00000     0.00000     0.00000     0.00000     0.00000     0.00000     0.00000     0.00000     0.00000     0.00000     0.00000     0.00000     0.00000     0.00000     0.00000     0.00000     0.00000     0.00000     0.00000     0.00000     0.00000     0.00000     0.00000     0.00000     0.00000     0.00000     0.00000     0.00000     0.00000     0.00000     0.00000     0.00000     0.00000     0.00000     0.00000     0.00000     0.00000     0.00000     0.00000
     0.00000     0.00000     0.00000     0.00000     0.00000     0.00000     0.00000     0.00000     0.00000     0.00000     0.00000     0.00000     0.00000     0.00000     0.00000     0.00000     0.00000     0.00000     0.00000     0.00000     0.00000     0.00000     0.00000     0.00000     0.00000     0.00000     0.00000     0.00000     0.00000     0.00000     0.00000     0.00000     0.00000     0.00000     0.00000     0.00000     0.00000     0.00000     0.00000     0.00000     0.00000     0.00000     0.00000     0.00000     0.00000     0.00000     0.00000     0.00000     0.00000     0.00000     0.00000     0.00000     0.00000     0.00000     0.00000     0.00000     0.00000     0.00000     0.00000   -62.30683   -62.29976   -62.29269   -62.28561   -62.27854   -62.27147   -62.26440   -62.25733   -62.25026   -62.24319   -62.23612   -62.22905   -62.22197   -62.21490   -62.20783   -62.20076   -62.19369   -62.18662   -62.17955   -62.17248   -62.16541   -62.15834   -62.15126   -62.14419   -62.13712   -62.13005   -62.12298   -62.11591   -62.10884   -62.10176   -62.09470   -62.08762   -62.08055   -62.07348   -62.06641   -62.05934   -62.05227   -62.04520   -62.03813   -62.03106   -62.02398   -62.01691   -62.00984   -62.00277   274.62448   278.86710   283.10974   287.35236   291.59497   295.83768   300.08032   304.32294   308.56555   312.80823   317.05084   321.29352   325.53613   329.77881   334.02142   338.26404   342.50671   346.74936   350.99200   355.23462   359.47723   363.71985   367.96255   372.20520   376.44781   380.69043   384.93311   389.17578   393.41840   397.66101   401.90369   406.14630   410.38898   414.63159   418.87427   423.11688   427.35950   431.60211   435.84482   440.08746   444.33008   448.57269   452.81531   457.05801   461.30066   465.54327   469.78592   474.02853   478.27124   482.51385   486.75650   490.99911   495.24176   499.48441   503.72708   507.96967   512.21234   516.45496   520.69757   524.94025   529.18292   533.42554   537.66815   541.91083   546.15350   550.39612   554.63873     0.00000     0.00000     0.00000     0.00000     0.00000     0.00000     0.00000     0.00000     0.00000     0.00000     0.00000     0.00000     0.00000     0.00000     0.00000     0.00000     0.00000     0.00000     0.00000     0.00000     0.00000     0.00000     0.00000     0.00000     0.00000     0.00000     0.00000     0.00000     0.00000     0.00000     0.00000     0.00000     0.00000     0.00000     0.00000     0.00000     0.00000     0.00000     0.00000     0.00000     0.00000     0.00000     0.00000     0.00000     0.00000     0.00000     0.00000     0.00000     0.00000     0.00000     0.00000     0.00000     0.00000     0.00000     0.00000     0.00000     0.00000     0.00000     0.00000
     0.00000     0.00000     0.00000     0.00000     0.00000     0.00000     0.00000     0.00000     0.00000     0.00000     0.00000     0.00000     0.00000     0.00000     0.00000     0.00000     0.00000     0.00000     0.00000     0.00000     0.00000     0.00000     0.00000     0.00000     0.00000     0.00000     0.00000     0.00000     0.00000     0.00000     0.00000     0.00000     0.00000     0.00000     0.00000     0.00000     0.00000     0.00000     0.00000     0.00000     0.00000     0.00000     0.00000     0.00000     0.00000     0.00000     0.00000     0.00000     0.00000     0.00000     0.00000     0.00000     0.00000     0.00000     0.00000     0.00000     0.00000     0.00000   -62.30683   -62.29976   -62.29269   -62.28561   -62.27854   -62.27147   -62.26440   -62.25733   -62.25026   -62.24319   -62.23612   -62.22905   -62.22197   -62.21490   -62.20783   -62.20076   -62.19369   -62.18662   -62.17955   -62.17248   -62.16541   -62.15834   -62.15126   -62.14419   -62.13712   -62.13005   -62.12298   -62.11591   -62.10884   -62.10176   -62.09470   -62.08762   -62.08055   -62.07348   -62.06641   -62.05934   -62.05227   -62.04520   -62.03813   -62.03106   -62.02398   -62.01691   -62.00984   -62.00277   268.96759   273.21021   277.45288   281.69553   285.93817   290.18079   294.42340   298.66611   302.90875   307.15137   311.39398   315.63666   319.87927   324.12195   328.36456   332.60724   336.84985   341.09247   345.33514   349.57779   353.82043   358.06305   362.30566   366.54828   370.79099   375.03363   379.27625   383.51886   387.76154   392.00421   396.24683   400.48944   404.73212   408.97473   413.21741   417.46002   421.70270   425.94531   430.18793   434.43054   438.67325   442.91589   447.15851   451.40112   455.64374   459.88644   464.12909   468.37170   472.61435   476.85696   481.09967   485.34229   489.58493   493.82755   498.07019   502.31281   506.55548   510.79810   515.04077   519.28339   523.52600   527.76868   532.01135   536.25397   540.49658   544.73926   548.98193   553.22455   557.46716     0.00000     0.00000     0.00000     0.00000     0.00000     0.00000     0.00000     0.00000     0.00000     0.00000     0.00000     0.00000     0.00000     0.00000     0.00000     0.00000     0.00000     0.00000     0.00000     0.00000     0.00000     0.00000     0.00000     0.00000     0.00000     0.00000     0.00000     0.00000     0.00000     0.00000     0.00000     0.00000     0.00000     0.00000     0.00000     0.00000     0.00000     0.00000     0.00000     0.00000     0.00000     0.00000     0.00000     0.00000     0.00000     0.00000     0.00000     0.00000     0.00000     0.00000     0.00000     0.00000     0.00000     0.00000     0.00000     0.00000     0.00000     0.00000
     0.00000     0.00000     0.00000     0.00000     0.00000     0.00000     0.00000     0.00000     0.00000     0.00000     0.00000     0.00000     0.00000     0.00000     0.00000     0.00000     0.00000     0.00000     0.00000     0.00000     0.00000     0.00000     0.00000     0.00000     0.00000     0.00000     0.00000     0.00000     0.00000     0.00000     0.00000     0.00000     0.00000     0.00000     0.00000     0.00000     0.00000     0.00000     0.00000     0.00000     0.00000     0.00000     0.00000     0.00000     0.00000     0.00000     0.00000     0.00000     0.00000     0.00000     0.00000     0.00000     0.00000     0.00000     0.00000     0.00000     0.00000   -62.30683   -62.29976   -62.29269   -62.28561   -62.27854   -62.27147   -62.26440   -62.25733   -62.25026   -62.24319   -62.23612   -62.22905   -62.22197   -62.21490   -62.20783   -62.20076   -62.19369   -62.18662   -62.17955   -62.17248   -62.16541   -62.15834   -62.15126   -62.14419   -62.13712   -62.13005   -62.12298   -62.11591   -62.10884   -62.10176   -62.09470   -62.08762   -62.08055   -62.07348   -62.06641   -62.05934   -62.05227   -62.04520   -62.03813   -62.03106   -62.02398   -62.01691   -62.00984   -62.00277   263.31076   267.55338   271.79602   276.03864   280.28131   284.52396   288.76660   293.00922   297.25183   301.49454   305.73718   309.97980   314.22241   318.46509   322.70770   326.95038   331.19299   335.43564   339.67828   343.92090   348.16357   352.40619   356.64883   360.89148   365.13409   369.37671   373.61942   377.86206   382.10468   386.34729   390.58997   394.83264   399.07526   403.31787   407.56055   411.80316   416.04584   420.28845   424.53110   428.77374   433.01636   437.25897   441.50165   445.74429   449.98694   454.22955   458.47217   462.71487   466.95752   471.20013   475.44278   479.68539   483.92810   488.17072   492.41336   496.65594   500.89862   505.14124   509.38391   513.62653   517.86920   522.11182   526.35443   530.59711   534.83978   539.08240   543.32501   547.56763   551.81030   556.05298   560.29559     0.00000     0.00000     0.00000     0.00000     0.00000     0.00000     0.00000     0.00000     0.00000     0.00000     0.00000     0.00000     0.00000     0.00000     0.00000     0.00000     0.00000     0.00000     0.00000     0.00000     0.00000     0.00000     0.00000     0.00000     0.00000     0.00000     0.00000     0.00000     0.00000     0.00000     0.00000     0.00000     0.00000     0.00000     0.00000     0.00000     0.00000     0.00000     0.00000     0.00000     0.00000     0.00000     0.00000     0.00000     0.00000     0.00000     0.00000     0.00000     0.00000     0.00000     0.00000     0.00000     0.00000     0.00000     0.00000     0.00000     0.00000
     0.00000     0.00000     0.00000     0.00000     0.00000     0.00000     0.00000     0.00000     0.00000     0.00000     0.00000     0.00000     0.00000     0.00000     0.00000     0.00000     0.00000     0.00000     0.00000     0.00000     0.00000     0.00000     0.00000     0.00000     0.00000     0.00000     0.00000     0.00000     0.00000     0.00000     0.00000     0.00000     0.00000     0.00000     0.00000     0.00000     0.00000     0.00000     0.00000     0.00000     0.00000     0.00000     0.00000     0.00000     0.00000     0.00000     0.00000     0.00000     0.00000     0.00000     0.00000     0.00000     0.00000     0.00000     0.00000     0.00000   -62.30683   -62.29976   -62.29269   -62.28561   -62.27854   -62.27147   -62.26440   -62.25733   -62.25026   -62.24319   -62.23612   -62.22905   -62.22197   -62.21490   -62.20783   -62.20076   -62.19369   -62.18662   -62.17955   -62.17248   -62.16541   -62.15834   -62.15126   -62.14419   -62.13712   -62.13005   -62.12298   -62.11591   -62.10884   -62.10176   -62.09470   -62.08762   -62.08055   -62.07348   -62.06641   -62.05934   -62.05227   -62.04520   -62.03813   -62.03106   -62.02398   -62.01691   -62.00984   -62.00277   257.65387   261.89655   266.13916   270.38181   274.62445   278.86707   283.10974   287.35239   291.59503   295.83765   300.08026   304.32297   308.56561   312.80823   317.05084   321.29352   325.53613   329.77881   334.02142   338.26407   342.50671   346.74933   350.99200   355.23462   359.47726   363.71991   367.96252   372.20514   376.44785   380.69049   384.93311   389.17572   393.41840   397.66107   401.90369   406.14630   410.38898   414.63159   418.87427   423.11688   427.35953   431.60217   435.84479   440.08740   444.33008   448.57272   452.81537   457.05798   461.30060   465.54330   469.78595   474.02856   478.27121   482.51382   486.75653   490.99915   495.24176   499.48438   503.72705   507.96967   512.21234   516.45496   520.69763   524.94025   529.18286   533.42554   537.66821   541.91083   546.15344   550.39612   554.63879   558.88141   563.12402     0.00000     0.00000     0.00000     0.00000     0.00000     0.00000     0.00000     0.00000     0.00000     0.00000     0.00000     0.00000     0.00000     0.00000     0.00000     0.00000     0.00000     0.00000     0.00000     0.00000     0.00000     0.00000     0.00000     0.00000     0.00000     0.00000     0.00000     0.00000     0.00000     0.00000     0.00000     0.00000     0.00000     0.00000     0.00000     0.00000     0.00000     0.00000     0.00000     0.00000     0.00000     0.00000     0.00000     0.00000     0.00000     0.00000     0.00000     0.00000     0.00000     0.00000     0.00000     0.00000     0.00000     0.00000     0.00000     0.00000
     0.00000     0.00000     0.00000     0.00000     0.00000     0.00000     0.00000     0.00000     0.00000     0.00000     0.00000     0.00000     0.00000     0.00000     0.00000     0.00000     0.00000     0.00000     0.00000     0.00000     0.00000     0.00000     0.00000     0.00000     0.00000     0.00000     0.00000     0.00000     0.00000     0.00000     0.00000     0.00000     0.00000     0.00000     0.00000     0.00000     0.00000     0.00000     0.00000     0.00000     0.00000     0.00000     0.00000     0.00000     0.00000     0.00000     0.00000     0.00000     0.00000     0.00000     0.00000     0.00000     0.00000     0.00000     0.00000   -62.30683   -62.29976   -62.29269   -62.28561   -62.27854   -62.27147   -62.26440   -62.25733   -62.25026   -62.24319   -62.23612   -62.22905   -62.22197   -62.21490   -62.20783   -62.20076   -62.19369   -62.18662   -62.17955   -62.17248   -62.16541   -62.15834   -62.15126   -62.14419   -62.13712   -62.13005   -62.12298   -62.11591   -62.10884   -62.10176   -62.09470   -62.08762   -62.08055   -62.07348   -62.06641   -62.05934   -62.05227   -62.04520   -62.03813   -62.03106   -62.02398   -62.01691   -62.00984   -62.00277   251.99704   256.23965   260.48230   264.72498   268.96759   273.21024   277.45288   281.69550   285.93817   290.18082   294.42346   298.66608   302.90869   307.15140   311.39404   315.63666   319.87927   324.12192   328.36456   332.60724   336.84985   341.09247   345.33511   349.57776   353.82043   358.06305   362.30569   366.54834   370.79095   375.03357   379.27628   383.51892   387.76154   392.00415   396.24683   400.48950   404.73212   408.97473   413.21738   417.46002   421.70270   425.94531   430.18793   434.43057   438.67322   442.91583   447.15851   451.40115   455.64380   459.88641   464.12903   468.37173   472.61438   476.85699   481.09964   485.34222   489.58496   493.82758   498.07019   502.31281   506.55548   510.79810   515.04077   519.28339   523.52606   527.76868   532.01129   536.25397   540.49658   544.73926   548.98187   553.22449   557.46716   561.70984   565.95245     0.00000     0.00000     0.00000     0.00000     0.00000     0.00000     0.00000     0.00000     0.00000     0.00000     0.00000     0.00000     0.00000     0.00000     0.00000     0.00000     0.00000     0.00000     0.00000     0.00000     0.00000     0.00000     0.00000     0.00000     0.00000     0.00000     0.00000     0.00000     0.00000     0.00000     0.00000     0.00000     0.00000     0.00000     0.00000     0.00000     0.00000     0.00000     0.00000     0.00000     0.00000     0.00000     0.00000     0.00000     0.00000     0.00000     0.00000     0.00000     0.00000     0.00000     0.00000     0.00000     0.00000     0.00000     0.00000
     0.00000     0.00000     0.00000     0.00000     0.00000     0.00000     0.00000     0.00000     0.00000     0.00000     0.00000     0.00000     0.00000     0.00000     0.00000     0.00000     0.00000     0.00000     0.00000     0.00000     0.00000     0.00000     0.00000     0.00000     0.00000     0.00000     0.00000     0.00000     0.00000     0.00000     0.00000     0.00000     0.00000     0.00000     0.00000     0.00000     0.00000     0.00000     0.00000     0.00000     0.00000     0.00000     0.00000     0.00000     0.00000     0.00000     0.00000     0.00000     0.00000     0.00000     0.00000     0.00000     0.00000     0.00000   -62.30683   -62.29976   -62.29269   -62.28561   -62.27854   -62.27147   -62.26440   -62.25733   -62.25026   -62.24319   -62.23612   -62.22905   -62.22197   -62.21490   -62.20783   -62.20076   -62.19369   -62.18662   -62.17955   -62.17248   -62.16541   -62.15834   -62.15126   -62.14419   -62.13712   -62.13005   -62.12298   -62.11591   -62.10884   -62.10176   -62.09470   -62.08762   -62.08055   -62.07348   -62.06641   -62.05934   -62.05227   -62.04520   -62.03813   -62.03106   -62.02398   -62.01691   -62.00984   -62.00277   246.34019   250.58282   254.82544   259.06808   263.31073   267.55341   271.79602   276.03867   280.28131   284.52393   288.76660   293.00925   297.25189   301.49451   305.73712   309.97983   314.22244   318.46509   322.70770   326.95035   331.19299   335.43564   339.67828   343.92090   348.16354   352.40619   356.64886   360.89148   365.13412   369.37677   373.61938   377.86200   382.10471   386.34735   390.58997   394.83258   399.07526   403.31790   407.56055   411.80316   416.04581   420.28845   424.53110   428.77374   433.01636   437.25900   441.50165   445.74426   449.98694   454.22958   458.47223   462.71484   466.95746   471.20016   475.44281   479.68542   483.92804   488.17065   492.41339   496.65601   500.89862   505.14124   509.38391   513.62653   517.86920   522.11182   526.35449   530.59711   534.83972   539.08240   543.32507   547.56769   551.81030   556.05298   560.29565   564.53827   568.78088     0.00000     0.00000     0.00000     0.00000     0.00000     0.00000     0.00000     0.00000     0.00000     0.00000     0.00000     0.00000     0.00000     0.00000     0.00000     0.00000     0.00000     0.00000     0.00000     0.00000     0.00000     0.00000     0.00000     0.00000     0.00000     0.00000     0.00000     0.00000     0.00000     0.00000     0.00000     0.00000     0.00000     0.00000     0.00000     0.00000     0.00000     0.00000     0.00000     0.00000     0.00000     0.00000     0.00000     0.00000     0.00000     0.00000     0.00000     0.00000     0.00000     0.00000     0.00000     0.00000     0.00000     0.00000
     0.00000     0.00000     0.00000     0.00000     0.00000     0.00000     0.00000     0.00000     0.00000     0.00000     0.00000     0.00000     0.00000     0.00000     0.00000     0.00000     0.00000     0.00000     0.00000     0.00000     0.00000     0.00000     0.00000     0.00000     0.00000     0.00000     0.00000     0.00000     0.00000     0.00000     0.00000     0.00000     0.00000     0.00000     0.00000     0.00000     0.00000     0.00000     0.00000     0.00000     0.00000     0.00000     0.00000     0.00000     0.00000     0.00000     0.00000     0.00000     0.00000     0.00000     0.00000     0.00000     0.00000   -62.30683   -62.29976   -62.29269   -62.28561   -62.27854   -62.27147   -62.26440   -62.25733   -62.25026   -62.24319   -62.23612   -62.22905   -62.22197   -62.21490   -62.20783   -62.20076   -62.19369   -62.18662   -62.17955   -62.17248   -62.16541   -62.15834   -62.15126   -62.14419   -62.13712   -62.13005   -62.12298   -62.11591   -62.10884   -62.10176   -62.09470   -62.08762   -62.08055   -62.07348   -62.06641   -62.05934   -62.05227   -62.04520   -62.03813   -62.03106   -62.02398   -62.01691   -62.00984   -62.00277   240.68332   244.92598   249.16861   253.41125   257.65387   261.89651   266.13916   270.38184   274.62445   278.86710   283.10974   287.35236   291.59503   295.83768   300.08032   304.32294   308.56555   312.80823   317.05087   321.29352   325.53613   329.77875   334.02139   338.26407   342.50671   346.74933   350.99197   355.23462   359.47729   363.71991   367.96255   372.20520   376.44781   380.69043   384.93314   389.17578   393.41840   397.66101   401.90366   406.14633   410.38898   414.63159   418.87421   423.11685   427.35953   431.60217   435.84479   440.08743   444.33008   448.57269   452.81537   457.05801   461.30066   465.54327   469.78589   474.02856   478.27124   482.51385   486.75647   490.99908   495.24182   499.48444   503.72705   507.96967   512.21234   516.45496   520.69763   524.94025   529.18286   533.42554   537.66815   541.91083   546.15344   550.39612   554.63873   558.88135   563.12402   567.36670   571.60931     0.00000     0.00000     0.00000     0.00000     0.00000     0.00000     0.00000     0.00000     0.00000     0.00000     0.00000     0.00000     0.00000     0.00000     0.00000     0.00000     0.00000     0.00000     0.00000     0.00000     0.00000     0.00000     0.00000     0.00000     0.00000     0.00000     0.00000     0.00000     0.00000     0.00000     0.00000     0.00000     0.00000     0.00000     0.00000     0.00000     0.00000     0.00000     0.00000     0.00000     0.00000     0.00000     0.00000     0.00000     0.00000     0.00000     0.00000     0.00000     0.00000     0.00000     0.00000     0.00000     0.00000
     0.00000     0.00000     0.00000     0.00000     0.00000     0.00000     0.00000     0.00000     0.00000     0.00000     0.00000     0.00000     0.00000     0.00000     0.00000     0.00000     0.00000     0.00000     0.00000     0.00000     0.00000     0.00000     0.00000     0.00000     0.00000     0.00000     0.00000     0.00000     0.00000     0.00000     0.00000     0.00000     0.00000     0.00000     0.00000     0.00000     0.00000     0.00000     0.00000     0.00000     0.00000     0.00000     0.00000     0.00000     0.00000     0.00000     0.00000     0.00000     0.00000     0.00000     0.00000     0.00000   -62.30683   -62.29976   -62.29269   -62.28561   -62.27854   -62.27147   -62.26440   -62.25733   -62.25026   -62.24319   -62.23612   -62.22905   -62.22197   -62.21490   -62.20783   -62.20076   -62.19369   -62.18662   -62.17955   -62.17248   -62.16541   -62.15834   -62.15126   -62.14419   -62.13712   -62.13005   -62.12298   -62.11591   -62.10884   -62.10176   -62.09470   -62.08762   -62.08055   -62.07348   -62.06641   -62.05934   -62.05227   -62.04520   -62.03813   -62.03106   -62.02398   -62.01691   -62.00984   -62.00277   235.02647   239.26910   243.51172   247.75441   251.99704   256.23969   260.48230   264.72495   268.96759   273.21027   277.45288   281.69553   285.93817   290.18079   294.42346   298.66611   302.90872   307.15137   311.39398   315.63666   319.87930   324.12192   328.36456   332.60718   336.84982   341.09250   345.33514   349.57776   353.82040   358.06305   362.30573   366.54834   370.79099   375.03363   379.27625   383.51886   387.76157   392.00418   396.24683   400.48944   404.73209   408.97476   413.21738   417.46002   421.70264   425.94528   430.18796   434.43060   438.67322   442.91586   447.15851   451.40112   455.64380   459.88644   464.12909   468.37170   472.61432   476.85699   481.09967   485.34229   489.58490   493.82751   498.07025   502.31287   506.55548   510.79810   515.04077   519.28339   523.52606   527.76868   532.01135   536.25397   540.49658   544.73926   548.98193   553.22455   557.46716   561.70978   565.95245   570.19513   574.43774     0.00000     0.00000     0.00000     0.00000     0.00000     0.00000     0.00000     0.00000     0.00000     0.00000     0.00000     0.00000     0.00000     0.00000     0.00000     0.00000     0.00000     0.00000     0.00000     0.00000     0.00000     0.00000     0.00000     0.00000     0.00000     0.00000     0.00000     0.00000     0.00000     0.00000     0.00000     0.00000     0.00000     0.00000     0.00000     0.00000     0.00000     0.00000     0.00000     0.00000     0.00000     0.00000     0.00000     0.00000     0.00000     0.00000     0.00000     0.00000     0.00000     0.00000     0.00000     0.00000
     0.00000     0.00000     0.00000     0.00000     0.00000     0.00000     0.00000     0.00000     0.00000     0.00000     0.00000     0.00000     0.00000     0.00000     0.00000     0.00000     0.00000     0.00000     0.00000     0.00000     0.00000     0.00000     0.00000     0.00000     0.00000     0.00000     0.00000     0.00000     0.00000     0.00000     0.00000     0.00000     0.00000     0.00000     0.00000     0.00000     0.00000     0.00000     0.00000     0.00000     0.00000     0.00000     0.00000     0.00000     0.00000     0.00000     0.00000     0.00000     0.00000     0.00000     0.00000   -62.30683   -62.29976   -62.29269   -62.28561   -62.27854   -62.27147   -62.26440   -62.25733   -62.25026   -62.24319   -62.23612   -62.22905   -62.22197   -62.21490   -62.20783   -62.20076   -62.19369   -62.18662   -62.17955   -62.17248   -62.16541   -62.15834   -62.15126   -62.14419   -62.13712   -62.13005   -62.12298   -62.11591   -62.10884   -62.10176   -62.09470   -62.08762   -62.08055   -62.07348   -62.06641   -62.05934   -62.05227   -62.04520   -62.03813   -62.03106   -62.02398   -62.01691   -62.00984   -62.00277   229.36963   233.61226   237.85489   242.09753   246.34015   250.58284   254.82547   259.06812   263.31073   267.55338   271.79602   276.03870   280.28131   284.52396   288.76660   293.00922   297.25189   301.49451   305.73715   309.97980   314.22241   318.46509   322.70770   326.95035   331.19299   335.43561   339.67825   343.92093   348.16357   352.40619   356.64883   360.89148   365.13416   369.37677   373.61942   377.86206   382.10468   386.34729   390.58997   394.83261   399.07526   403.31787   407.56049   411.80316   416.04581   420.28845   424.53107   428.77371   433.01639   437.25903   441.50165   445.74429   449.98694   454.22955   458.47223   462.71484   466.95749   471.20013   475.44275   479.68542   483.92810   488.17072   492.41333   496.65594   500.89868   505.14127   509.38391   513.62653   517.86914   522.11182   526.35449   530.59711   534.83972   539.08240   543.32501   547.56769   551.81030   556.05298   560.29559   564.53821   568.78088   573.02356   577.26617     0.00000     0.00000     0.00000     0.00000     0.00000     0.00000     0.00000     0.00000     0.00000     0.00000     0.00000     0.00000     0.00000     0.00000     0.00000     0.00000     0.00000     0.00000     0.00000     0.00000     0.00000     0.00000     0.00000     0.00000     0.00000     0.00000     0.00000     0.00000     0.00000     0.00000     0.00000     0.00000     0.00000     0.00000     0.00000     0.00000     0.00000     0.00000     0.00000     0.00000     0.00000     0.00000     0.00000     0.00000     0.00000     0.00000     0.00000     0.00000     0.00000     0.00000     0.00000
     0.00000     0.00000     0.00000     0.00000     0.00000     0.00000     0.00000     0.00000     0.00000     0.00000     0.00000     0.00000     0.00000     0.00000     0.00000     0.00000     0.00000     0.00000     0.00000     0.00000     0.00000     0.00000     0.00000     0.00000     0.00000     0.00000     0.00000     0.00000     0.00000     0.00000     0.00000     0.00000     0.00000     0.00000     0.00000     0.00000     0.00000     0.00000     0.00000     0.00000     0.00000     0.00000     0.00000     0.00000     0.00000     0.00000     0.00000     0.00000     0.00000     0.00000   -62.30683   -62.29976   -62.29269   -62.28561   -62.27854   -62.27147   -62.26440   -62.25733   -62.25026   -62.24319   -62.23612   -62.22905   -62.22197   -62.21490   -62.20783   -62.20076   -62.19369   -62.18662   -62.17955   -62.17248   -62.16541   -62.15834   -62.15126   -62.14419   -62.13712   -62.13005   -62.12298   -62.11591   -62.10884   -62.10176   -62.09470   -62.08762   -62.08055   -62.07348   -62.06641   -62.05934   -62.05227   -62.04520   -62.03813   -62.03106   -62.02398   -62.01691   -62.00984   -62.00277   223.71275   227.95538   232.19806   236.44069   240.68332   244.92596   249.16858   253.41127   257.65390   261.89655   266.13916   270.38181   274.62445   278.86713   283.10974   287.35239   291.59500   295.83765   300.08032   304.32294   308.56558   312.80820   317.05084   321.29352   325.53613   329.77878   334.02142   338.26404   342.50668   346.74936   350.99200   355.23462   359.47726   363.71991   367.96259   372.20520   376.44785   380.69046   384.93311   389.17572   393.41840   397.66104   401.90366   406.14630   410.38892   414.63159   418.87424   423.11688   427.35950   431.60214   435.84482   440.08746   444.33008   448.57272   452.81537   457.05798   461.30066   465.54327   469.78592   474.02856   478.27118   482.51385   486.75653   490.99915   495.24176   499.48438   503.72708   507.96970   512.21234   516.45496   520.69763   524.94025   529.18292   533.42554   537.66821   541.91083   546.15344   550.39612   554.63873   558.88141   563.12402   567.36664   571.60931   575.85193   580.09460     0.00000     0.00000     0.00000     0.00000     0.00000     0.00000     0.00000     0.00000     0.00000     0.00000     0.00000     0.00000     0.00000     0.00000     0.00000     0.00000     0.00000     0.00000     0.00000     0.00000     0.00000     0.00000     0.00000     0.00000     0.00000     0.00000     0.00000     0.00000     0.00000     0.00000     0.00000     0.00000     0.00000     0.00000     0.00000     0.00000     0.00000     0.00000     0.00000     0.00000     0.00000     0.00000     0.00000     0.00000     0.00000     0.00000     0.00000     0.00000     0.00000     0.00000
     0.00000     0.00000     0.00000     0.00000     0.00000     0.00000     0.00000     0.00000     0.00000     0.00000     0.00000     0.00000     0.00000     0.00000     0.00000     0.00000     0.00000     0.00000     0.00000     0.00000     0.00000     0.00000     0.00000     0.00000     0.00000     0.00000     0.00000     0.00000     0.00000     0.00000     0.00000     0.00000     0.00000     0.00000     0.00000     0.00000     0.00000     0.00000     0.00000     0.00000     0.00000     0.00000     0.00000     0.00000     0.00000     0.00000     0.00000     0.00000     0.00000   -62.30683   -62.29976   -62.29269   -62.28561   -62.27854   -62.27147   -62.26440   -62.25733   -62.25026   -62.24319   -62.23612   -62.22905   -62.22197   -62.21490   -62.20783   -62.20076   -62.19369   -62.18662   -62.17955   -62.17248   -62.16541   -62.15834   -62.15126   -62.14419   -62.13712   -62.13005   -62.12298   -62.11591   -62.10884   -62.10176   -62.09470   -62.08762   -62.08055   -62.07348   -62.06641   -62.05934   -62.05227   -62.04520   -62.03813   -62.03106   -62.02398   -62.01691   -62.00984   -62.00277   218.05591   222.29854   226.54117   230.78381   235.02649   239.26912   243.51175   247.75439   251.99701   256.23969   260.48233   264.72498   268.96759   273.21024   277.45288   281.69556   285.93817   290.18079   294.42343   298.66608   302.90875   307.15137   311.39398   315.63663   319.87927   324.12195   328.36456   332.60721   336.84985   341.09247   345.33511   349.57779   353.82043   358.06305   362.30569   366.54834   370.79102   375.03363   379.27625   383.51889   387.76154   392.00415   396.24683   400.48944   404.73209   408.97473   413.21735   417.46002   421.70267   425.94531   430.18793   434.43057   438.67325   442.91589   447.15851   451.40112   455.64377   459.88641   464.12909   468.37170   472.61435   476.85699   481.09961   485.34229   489.58496   493.82755   498.07019   502.31281   506.55551   510.79813   515.04077   519.28339   523.52600   527.76868   532.01135   536.25397   540.49658   544.73926   548.98187   553.22455   557.46716   561.70984   565.95245   570.19507   574.43774   578.68042   582.92297     0.00000     0.00000     0.00000     0.00000     0.00000     0.00000     0.00000     0.00000     0.00000     0.00000     0.00000     0.00000     0.00000     0.00000     0.00000     0.00000     0.00000     0.00000     0.00000     0.00000     0.00000     0.00000     0.00000     0.00000     0.00000     0.00000     0.00000     0.00000     0.00000     0.00000     0.00000     0.00000     0.00000     0.00000     0.00000     0.00000     0.00000     0.00000     0.00000     0.00000     0.00000     0.00000     0.00000     0.00000     0.00000     0.00000     0.00000     0.00000     0.00000
     0.00000     0.00000     0.00000     0.00000     0.00000     0.00000     0.00000     0.00000     0.00000     0.00000     0.00000     0.00000     0.00000     0.00000     0.00000     0.00000     0.00000     0.00000     0.00000     0.00000     0.00000     0.00000     0.00000     0.00000     0.00000     0.00000     0.00000     0.00000     0.00000     0.00000     0.00000     0.00000     0.00000     0.00000     0.00000     0.00000     0.00000     0.00000     0.00000     0.00000     0.00000     0.00000     0.00000     0.00000     0.00000     0.00000     0.00000     0.00000   -62.30683   -62.29976   -62.29269   -62.28561   -62.27854   -62.27147   -62.26440   -62.25733   -62.25026   -62.24319   -62.23612   -62.22905   -62.22197   -62.21490   -62.20783   -62.20076   -62.19369   -62.18662   -62.17955   -62.17248   -62.16541   -62.15834   -62.15126   -62.14419   -62.13712   -62.13005   -62.12298   -62.11591   -62.10884   -62.10176   -62.09470   -62.08762   -62.08055   -62.07348   -62.06641   -62.05934   -62.05227   -62.04520   -62.03813   -62.03106   -62.02398   -62.01691   -62.00984   -62.00277   212.39905   216.64168   220.88434   225.12697   229.36960   233.61224   237.85492   242.09755   246.34018   250.58282   254.82544   259.06812   263.31076   267.55341   271.79602   276.03867   280.28128   284.52396   288.76660   293.00922   297.25186   301.49448   305.73718   309.97980   314.22241   318.46506   322.70770   326.95038   331.19299   335.43564   339.67828   343.92090   348.16354   352.40622   356.64886   360.89148   365.13412   369.37674   373.61942   377.86206   382.10468   386.34732   390.58994   394.83258   399.07526   403.31787   407.56052   411.80316   416.04578   420.28845   424.53110   428.77374   433.01636   437.25900   441.50168   445.74429   449.98694   454.22955   458.47220   462.71484   466.95752   471.20013   475.44278   479.68542   483.92804   488.17072   492.41336   496.65598   500.89862   505.14124   509.38394   513.62659   517.86920   522.11182   526.35449   530.59711   534.83978   539.08240   543.32501   547.56769   551.81030   556.05298   560.29559   564.53821   568.78088   573.02350   577.26617   581.50879   585.75146     0.00000     0.00000     0.00000     0.00000     0.00000     0.00000     0.00000     0.00000     0.00000     0.00000     0.00000     0.00000     0.00000     0.00000     0.00000     0.00000     0.00000     0.00000     0.00000     0.00000     0.00000     0.00000     0.00000     0.00000     0.00000     0.00000     0.00000     0.00000     0.00000     0.00000     0.00000     0.00000     0.00000     0.00000     0.00000     0.00000     0.00000     0.00000     0.00000     0.00000     0.00000     0.00000     0.00000     0.00000     0.00000     0.00000     0.00000     0.00000
     0.00000     0.00000     0.00000     0.00000     0.00000     0.00000     0.00000     0.00000     0.00000     0.00000     0.00000     0.00000     0.00000     0.00000     0.00000     0.00000     0.00000     0.00000     0.00000     0.00000     0.00000     0.00000     0.00000     0.00000     0.00000     0.00000     0.00000     0.00000     0.00000     0.00000     0.00000     0.00000     0.00000     0.00000     0.00000     0.00000     0.00000     0.00000     0.00000     0.00000     0.00000     0.00000     0.00000     0.00000     0.00000     0.00000     0.00000   -62.30683   -62.29976   -62.29269   -62.28561   -62.27854   -62.27147   -62.26440   -62.25733   -62.25026   -62.24319   -62.23612   -62.22905   -62.22197   -62.21490   -62.20783   -62.20076   -62.19369   -62.18662   -62.17955   -62.17248   -62.16541   -62.15834   -62.15126   -62.14419   -62.13712   -62.13005   -62.12298   -62.11591   -62.10884   -62.10176   -62.09470   -62.08762   -62.08055   -62.07348   -62.06641   -62.05934   -62.05227   -62.04520   -62.03813   -62.03106   -62.02398   -62.01691   -62.00984   -62.00277   206.74219   210.98483   215.22748   219.47011   223.71277   227.95540   232.19803   236.44067   240.68335   244.92598   249.16861   253.41125   257.65387   261.89655   266.13919   270.38184   274.62445   278.86707   283.10971   287.35239   291.59503   295.83765   300.08026   304.32291   308.56561   312.80823   317.05084   321.29349   325.53613   329.77881   334.02142   338.26407   342.50671   346.74933   350.99197   355.23465   359.47729   363.71991   367.96252   372.20517   376.44785   380.69049   384.93311   389.17572   393.41837   397.66101   401.90369   406.14630   410.38895   414.63159   418.87421   423.11688   427.35953   431.60217   435.84479   440.08740   444.33008   448.57272   452.81537   457.05798   461.30063   465.54327   469.78595   474.02856   478.27121   482.51382   486.75647   490.99915   495.24179   499.48441   503.72705   507.96967   512.21240   516.45496   520.69763   524.94025   529.18286   533.42554   537.66821   541.91083   546.15344   550.39612   554.63873   558.88135   563.12402   567.36670   571.60925   575.85193   580.09460   584.33728   588.57983     0.00000     0.00000     0.00000     0.00000     0.00000     0.00000     0.00000     0.00000     0.00000     0.00000     0.00000     0.00000     0.00000     0.00000     0.00000     0.00000     0.00000     0.00000     0.00000     0.00000     0.00000     0.00000     0.00000     0.00000     0.00000     0.00000     0.00000     0.00000     0.00000     0.00000     0.00000     0.00000     0.00000     0.00000     0.00000     0.00000     0.00000     0.00000     0.00000     0.00000     0.00000     0.00000     0.00000     0.00000     0.00000     0.00000     0.00000
     0.00000     0.00000     0.00000     0.00000     0.00000     0.00000     0.00000     0.00000     0.00000     0.00000     0.00000     0.00000     0.00000     0.00000     0.00000     0.00000     0.00000     0.00000     0.00000     0.00000     0.00000     0.00000     0.00000     0.00000     0.00000     0.00000     0.00000     0.00000     0.00000     0.00000     0.00000     0.00000     0.00000     0.00000     0.00000     0.00000     0.00000     0.00000     0.00000     0.00000     0.00000     0.00000     0.00000     0.00000     0.00000     0.00000   -62.30683   -62.29976   -62.29269   -62.28561   -62.27854   -62.27147   -62.26440   -62.25733   -62.25026   -62.24319   -62.23612   -62.22905   -62.22197   -62.21490   -62.20783   -62.20076   -62.19369   -62.18662   -62.17955   -62.17248   -62.16541   -62.15834   -62.15126   -62.14419   -62.13712   -62.13005   -62.12298   -62.11591   -62.10884   -62.10176   -62.09470   -62.08762   -62.08055   -62.07348   -62.06641   -62.05934   -62.05227   -62.04520   -62.03813   -62.03106   -62.02398   -62.01691   -62.00984   -62.00277   201.08534   205.32797   209.57062   213.81326   218.05591   222.29854   226.54120   230.78383   235.02646   239.26910   243.51178   247.75441   251.99704   256.23969   260.48230   264.72498   268.96759   273.21024   277.45288   281.69550   285.93814   290.18082   294.42343   298.66608   302.90869   307.15134   311.39404   315.63666   319.87927   324.12192   328.36456   332.60724   336.84985   341.09250   345.33514   349.57776   353.82040   358.06305   362.30569   366.54834   370.79095   375.03360   379.27625   383.51892   387.76154   392.00415   396.24680   400.48944   404.73212   408.97473   413.21738   417.46002   421.70264   425.94531   430.18796   434.43057   438.67322   442.91583   447.15851   451.40115   455.64380   459.88641   464.12906   468.37170   472.61438   476.85699   481.09961   485.34225   489.58490   493.82758   498.07022   502.31284   506.55548   510.79810   515.04077   519.28345   523.52606   527.76868   532.01129   536.25397   540.49664   544.73926   548.98187   553.22449   557.46716   561.70984   565.95245   570.19507   574.43774   578.68036   582.92303   587.16565   591.40833     0.00000     0.00000     0.00000     0.00000     0.00000     0.00000     0.00000     0.00000     0.00000     0.00000     0.00000     0.00000     0.00000     0.00000     0.00000     0.00000     0.00000     0.00000     0.00000     0.00000     0.00000     0.00000     0.00000     0.00000     0.00000     0.00000     0.00000     0.00000     0.00000     0.00000     0.00000     0.00000     0.00000     0.00000     0.00000     0.00000     0.00000     0.00000     0.00000     0.00000     0.00000     0.00000     0.00000     0.00000     0.00000     0.00000
     0.00000     0.00000     0.00000     0.00000     0.00000     0.00000     0.00000     0.00000     0.00000     0.00000     0.00000     0.00000     0.00000     0.00000     0.00000     0.00000     0.00000     0.00000     0.00000     0.00000     0.00000     0.00000     0.00000     0.00000     0.00000     0.00000     0.00000     0.00000     0.00000     0.00000     0.00000     0.00000     0.00000     0.00000     0.00000     0.00000     0.00000     0.00000     0.00000     0.00000     0.00000     0.00000     0.00000     0.00000     0.00000   -62.30683   -62.29976   -62.29269   -62.28561   -62.27854   -62.27147   -62.26440   -62.25733   -62.25026   -62.24319   -62.23612   -62.22905   -62.22197   -62.21490   -62.20783   -62.20076   -62.19369   -62.18662   -62.17955   -62.17248   -62.16541   -62.15834   -62.15126   -62.14419   -62.13712   -62.13005   -62.12298   -62.11591   -62.10884   -62.10176   -62.09470   -62.08762   -62.08055   -62.07348   -62.06641   -62.05934   -62.05227   -62.04520   -62.03813   -62.03106   -62.02398   -62.01691   -62.00984   -62.00277   195.42850   199.67111   203.91376   208.15640   212.39905   216.64169   220.88434   225.12697   229.36963   233.61226   237.85489   242.09753   246.34021   250.58284   254.82547   259.06812   263.31073   267.55341   271.79602   276.03867   280.28131   284.52393   288.76654   293.00925   297.25186   301.49451   305.73712   309.97977   314.22247   318.46509   322.70770   326.95035   331.19299   335.43567   339.67828   343.92093   348.16357   352.40619   356.64880   360.89148   365.13412   369.37677   373.61938   377.86200   382.10468   386.34735   390.58997   394.83258   399.07523   403.31787   407.56055   411.80316   416.04581   420.28845   424.53107   428.77374   433.01636   437.25900   441.50165   445.74426   449.98694   454.22958   458.47223   462.71484   466.95749   471.20010   475.44281   479.68542   483.92804   488.17068   492.41333   496.65601   500.89865   505.14127   509.38391   513.62653   517.86920   522.11182   526.35449   530.59711   534.83972   539.08240   543.32507   547.56763   551.81030   556.05298   560.29553   564.53821   568.78088   573.02356   577.26611   581.50879   585.75146   589.99414   594.23669     0.00000     0.00000     0.00000     0.00000     0.00000     0.00000     0.00000     0.00000     0.00000     0.00000     0.00000     0.00000     0.00000     0.00000     0.00000     0.00000     0.00000     0.00000     0.00000     0.00000     0.00000     0.00000     0.00000     0.00000     0.00000     0.00000     0.00000     0.00000     0.00000     0.00000     0.00000     0.00000     0.00000     0.00000     0.00000     0.00000     0.00000     0.00000     0.00000     0.00000     0.00000     0.00000     0.00000     0.00000     0.00000
     0.00000     0.00000     0.00000     0.00000     0.00000     0.00000     0.00000     0.00000     0.00000     0.00000     0.00000     0.00000     0.00000     0.00000     0.00000     0.00000     0.00000     0.00000     0.00000     0.00000     0.00000     0.00000     0.00000     0.00000     0.00000     0.00000     0.00000     0.00000     0.00000     0.00000     0.00000     0.00000     0.00000     0.00000     0.00000     0.00000     0.00000     0.00000     0.00000     0.00000     0.00000     0.00000     0.00000     0.00000   -62.30683   -62.29976   -62.29269   -62.28561   -62.27854   -62.27147   -62.26440   -62.25733   -62.25026   -62.24319   -62.23612   -62.22905   -62.22197   -62.21490   -62.20783   -62.20076   -62.19369   -62.18662   -62.17955   -62.17248   -62.16541   -62.15834   -62.15126   -62.14419   -62.13712   -62.13005   -62.12298   -62.11591   -62.10884   -62.10176   -62.09470   -62.08762   -62.08055   -62.07348   -62.06641   -62.05934   -62.05227   -62.04520   -62.03813   -62.03106   -62.02398   -62.01691   -62.00984   -62.00277   189.77164   194.01425   198.25691   202.49954   206.74219   210.98483   215.22748   219.47012   223.71277   227.95540   232.19806   236.44069   240.68332   244.92596   249.16864   253.41127   257.65387   261.89651   266.13916   270.38184   274.62445   278.86710   283.10971   287.35236   291.59497   295.83768   300.08029   304.32294   308.56555   312.80820   317.05090   321.29352   325.53613   329.77878   334.02142   338.26410   342.50671   346.74933   350.99197   355.23462   359.47723   363.71991   367.96252   372.20520   376.44781   380.69043   384.93311   389.17578   393.41840   397.66101   401.90366   406.14630   410.38898   414.63159   418.87424   423.11685   427.35950   431.60217   435.84479   440.08743   444.33008   448.57269   452.81537   457.05801   461.30066   465.54327   469.78589   474.02853   478.27124   482.51385   486.75647   490.99911   495.24176   499.48444   503.72708   507.96970   512.21234   516.45496   520.69763   524.94025   529.18292   533.42554   537.66815   541.91077   546.15350   550.39612   554.63873   558.88135   563.12402   567.36670   571.60931   575.85193   580.09460   584.33722   588.57990   592.82251   597.06519     0.00000     0.00000     0.00000     0.00000     0.00000     0.00000     0.00000     0.00000     0.00000     0.00000     0.00000     0.00000     0.00000     0.00000     0.00000     0.00000     0.00000     0.00000     0.00000     0.00000     0.00000     0.00000     0.00000     0.00000     0.00000     0.00000     0.00000     0.00000     0.00000     0.00000     0.00000     0.00000     0.00000     0.00000     0.00000     0.00000     0.00000     0.00000     0.00000     0.00000     0.00000     0.00000     0.00000     0.00000
     0.00000     0.00000     0.00000     0.00000     0.00000     0.00000     0.00000     0.00000     0.00000     0.00000     0.00000     0.00000     0.00000     0.00000     0.00000     0.00000     0.00000     0.00000     0.00000     0.00000     0.00000     0.00000     0.00000     0.00000     0.00000     0.00000     0.00000     0.00000     0.00000     0.00000     0.00000     0.00000     0.00000     0.00000     0.00000     0.00000     0.00000     0.00000     0.00000     0.00000     0.00000     0.00000     0.00000   -62.30683   -62.29976   -62.29269   -62.28561   -62.27854   -62.27147   -62.26440   -62.25733   -62.25026   -62.24319   -62.23612   -62.22905   -62.22197   -62.21490   -62.20783   -62.20076   -62.19369   -62.18662   -62.17955   -62.17248   -62.16541   -62.15834   -62.15126   -62.14419   -62.13712   -62.13005   -62.12298   -62.11591   -62.10884   -62.10176   -62.09470   -62.08762   -62.08055   -62.07348   -62.06641   -62.05934   -62.05227   -62.04520   -62.03813   -62.03106   -62.02398   -62.01691   -62.00984   -62.00277   184.11478   188.35742   192.60005   196.84268   201.08534   205.32797   209.57062   213.81326   218.05591   222.29855   226.54120   230.78383   235.02649   239.26912   243.51175   247.75439   251.99704   256.23969   260.48230   264.72495   268.96759   273.21027   277.45288   281.69553   285.93814   290.18079   294.42340   298.66611   302.90872   307.15137   311.39398   315.63663   319.87933   324.12195   328.36456   332.60721   336.84985   341.09253   345.33514   349.57776   353.82040   358.06305   362.30566   366.54834   370.79095   375.03363   379.27625   383.51886   387.76154   392.00421   396.24683   400.48944   404.73209   408.97473   413.21741   417.46002   421.70264   425.94528   430.18793   434.43060   438.67322   442.91586   447.15851   451.40112   455.64380   459.88641   464.12909   468.37170   472.61432   476.85696   481.09967   485.34229   489.58490   493.82755   498.07019   502.31287   506.55548   510.79810   515.04077   519.28339   523.52606   527.76868   532.01135   536.25391   540.49658   544.73926   548.98193   553.22449   557.46716   561.70984   565.95239   570.19507   574.43774   578.68042   582.92297   587.16565   591.40833   595.65100   599.89355     0.00000     0.00000     0.00000     0.00000     0.00000     0.00000     0.00000     0.00000     0.00000     0.00000     0.00000     0.00000     0.00000     0.00000     0.00000     0.00000     0.00000     0.00000     0.00000     0.00000     0.00000     0.00000     0.00000     0.00000     0.00000     0.00000     0.00000     0.00000     0.00000     0.00000     0.00000     0.00000     0.00000     0.00000     0.00000     0.00000     0.00000     0.00000     0.00000     0.00000     0.00000     0.00000     0.00000
     0.00000     0.00000     0.00000     0.00000     0.00000     0.00000     0.00000     0.00000     0.00000     0.00000     0.00000     0.00000     0.00000     0.00000     0.00000     0.00000     0.00000     0.00000     0.00000     0.00000     0.00000     0.00000     0.00000     0.00000     0.00000     0.00000     0.00000     0.00000     0.00000     0.00000     0.00000     0.00000     0.00000     0.00000     0.00000     0.00000     0.00000     0.00000     0.00000     0.00000     0.00000     0.00000   -62.30683   -62.29976   -62.29269   -62.28561   -62.27854   -62.27147   -62.26440   -62.25733   -62.25026   -62.24319   -62.23612   -62.22905   -62.22197   -62.21490   -62.20783   -62.20076   -62.19369   -62.18662   -62.17955   -62.17248   -62.16541   -62.15834   -62.15126   -62.14419   -62.13712   -62.13005   -62.12298   -62.11591   -62.10884   -62.10176   -62.09470   -62.08762   -62.08055   -62.07348   -62.06641   -62.05934   -62.05227   -62.04520   -62.03813   -62.03106   -62.02398   -62.01691   -62.00984   -62.00277   178.45792   182.70056   186.94319   191.18585   195.42848   199.67111   203.91377   208.15640   212.39905   216.64169   220.88434   225.12698   229.36963   233.61226   237.85492   242.09755   246.34016   250.58279   254.82547   259.06812   263.31073   267.55338   271.79599   276.03870   280.28131   284.52396   288.76657   293.00922   297.25183   301.49454   305.73715   309.97980   314.22241   318.46506   322.70776   326.95038   331.19299   335.43561   339.67825   343.92096   348.16357   352.40619   356.64880   360.89148   365.13409   369.37677   373.61938   377.86206   382.10468   386.34729   390.58997   394.83264   399.07526   403.31787   407.56052   411.80313   416.04584   420.28845   424.53107   428.77371   433.01636   437.25903   441.50165   445.74429   449.98694   454.22955   458.47223   462.71484   466.95752   471.20013   475.44275   479.68539   483.92810   488.17072   492.41333   496.65598   500.89859   505.14130   509.38391   513.62653   517.86920   522.11182   526.35449   530.59711   534.83978   539.08240   543.32501   547.56763   551.81030   556.05298   560.29559   564.53821   568.78088   573.02356   577.26617   581.50879   585.75146   589.99408   594.23669   598.47937   602.72198     0.00000     0.00000     0.00000     0.00000     0.00000     0.00000     0.00000     0.00000     0.00000     0.00000     0.00000     0.00000     0.00000     0.00000     0.00000     0.00000     0.00000     0.00000     0.00000     0.00000     0.00000     0.00000     0.00000     0.00000     0.00000     0.00000     0.00000     0.00000     0.00000     0.00000     0.00000     0.00000     0.00000     0.00000     0.00000     0.00000     0.00000     0.00000     0.00000     0.00000     0.00000     0.00000
     0.00000     0.00000     0.00000     0.00000     0.00000     0.00000     0.00000     0.00000     0.00000     0.00000     0.00000     0.00000     0.00000     0.00000     0.00000     0.00000     0.00000     0.00000     0.00000     0.00000     0.00000     0.00000     0.00000     0.00000     0.00000     0.00000     0.00000     0.00000     0.00000     0.00000     0.00000     0.00000     0.00000     0.00000     0.00000     0.00000     0.00000     0.00000     0.00000     0.00000     0.00000   -62.30683   -62.29976   -62.29269   -62.28561   -62.27854   -62.27147   -62.26440   -62.25733   -62.25026   -62.24319   -62.23612   -62.22905   -62.22197   -62.21490   -62.20783   -62.20076   -62.19369   -62.18662   -62.17955   -62.17248   -62.16541   -62.15834   -62.15126   -62.14419   -62.13712   -62.13005   -62.12298   -62.11591   -62.10884   -62.10176   -62.09470   -62.08762   -62.08055   -62.07348   -62.06641   -62.05934   -62.05227   -62.04520   -62.03813   -62.03106   -62.02398   -62.01691   -62.00984   -62.00277   172.80109   177.04370   181.28633   185.52899   189.77162   194.01428   198.25691   202.49954   206.74220   210.98483   215.22748   219.47012   223.71277   227.95541   232.19806   236.44069   240.68332   244.92596   249.16859   253.41122   257.65390   261.89655   266.13916   270.38181   274.62442   278.86713   283.10974   287.35239   291.59500   295.83765   300.08026   304.32297   308.56558   312.80823   317.05084   321.29349   325.53619   329.77881   334.02142   338.26404   342.50668   346.74939   350.99200   355.23462   359.47723   363.71991   367.96252   372.20520   376.44781   380.69049   384.93311   389.17572   393.41840   397.66107   401.90369   406.14630   410.38892   414.63156   418.87427   423.11688   427.35950   431.60214   435.84479   440.08746   444.33008   448.57269   452.81537   457.05798   461.30066   465.54327   469.78595   474.02856   478.27118   482.51382   486.75653   490.99915   495.24176   499.48438   503.72702   507.96973   512.21234   516.45496   520.69763   524.94019   529.18298   533.42554   537.66821   541.91077   546.15344   550.39612   554.63879   558.88135   563.12402   567.36670   571.60925   575.85193   580.09460   584.33728   588.57983   592.82251   597.06519   601.30786   605.55042     0.00000     0.00000     0.00000     0.00000     0.00000     0.00000     0.00000     0.00000     0.00000     0.00000     0.00000     0.00000     0.00000     0.00000     0.00000     0.00000     0.00000     0.00000     0.00000     0.00000     0.00000     0.00000     0.00000     0.00000     0.00000     0.00000     0.00000     0.00000     0.00000     0.00000     0.00000     0.00000     0.00000     0.00000     0.00000     0.00000     0.00000     0.00000     0.00000     0.00000     0.00000
     0.00000     0.00000     0.00000     0.00000     0.00000     0.00000     0.00000     0.00000     0.00000     0.00000     0.00000     0.00000     0.00000     0.00000     0.00000     0.00000     0.00000     0.00000     0.00000     0.00000     0.00000     0.00000     0.00000     0.00000     0.00000     0.00000     0.00000     0.00000     0.00000     0.00000     0.00000     0.00000     0.00000     0.00000     0.00000     0.00000     0.00000     0.00000     0.00000     0.00000   -62.30683   -62.29976   -62.29269   -62.28561   -62.27854   -62.27147   -62.26440   -62.25733   -62.25026   -62.24319   -62.23612   -62.22905   -62.22197   -62.21490   -62.20783   -62.20076   -62.19369   -62.18662   -62.17955   -62.17248   -62.16541   -62.15834   -62.15126   -62.14419   -62.13712   -62.13005   -62.12298   -62.11591   -62.10884   -62.10176   -62.09470   -62.08762   -62.08055   -62.07348   -62.06641   -62.05934   -62.05227   -62.04520   -62.03813   -62.03106   -62.02398   -62.01691   -62.00984   -62.00277   167.14423   171.38684   175.62950   179.87213   184.11476   188.35742   192.60005   196.84271   201.08534   205.32797   209.57063   213.81326   218.05591   222.29855   226.54120   230.78384   235.02646   239.26910   243.51175   247.75439   251.99702   256.23965   260.48233   264.72498   268.96759   273.21024   277.45285   281.69556   285.93817   290.18082   294.42343   298.66608   302.90869   307.15140   311.39401   315.63666   319.87927   324.12189   328.36459   332.60724   336.84985   341.09247   345.33508   349.57779   353.82043   358.06305   362.30566   366.54834   370.79095   375.03363   379.27625   383.51892   387.76154   392.00415   396.24683   400.48947   404.73212   408.97473   413.21735   417.45999   421.70270   425.94531   430.18793   434.43057   438.67322   442.91589   447.15851   451.40112   455.64380   459.88641   464.12909   468.37170   472.61438   476.85699   481.09961   485.34225   489.58493   493.82758   498.07019   502.31281   506.55545   510.79816   515.04077   519.28339   523.52606   527.76868   532.01135   536.25397   540.49658   544.73926   548.98187   553.22449   557.46716   561.70984   565.95245   570.19507   574.43774   578.68042   582.92297   587.16565   591.40826   595.65094   599.89355   604.13623   608.37885     0.00000     0.00000     0.00000     0.00000     0.00000     0.00000     0.00000     0.00000     0.00000     0.00000     0.00000     0.00000     0.00000     0.00000     0.00000     0.00000     0.00000     0.00000     0.00000     0.00000     0.00000     0.00000     0.00000     0.00000     0.00000     0.00000     0.00000     0.00000     0.00000     0.00000     0.00000     0.00000     0.00000     0.00000     0.00000     0.00000     0.00000     0.00000     0.00000     0.00000
     0.00000     0.00000     0.00000     0.00000     0.00000     0.00000     0.00000     0.00000     0.00000     0.00000     0.00000     0.00000     0.00000     0.00000     0.00000     0.00000     0.00000     0.00000     0.00000     0.00000     0.00000     0.00000     0.00000     0.00000     0.00000     0.00000     0.00000     0.00000     0.00000     0.00000     0.00000     0.00000     0.00000     0.00000     0.00000     0.00000     0.00000     0.00000     0.00000   -62.30683   -62.29976   -62.29269   -62.28561   -62.27854   -62.27147   -62.26440   -62.25733   -62.25026   -62.24319   -62.23612   -62.22905   -62.22197   -62.21490   -62.20783   -62.20076   -62.19369   -62.18662   -62.17955   -62.17248   -62.16541   -62.15834   -62.15126   -62.14419   -62.13712   -62.13005   -62.12298   -62.11591   -62.10884   -62.10176   -62.09470   -62.08762   -62.08055   -62.07348   -62.06641   -62.05934   -62.05227   -62.04520   -62.03813   -62.03106   -62.02398   -62.01691   -62.00984   -62.00277   161.48737   165.73001   169.97264   174.21527   178.45793   182.70056   186.94319   191.18585   195.42848   199.67114   203.91377   208.15640   212.39906   216.64169   220.88434   225.12698   229.36960   233.61227   237.85489   242.09753   246.34018   250.58281   254.82544   259.06808   263.31076   267.55341   271.79602   276.03867   280.28128   284.52399   288.76660   293.00925   297.25186   301.49451   305.73712   309.97983   314.22244   318.46506   322.70770   326.95032   331.19302   335.43567   339.67828   343.92090   348.16351   352.40622   356.64886   360.89148   365.13409   369.37677   373.61938   377.86206   382.10468   386.34735   390.58997   394.83258   399.07526   403.31790   407.56055   411.80316   416.04578   420.28842   424.53113   428.77374   433.01636   437.25897   441.50165   445.74432   449.98694   454.22955   458.47223   462.71484   466.95752   471.20013   475.44281   479.68542   483.92804   488.17065   492.41336   496.65601   500.89862   505.14124   509.38388   513.62659   517.86926   522.11182   526.35449   530.59705   534.83978   539.08240   543.32507   547.56763   551.81030   556.05298   560.29565   564.53821   568.78088   573.02356   577.26611   581.50879   585.75146   589.99414   594.23669   598.47937   602.72205   606.96472   611.20728     0.00000     0.00000     0.00000     0.00000     0.00000     0.00000     0.00000     0.00000     0.00000     0.00000     0.00000     0.00000     0.00000     0.00000     0.00000     0.00000     0.00000     0.00000     0.00000     0.00000     0.00000     0.00000     0.00000     0.00000     0.00000     0.00000     0.00000     0.00000     0.00000     0.00000     0.00000     0.00000     0.00000     0.00000     0.00000     0.00000     0.00000     0.00000     0.00000
     0.00000     0.00000     0.00000     0.00000     0.00000     0.00000     0.00000     0.00000     0.00000     0.00000     0.00000     0.00000     0.00000     0.00000     0.00000     0.00000     0.00000     0.00000     0.00000     0.00000     0.00000     0.00000     0.00000     0.00000     0.00000     0.00000     0.00000     0.00000     0.00000     0.00000     0.00000     0.00000     0.00000     0.00000     0.00000     0.00000     0.00000     0.00000   -62.30683   -62.29976   -62.29269   -62.28561   -62.27854   -62.27147   -62.26440   -62.25733   -62.25026   -62.24319   -62.23612   -62.22905   -62.22197   -62.21490   -62.20783   -62.20076   -62.19369   -62.18662   -62.17955   -62.17248   -62.16541   -62.15834   -62.15126   -62.14419   -62.13712   -62.13005   -62.12298   -62.11591   -62.10884   -62.10176   -62.09470   -62.08762   -62.08055   -62.07348   -62.06641   -62.05934   -62.05227   -62.04520   -62.03813   -62.03106   -62.02398   -62.01691   -62.00984   -62.00277   155.83051   160.07315   164.31578   168.55844   172.80107   177.04370   181.28636   185.52899   189.77162   194.01428   198.25691   202.49957   206.74220   210.98483   215.22749   219.47012   223.71275   227.95541   232.19803   236.44070   240.68332   244.92595   249.16861   253.41124   257.65387   261.89651   266.13919   270.38184   274.62445   278.86710   283.10971   287.35242   291.59503   295.83768   300.08029   304.32294   308.56555   312.80823   317.05087   321.29349   325.53613   329.77875   334.02142   338.26407   342.50671   346.74933   350.99194   355.23465   359.47729   363.71991   367.96252   372.20520   376.44781   380.69049   384.93311   389.17575   393.41840   397.66101   401.90369   406.14633   410.38898   414.63159   418.87421   423.11685   427.35956   431.60217   435.84479   440.08740   444.33008   448.57275   452.81537   457.05798   461.30066   465.54327   469.78595   474.02856   478.27121   482.51385   486.75647   490.99908   495.24179   499.48444   503.72705   507.96967   512.21234   516.45496   520.69763   524.94025   529.18286   533.42554   537.66821   541.91083   546.15344   550.39612   554.63873   558.88135   563.12402   567.36670   571.60925   575.85193   580.09454   584.33728   588.57983   592.82251   597.06512   601.30780   605.55042   609.79309   614.03571     0.00000     0.00000     0.00000     0.00000     0.00000     0.00000     0.00000     0.00000     0.00000     0.00000     0.00000     0.00000     0.00000     0.00000     0.00000     0.00000     0.00000     0.00000     0.00000     0.00000     0.00000     0.00000     0.00000     0.00000     0.00000     0.00000     0.00000     0.00000     0.00000     0.00000     0.00000     0.00000     0.00000     0.00000     0.00000     0.00000     0.00000     0.00000
     0.00000     0.00000     0.00000     0.00000     0.00000     0.00000     0.00000     0.00000     0.00000     0.00000     0.00000     0.00000     0.00000     0.00000     0.00000     0.00000     0.00000     0.00000     0.00000     0.00000     0.00000     0.00000     0.00000     0.00000     0.00000     0.00000     0.00000     0.00000     0.00000     0.00000     0.00000     0.00000     0.00000     0.00000     0.00000     0.00000     0.00000   -62.30683   -62.29976   -62.29269   -62.28561   -62.27854   -62.27147   -62.26440   -62.25733   -62.25026   -62.24319   -62.23612   -62.22905   -62.22197   -62.21490   -62.20783   -62.20076   -62.19369   -62.18662   -62.17955   -62.17248   -62.16541   -62.15834   -62.15126   -62.14419   -62.13712   -62.13005   -62.12298   -62.11591   -62.10884   -62.10176   -62.09470   -62.08762   -62.08055   -62.07348   -62.06641   -62.05934   -62.05227   -62.04520   -62.03813   -62.03106   -62.02398   -62.01691   -62.00984   -62.00277   150.17366   154.41629   158.65892   162.90158   167.14421   171.38687   175.62950   179.87213   184.11479   188.35742   192.60005   196.84271   201.08534   205.32800   209.57063   213.81326   218.05591   222.29855   226.54118   230.78384   235.02646   239.26910   243.51175   247.75438   251.99704   256.23969   260.48230   264.72495   268.96762   273.21027   277.45288   281.69553   285.93814   290.18085   294.42346   298.66611   302.90872   307.15134   311.39398   315.63666   319.87930   324.12192   328.36456   332.60718   336.84985   341.09250   345.33514   349.57776   353.82037   358.06308   362.30573   366.54834   370.79095   375.03363   379.27625   383.51892   387.76154   392.00418   396.24683   400.48944   404.73212   408.97476   413.21741   417.46002   421.70264   425.94525   430.18796   434.43060   438.67322   442.91583   447.15851   451.40118   455.64380   459.88641   464.12909   468.37170   472.61438   476.85699   481.09964   485.34229   489.58490   493.82751   498.07022   502.31284   506.55548   510.79810   515.04071   519.28345   523.52606   527.76868   532.01135   536.25391   540.49664   544.73926   548.98193   553.22449   557.46716   561.70984   565.95245   570.19507   574.43774   578.68042   582.92297   587.16565   591.40833   595.65100   599.89355   604.13623   608.37891   612.62152   616.86414     0.00000     0.00000     0.00000     0.00000     0.00000     0.00000     0.00000     0.00000     0.00000     0.00000     0.00000     0.00000     0.00000     0.00000     0.00000     0.00000     0.00000     0.00000     0.00000     0.00000     0.00000     0.00000     0.00000     0.00000     0.00000     0.00000     0.00000     0.00000     0.00000     0.00000     0.00000     0.00000     0.00000     0.00000     0.00000     0.00000     0.00000
     0.00000     0.00000     0.00000     0.00000     0.00000     0.00000     0.00000     0.00000     0.00000     0.00000     0.00000     0.00000     0.00000     0.00000     0.00000     0.00000     0.00000     0.00000     0.00000     0.00000     0.00000     0.00000     0.00000     0.00000     0.00000     0.00000     0.00000     0.00000     0.00000     0.00000     0.00000     0.00000     0.00000     0.00000     0.00000     0.00000   -62.30683   -62.29976   -62.29269   -62.28561   -62.27854   -62.27147   -62.26440   -62.25733   -62.25026   -62.24319   -62.23612   -62.22905   -62.22197   -62.21490   -62.20783   -62.20076   -62.19369   -62.18662   -62.17955   -62.17248   -62.16541   -62.15834   -62.15126   -62.14419   -62.13712   -62.13005   -62.12298   -62.11591   -62.10884   -62.10176   -62.09470   -62.08762   -62.08055   -62.07348   -62.06641   -62.05934   -62.05227   -62.04520   -62.03813   -62.03106   -62.02398   -62.01691   -62.00984   -62.00277   144.51680   148.75943   153.00208   157.24472   161.48735   165.73001   169.97264   174.21530   178.45793   182.70056   186.94322   191.18585   195.42848   199.67114   203.91377   208.15643   212.39905   216.64169   220.88434   225.12698   229.36961   233.61224   237.85489   242.09753   246.34018   250.58281   254.82547   259.06812   263.31073   267.55338   271.79605   276.03870   280.28131   284.52396   288.76657   293.00928   297.25189   301.49451   305.73715   309.97977   314.22241   318.46509   322.70770   326.95035   331.19299   335.43561   339.67828   343.92093   348.16357   352.40619   356.64880   360.89151   365.13416   369.37677   373.61938   377.86203   382.10468   386.34735   390.58997   394.83261   399.07526   403.31787   407.56055   411.80319   416.04584   420.28845   424.53107   428.77368   433.01639   437.25903   441.50165   445.74426   449.98694   454.22961   458.47223   462.71484   466.95749   471.20013   475.44281   479.68542   483.92807   488.17072   492.41333   496.65594   500.89868   505.14127   509.38391   513.62653   517.86914   522.11182   526.35449   530.59711   534.83972   539.08240   543.32507   547.56769   551.81030   556.05298   560.29553   564.53821   568.78088   573.02356   577.26611   581.50879   585.75140   589.99414   594.23669   598.47937   602.72198   606.96460   611.20728   615.44995   619.69257     0.00000     0.00000     0.00000     0.00000     0.00000     0.00000     0.00000     0.00000     0.00000     0.00000     0.00000     0.00000     0.00000     0.00000     0.00000     0.00000     0.00000     0.00000     0.00000     0.00000     0.00000     0.00000     0.00000     0.00000     0.00000     0.00000     0.00000     0.00000     0.00000     0.00000     0.00000     0.00000     0.00000     0.00000     0.00000     0.00000
     0.00000     0.00000     0.00000     0.00000     0.00000     0.00000     0.00000     0.00000     0.00000     0.00000     0.00000     0.00000     0.00000     0.00000     0.00000     0.00000     0.00000     0.00000     0.00000     0.00000     0.00000     0.00000     0.00000     0.00000     0.00000     0.00000     0.00000     0.00000     0.00000     0.00000     0.00000     0.00000     0.00000     0.00000     0.00000   -62.30683   -62.29976   -62.29269   -62.28561   -62.27854   -62.27147   -62.26440   -62.25733   -62.25026   -62.24319   -62.23612   -62.22905   -62.22197   -62.21490   -62.20783   -62.20076   -62.19369   -62.18662   -62.17955   -62.17248   -62.16541   -62.15834   -62.15126   -62.14419   -62.13712   -62.13005   -62.12298   -62.11591   -62.10884   -62.10176   -62.09470   -62.08762   -62.08055   -62.07348   -62.06641   -62.05934   -62.05227   -62.04520   -62.03813   -62.03106   -62.02398   -62.01691   -62.00984   -62.00277   138.86000   143.10258   147.34521   151.58786   155.83051   160.07315   164.31578   168.55844   172.80107   177.04373   181.28636   185.52899   189.77165   194.01428   198.25691   202.49957   206.74219   210.98485   215.22748   219.47012   223.71277   227.95538   232.19803   236.44067   240.68332   244.92596   249.16861   253.41124   257.65390   261.89655   266.13916   270.38181   274.62448   278.86713   283.10974   287.35239   291.59500   295.83768   300.08032   304.32294   308.56558   312.80820   317.05084   321.29352   325.53613   329.77878   334.02142   338.26404   342.50671   346.74936   350.99200   355.23462   359.47723   363.71994   367.96259   372.20520   376.44781   380.69046   384.93311   389.17578   393.41840   397.66104   401.90369   406.14630   410.38898   414.63159   418.87424   423.11688   427.35950   431.60211   435.84482   440.08746   444.33008   448.57269   452.81537   457.05804   461.30066   465.54327   469.78592   474.02856   478.27124   482.51385   486.75650   490.99911   495.24176   499.48438   503.72705   507.96970   512.21234   516.45496   520.69757   524.94031   529.18292   533.42554   537.66821   541.91077   546.15350   550.39612   554.63873   558.88135   563.12402   567.36670   571.60931   575.85193   580.09460   584.33728   588.57983   592.82251   597.06519   601.30780   605.55042   609.79309   614.03577   618.27838   622.52100     0.00000     0.00000     0.00000     0.00000     0.00000     0.00000     0.00000     0.00000     0.00000     0.00000     0.00000     0.00000     0.00000     0.00000     0.00000     0.00000     0.00000     0.00000     0.00000     0.00000     0.00000     0.00000     0.00000     0.00000     0.00000     0.00000     0.00000     0.00000     0.00000     0.00000     0.00000     0.00000     0.00000     0.00000     0.00000
     0.00000     0.00000     0.00000     0.00000     0.00000     0.00000     0.00000     0.00000     0.00000     0.00000     0.00000     0.00000     0.00000     0.00000     0.00000     0.00000     0.00000     0.00000     0.00000     0.00000     0.00000     0.00000     0.00000     0.00000     0.00000     0.00000     0.00000     0.00000     0.00000     0.00000     0.00000     0.00000     0.00000     0.00000   -62.30683   -62.29976   -62.29269   -62.28561   -62.27854   -62.27147   -62.26440   -62.25733   -62.25026   -62.24319   -62.23612   -62.22905   -62.22197   -62.21490   -62.20783   -62.20076   -62.19369   -62.18662   -62.17955   -62.17248   -62.16541   -62.15834   -62.15126   -62.14419   -62.13712   -62.13005   -62.12298   -62.11591   -62.10884   -62.10176   -62.09470   -62.08762   -62.08055   -62.07348   -62.06641   -62.05934   -62.05227   -62.04520   -62.03813   -62.03106   -62.02398   -62.01691   -62.00984   -62.00277   144.51686   143.10262   141.68842   145.93102   150.17365   154.41629   158.65894   162.90158   167.14421   171.38687   175.62950   179.87216   184.11479   188.35742   192.60008   196.84271   201.08533   205.32799   209.57062   213.81328   218.05591   222.29852   226.54118   230.78381   235.02646   239.26910   243.51175   247.75439   251.99704   256.23969   260.48233   264.72498   268.96759   273.21024   277.45291   281.69556   285.93817   290.18079   294.42343   298.66611   302.90875   307.15137   311.39398   315.63663   319.87927   324.12195   328.36456   332.60721   336.84985   341.09247   345.33514   349.57779   353.82043   358.06305   362.30566   366.54834   370.79099   375.03363   379.27625   383.51889   387.76154   392.00421   396.24683   400.48947   404.73212   408.97473   413.21741   417.46002   421.70267   425.94531   430.18793   434.43054   438.67325   442.91589   447.15851   451.40112   455.64377   459.88644   464.12909   468.37170   472.61435   476.85699   481.09967   485.34229   489.58496   493.82755   498.07019   502.31281   506.55548   510.79813   515.04077   519.28339   523.52600   527.76868   532.01135   536.25397   540.49658   544.73926   548.98193   553.22455   557.46716   561.70984   565.95239   570.19507   574.43774   578.68042   582.92297   587.16565   591.40826   595.65094   599.89355   604.13623   608.37885   612.62146   616.86414   621.10681   625.34943     0.00000     0.00000     0.00000     0.00000     0.00000     0.00000     0.00000     0.00000     0.00000     0.00000     0.00000     0.00000     0.00000     0.00000     0.00000     0.00000     0.00000     0.00000     0.00000     0.00000     0.00000     0.00000     0.00000     0.00000     0.00000     0.00000     0.00000     0.00000     0.00000     0.00000     0.00000     0.00000     0.00000     0.00000
     0.00000     0.00000     0.00000     0.00000     0.00000     0.00000     0.00000     0.00000     0.00000     0.00000     0.00000     0.00000     0.00000     0.00000     0.00000     0.00000     0.00000     0.00000     0.00000     0.00000     0.00000     0.00000     0.00000     0.00000     0.00000     0.00000     0.00000     0.00000     0.00000     0.00000     0.00000     0.00000     0.00000   -62.30683   -62.29976   -62.29269   -62.28561   -62.27854   -62.27147   -62.26440   -62.25733   -62.25026   -62.24319   -62.23612   -62.22905   -62.22197   -62.21490   -62.20783   -62.20076   -62.19369   -62.18662   -62.17955   -62.17248   -62.16541   -62.15834   -62.15126   -62.14419   -62.13712   -62.13005   -62.12298   -62.11591   -62.10884   -62.10176   -62.09470   -62.08762   -62.08055   -62.07348   -62.06641   -62.05934   -62.05227   -62.04520   -62.03813   -62.03106   -62.02398   -62.01691   -62.00984   -62.00277   150.17369   148.75948   147.34528   145.93105   144.51685   148.75945   153.00208   157.24472   161.48737   165.73001   169.97264   174.21530   178.45793   182.70059   186.94322   191.18585   195.42850   199.67113   203.91376   208.15642   212.39905   216.64169   220.88432   225.12695   229.36961   233.61224   237.85489   242.09753   246.34018   250.58282   254.82547   259.06812   263.31076   267.55341   271.79602   276.03867   280.28134   284.52396   288.76660   293.00922   297.25186   301.49454   305.73715   309.97980   314.22241   318.46506   322.70770   326.95038   331.19299   335.43564   339.67828   343.92090   348.16357   352.40622   356.64886   360.89148   365.13409   369.37677   373.61942   377.86206   382.10468   386.34732   390.58997   394.83264   399.07526   403.31787   407.56052   411.80316   416.04584   420.28845   424.53110   428.77374   433.01636   437.25897   441.50168   445.74432   449.98694   454.22955   458.47220   462.71487   466.95752   471.20013   475.44278   479.68539   483.92810   488.17072   492.41333   496.65598   500.89862   505.14124   509.38391   513.62659   517.86920   522.11182   526.35443   530.59717   534.83978   539.08240   543.32501   547.56763   551.81030   556.05298   560.29559   564.53821   568.78088   573.02356   577.26617   581.50879   585.75146   589.99408   594.23669   598.47937   602.72205   606.96466   611.20728   615.44995   619.69263   623.93524   628.17786     0.00000     0.00000     0.00000     0.00000     0.00000     0.00000     0.00000     0.00000     0.00000     0.00000     0.00000     0.00000     0.00000     0.00000     0.00000     0.00000     0.00000     0.00000     0.00000     0.00000     0.00000     0.00000     0.00000     0.00000     0.00000     0.00000     0.00000     0.00000     0.00000     0.00000     0.00000     0.00000     0.00000
     0.00000     0.00000     0.00000     0.00000     0.00000     0.00000     0.00000     0.00000     0.00000     0.00000     0.00000     0.00000     0.00000     0.00000     0.00000     0.00000     0.00000     0.00000     0.00000     0.00000     0.00000     0.00000     0.00000     0.00000     0.00000     0.00000     0.00000     0.00000     0.00000     0.00000     0.00000     0.00000   -62.30683   -62.29976   -62.29269   -62.28561   -62.27854   -62.27147   -62.26440   -62.25733   -62.25026   -62.24319   -62.23612   -62.22905   -62.22197   -62.21490   -62.20783   -62.20076   -62.19369   -62.18662   -62.17955   -62.17248   -62.16541   -62.15834   -62.15126   -62.14419   -62.13712   -62.13005   -62.12298   -62.11591   -62.10884   -62.10176   -62.09470   -62.08762   -62.08055   -62.07348   -62.06641   -62.05934   -62.05227   -62.04520   -62.03813   -62.03106   -62.02398   -62.01691   -62.00984   -62.00277   155.83055   154.41634   153.00211   151.58791   150.17371   148.75948   147.34528   151.58788   155.83051   160.07315   164.31580   168.55844   172.80107   177.04373   181.28636   185.52902   189.77164   194.01427   198.25693   202.49956   206.74219   210.98483   215.22746   219.47012   223.71275   227.95538   232.19804   236.44067   240.68332   244.92596   249.16861   253.41125   257.65390   261.89655   266.13919   270.38184   274.62445   278.86707   283.10974   287.35239   291.59503   295.83765   300.08026   304.32294   308.56558   312.80823   317.05084   321.29349   325.53613   329.77881   334.02142   338.26407   342.50671   346.74933   350.99200   355.23462   359.47726   363.71991   367.96252   372.20520   376.44785   380.69049   384.93311   389.17575   393.41840   397.66104   401.90369   406.14630   410.38895   414.63159   418.87427   423.11688   427.35953   431.60217   435.84479   440.08740   444.33008   448.57272   452.81537   457.05798   461.30063   465.54330   469.78595   474.02856   478.27124   482.51382   486.75650   490.99915   495.24176   499.48441   503.72705   507.96967   512.21234   516.45496   520.69763   524.94025   529.18286   533.42554   537.66821   541.91083   546.15344   550.39612   554.63879   558.88141   563.12402   567.36670   571.60925   575.85193   580.09460   584.33722   588.57983   592.82251   597.06512   601.30780   605.55042   609.79309   614.03571   618.27832   622.52100   626.76367   631.00629     0.00000     0.00000     0.00000     0.00000     0.00000     0.00000     0.00000     0.00000     0.00000     0.00000     0.00000     0.00000     0.00000     0.00000     0.00000     0.00000     0.00000     0.00000     0.00000     0.00000     0.00000     0.00000     0.00000     0.00000     0.00000     0.00000     0.00000     0.00000     0.00000     0.00000     0.00000     0.00000
     0.00000     0.00000     0.00000     0.00000     0.00000     0.00000     0.00000     0.00000     0.00000     0.00000     0.00000     0.00000     0.00000     0.00000     0.00000     0.00000     0.00000     0.00000     0.00000     0.00000     0.00000     0.00000     0.00000     0.00000     0.00000     0.00000     0.00000     0.00000     0.00000     0.00000     0.00000   -62.30683   -62.29976   -62.29269   -62.28561   -62.27854   -62.27147   -62.26440   -62.25733   -62.25026   -62.24319   -62.23612   -62.22905   -62.22197   -62.21490   -62.20783   -62.20076   -62.19369   -62.18662   -62.17955   -62.17248   -62.16541   -62.15834   -62.15126   -62.14419   -62.13712   -62.13005   -62.12298   -62.11591   -62.10884   -62.10176   -62.09470   -62.08762   -62.08055   -62.07348   -62.06641   -62.05934   -62.05227   -62.04520   -62.03813   -62.03106   -62.02398   -62.01691   -62.00984   -62.00277   161.48741   160.07317   158.65897   157.24477   155.83054   154.41634   153.00214   151.58791   150.17371   154.41631   158.65894   162.90158   167.14423   171.38687   175.62950   179.87216   184.11478   188.35744   192.60007   196.84270   201.08536   205.32797   209.57060   213.81326   218.05589   222.29855   226.54118   230.78381   235.02647   239.26910   243.51175   247.75439   251.99704   256.23969   260.48233   264.72498   268.96762   273.21024   277.45288   281.69550   285.93817   290.18082   294.42343   298.66608   302.90869   307.15137   311.39401   315.63666   319.87927   324.12192   328.36456   332.60724   336.84985   341.09250   345.33514   349.57776   353.82043   358.06305   362.30569   366.54834   370.79095   375.03363   379.27628   383.51892   387.76154   392.00415   396.24680   400.48947   404.73212   408.97473   413.21738   417.46002   421.70270   425.94531   430.18796   434.43060   438.67322   442.91583   447.15851   451.40115   455.64380   459.88641   464.12906   468.37170   472.61438   476.85699   481.09961   485.34225   489.58493   493.82758   498.07019   502.31284   506.55548   510.79810   515.04077   519.28345   523.52606   527.76868   532.01129   536.25403   540.49658   544.73926   548.98187   553.22449   557.46716   561.70984   565.95245   570.19507   574.43774   578.68036   582.92303   587.16565   591.40833   595.65094   599.89355   604.13623   608.37891   612.62152   616.86414   621.10675   625.34949   629.59204   633.83472     0.00000     0.00000     0.00000     0.00000     0.00000     0.00000     0.00000     0.00000     0.00000     0.00000     0.00000     0.00000     0.00000     0.00000     0.00000     0.00000     0.00000     0.00000     0.00000     0.00000     0.00000     0.00000     0.00000     0.00000     0.00000     0.00000     0.00000     0.00000     0.00000     0.00000     0.00000
     0.00000     0.00000     0.00000     0.00000     0.00000     0.00000     0.00000     0.00000     0.00000     0.00000     0.00000     0.00000     0.00000     0.00000     0.00000     0.00000     0.00000     0.00000     0.00000     0.00000     0.00000     0.00000     0.00000     0.00000     0.00000     0.00000     0.00000     0.00000     0.00000     0.00000   -62.30683   -62.29976   -62.29269   -62.28561   -62.27854   -62.27147   -62.26440   -62.25733   -62.25026   -62.24319   -62.23612   -62.22905   -62.22197   -62.21490   -62.20783   -62.20076   -62.19369   -62.18662   -62.17955   -62.17248   -62.16541   -62.15834   -62.15126   -62.14419   -62.13712   -62.13005   -62.12298   -62.11591   -62.10884   -62.10176   -62.09470   -62.08762   -62.08055   -62.07348   -62.06641   -62.05934   -62.05227   -62.04520   -62.03813   -62.03106   -62.02398   -62.01691   -62.00984   -62.00277   167.14424   165.73003   164.31583   162.90160   161.48740   160.07320   158.65897   157.24477   155.83057   154.41634   153.00214   157.24474   161.48737   165.73001   169.97266   174.21530   178.45792   182.70058   186.94321   191.18587   195.42850   199.67111   203.91377   208.15640   212.39903   216.64169   220.88432   225.12698   229.36961   233.61224   237.85490   242.09753   246.34018   250.58282   254.82547   259.06812   263.31076   267.55338   271.79602   276.03867   280.28131   284.52393   288.76660   293.00922   297.25186   301.49451   305.73712   309.97980   314.22244   318.46509   322.70770   326.95035   331.19299   335.43567   339.67828   343.92090   348.16354   352.40619   356.64886   360.89148   365.13412   369.37677   373.61938   377.86206   382.10471   386.34732   390.58997   394.83258   399.07523   403.31790   407.56055   411.80316   416.04581   420.28845   424.53113   428.77374   433.01636   437.25900   441.50165   445.74426   449.98694   454.22958   458.47223   462.71484   466.95752   471.20013   475.44278   479.68542   483.92804   488.17068   492.41336   496.65601   500.89862   505.14127   509.38391   513.62653   517.86920   522.11182   526.35443   530.59711   534.83972   539.08240   543.32507   547.56769   551.81030   556.05298   560.29565   564.53821   568.78088   573.02350   577.26611   581.50879   585.75146   589.99408   594.23669   598.47937   602.72198   606.96466   611.20728   615.44995   619.69257   623.93518   628.17786   632.42053   636.66315     0.00000     0.00000     0.00000     0.00000     0.00000     0.00000     0.00000     0.00000     0.00000     0.00000     0.00000     0.00000     0.00000     0.00000     0.00000     0.00000     0.00000     0.00000     0.00000     0.00000     0.00000     0.00000     0.00000     0.00000     0.00000     0.00000     0.00000     0.00000     0.00000     0.00000
     0.00000     0.00000     0.00000     0.00000     0.00000     0.00000     0.00000     0.00000     0.00000     0.00000     0.00000     0.00000     0.00000     0.00000     0.00000     0.00000     0.00000     0.00000     0.00000     0.00000     0.00000     0.00000     0.00000     0.00000     0.00000     0.00000     0.00000     0.00000     0.00000   -62.30683   -62.29976   -62.29269   -62.28561   -62.27854   -62.27147   -62.26440   -62.25733   -62.25026   -62.24319   -62.23612   -62.22905   -62.22197   -62.21490   -62.20783   -62.20076   -62.19369   -62.18662   -62.17955   -62.17248   -62.16541   -62.15834   -62.15126   -62.14419   -62.13712   -62.13005   -62.12298   -62.11591   -62.10884   -62.10176   -62.09470   -62.08762   -62.08055   -62.07348   -62.06641   -62.05934   -62.05227   -62.04520   -62.03813   -62.03106   -62.02398   -62.01691   -62.00984   -62.00277   172.80112   171.38689   169.97266   168.55846   167.14426   165.73003   164.31583   162.90163   161.48740   160.07320   158.65900   157.24477   155.83057   160.07317   164.31580   168.55844   172.80107   177.04372   181.28635   185.52901   189.77164   194.01428   198.25691   202.49954   206.74220   210.98483   215.22746   219.47012   223.71275   227.95541   232.19804   236.44067   240.68333   244.92596   249.16861   253.41125   257.65390   261.89655   266.13916   270.38181   274.62445   278.86710   283.10971   287.35236   291.59503   295.83765   300.08029   304.32294   308.56555   312.80823   317.05087   321.29352   325.53613   329.77878   334.02142   338.26407   342.50671   346.74933   350.99197   355.23462   359.47729   363.71991   367.96255   372.20520   376.44781   380.69049   384.93311   389.17575   393.41840   397.66101   401.90366   406.14633   410.38898   414.63159   418.87424   423.11688   427.35953   431.60217   435.84479   440.08743   444.33008   448.57269   452.81537   457.05798   461.30066   465.54327   469.78589   474.02856   478.27121   482.51385   486.75647   490.99911   495.24179   499.48444   503.72705   507.96970   512.21234   516.45496   520.69763   524.94031   529.18286   533.42554   537.66815   541.91089   546.15344   550.39612   554.63873   558.88135   563.12402   567.36670   571.60931   575.85193   580.09460   584.33722   588.57990   592.82251   597.06519   601.30780   605.55042   609.79309   614.03577   618.27832   622.52100   626.76361   631.00635   635.24890   639.49158     0.00000     0.00000     0.00000     0.00000     0.00000     0.00000     0.00000     0.00000     0.00000     0.00000     0.00000     0.00000     0.00000     0.00000     0.00000     0.00000     0.00000     0.00000     0.00000     0.00000     0.00000     0.00000     0.00000     0.00000     0.00000     0.00000     0.00000     0.00000     0.00000
     0.00000     0.00000     0.00000     0.00000     0.00000     0.00000     0.00000     0.00000     0.00000     0.00000     0.00000     0.00000     0.00000     0.00000     0.00000     0.00000     0.00000     0.00000     0.00000     0.00000     0.00000     0.00000     0.00000     0.00000     0.00000     0.00000     0.00000     0.00000   -62.30683   -62.29976   -62.29269   -62.28561   -62.27854   -62.27147   -62.26440   -62.25733   -62.25026   -62.24319   -62.23612   -62.22905   -62.22197   -62.21490   -62.20783   -62.20076   -62.19369   -62.18662   -62.17955   -62.17248   -62.16541   -62.15834   -62.15126   -62.14419   -62.13712   -62.13005   -62.12298   -62.11591   -62.10884   -62.10176   -62.09470   -62.08762   -62.08055   -62.07348   -62.06641   -62.05934   -62.05227   -62.04520   -62.03813   -62.03106   -62.02398   -62.01691   -62.00984   -62.00277   178.45798   177.04375   175.62952   174.21532   172.80109   171.38689   169.97269   168.55846   167.14426   165.73006   164.31583   162.90163   161.48743   160.07320   158.65900   162.90160   167.14421   171.38686   175.62950   179.87215   184.11478   188.35742   192.60005   196.84271   201.08534   205.32797   209.57063   213.81326   218.05589   222.29855   226.54118   230.78384   235.02647   239.26910   243.51176   247.75439   251.99704   256.23969   260.48230   264.72498   268.96759   273.21024   277.45288   281.69550   285.93814   290.18079   294.42346   298.66608   302.90872   307.15137   311.39398   315.63666   319.87930   324.12195   328.36456   332.60718   336.84982   341.09250   345.33514   349.57776   353.82040   358.06305   362.30573   366.54834   370.79099   375.03360   379.27625   383.51892   387.76154   392.00418   396.24683   400.48944   404.73209   408.97476   413.21741   417.46002   421.70264   425.94528   430.18796   434.43060   438.67322   442.91586   447.15851   451.40112   455.64383   459.88641   464.12906   468.37170   472.61432   476.85699   481.09964   485.34229   489.58490   493.82755   498.07022   502.31287   506.55548   510.79813   515.04071   519.28339   523.52606   527.76868   532.01129   536.25397   540.49658   544.73926   548.98193   553.22449   557.46716   561.70978   565.95251   570.19507   574.43774   578.68036   582.92297   587.16565   591.40833   595.65094   599.89355   604.13623   608.37885   612.62146   616.86414   621.10681   625.34943   629.59204   633.83472   638.07739   642.31995     0.00000     0.00000     0.00000     0.00000     0.00000     0.00000     0.00000     0.00000     0.00000     0.00000     0.00000     0.00000     0.00000     0.00000     0.00000     0.00000     0.00000     0.00000     0.00000     0.00000     0.00000     0.00000     0.00000     0.00000     0.00000     0.00000     0.00000     0.00000
     0.00000     0.00000     0.00000     0.00000     0.00000     0.00000     0.00000     0.00000     0.00000     0.00000     0.00000     0.00000     0.00000     0.00000     0.00000     0.00000     0.00000     0.00000     0.00000     0.00000     0.00000     0.00000     0.00000     0.00000     0.00000     0.00000     0.00000   -62.30683   -62.29976   -62.29269   -62.28561   -62.27854   -62.27147   -62.26440   -62.25733   -62.25026   -62.24319   -62.23612   -62.22905   -62.22197   -62.21490   -62.20783   -62.20076   -62.19369   -62.18662   -62.17955   -62.17248   -62.16541   -62.15834   -62.15126   -62.14419   -62.13712   -62.13005   -62.12298   -62.11591   -62.10884   -62.10176   -62.09470   -62.08762   -62.08055   -62.07348   -62.06641   -62.05934   -62.05227   -62.04520   -62.03813   -62.03106   -62.02398   -62.01691   -62.00984   -62.00277   184.11484   182.70059   181.28638   179.87218   178.45795   177.04375   175.62952   174.21532   172.80112   171.38689   169.97269   168.55849   167.14426   165.73006   164.31586   162.90163   161.48741   165.73001   169.97264   174.21529   178.45793   182.70056   186.94319   191.18585   195.42848   199.67114   203.91377   208.15640   212.39906   216.64169   220.88432   225.12698   229.36961   233.61227   237.85490   242.09753   246.34019   250.58282   254.82545   259.06812   263.31073   267.55341   271.79602   276.03864   280.28131   284.52393   288.76657   293.00922   297.25189   301.49451   305.73715   309.97980   314.22241   318.46509   322.70773   326.95035   331.19299   335.43561   339.67825   343.92093   348.16357   352.40619   356.64883   360.89148   365.13416   369.37677   373.61938   377.86203   382.10468   386.34735   390.58997   394.83261   399.07526   403.31787   407.56052   411.80319   416.04581   420.28845   424.53107   428.77371   433.01639   437.25903   441.50165   445.74426   449.98694   454.22955   458.47223   462.71484   466.95749   471.20013   475.44275   479.68542   483.92807   488.17072   492.41333   496.65598   500.89865   505.14130   509.38391   513.62659   517.86914   522.11182   526.35449   530.59717   534.83972   539.08240   543.32501   547.56769   551.81030   556.05298   560.29559   564.53821   568.78088   573.02356   577.26617   581.50879   585.75146   589.99408   594.23676   598.47937   602.72205   606.96460   611.20728   615.44995   619.69263   623.93518   628.17786   632.42047   636.66315   640.90576   645.14844     0.00000     0.00000     0.00000     0.00000     0.00000     0.00000     0.00000     0.00000     0.00000     0.00000     0.00000     0.00000     0.00000     0.00000     0.00000     0.00000     0.00000     0.00000     0.00000     0.00000     0.00000     0.00000     0.00000     0.00000     0.00000     0.00000     0.00000
     0.00000     0.00000     0.00000     0.00000     0.00000     0.00000     0.00000     0.00000     0.00000     0.00000     0.00000     0.00000     0.00000     0.00000     0.00000     0.00000     0.00000     0.00000     0.00000     0.00000     0.00000     0.00000     0.00000     0.00000     0.00000     0.00000   -62.30683   -62.29976   -62.29269   -62.28561   -62.27854   -62.27147   -62.26440   -62.25733   -62.25026   -62.24319   -62.23612   -62.22905   -62.22197   -62.21490   -62.20783   -62.20076   -62.19369   -62.18662   -62.17955   -62.17248   -62.16541   -62.15834   -62.15126   -62.14419   -62.13712   -62.13005   -62.12298   -62.11591   -62.10884   -62.10176   -62.09470   -62.08762   -62.08055   -62.07348   -62.06641   -62.05934   -62.05227   -62.04520   -62.03813   -62.03106   -62.02398   -62.01691   -62.00984   -62.00277   189.77167   188.35745   186.94324   185.52902   184.11481   182.70061   181.28638   179.87218   178.45795   177.04375   175.62955   174.21532   172.80112   171.38692   169.97269   168.55849   167.14427   165.73004   164.31584   168.55844   172.80107   177.04370   181.28635   185.52899   189.77162   194.01428   198.25691   202.49957   206.74220   210.98483   215.22749   219.47012   223.71275   227.95541   232.19804   236.44070   240.68333   244.92596   249.16861   253.41125   257.65387   261.89655   266.13916   270.38181   274.62445   278.86707   283.10974   287.35236   291.59500   295.83765   300.08032   304.32294   308.56558   312.80823   317.05084   321.29352   325.53613   329.77878   334.02142   338.26404   342.50668   346.74936   350.99200   355.23462   359.47726   363.71988   367.96259   372.20520   376.44781   380.69046   384.93311   389.17578   393.41840   397.66104   401.90369   406.14630   410.38892   414.63159   418.87424   423.11688   427.35950   431.60214   435.84482   440.08746   444.33011   448.57269   452.81534   457.05798   461.30066   465.54327   469.78592   474.02856   478.27118   482.51385   486.75650   490.99915   495.24176   499.48441   503.72705   507.96973   512.21234   516.45496   520.69757   524.94025   529.18292   533.42554   537.66815   541.91077   546.15344   550.39612   554.63879   558.88135   563.12402   567.36664   571.60938   575.85193   580.09460   584.33722   588.57983   592.82251   597.06519   601.30774   605.55042   609.79309   614.03571   618.27832   622.52100   626.76367   631.00623   635.24890   639.49158   643.73425   647.97681     0.00000     0.00000     0.00000     0.00000     0.00000     0.00000     0.00000     0.00000     0.00000     0.00000     0.00000     0.00000     0.00000     0.00000     0.00000     0.00000     0.00000     0.00000     0.00000     0.00000     0.00000     0.00000     0.00000     0.00000     0.00000     0.00000
     0.00000     0.00000     0.00000     0.00000     0.00000     0.00000     0.00000     0.00000     0.00000     0.00000     0.00000     0.00000     0.00000     0.00000     0.00000     0.00000     0.00000     0.00000     0.00000     0.00000     0.00000     0.00000     0.00000     0.00000     0.00000   -62.30683   -62.29976   -62.29269   -62.28561   -62.27854   -62.27147   -62.26440   -62.25733   -62.25026   -62.24319   -62.23612   -62.22905   -62.22197   -62.21490   -62.20783   -62.20076   -62.19369   -62.18662   -62.17955   -62.17248   -62.16541   -62.15834   -62.15126   -62.14419   -62.13712   -62.13005   -62.12298   -62.11591   -62.10884   -62.10176   -62.09470   -62.08762   -62.08055   -62.07348   -62.06641   -62.05934   -62.05227   -62.04520   -62.03813   -62.03106   -62.02398   -62.01691   -62.00984   -62.00277   195.42853   194.01431   192.60008   191.18588   189.77167   188.35745   186.94324   185.52904   184.11481   182.70061   181.28638   179.87218   178.45798   177.04375   175.62955   174.21535   172.80110   171.38690   169.97270   168.55847   167.14427   171.38686   175.62949   179.87213   184.11478   188.35742   192.60005   196.84271   201.08534   205.32800   209.57063   213.81326   218.05592   222.29855   226.54118   230.78384   235.02647   239.26912   243.51175   247.75439   251.99704   256.23969   260.48230   264.72495   268.96759   273.21024   277.45288   281.69550   285.93817   290.18079   294.42343   298.66608   302.90875   307.15137   311.39401   315.63663   319.87927   324.12195   328.36456   332.60721   336.84985   341.09247   345.33511   349.57779   353.82043   358.06305   362.30566   366.54831   370.79102   375.03363   379.27625   383.51889   387.76154   392.00421   396.24683   400.48947   404.73209   408.97473   413.21735   417.46002   421.70267   425.94531   430.18793   434.43054   438.67328   442.91589   447.15851   451.40112   455.64377   459.88641   464.12909   468.37170   472.61435   476.85699   481.09961   485.34229   489.58493   493.82758   498.07019   502.31284   506.55548   510.79816   515.04077   519.28345   523.52600   527.76868   532.01135   536.25397   540.49658   544.73926   548.98187   553.22455   557.46716   561.70984   565.95245   570.19507   574.43774   578.68042   582.92303   587.16565   591.40833   595.65088   599.89362   604.13623   608.37891   612.62146   616.86414   621.10681   625.34943   629.59204   633.83472   638.07733   642.32001   646.56262   650.80530     0.00000     0.00000     0.00000     0.00000     0.00000     0.00000     0.00000     0.00000     0.00000     0.00000     0.00000     0.00000     0.00000     0.00000     0.00000     0.00000     0.00000     0.00000     0.00000     0.00000     0.00000     0.00000     0.00000     0.00000     0.00000
     0.00000     0.00000     0.00000     0.00000     0.00000     0.00000     0.00000     0.00000     0.00000     0.00000     0.00000     0.00000     0.00000     0.00000     0.00000     0.00000     0.00000     0.00000     0.00000     0.00000     0.00000     0.00000     0.00000     0.00000   -62.30683   -62.29976   -62.29269   -62.28561   -62.27854   -62.27147   -62.26440   -62.25733   -62.25026   -62.24319   -62.23612   -62.22905   -62.22197   -62.21490   -62.20783   -62.20076   -62.19369   -62.18662   -62.17955   -62.17248   -62.16541   -62.15834   -62.15126   -62.14419   -62.13712   -62.13005   -62.12298   -62.11591   -62.10884   -62.10176   -62.09470   -62.08762   -62.08055   -62.07348   -62.06641   -62.05934   -62.05227   -62.04520   -62.03813   -62.03106   -62.02398   -62.01691   -62.00984   -62.00277   201.08539   199.67117   198.25694   196.84274   195.42851   194.01431   192.60010   191.18588   189.77167   188.35747   186.94324   185.52904   184.11481   182.70061   181.28641   179.87218   178.45796   177.04376   175.62953   174.21533   172.80113   171.38689   169.97269   174.21529   178.45792   182.70056   186.94321   191.18585   195.42848   199.67114   203.91377   208.15643   212.39906   216.64169   220.88435   225.12698   229.36961   233.61226   237.85489   242.09755   246.34018   250.58282   254.82545   259.06808   263.31073   267.55338   271.79602   276.03867   280.28131   284.52393   288.76660   293.00922   297.25186   301.49451   305.73718   309.97980   314.22241   318.46506   322.70770   326.95038   331.19299   335.43564   339.67828   343.92090   348.16354   352.40622   356.64883   360.89148   365.13409   369.37674   373.61945   377.86206   382.10468   386.34732   390.58997   394.83264   399.07526   403.31787   407.56052   411.80316   416.04578   420.28845   424.53110   428.77374   433.01639   437.25897   441.50165   445.74432   449.98694   454.22955   458.47220   462.71484   466.95752   471.20013   475.44278   479.68542   483.92804   488.17072   492.41333   496.65601   500.89862   505.14127   509.38391   513.62659   517.86920   522.11182   526.35443   530.59705   534.83978   539.08240   543.32501   547.56763   551.81030   556.05298   560.29565   564.53821   568.78088   573.02350   577.26624   581.50879   585.75146   589.99402   594.23669   598.47937   602.72205   606.96460   611.20728   615.44995   619.69250   623.93518   628.17786   632.42053   636.66309   640.90576   645.14844   649.39111   653.63367     0.00000     0.00000     0.00000     0.00000     0.00000     0.00000     0.00000     0.00000     0.00000     0.00000     0.00000     0.00000     0.00000     0.00000     0.00000     0.00000     0.00000     0.00000     0.00000     0.00000     0.00000     0.00000     0.00000     0.00000
     0.00000     0.00000     0.00000     0.00000     0.00000     0.00000     0.00000     0.00000     0.00000     0.00000     0.00000     0.00000     0.00000     0.00000     0.00000     0.00000     0.00000     0.00000     0.00000     0.00000     0.00000     0.00000     0.00000   -62.30683   -62.29976   -62.29269   -62.28561   -62.27854   -62.27147   -62.26440   -62.25733   -62.25026   -62.24319   -62.23612   -62.22905   -62.22197   -62.21490   -62.20783   -62.20076   -62.19369   -62.18662   -62.17955   -62.17248   -62.16541   -62.15834   -62.15126   -62.14419   -62.13712   -62.13005   -62.12298   -62.11591   -62.10884   -62.10176   -62.09470   -62.08762   -62.08055   -62.07348   -62.06641   -62.05934   -62.05227   -62.04520   -62.03813   -62.03106   -62.02398   -62.01691   -62.00984   -62.00277   206.74225   205.32800   203.91380   202.49960   201.08537   199.67117   198.25694   196.84274   195.42853   194.01431   192.60010   191.18590   189.77167   188.35747   186.94324   185.52904   184.11482   182.70059   181.28639   179.87219   178.45796   177.04375   175.62955   174.21532   172.80112   177.04372   181.28635   185.52899   189.77164   194.01428   198.25691   202.49957   206.74220   210.98486   215.22749   219.47012   223.71278   227.95540   232.19803   236.44069   240.68332   244.92598   249.16859   253.41122   257.65390   261.89651   266.13916   270.38181   274.62445   278.86710   283.10974   287.35236   291.59503   295.83765   300.08029   304.32291   308.56558   312.80823   317.05084   321.29349   325.53613   329.77881   334.02142   338.26407   342.50671   346.74933   350.99194   355.23465   359.47726   363.71991   367.96252   372.20517   376.44788   380.69049   384.93311   389.17575   393.41837   397.66107   401.90369   406.14630   410.38895   414.63159   418.87421   423.11688   427.35956   431.60217   435.84479   440.08740   444.33008   448.57275   452.81537   457.05798   461.30063   465.54327   469.78595   474.02856   478.27121   482.51385   486.75647   490.99915   495.24176   499.48444   503.72705   507.96970   512.21234   516.45502   520.69763   524.94025   529.18286   533.42554   537.66821   541.91083   546.15344   550.39612   554.63873   558.88141   563.12402   567.36670   571.60931   575.85193   580.09460   584.33722   588.57990   592.82251   597.06519   601.30774   605.55048   609.79309   614.03571   618.27832   622.52100   626.76367   631.00629   635.24890   639.49158   643.73419   647.97687   652.21948   656.46216     0.00000     0.00000     0.00000     0.00000     0.00000     0.00000     0.00000     0.00000     0.00000     0.00000     0.00000     0.00000     0.00000     0.00000     0.00000     0.00000     0.00000     0.00000     0.00000     0.00000     0.00000     0.00000     0.00000
     0.00000     0.00000     0.00000     0.00000     0.00000     0.00000     0.00000     0.00000     0.00000     0.00000     0.00000     0.00000     0.00000     0.00000     0.00000     0.00000     0.00000     0.00000     0.00000     0.00000     0.00000     0.00000   -62.30683   -62.29976   -62.29269   -62.28561   -62.27854   -62.27147   -62.26440   -62.25733   -62.25026   -62.24319   -62.23612   -62.22905   -62.22197   -62.21490   -62.20783   -62.20076   -62.19369   -62.18662   -62.17955   -62.17248   -62.16541   -62.15834   -62.15126   -62.14419   -62.13712   -62.13005   -62.12298   -62.11591   -62.10884   -62.10176   -62.09470   -62.08762   -62.08055   -62.07348   -62.06641   -62.05934   -62.05227   -62.04520   -62.03813   -62.03106   -62.02398   -62.01691   -62.00984   -62.00277   212.39908   210.98486   209.57066   208.15643   206.74223   205.32803   203.91380   202.49960   201.08537   199.67117   198.25696   196.84274   195.42853   194.01433   192.60010   191.18590   189.77165   188.35745   186.94325   185.52902   184.11482   182.70061   181.28638   179.87218   178.45798   177.04375   175.62955   179.87215   184.11478   188.35742   192.60007   196.84271   201.08534   205.32800   209.57063   213.81329   218.05592   222.29854   226.54120   230.78383   235.02646   239.26912   243.51173   247.75439   251.99702   256.23965   260.48233   264.72495   268.96759   273.21024   277.45288   281.69553   285.93817   290.18079   294.42346   298.66608   302.90869   307.15134   311.39401   315.63666   319.87927   324.12192   328.36456   332.60724   336.84985   341.09250   345.33511   349.57776   353.82037   358.06308   362.30569   366.54834   370.79095   375.03360   379.27631   383.51892   387.76154   392.00415   396.24680   400.48950   404.73212   408.97473   413.21738   417.46002   421.70267   425.94531   430.18793   434.43060   438.67322   442.91583   447.15851   451.40118   455.64380   459.88641   464.12906   468.37170   472.61438   476.85699   481.09961   485.34229   489.58490   493.82758   498.07019   502.31287   506.55548   510.79813   515.04077   519.28339   523.52606   527.76868   532.01129   536.25391   540.49664   544.73926   548.98187   553.22449   557.46716   561.70984   565.95251   570.19507   574.43774   578.68030   582.92310   587.16565   591.40833   595.65088   599.89355   604.13623   608.37891   612.62146   616.86414   621.10681   625.34937   629.59204   633.83472   638.07739   642.31995   646.56262   650.80530   655.04797   659.29053     0.00000     0.00000     0.00000     0.00000     0.00000     0.00000     0.00000     0.00000     0.00000     0.00000     0.00000     0.00000     0.00000     0.00000     0.00000     0.00000     0.00000     0.00000     0.00000     0.00000     0.00000     0.00000
     0.00000     0.00000     0.00000     0.00000     0.00000     0.00000     0.00000     0.00000     0.00000     0.00000     0.00000     0.00000     0.00000     0.00000     0.00000     0.00000     0.00000     0.00000     0.00000     0.00000     0.00000   -62.30683   -62.29976   -62.29269   -62.28561   -62.27854   -62.27147   -62.26440   -62.25733   -62.25026   -62.24319   -62.23612   -62.22905   -62.22197   -62.21490   -62.20783   -62.20076   -62.19369   -62.18662   -62.17955   -62.17248   -62.16541   -62.15834   -62.15126   -62.14419   -62.13712   -62.13005   -62.12298   -62.11591   -62.10884   -62.10176   -62.09470   -62.08762   -62.08055   -62.07348   -62.06641   -62.05934   -62.05227   -62.04520   -62.03813   -62.03106   -62.02398   -62.01691   -62.00984   -62.00277   218.05594   216.64172   215.22751   213.81329   212.39909   210.98486   209.57066   208.15646   206.74223   205.32803   203.91380   202.49960   201.08539   199.67117   198.25696   196.84276   195.42853   194.01431   192.60008   191.18588   189.77168   188.35744   186.94324   185.52904   184.11481   182.70061   181.28641   179.87218   178.45798   182.70058   186.94321   191.18585   195.42850   199.67114   203.91377   208.15643   212.39906   216.64171   220.88434   225.12697   229.36963   233.61226   237.85487   242.09753   246.34016   250.58282   254.82545   259.06808   263.31076   267.55338   271.79602   276.03867   280.28131   284.52396   288.76660   293.00922   297.25186   301.49451   305.73712   309.97977   314.22244   318.46509   322.70770   326.95035   331.19299   335.43567   339.67828   343.92093   348.16354   352.40619   356.64880   360.89151   365.13412   369.37677   373.61938   377.86203   382.10471   386.34735   390.58997   394.83258   399.07523   403.31793   407.56055   411.80316   416.04584   420.28845   424.53107   428.77374   433.01636   437.25903   441.50165   445.74426   449.98694   454.22961   458.47223   462.71484   466.95749   471.20013   475.44278   479.68542   483.92804   488.17072   492.41333   496.65601   500.89862   505.14130   509.38391   513.62653   517.86920   522.11182   526.35449   530.59711   534.83972   539.08240   543.32507   547.56769   551.81030   556.05298   560.29559   564.53821   568.78088   573.02350   577.26617   581.50879   585.75146   589.99408   594.23676   598.47937   602.72198   606.96460   611.20728   615.44995   619.69257   623.93518   628.17786   632.42053   636.66315   640.90576   645.14844   649.39105   653.63373   657.87634   662.11902     0.00000     0.00000     0.00000     0.00000     0.00000     0.00000     0.00000     0.00000     0.00000     0.00000     0.00000     0.00000     0.00000     0.00000     0.00000     0.00000     0.00000     0.00000     0.00000     0.00000     0.00000
     0.00000     0.00000     0.00000     0.00000     0.00000     0.00000     0.00000     0.00000     0.00000     0.00000     0.00000     0.00000     0.00000     0.00000     0.00000     0.00000     0.00000     0.00000     0.00000     0.00000   -62.30683   -62.29976   -62.29269   -62.28561   -62.27854   -62.27147   -62.26440   -62.25733   -62.25026   -62.24319   -62.23612   -62.22905   -62.22197   -62.21490   -62.20783   -62.20076   -62.19369   -62.18662   -62.17955   -62.17248   -62.16541   -62.15834   -62.15126   -62.14419   -62.13712   -62.13005   -62.12298   -62.11591   -62.10884   -62.10176   -62.09470   -62.08762   -62.08055   -62.07348   -62.06641   -62.05934   -62.05227   -62.04520   -62.03813   -62.03106   -62.02398   -62.01691   -62.00984   -62.00277   223.71280   222.29858   220.88437   219.47015   218.05594   216.64172   215.22752   213.81329   212.39909   210.98489   209.57066   208.15646   206.74223   205.32803   203.91382   202.49960   201.08539   199.67117   198.25696   196.84274   195.42851   194.01430   192.60010   191.18587   189.77167   188.35747   186.94324   185.52904   184.11484   182.70061   181.28641   185.52901   189.77164   194.01428   198.25693   202.49957   206.74220   210.98485   215.22748   219.47014   223.71277   227.95540   232.19804   236.44067   240.68330   244.92596   249.16859   253.41125   257.65390   261.89651   266.13919   270.38181   274.62445   278.86710   283.10974   287.35239   291.59500   295.83765   300.08029   304.32294   308.56555   312.80820   317.05087   321.29352   325.53613   329.77878   334.02139   338.26410   342.50671   346.74936   350.99197   355.23462   359.47723   363.71994   367.96255   372.20520   376.44781   380.69043   384.93314   389.17578   393.41840   397.66101   401.90366   406.14633   410.38898   414.63159   418.87421   423.11688   427.35950   431.60217   435.84479   440.08746   444.33008   448.57269   452.81537   457.05804   461.30066   465.54327   469.78589   474.02856   478.27121   482.51385   486.75647   490.99915   495.24176   499.48444   503.72705   507.96967   512.21234   516.45496   520.69763   524.94025   529.18292   533.42554   537.66815   541.91077   546.15350   550.39612   554.63873   558.88135   563.12402   567.36670   571.60938   575.85193   580.09460   584.33716   588.57996   592.82251   597.06519   601.30774   605.55042   609.79309   614.03577   618.27832   622.52100   626.76367   631.00623   635.24890   639.49158   643.73425   647.97681   652.21948   656.46216   660.70483   664.94739     0.00000     0.00000     0.00000     0.00000     0.00000     0.00000     0.00000     0.00000     0.00000     0.00000     0.00000     0.00000     0.00000     0.00000     0.00000     0.00000     0.00000     0.00000     0.00000     0.00000
     0.00000     0.00000     0.00000     0.00000     0.00000     0.00000     0.00000     0.00000     0.00000     0.00000     0.00000     0.00000     0.00000     0.00000     0.00000     0.00000     0.00000     0.00000     0.00000   -62.30683   -62.29976   -62.29269   -62.28561   -62.27854   -62.27147   -62.26440   -62.25733   -62.25026   -62.24319   -62.23612   -62.22905   -62.22197   -62.21490   -62.20783   -62.20076   -62.19369   -62.18662   -62.17955   -62.17248   -62.16541   -62.15834   -62.15126   -62.14419   -62.13712   -62.13005   -62.12298   -62.11591   -62.10884   -62.10176   -62.09470   -62.08762   -62.08055   -62.07348   -62.06641   -62.05934   -62.05227   -62.04520   -62.03813   -62.03106   -62.02398   -62.01691   -62.00984   -62.00277   229.36966   227.95541   226.54123   225.12701   223.71280   222.29858   220.88437   219.47015   218.05595   216.64172   215.22752   213.81332   212.39909   210.98489   209.57066   208.15646   206.74225   205.32802   203.91382   202.49960   201.08539   199.67116   198.25693   196.84273   195.42853   194.01430   192.60010   191.18590   189.77167   188.35747   186.94327   185.52904   184.11484   188.35744   192.60007   196.84271   201.08536   205.32799   209.57062   213.81328   218.05591   222.29857   226.54118   230.78381   235.02647   239.26910   243.51173   247.75439   251.99702   256.23969   260.48233   264.72495   268.96762   273.21024   277.45288   281.69553   285.93814   290.18082   294.42343   298.66608   302.90872   307.15137   311.39398   315.63663   319.87930   324.12195   328.36456   332.60721   336.84982   341.09253   345.33514   349.57779   353.82040   358.06305   362.30566   366.54837   370.79099   375.03360   379.27625   383.51886   387.76157   392.00421   396.24683   400.48944   404.73212   408.97476   413.21741   417.46002   421.70264   425.94531   430.18793   434.43060   438.67322   442.91589   447.15851   451.40112   455.64380   459.88647   464.12906   468.37170   472.61432   476.85699   481.09964   485.34229   489.58490   493.82758   498.07019   502.31287   506.55548   510.79810   515.04077   519.28339   523.52606   527.76868   532.01135   536.25397   540.49658   544.73926   548.98193   553.22449   557.46716   561.70978   565.95245   570.19507   574.43774   578.68036   582.92303   587.16565   591.40833   595.65094   599.89355   604.13623   608.37885   612.62146   616.86414   621.10681   625.34943   629.59204   633.83472   638.07739   642.32001   646.56262   650.80530   655.04791   659.29053   663.53320   667.77582     0.00000     0.00000     0.00000     0.00000     0.00000     0.00000     0.00000     0.00000     0.00000     0.00000     0.00000     0.00000     0.00000     0.00000     0.00000     0.00000     0.00000     0.00000     0.00000
     0.00000     0.00000     0.00000     0.00000     0.00000     0.00000     0.00000     0.00000     0.00000     0.00000     0.00000     0.00000     0.00000     0.00000     0.00000     0.00000     0.00000     0.00000   -62.30683   -62.29976   -62.29269   -62.28561   -62.27854   -62.27147   -62.26440   -62.25733   -62.25026   -62.24319   -62.23612   -62.22905   -62.22197   -62.21490   -62.20783   -62.20076   -62.19369   -62.18662   -62.17955   -62.17248   -62.16541   -62.15834   -62.15126   -62.14419   -62.13712   -62.13005   -62.12298   -62.11591   -62.10884   -62.10176   -62.09470   -62.08762   -62.08055   -62.07348   -62.06641   -62.05934   -62.05227   -62.04520   -62.03813   -62.03106   -62.02398   -62.01691   -62.00984   -62.00277   235.02649   233.61227   232.19809   230.78384   229.36966   227.95544   226.54123   225.12701   223.71280   222.29858   220.88438   219.47015   218.05595   216.64175   215.22752   213.81332   212.39908   210.98488   209.57068   208.15645   206.74225   205.32802   203.91379   202.49959   201.08536   199.67116   198.25696   196.84273   195.42853   194.01433   192.60010   191.18590   189.77170   188.35747   186.94327   191.18587   195.42850   199.67113   203.91377   208.15642   212.39905   216.64171   220.88432   225.12698   229.36961   233.61224   237.85490   242.09753   246.34016   250.58282   254.82545   259.06812   263.31076   267.55338   271.79605   276.03867   280.28128   284.52396   288.76657   293.00925   297.25186   301.49451   305.73715   309.97980   314.22241   318.46506   322.70773   326.95038   331.19299   335.43564   339.67825   343.92096   348.16357   352.40622   356.64883   360.89148   365.13409   369.37677   373.61942   377.86203   382.10468   386.34729   390.59000   394.83261   399.07526   403.31787   407.56049   411.80319   416.04584   420.28845   424.53107   428.77374   433.01636   437.25903   441.50165   445.74432   449.98694   454.22955   458.47223   462.71490   466.95749   471.20013   475.44275   479.68542   483.92807   488.17072   492.41333   496.65594   500.89862   505.14130   509.38391   513.62653   517.86920   522.11182   526.35449   530.59711   534.83978   539.08240   543.32501   547.56763   551.81036   556.05298   560.29559   564.53821   568.78088   573.02356   577.26624   581.50879   585.75146   589.99402   594.23676   598.47937   602.72205   606.96460   611.20728   615.44995   619.69263   623.93518   628.17786   632.42053   636.66309   640.90576   645.14844   649.39111   653.63367   657.87634   662.11902   666.36163   670.60425     0.00000     0.00000     0.00000     0.00000     0.00000     0.00000     0.00000     0.00000     0.00000     0.00000     0.00000     0.00000     0.00000     0.00000     0.00000     0.00000     0.00000     0.00000
     0.00000     0.00000     0.00000     0.00000     0.00000     0.00000     0.00000     0.00000     0.00000     0.00000     0.00000     0.00000     0.00000     0.00000     0.00000     0.00000     0.00000   -62.30683   -62.29976   -62.29269   -62.28561   -62.27854   -62.27147   -62.26440   -62.25733   -62.25026   -62.24319   -62.23612   -62.22905   -62.22197   -62.21490   -62.20783   -62.20076   -62.19369   -62.18662   -62.17955   -62.17248   -62.16541   -62.15834   -62.15126   -62.14419   -62.13712   -62.13005   -62.12298   -62.11591   -62.10884   -62.10176   -62.09470   -62.08762   -62.08055   -62.07348   -62.06641   -62.05934   -62.05227   -62.04520   -62.03813   -62.03106   -62.02398   -62.01691   -62.00984   -62.00277   240.68335   239.26913   237.85492   236.44070   235.02652   233.61227   232.19809   230.78387   229.36966   227.95544   226.54123   225.12701   223.71281   222.29858   220.88438   219.47018   218.05594   216.64174   215.22751   213.81331   212.39911   210.98486   209.57065   208.15645   206.74222   205.32802   203.91379   202.49959   201.08539   199.67116   198.25696   196.84276   195.42853   194.01433   192.60013   191.18590   189.77170   194.01428   198.25691   202.49956   206.74220   210.98485   215.22746   219.47012   223.71275   227.95541   232.19804   236.44067   240.68333   244.92596   249.16859   253.41125   257.65390   261.89655   266.13919   270.38181   274.62445   278.86710   283.10971   287.35239   291.59500   295.83768   300.08029   304.32294   308.56558   312.80823   317.05084   321.29349   325.53616   329.77881   334.02142   338.26407   342.50668   346.74939   350.99200   355.23465   359.47726   363.71988   367.96252   372.20520   376.44785   380.69046   384.93311   389.17572   393.41846   397.66104   401.90369   406.14630   410.38892   414.63162   418.87427   423.11688   427.35950   431.60217   435.84479   440.08746   444.33008   448.57275   452.81534   457.05798   461.30066   465.54333   469.78592   474.02856   478.27118   482.51385   486.75650   490.99915   495.24176   499.48438   503.72705   507.96973   512.21234   516.45496   520.69763   524.94025   529.18292   533.42554   537.66821   541.91077   546.15344   550.39606   554.63879   558.88135   563.12402   567.36664   571.60931   575.85193   580.09460   584.33722   588.57983   592.82251   597.06519   601.30780   605.55042   609.79309   614.03571   618.27832   622.52100   626.76367   631.00629   635.24890   639.49158   643.73425   647.97681   652.21948   656.46210   660.70471   664.94739   669.19006   673.43268     0.00000     0.00000     0.00000     0.00000     0.00000     0.00000     0.00000     0.00000     0.00000     0.00000     0.00000     0.00000     0.00000     0.00000     0.00000     0.00000     0.00000
     0.00000     0.00000     0.00000     0.00000     0.00000     0.00000     0.00000     0.00000     0.00000     0.00000     0.00000     0.00000     0.00000     0.00000     0.00000     0.00000   -62.30683   -62.29976   -62.29269   -62.28561   -62.27854   -62.27147   -62.26440   -62.25733   -62.25026   -62.24319   -62.23612   -62.22905   -62.22197   -62.21490   -62.20783   -62.20076   -62.19369   -62.18662   -62.17955   -62.17248   -62.16541   -62.15834   -62.15126   -62.14419   -62.13712   -62.13005   -62.12298   -62.11591   -62.10884   -62.10176   -62.09470   -62.08762   -62.08055   -62.07348   -62.06641   -62.05934   -62.05227   -62.04520   -62.03813   -62.03106   -62.02398   -62.01691   -62.00984   -62.00277   246.34021   244.92599   243.51178   242.09756   240.68335   239.26913   237.85495   236.44070   235.02652   233.61230   232.19809   230.78387   229.36966   227.95544   226.54124   225.12701   223.71280   222.29860   220.88437   219.47017   218.05594   216.64172   215.22751   213.81329   212.39908   210.98488   209.57065   208.15645   206.74222   205.32802   203.91382   202.49959   201.08539   199.67119   198.25696   196.84276   195.42856   194.01431   192.60011   196.84271   201.08534   205.32799   209.57062   213.81326   218.05589   222.29855   226.54118   230.78384   235.02647   239.26910   243.51176   247.75439   251.99702   256.23969   260.48233   264.72498   268.96759   273.21024   277.45288   281.69553   285.93814   290.18082   294.42343   298.66611   302.90872   307.15137   311.39401   315.63666   319.87927   324.12192   328.36459   332.60724   336.84985   341.09250   345.33511   349.57782   353.82043   358.06305   362.30569   366.54831   370.79095   375.03363   379.27628   383.51889   387.76154   392.00415   396.24683   400.48947   404.73212   408.97473   413.21735   417.46005   421.70270   425.94531   430.18793   434.43060   438.67322   442.91589   447.15851   451.40118   455.64377   459.88641   464.12909   468.37177   472.61435   476.85699   481.09961   485.34222   489.58493   493.82758   498.07019   502.31281   506.55548   510.79816   515.04077   519.28339   523.52606   527.76868   532.01135   536.25397   540.49664   544.73926   548.98187   553.22449   557.46722   561.70984   565.95245   570.19507   574.43768   578.68042   582.92303   587.16565   591.40833   595.65088   599.89362   604.13623   608.37891   612.62146   616.86414   621.10681   625.34949   629.59204   633.83472   638.07739   642.31995   646.56262   650.80530   655.04791   659.29053   663.53320   667.77588   672.01849   676.26111     0.00000     0.00000     0.00000     0.00000     0.00000     0.00000     0.00000     0.00000     0.00000     0.00000     0.00000     0.00000     0.00000     0.00000     0.00000     0.00000
     0.00000     0.00000     0.00000     0.00000     0.00000     0.00000     0.00000     0.00000     0.00000     0.00000     0.00000     0.00000     0.00000     0.00000     0.00000   -62.30683   -62.29976   -62.29269   -62.28561   -62.27854   -62.27147   -62.26440   -62.25733   -62.25026   -62.24319   -62.23612   -62.22905   -62.22197   -62.21490   -62.20783   -62.20076   -62.19369   -62.18662   -62.17955   -62.17248   -62.16541   -62.15834   -62.15126   -62.14419   -62.13712   -62.13005   -62.12298   -62.11591   -62.10884   -62.10176   -62.09470   -62.08762   -62.08055   -62.07348   -62.06641   -62.05934   -62.05227   -62.04520   -62.03813   -62.03106   -62.02398   -62.01691   -62.00984   -62.00277   251.99707   250.58284   249.16864   247.75443   246.34021   244.92599   243.51178   242.09756   240.68338   239.26913   237.85495   236.44073   235.02652   233.61230   232.19809   230.78387   229.36966   227.95543   226.54123   225.12703   223.71280   222.29858   220.88435   219.47015   218.05594   216.64172   215.22751   213.81331   212.39908   210.98488   209.57065   208.15645   206.74225   205.32802   203.91382   202.49962   201.08539   199.67117   198.25697   196.84274   195.42854   199.67114   203.91376   208.15640   212.39905   216.64169   220.88432   225.12698   229.36961   233.61227   237.85490   242.09753   246.34019   250.58282   254.82545   259.06812   263.31073   267.55341   271.79602   276.03867   280.28131   284.52396   288.76657   293.00925   297.25186   301.49451   305.73715   309.97980   314.22244   318.46509   322.70770   326.95035   331.19302   335.43567   339.67828   343.92093   348.16354   352.40622   356.64886   360.89148   365.13412   369.37674   373.61938   377.86206   382.10471   386.34732   390.58997   394.83258   399.07526   403.31790   407.56055   411.80316   416.04578   420.28848   424.53113   428.77374   433.01636   437.25903   441.50162   445.74432   449.98694   454.22961   458.47220   462.71484   466.95752   471.20020   475.44278   479.68542   483.92804   488.17065   492.41336   496.65601   500.89862   505.14124   509.38391   513.62659   517.86920   522.11182   526.35449   530.59705   534.83978   539.08240   543.32507   547.56763   551.81030   556.05292   560.29565   564.53821   568.78088   573.02350   577.26611   581.50879   585.75146   589.99408   594.23669   598.47937   602.72205   606.96466   611.20728   615.44995   619.69257   623.93518   628.17786   632.42053   636.66309   640.90576   645.14838   649.39105   653.63367   657.87634   662.11896   666.36157   670.60425   674.84692   679.08954     0.00000     0.00000     0.00000     0.00000     0.00000     0.00000     0.00000     0.00000     0.00000     0.00000     0.00000     0.00000     0.00000     0.00000     0.00000
     0.00000     0.00000     0.00000     0.00000     0.00000     0.00000     0.00000     0.00000     0.00000     0.00000     0.00000     0.00000     0.00000     0.00000   -62.30683   -62.29976   -62.29269   -62.28561   -62.27854   -62.27147   -62.26440   -62.25733   -62.25026   -62.24319   -62.23612   -62.22905   -62.22197   -62.21490   -62.20783   -62.20076   -62.19369   -62.18662   -62.17955   -62.17248   -62.16541   -62.15834   -62.15126   -62.14419   -62.13712   -62.13005   -62.12298   -62.11591   -62.10884   -62.10176   -62.09470   -62.08762   -62.08055   -62.07348   -62.06641   -62.05934   -62.05227   -62.04520   -62.03813   -62.03106   -62.02398   -62.01691   -62.00984   -62.00277   257.65393   256.23969   254.82550   253.41127   251.99707   250.58286   249.16864   247.75443   246.34021   244.92599   243.51181   242.09756   240.68338   239.26917   237.85495   236.44073   235.02649   233.61229   232.19809   230.78386   229.36966   227.95544   226.54121   225.12701   223.71278   222.29858   220.88437   219.47015   218.05594   216.64174   215.22751   213.81331   212.39908   210.98488   209.57068   208.15645   206.74225   205.32803   203.91380   202.49960   201.08540   199.67117   198.25696   202.49956   206.74219   210.98483   215.22748   219.47012   223.71275   227.95541   232.19804   236.44070   240.68333   244.92596   249.16862   253.41124   257.65387   261.89655   266.13916   270.38184   274.62445   278.86710   283.10974   287.35239   291.59500   295.83765   300.08029   304.32294   308.56558   312.80823   317.05087   321.29352   325.53613   329.77878   334.02145   338.26410   342.50671   346.74933   350.99197   355.23465   359.47729   363.71991   367.96255   372.20517   376.44781   380.69049   384.93311   389.17575   393.41840   397.66101   401.90369   406.14633   410.38898   414.63159   418.87421   423.11691   427.35956   431.60217   435.84479   440.08746   444.33005   448.57275   452.81537   457.05804   461.30063   465.54327   469.78595   474.02856   478.27121   482.51385   486.75647   490.99908   495.24179   499.48444   503.72705   507.96967   512.21234   516.45502   520.69763   524.94025   529.18292   533.42554   537.66821   541.91083   546.15350   550.39612   554.63873   558.88135   563.12402   567.36670   571.60931   575.85193   580.09454   584.33728   588.57990   592.82251   597.06519   601.30774   605.55048   609.79309   614.03577   618.27832   622.52100   626.76367   631.00629   635.24890   639.49158   643.73419   647.97681   652.21948   656.46216   660.70477   664.94739   669.19006   673.43274   677.67535   681.91797     0.00000     0.00000     0.00000     0.00000     0.00000     0.00000     0.00000     0.00000     0.00000     0.00000     0.00000     0.00000     0.00000     0.00000
     0.00000     0.00000     0.00000     0.00000     0.00000     0.00000     0.00000     0.00000     0.00000     0.00000     0.00000     0.00000     0.00000   -62.30683   -62.29976   -62.29269   -62.28561   -62.27854   -62.27147   -62.26440   -62.25733   -62.25026   -62.24319   -62.23612   -62.22905   -62.22197   -62.21490   -62.20783   -62.20076   -62.19369   -62.18662   -62.17955   -62.17248   -62.16541   -62.15834   -62.15126   -62.14419   -62.13712   -62.13005   -62.12298   -62.11591   -62.10884   -62.10176   -62.09470   -62.08762   -62.08055   -62.07348   -62.06641   -62.05934   -62.05227   -62.04520   -62.03813   -62.03106   -62.02398   -62.01691   -62.00984   -62.00277   263.31079   261.89655   260.48233   259.06812   257.65393   256.23969   254.82550   253.41129   251.99707   250.58286   249.16864   247.75443   246.34024   244.92599   243.51181   242.09760   240.68335   239.26915   237.85492   236.44072   235.02652   233.61227   232.19807   230.78387   229.36964   227.95544   226.54121   225.12701   223.71280   222.29858   220.88437   219.47017   218.05594   216.64174   215.22751   213.81331   212.39911   210.98486   209.57066   208.15646   206.74223   205.32803   203.91382   202.49959   201.08539   205.32799   209.57062   213.81326   218.05591   222.29855   226.54118   230.78384   235.02647   239.26913   243.51176   247.75438   251.99704   256.23969   260.48230   264.72498   268.96759   273.21027   277.45288   281.69553   285.93817   290.18079   294.42343   298.66608   302.90872   307.15137   311.39401   315.63666   319.87930   324.12195   328.36456   332.60721   336.84985   341.09250   345.33514   349.57776   353.82040   358.06308   362.30573   366.54834   370.79099   375.03360   379.27625   383.51892   387.76154   392.00418   396.24683   400.48944   404.73212   408.97476   413.21741   417.46002   421.70264   425.94534   430.18793   434.43060   438.67322   442.91589   447.15848   451.40118   455.64380   459.88647   464.12906   468.37170   472.61438   476.85699   481.09964   485.34229   489.58490   493.82751   498.07022   502.31287   506.55548   510.79810   515.04077   519.28339   523.52606   527.76868   532.01135   536.25391   540.49664   544.73926   548.98193   553.22449   557.46716   561.70978   565.95245   570.19507   574.43774   578.68036   582.92297   587.16565   591.40833   595.65094   599.89355   604.13623   608.37891   612.62152   616.86414   621.10681   625.34937   629.59204   633.83472   638.07733   642.31995   646.56262   650.80524   655.04791   659.29053   663.53320   667.77582   672.01843   676.26111   680.50378   684.74640     0.00000     0.00000     0.00000     0.00000     0.00000     0.00000     0.00000     0.00000     0.00000     0.00000     0.00000     0.00000     0.00000
     0.00000     0.00000     0.00000     0.00000     0.00000     0.00000     0.00000     0.00000     0.00000     0.00000     0.00000     0.00000   -62.30683   -62.29976   -62.29269   -62.28561   -62.27854   -62.27147   -62.26440   -62.25733   -62.25026   -62.24319   -62.23612   -62.22905   -62.22197   -62.21490   -62.20783   -62.20076   -62.19369   -62.18662   -62.17955   -62.17248   -62.16541   -62.15834   -62.15126   -62.14419   -62.13712   -62.13005   -62.12298   -62.11591   -62.10884   -62.10176   -62.09470   -62.08762   -62.08055   -62.07348   -62.06641   -62.05934   -62.05227   -62.04520   -62.03813   -62.03106   -62.02398   -62.01691   -62.00984   -62.00277   268.96765   267.55341   266.13919   264.72498   263.31076   261.89655   260.48236   259.06812   257.65393   256.23972   254.82550   253.41129   251.99707   250.58286   249.16867   247.75443   246.34021   244.92601   243.51178   242.09758   240.68335   239.26913   237.85493   236.44070   235.02650   233.61230   232.19807   230.78387   229.36964   227.95544   226.54123   225.12701   223.71280   222.29860   220.88437   219.47017   218.05594   216.64172   215.22752   213.81329   212.39909   210.98489   209.57065   208.15645   206.74225   205.32802   203.91382   208.15642   212.39905   216.64169   220.88434   225.12698   229.36961   233.61227   237.85490   242.09755   246.34018   250.58281   254.82547   259.06812   263.31073   267.55341   271.79602   276.03870   280.28131   284.52393   288.76660   293.00922   297.25186   301.49451   305.73715   309.97980   314.22244   318.46509   322.70773   326.95038   331.19299   335.43561   339.67828   343.92093   348.16357   352.40619   356.64883   360.89148   365.13416   369.37677   373.61938   377.86203   382.10468   386.34735   390.58997   394.83261   399.07526   403.31787   407.56055   411.80319   416.04584   420.28845   424.53107   428.77377   433.01636   437.25903   441.50165   445.74432   449.98691   454.22961   458.47223   462.71484   466.95749   471.20013   475.44281   479.68542   483.92807   488.17072   492.41333   496.65594   500.89865   505.14130   509.38391   513.62653   517.86920   522.11182   526.35449   530.59711   534.83978   539.08240   543.32507   547.56769   551.81030   556.05298   560.29559   564.53821   568.78088   573.02356   577.26617   581.50879   585.75140   589.99414   594.23676   598.47937   602.72205   606.96460   611.20734   615.44995   619.69257   623.93518   628.17786   632.42047   636.66315   640.90576   645.14844   649.39105   653.63367   657.87634   662.11902   666.36163   670.60425   674.84692   679.08960   683.33221   687.57483     0.00000     0.00000     0.00000     0.00000     0.00000     0.00000     0.00000     0.00000     0.00000     0.00000     0.00000     0.00000
     0.00000     0.00000     0.00000     0.00000     0.00000     0.00000     0.00000     0.00000     0.00000     0.00000     0.00000   -62.30683   -62.29976   -62.29269   -62.28561   -62.27854   -62.27147   -62.26440   -62.25733   -62.25026   -62.24319   -62.23612   -62.22905   -62.22197   -62.21490   -62.20783   -62.20076   -62.19369   -62.18662   -62.17955   -62.17248   -62.16541   -62.15834   -62.15126   -62.14419   -62.13712   -62.13005   -62.12298   -62.11591   -62.10884   -62.10176   -62.09470   -62.08762   -62.08055   -62.07348   -62.06641   -62.05934   -62.05227   -62.04520   -62.03813   -62.03106   -62.02398   -62.01691   -62.00984   -62.00277   274.62448   273.21027   271.79605   270.38184   268.96762   267.55341   266.13919   264.72498   263.31079   261.89655   260.48236   259.06815   257.65393   256.23972   254.82550   253.41129   251.99707   250.58286   249.16864   247.75444   246.34021   244.92599   243.51178   242.09756   240.68336   239.26913   237.85493   236.44073   235.02650   233.61230   232.19807   230.78387   229.36966   227.95544   226.54123   225.12703   223.71280   222.29858   220.88435   219.47015   218.05595   216.64172   215.22751   213.81331   212.39908   210.98488   209.57068   208.15645   206.74225   210.98485   215.22748   219.47012   223.71277   227.95541   232.19804   236.44069   240.68332   244.92598   249.16861   253.41124   257.65390   261.89655   266.13916   270.38184   274.62445   278.86710   283.10974   287.35236   291.59503   295.83765   300.08029   304.32294   308.56558   312.80823   317.05087   321.29352   325.53613   329.77878   334.02142   338.26404   342.50671   346.74936   350.99200   355.23462   359.47726   363.71991   367.96255   372.20520   376.44781   380.69046   384.93311   389.17578   393.41840   397.66104   401.90369   406.14630   410.38898   414.63162   418.87421   423.11688   427.35950   431.60220   435.84479   440.08746   444.33008   448.57275   452.81534   457.05801   461.30066   465.54327   469.78592   474.02856   478.27124   482.51385   486.75650   490.99915   495.24176   499.48438   503.72708   507.96967   512.21234   516.45496   520.69763   524.94025   529.18292   533.42554   537.66821   541.91077   546.15344   550.39612   554.63873   558.88135   563.12402   567.36664   571.60931   575.85193   580.09460   584.33722   588.57983   592.82251   597.06519   601.30780   605.55042   609.79309   614.03577   618.27832   622.52100   626.76361   631.00623   635.24890   639.49158   643.73419   647.97681   652.21948   656.46210   660.70477   664.94739   669.19006   673.43268   677.67529   681.91797   686.16064   690.40326     0.00000     0.00000     0.00000     0.00000     0.00000     0.00000     0.00000     0.00000     0.00000     0.00000     0.00000
     0.00000     0.00000     0.00000     0.00000     0.00000     0.00000     0.00000     0.00000     0.00000     0.00000   -62.30683   -62.29976   -62.29269   -62.28561   -62.27854   -62.27147   -62.26440   -62.25733   -62.25026   -62.24319   -62.23612   -62.22905   -62.22197   -62.21490   -62.20783   -62.20076   -62.19369   -62.18662   -62.17955   -62.17248   -62.16541   -62.15834   -62.15126   -62.14419   -62.13712   -62.13005   -62.12298   -62.11591   -62.10884   -62.10176   -62.09470   -62.08762   -62.08055   -62.07348   -62.06641   -62.05934   -62.05227   -62.04520   -62.03813   -62.03106   -62.02398   -62.01691   -62.00984   -62.00277   280.28134   278.86713   277.45288   276.03870   274.62448   273.21027   271.79605   270.38184   268.96762   267.55341   266.13922   264.72498   263.31079   261.89658   260.48236   259.06815   257.65390   256.23972   254.82550   253.41129   251.99707   250.58286   249.16864   247.75443   246.34021   244.92599   243.51180   242.09756   240.68336   239.26917   237.85493   236.44073   235.02650   233.61230   232.19809   230.78387   229.36966   227.95544   226.54123   225.12701   223.71278   222.29858   220.88437   219.47014   218.05594   216.64174   215.22751   213.81331   212.39911   210.98488   209.57068   213.81328   218.05591   222.29855   226.54120   230.78383   235.02646   239.26912   243.51175   247.75441   251.99704   256.23969   260.48233   264.72498   268.96759   273.21024   277.45288   281.69553   285.93817   290.18079   294.42346   298.66608   302.90872   307.15137   311.39401   315.63666   319.87927   324.12192   328.36456   332.60721   336.84985   341.09247   345.33514   349.57776   353.82043   358.06305   362.30566   366.54834   370.79099   375.03363   379.27625   383.51889   387.76154   392.00421   396.24683   400.48947   404.73212   408.97473   413.21741   417.46005   421.70264   425.94531   430.18793   434.43063   438.67322   442.91589   447.15851   451.40112   455.64377   459.88644   464.12909   468.37170   472.61435   476.85699   481.09967   485.34229   489.58493   493.82758   498.07019   502.31281   506.55551   510.79810   515.04077   519.28339   523.52606   527.76868   532.01135   536.25397   540.49658   544.73926   548.98193   553.22455   557.46716   561.70984   565.95245   570.19507   574.43774   578.68042   582.92303   587.16565   591.40826   595.65100   599.89362   604.13623   608.37885   612.62146   616.86414   621.10681   625.34943   629.59204   633.83472   638.07733   642.32001   646.56262   650.80530   655.04791   659.29053   663.53320   667.77588   672.01849   676.26111   680.50378   684.74646   688.98907   693.23169     0.00000     0.00000     0.00000     0.00000     0.00000     0.00000     0.00000     0.00000     0.00000     0.00000
     0.00000     0.00000     0.00000     0.00000     0.00000     0.00000     0.00000     0.00000     0.00000   -62.30683   -62.29976   -62.29269   -62.28561   -62.27854   -62.27147   -62.26440   -62.25733   -62.25026   -62.24319   -62.23612   -62.22905   -62.22197   -62.21490   -62.20783   -62.20076   -62.19369   -62.18662   -62.17955   -62.17248   -62.16541   -62.15834   -62.15126   -62.14419   -62.13712   -62.13005   -62.12298   -62.11591   -62.10884   -62.10176   -62.09470   -62.08762   -62.08055   -62.07348   -62.06641   -62.05934   -62.05227   -62.04520   -62.03813   -62.03106   -62.02398   -62.01691   -62.00984   -62.00277   285.93820   284.52399   283.10974   281.69556   280.28131   278.86713   277.45291   276.03870   274.62448   273.21027   271.79605   270.38184   268.96765   267.55341   266.13922   264.72501   263.31076   261.89658   260.48233   259.06815   257.65393   256.23969   254.82550   253.41129   251.99707   250.58286   249.16864   247.75443   246.34023   244.92599   243.51180   242.09760   240.68336   239.26917   237.85493   236.44073   235.02652   233.61229   232.19809   230.78387   229.36966   227.95544   226.54120   225.12700   223.71280   222.29857   220.88437   219.47017   218.05594   216.64174   215.22754   213.81331   212.39911   216.64171   220.88434   225.12697   229.36961   233.61226   237.85489   242.09755   246.34018   250.58284   254.82547   259.06812   263.31076   267.55338   271.79602   276.03867   280.28131   284.52396   288.76660   293.00922   297.25189   301.49451   305.73715   309.97980   314.22241   318.46509   322.70770   326.95035   331.19299   335.43564   339.67828   343.92090   348.16360   352.40619   356.64883   360.89148   365.13409   369.37677   373.61942   377.86206   382.10468   386.34732   390.58997   394.83264   399.07526   403.31790   407.56049   411.80316   416.04584   420.28848   424.53107   428.77374   433.01636   437.25906   441.50165   445.74429   449.98694   454.22955   458.47220   462.71487   466.95752   471.20013   475.44278   479.68542   483.92810   488.17072   492.41336   496.65594   500.89862   505.14124   509.38394   513.62653   517.86920   522.11182   526.35449   530.59711   534.83972   539.08240   543.32501   547.56763   551.81030   556.05298   560.29559   564.53821   568.78088   573.02350   577.26617   581.50879   585.75146   589.99408   594.23669   598.47937   602.72205   606.96460   611.20728   615.44989   619.69263   623.93518   628.17786   632.42047   636.66309   640.90576   645.14844   649.39105   653.63367   657.87634   662.11896   666.36163   670.60425   674.84692   679.08954   683.33215   687.57483   691.81750   696.06006     0.00000     0.00000     0.00000     0.00000     0.00000     0.00000     0.00000     0.00000     0.00000
     0.00000     0.00000     0.00000     0.00000     0.00000     0.00000     0.00000     0.00000   -62.30683   -62.29976   -62.29269   -62.28561   -62.27854   -62.27147   -62.26440   -62.25733   -62.25026   -62.24319   -62.23612   -62.22905   -62.22197   -62.21490   -62.20783   -62.20076   -62.19369   -62.18662   -62.17955   -62.17248   -62.16541   -62.15834   -62.15126   -62.14419   -62.13712   -62.13005   -62.12298   -62.11591   -62.10884   -62.10176   -62.09470   -62.08762   -62.08055   -62.07348   -62.06641   -62.05934   -62.05227   -62.04520   -62.03813   -62.03106   -62.02398   -62.01691   -62.00984   -62.00277   291.59506   290.18085   288.76660   287.35242   285.93817   284.52399   283.10974   281.69556   280.28134   278.86713   277.45291   276.03870   274.62448   273.21027   271.79608   270.38184   268.96762   267.55344   266.13919   264.72501   263.31076   261.89655   260.48236   259.06812   257.65393   256.23972   254.82550   253.41129   251.99707   250.58286   249.16866   247.75443   246.34023   244.92603   243.51180   242.09760   240.68336   239.26915   237.85495   236.44072   235.02652   233.61230   232.19806   230.78386   229.36963   227.95543   226.54123   225.12700   223.71280   222.29860   220.88437   219.47017   218.05597   216.64174   215.22754   219.47012   223.71275   227.95540   232.19804   236.44069   240.68332   244.92598   249.16861   253.41127   257.65390   261.89651   266.13916   270.38181   274.62445   278.86710   283.10974   287.35239   291.59503   295.83765   300.08032   304.32294   308.56555   312.80823   317.05084   321.29352   325.53613   329.77878   334.02142   338.26404   342.50671   346.74933   350.99200   355.23462   359.47726   363.71991   367.96252   372.20520   376.44785   380.69049   384.93311   389.17575   393.41840   397.66107   401.90366   406.14633   410.38892   414.63159   418.87427   423.11691   427.35950   431.60217   435.84479   440.08746   444.33008   448.57272   452.81537   457.05798   461.30063   465.54330   469.78595   474.02856   478.27121   482.51385   486.75653   490.99915   495.24179   499.48438   503.72705   507.96967   512.21240   516.45496   520.69763   524.94025   529.18286   533.42554   537.66821   541.91083   546.15344   550.39612   554.63879   558.88141   563.12402   567.36670   571.60931   575.85193   580.09460   584.33728   588.57990   592.82251   597.06512   601.30780   605.55042   609.79309   614.03571   618.27832   622.52100   626.76367   631.00629   635.24890   639.49158   643.73419   647.97687   652.21948   656.46216   660.70477   664.94739   669.19006   673.43274   677.67535   681.91797   686.16058   690.40326   694.64587   698.88855     0.00000     0.00000     0.00000     0.00000     0.00000     0.00000     0.00000     0.00000
     0.00000     0.00000     0.00000     0.00000     0.00000     0.00000     0.00000   -62.30683   -62.29976   -62.29269   -62.28561   -62.27854   -62.27147   -62.26440   -62.25733   -62.25026   -62.24319   -62.23612   -62.22905   -62.22197   -62.21490   -62.20783   -62.20076   -62.19369   -62.18662   -62.17955   -62.17248   -62.16541   -62.15834   -62.15126   -62.14419   -62.13712   -62.13005   -62.12298   -62.11591   -62.10884   -62.10176   -62.09470   -62.08762   -62.08055   -62.07348   -62.06641   -62.05934   -62.05227   -62.04520   -62.03813   -62.03106   -62.02398   -62.01691   -62.00984   -62.00277   297.25189   295.83771   294.42346   293.00928   291.59503   290.18085   288.76660   287.35242   285.93817   284.52399   283.10977   281.69556   280.28134   278.86713   277.45291   276.03870   274.62448   273.21027   271.79605   270.38187   268.96762   267.55341   266.13919   264.72498   263.31079   261.89655   260.48236   259.06815   257.65393   256.23972   254.82550   253.41129   251.99709   250.58286   249.16866   247.75446   246.34023   244.92601   243.51178   242.09758   240.68338   239.26915   237.85492   236.44072   235.02649   233.61229   232.19806   230.78386   229.36966   227.95543   226.54123   225.12703   223.71280   222.29860   220.88440   219.47015   218.05595   222.29855   226.54118   230.78383   235.02647   239.26912   243.51175   247.75441   251.99704   256.23969   260.48230   264.72495   268.96759   273.21024   277.45288   281.69553   285.93817   290.18082   294.42346   298.66608   302.90872   307.15137   311.39398   315.63666   319.87927   324.12195   328.36456   332.60718   336.84988   341.09247   345.33511   349.57776   353.82043   358.06305   362.30569   366.54834   370.79095   375.03363   379.27628   383.51892   387.76154   392.00418   396.24677   400.48950   404.73209   408.97476   413.21735   417.46002   421.70270   425.94534   430.18793   434.43057   438.67322   442.91589   447.15851   451.40115   455.64380   459.88641   464.12906   468.37173   472.61438   476.85699   481.09964   485.34222   489.58496   493.82758   498.07022   502.31281   506.55548   510.79810   515.04077   519.28339   523.52600   527.76868   532.01129   536.25397   540.49658   544.73926   548.98187   553.22449   557.46716   561.70984   565.95245   570.19507   574.43774   578.68036   582.92303   587.16565   591.40826   595.65088   599.89355   604.13623   608.37891   612.62146   616.86414   621.10675   625.34949   629.59204   633.83472   638.07733   642.31995   646.56262   650.80530   655.04791   659.29053   663.53320   667.77582   672.01849   676.26111   680.50378   684.74634   688.98901   693.23169   697.47437   701.71692     0.00000     0.00000     0.00000     0.00000     0.00000     0.00000     0.00000
     0.00000     0.00000     0.00000     0.00000     0.00000     0.00000   -62.30683   -62.29976   -62.29269   -62.28561   -62.27854   -62.27147   -62.26440   -62.25733   -62.25026   -62.24319   -62.23612   -62.22905   -62.22197   -62.21490   -62.20783   -62.20076   -62.19369   -62.18662   -62.17955   -62.17248   -62.16541   -62.15834   -62.15126   -62.14419   -62.13712   -62.13005   -62.12298   -62.11591   -62.10884   -62.10176   -62.09470   -62.08762   -62.08055   -62.07348   -62.06641   -62.05934   -62.05227   -62.04520   -62.03813   -62.03106   -62.02398   -62.01691   -62.00984   -62.00277   302.90875   301.49454   300.08032   298.66614   297.25189   295.83771   294.42346   293.00928   291.59503   290.18085   288.76660   287.35242   285.93820   284.52399   283.10977   281.69556   280.28131   278.86713   277.45291   276.03870   274.62448   273.21027   271.79605   270.38184   268.96762   267.55341   266.13922   264.72498   263.31079   261.89658   260.48236   259.06815   257.65393   256.23972   254.82552   253.41129   251.99709   250.58287   249.16864   247.75444   246.34021   244.92601   243.51178   242.09756   240.68335   239.26915   237.85492   236.44072   235.02649   233.61229   232.19809   230.78386   229.36966   227.95546   226.54123   225.12701   223.71281   222.29858   220.88438   225.12698   229.36961   233.61226   237.85490   242.09755   246.34018   250.58282   254.82545   259.06812   263.31073   267.55338   271.79602   276.03867   280.28131   284.52396   288.76660   293.00925   297.25186   301.49451   305.73715   309.97980   314.22241   318.46509   322.70770   326.95035   331.19302   335.43561   339.67828   343.92090   348.16354   352.40619   356.64886   360.89148   365.13412   369.37677   373.61938   377.86206   382.10471   386.34735   390.58994   394.83261   399.07520   403.31793   407.56052   411.80319   416.04578   420.28845   424.53113   428.77374   433.01636   437.25900   441.50165   445.74432   449.98694   454.22958   458.47223   462.71484   466.95749   471.20016   475.44281   479.68542   483.92807   488.17065   492.41339   496.65601   500.89865   505.14124   509.38391   513.62653   517.86920   522.11182   526.35449   530.59711   534.83972   539.08240   543.32507   547.56769   551.81030   556.05298   560.29565   564.53827   568.78088   573.02356   577.26617   581.50879   585.75146   589.99408   594.23669   598.47937   602.72198   606.96466   611.20728   615.44995   619.69257   623.93518   628.17786   632.42053   636.66315   640.90576   645.14844   649.39105   653.63373   657.87634   662.11902   666.36163   670.60425   674.84692   679.08954   683.33215   687.57483   691.81744   696.06012   700.30273   704.54541     0.00000     0.00000     0.00000     0.00000     0.00000     0.00000
     0.00000     0.00000     0.00000     0.00000     0.00000   -62.30683   -62.29976   -62.29269   -62.28561   -62.27854   -62.27147   -62.26440   -62.25733   -62.25026   -62.24319   -62.23612   -62.22905   -62.22197   -62.21490   -62.20783   -62.20076   -62.19369   -62.18662   -62.17955   -62.17248   -62.16541   -62.15834   -62.15126   -62.14419   -62.13712   -62.13005   -62.12298   -62.11591   -62.10884   -62.10176   -62.09470   -62.08762   -62.08055   -62.07348   -62.06641   -62.05934   -62.05227   -62.04520   -62.03813   -62.03106   -62.02398   -62.01691   -62.00984   -62.00277   308.56561   307.15140   305.73718   304.32297   302.90875   301.49457   300.08032   298.66614   297.25189   295.83771   294.42346   293.00928   291.59503   290.18085   288.76663   287.35242   285.93817   284.52399   283.10974   281.69556   280.28134   278.86713   277.45291   276.03870   274.62448   273.21027   271.79605   270.38184   268.96765   267.55341   266.13922   264.72501   263.31079   261.89658   260.48236   259.06815   257.65393   256.23969   254.82550   253.41130   251.99707   250.58287   249.16862   247.75443   246.34021   244.92599   243.51178   242.09758   240.68335   239.26915   237.85492   236.44072   235.02652   233.61229   232.19809   230.78387   229.36964   227.95544   226.54124   225.12701   223.71281   227.95541   232.19804   236.44069   240.68333   244.92596   249.16859   253.41125   257.65387   261.89655   266.13916   270.38181   274.62445   278.86710   283.10974   287.35239   291.59500   295.83765   300.08029   304.32294   308.56558   312.80823   317.05084   321.29349   325.53616   329.77878   334.02142   338.26404   342.50671   346.74933   350.99197   355.23462   359.47729   363.71991   367.96255   372.20520   376.44781   380.69049   384.93311   389.17578   393.41837   397.66104   401.90363   406.14636   410.38895   414.63162   418.87421   423.11685   427.35956   431.60217   435.84479   440.08743   444.33008   448.57275   452.81537   457.05801   461.30066   465.54327   469.78592   474.02856   478.27124   482.51385   486.75650   490.99908   495.24182   499.48444   503.72708   507.96967   512.21228   516.45496   520.69763   524.94025   529.18286   533.42554   537.66815   541.91083   546.15344   550.39612   554.63873   558.88135   563.12402   567.36670   571.60931   575.85193   580.09454   584.33716   588.57990   592.82251   597.06512   601.30774   605.55042   609.79309   614.03577   618.27832   622.52100   626.76361   631.00635   635.24890   639.49158   643.73419   647.97681   652.21948   656.46216   660.70477   664.94739   669.19006   673.43262   677.67529   681.91797   686.16064   690.40320   694.64587   698.88855   703.13123   707.37378     0.00000     0.00000     0.00000     0.00000     0.00000
     0.00000     0.00000     0.00000     0.00000   -62.30683   -62.29976   -62.29269   -62.28561   -62.27854   -62.27147   -62.26440   -62.25733   -62.25026   -62.24319   -62.23612   -62.22905   -62.22197   -62.21490   -62.20783   -62.20076   -62.19369   -62.18662   -62.17955   -62.17248   -62.16541   -62.15834   -62.15126   -62.14419   -62.13712   -62.13005   -62.12298   -62.11591   -62.10884   -62.10176   -62.09470   -62.08762   -62.08055   -62.07348   -62.06641   -62.05934   -62.05227   -62.04520   -62.03813   -62.03106   -62.02398   -62.01691   -62.00984   -62.00277   314.22247   312.80823   311.39404   309.97983   308.56561   307.15140   305.73718   304.32300   302.90875   301.49457   300.08032   298.66614   297.25189   295.83771   294.42346   293.00928   291.59503   290.18085   288.76660   287.35242   285.93817   284.52399   283.10977   281.69556   280.28134   278.86713   277.45291   276.03870   274.62448   273.21027   271.79608   270.38184   268.96765   267.55344   266.13922   264.72501   263.31079   261.89655   260.48236   259.06812   257.65393   256.23972   254.82549   253.41129   251.99706   250.58286   249.16864   247.75443   246.34021   244.92601   243.51178   242.09758   240.68335   239.26915   237.85495   236.44070   235.02650   233.61230   232.19807   230.78387   229.36967   227.95544   226.54124   230.78384   235.02647   239.26910   243.51175   247.75439   251.99702   256.23969   260.48230   264.72498   268.96759   273.21024   277.45288   281.69553   285.93814   290.18079   294.42343   298.66608   302.90872   307.15137   311.39401   315.63663   319.87930   324.12192   328.36456   332.60721   336.84985   341.09247   345.33514   349.57776   353.82040   358.06305   362.30573   366.54834   370.79099   375.03363   379.27621   383.51892   387.76154   392.00421   396.24680   400.48947   404.73206   408.97479   413.21738   417.46002   421.70264   425.94528   430.18799   434.43060   438.67322   442.91586   447.15851   451.40118   455.64380   459.88644   464.12909   468.37170   472.61435   476.85699   481.09967   485.34229   489.58493   493.82751   498.07025   502.31287   506.55548   510.79810   515.04077   519.28339   523.52606   527.76868   532.01135   536.25397   540.49658   544.73926   548.98193   553.22455   557.46716   561.70984   565.95251   570.19513   574.43774   578.68036   582.92297   587.16565   591.40833   595.65094   599.89355   604.13623   608.37885   612.62152   616.86414   621.10681   625.34943   629.59204   633.83472   638.07739   642.32001   646.56262   650.80530   655.04791   659.29059   663.53320   667.77582   672.01843   676.26111   680.50378   684.74640   688.98901   693.23169   697.47430   701.71698   705.95959   710.20227     0.00000     0.00000     0.00000     0.00000
     0.00000     0.00000     0.00000   -62.30683   -62.29976   -62.29269   -62.28561   -62.27854   -62.27147   -62.26440   -62.25733   -62.25026   -62.24319   -62.23612   -62.22905   -62.22197   -62.21490   -62.20783   -62.20076   -62.19369   -62.18662   -62.17955   -62.17248   -62.16541   -62.15834   -62.15126   -62.14419   -62.13712   -62.13005   -62.12298   -62.11591   -62.10884   -62.10176   -62.09470   -62.08762   -62.08055   -62.07348   -62.06641   -62.05934   -62.05227   -62.04520   -62.03813   -62.03106   -62.02398   -62.01691   -62.00984   -62.00277   319.87933   318.46509   317.05090   315.63666   314.22247   312.80826   311.39404   309.97983   308.56561   307.15143   305.73718   304.32300   302.90875   301.49457   300.08032   298.66614   297.25189   295.83771   294.42346   293.00928   291.59503   290.18085   288.76660   287.35242   285.93820   284.52399   283.10977   281.69556   280.28134   278.86713   277.45291   276.03870   274.62451   273.21027   271.79608   270.38187   268.96765   267.55341   266.13919   264.72498   263.31079   261.89655   260.48233   259.06815   257.65390   256.23972   254.82549   253.41129   251.99707   250.58286   249.16864   247.75444   246.34021   244.92601   243.51178   242.09756   240.68336   239.26913   237.85493   236.44073   235.02650   233.61230   232.19810   230.78387   229.36967   233.61226   237.85489   242.09753   246.34018   250.58282   254.82545   259.06812   263.31073   267.55341   271.79602   276.03867   280.28131   284.52393   288.76657   293.00922   297.25186   301.49451   305.73715   309.97977   314.22247   318.46506   322.70770   326.95035   331.19299   335.43564   339.67828   343.92090   348.16357   352.40619   356.64883   360.89148   365.13416   369.37677   373.61938   377.86206   382.10464   386.34735   390.58997   394.83264   399.07523   403.31790   407.56049   411.80319   416.04581   420.28845   424.53107   428.77371   433.01642   437.25903   441.50165   445.74429   449.98694   454.22961   458.47223   462.71484   466.95752   471.20013   475.44278   479.68542   483.92810   488.17072   492.41336   496.65594   500.89862   505.14130   509.38391   513.62653   517.86914   522.11182   526.35449   530.59711   534.83972   539.08240   543.32501   547.56769   551.81030   556.05298   560.29559   564.53821   568.78088   573.02350   577.26617   581.50879   585.75140   589.99402   594.23676   598.47937   602.72198   606.96460   611.20728   615.44995   619.69263   623.93518   628.17786   632.42047   636.66321   640.90576   645.14844   649.39105   653.63367   657.87634   662.11902   666.36157   670.60425   674.84692   679.08948   683.33215   687.57483   691.81750   696.06006   700.30273   704.54541   708.78809   713.03064     0.00000     0.00000     0.00000
     0.00000     0.00000   -62.30683   -62.29976   -62.29269   -62.28561   -62.27854   -62.27147   -62.26440   -62.25733   -62.25026   -62.24319   -62.23612   -62.22905   -62.22197   -62.21490   -62.20783   -62.20076   -62.19369   -62.18662   -62.17955   -62.17248   -62.16541   -62.15834   -62.15126   -62.14419   -62.13712   -62.13005   -62.12298   -62.11591   -62.10884   -62.10176   -62.09470   -62.08762   -62.08055   -62.07348   -62.06641   -62.05934   -62.05227   -62.04520   -62.03813   -62.03106   -62.02398   -62.01691   -62.00984   -62.00277   325.53619   324.12195   322.70773   321.29352   319.87933   318.46509   317.05090   315.63669   314.22247   312.80826   311.39404   309.97986   308.56561   307.15143   305.73718   304.32300   302.90875   301.49454   300.08032   298.66614   297.25189   295.83768   294.42346   293.00928   291.59503   290.18085   288.76663   287.35242   285.93820   284.52399   283.10977   281.69556   280.28134   278.86713   277.45294   276.03870   274.62451   273.21027   271.79605   270.38184   268.96762   267.55341   266.13922   264.72498   263.31076   261.89658   260.48233   259.06815   257.65390   256.23972   254.82550   253.41129   251.99707   250.58287   249.16864   247.75443   246.34019   244.92599   243.51180   242.09756   240.68336   239.26917   237.85493   236.44073   235.02654   233.61229   232.19809   236.44069   240.68332   244.92596   249.16861   253.41125   257.65387   261.89655   266.13916   270.38184   274.62445   278.86707   283.10974   287.35236   291.59500   295.83765   300.08029   304.32294   308.56561   312.80820   317.05087   321.29349   325.53613   329.77878   334.02142   338.26407   342.50671   346.74933   350.99200   355.23462   359.47726   363.71991   367.96255   372.20520   376.44781   380.69049   384.93307   389.17578   393.41840   397.66107   401.90366   406.14630   410.38892   414.63162   418.87424   423.11688   427.35950   431.60214   435.84485   440.08746   444.33008   448.57272   452.81537   457.05801   461.30066   465.54327   469.78595   474.02856   478.27121   482.51385   486.75653   490.99915   495.24176   499.48438   503.72705   507.96973   512.21234   516.45496   520.69763   524.94025   529.18292   533.42554   537.66821   541.91083   546.15344   550.39612   554.63879   558.88141   563.12402   567.36664   571.60931   575.85193   580.09460   584.33722   588.57983   592.82251   597.06519   601.30780   605.55042   609.79309   614.03571   618.27838   622.52100   626.76367   631.00629   635.24890   639.49158   643.73425   647.97687   652.21948   656.46210   660.70471   664.94739   669.19006   673.43268   677.67529   681.91797   686.16064   690.40326   694.64587   698.88855   703.13116   707.37384   711.61646   715.85913     0.00000     0.00000
     0.00000   -62.30683   -62.29976   -62.29269   -62.28561   -62.27854   -62.27147   -62.26440   -62.25733   -62.25026   -62.24319   -62.23612   -62.22905   -62.22197   -62.21490   -62.20783   -62.20076   -62.19369   -62.18662   -62.17955   -62.17248   -62.16541   -62.15834   -62.15126   -62.14419   -62.13712   -62.13005   -62.12298   -62.11591   -62.10884   -62.10176   -62.09470   -62.08762   -62.08055   -62.07348   -62.06641   -62.05934   -62.05227   -62.04520   -62.03813   -62.03106   -62.02398   -62.01691   -62.00984   -62.00277   331.19302   329.77881   328.36459   326.95038   325.53616   324.12195   322.70776   321.29352   319.87933   318.46512   317.05090   315.63669   314.22247   312.80829   311.39404   309.97986   308.56561   307.15140   305.73718   304.32297   302.90875   301.49454   300.08032   298.66611   297.25189   295.83771   294.42346   293.00928   291.59506   290.18085   288.76663   287.35242   285.93820   284.52399   283.10977   281.69556   280.28137   278.86713   277.45291   276.03870   274.62448   273.21027   271.79605   270.38184   268.96765   267.55341   266.13919   264.72501   263.31076   261.89658   260.48233   259.06815   257.65393   256.23972   254.82550   253.41129   251.99707   250.58286   249.16862   247.75443   246.34023   244.92599   243.51180   242.09760   240.68336   239.26915   237.85495   236.44072   235.02652   239.26912   243.51175   247.75439   251.99704   256.23969   260.48230   264.72498   268.96759   273.21024   277.45288   281.69550   285.93817   290.18079   294.42343   298.66608   302.90875   307.15137   311.39401   315.63663   319.87930   324.12192   328.36456   332.60721   336.84985   341.09250   345.33514   349.57776   353.82043   358.06305   362.30566   366.54834   370.79099   375.03363   379.27625   383.51892   387.76151   392.00421   396.24683   400.48947   404.73209   408.97473   413.21735   417.46005   421.70267   425.94531   430.18793   434.43057   438.67328   442.91589   447.15851   451.40112   455.64380   459.88644   464.12909   468.37170   472.61438   476.85699   481.09964   485.34229   489.58490   493.82758   498.07019   502.31281   506.55548   510.79816   515.04077   519.28339   523.52600   527.76868   532.01135   536.25397   540.49658   544.73926   548.98187   553.22455   557.46716   561.70978   565.95245   570.19507   574.43774   578.68036   582.92303   587.16565   591.40826   595.65088   599.89362   604.13623   608.37885   612.62146   616.86414   621.10681   625.34949   629.59204   633.83472   638.07733   642.32007   646.56262   650.80530   655.04785   659.29053   663.53320   667.77588   672.01843   676.26111   680.50378   684.74634   688.98901   693.23169   697.47437   701.71692   705.95959   710.20221   714.44482   718.68750     0.00000
   -62.30683   -62.29976   -62.29269   -62.28561   -62.27854   -62.27147   -62.26440   -62.25733   -62.25026   -62.24319   -62.23612   -62.22905   -62.22197   -62.21490   -62.20783   -62.20076   -62.19369   -62.18662   -62.17955   -62.17248   -62.16541   -62.15834   -62.15126   -62.14419   -62.13712   -62.13005   -62.12298   -62.11591   -62.10884   -62.10176   -62.09470   -62.08762   -62.08055   -62.07348   -62.06641   -62.05934   -62.05227   -62.04520   -62.03813   -62.03106   -62.02398   -62.01691   -62.00984   -62.00277   336.84988   335.43567   334.02142   332.60724   331.19302   329.77881   328.36459   326.95038   325.53619   324.12195   322.70776   321.29355   319.87933   318.46512   317.05090   315.63672   314.22247   312.80826   311.39404   309.97983   308.56561   307.15137   305.73718   304.32297   302.90875   301.49454   300.08032   298.66614   297.25189   295.83771   294.42349   293.00928   291.59506   290.18085   288.76663   287.35242   285.93820   284.52399   283.10977   281.69556   280.28134   278.86713   277.45291   276.03870   274.62448   273.21027   271.79608   270.38184   268.96762   267.55344   266.13919   264.72501   263.31076   261.89658   260.48236   259.06812   257.65393   256.23972   254.82550   253.41129   251.99706   250.58286   249.16866   247.75443   246.34023   244.92601   243.51178   242.09758   240.68338   239.26915   237.85495   242.09755   246.34018   250.58282   254.82547   259.06812   263.31073   267.55338   271.79602   276.03867   280.28131   284.52393   288.76660   293.00922   297.25189   301.49451   305.73715   309.97980   314.22244   318.46506   322.70773   326.95035   331.19299   335.43564   339.67828   343.92093   348.16357   352.40619   356.64883   360.89148   365.13409   369.37677   373.61942   377.86206   382.10468   386.34735   390.58994   394.83264   399.07526   403.31790   407.56052   411.80316   416.04578   420.28848   424.53110   428.77374   433.01636   437.25900   441.50171   445.74429   449.98694   454.22955   458.47223   462.71487   466.95752   471.20013   475.44281   479.68542   483.92804   488.17072   492.41333   496.65601   500.89862   505.14124   509.38391   513.62659   517.86920   522.11182   526.35449   530.59711   534.83978   539.08240   543.32507   547.56769   551.81030   556.05298   560.29559   564.53821   568.78088   573.02350   577.26617   581.50879   585.75146   589.99408   594.23669   598.47937   602.72205   606.96466   611.20728   615.44995   619.69257   623.93524   628.17786   632.42053   636.66315   640.90576   645.14844   649.39105   653.63367   657.87634   662.11896   666.36157   670.60425   674.84692   679.08954   683.33215   687.57483   691.81750   696.06012   700.30273   704.54541   708.78802   713.03064   717.27332   721.51599
     0.00000   -62.29269   -62.28561   -62.27854   -62.27147   -62.26440   -62.25733   -62.25026   -62.24319   -62.23612   -62.22905   -62.22197   -62.21490   -62.20783   -62.20076   -62.19369   -62.18662   -62.17955   -62.17248   -62.16541   -62.15834   -62.15126   -62.14419   -62.13712   -62.13005   -62.12298   -62.11591   -62.10884   -62.10176   -62.09470   -62.08762   -62.08055   -62.07348   -62.06641   -62.05934   -62.05227   -62.04520   -62.03813   -62.03106   -62.02398   -62.01691   -62.00984   -62.00277   342.50674   341.09253   339.67828   338.26410   336.84985   335.43567   334.02145   332.60724   331.19302   329.77881   328.36462   326.95038   325.53619   324.12198   322.70776   321.29355   319.87933   318.46512   317.05090   315.63669   314.22247   312.80823   311.39404   309.97980   308.56561   307.15140   305.73718   304.32297   302.90875   301.49457   300.08032   298.66614   297.25192   295.83771   294.42349   293.00928   291.59506   290.18085   288.76660   287.35242   285.93820   284.52399   283.10977   281.69556   280.28134   278.86713   277.45291   276.03870   274.62451   273.21027   271.79605   270.38187   268.96762   267.55344   266.13919   264.72498   263.31079   261.89655   260.48236   259.06815   257.65393   256.23972   254.82549   253.41129   251.99709   250.58284   249.16864   247.75444   246.34021   244.92601   243.51181   242.09758   240.68338   244.92598   249.16861   253.41125   257.65390   261.89651   266.13916   270.38181   274.62445   278.86710   283.10974   287.35236   291.59503   295.83765   300.08029   304.32294   308.56558   312.80823   317.05087   321.29349   325.53616   329.77878   334.02142   338.26407   342.50671   346.74936   350.99197   355.23462   359.47726   363.71991   367.96252   372.20520   376.44785   380.69049   384.93311   389.17575   393.41837   397.66107   401.90369   406.14633   410.38895   414.63159   418.87421   423.11691   427.35953   431.60217   435.84479   440.08740   444.33014   448.57272   452.81537   457.05798   461.30066   465.54330   469.78595   474.02856   478.27118   482.51385   486.75647   490.99915   495.24176   499.48444   503.72705   507.96967   512.21234   516.45502   520.69763   524.94025   529.18286   533.42554   537.66821   541.91083   546.15344   550.39606   554.63873   558.88141   563.12402   567.36664   571.60931   575.85193   580.09460   584.33722   588.57990   592.82251   597.06512   601.30774   605.55048   609.79309   614.03571   618.27832   622.52100   626.76367   631.00635   635.24890   639.49158   643.73413   647.97687   652.21948   656.46216   660.70471   664.94739   669.19006   673.43274   677.67529   681.91797   686.16064   690.40320   694.64587   698.88855   703.13123   707.37378   711.61646   715.85907     0.00000
     0.00000     0.00000   -62.27854   -62.27147   -62.26440   -62.25733   -62.25026   -62.24319   -62.23612   -62.22905   -62.22197   -62.21490   -62.20783   -62.20076   -62.19369   -62.18662   -62.17955   -62.17248   -62.16541   -62.15834   -62.15126   -62.14419   -62.13712   -62.13005   -62.12298   -62.11591   -62.10884   -62.10176   -62.09470   -62.08762   -62.08055   -62.07348   -62.06641   -62.05934   -62.05227   -62.04520   -62.03813   -62.03106   -62.02398   -62.01691   -62.00984   -62.00277   348.16357   346.74939   345.33514   343.92096   342.50671   341.09253   339.67828   338.26410   336.84988   335.43567   334.02145   332.60724   331.19305   329.77881   328.36462   326.95041   325.53619   324.12195   322.70776   321.29355   319.87933   318.46509   317.05090   315.63666   314.22247   312.80823   311.39404   309.97983   308.56561   307.15140   305.73718   304.32300   302.90875   301.49457   300.08035   298.66614   297.25192   295.83771   294.42346   293.00928   291.59503   290.18085   288.76663   287.35239   285.93820   284.52399   283.10977   281.69556   280.28134   278.86713   277.45294   276.03870   274.62448   273.21030   271.79605   270.38184   268.96762   267.55341   266.13922   264.72498   263.31079   261.89658   260.48236   259.06815   257.65393   256.23972   254.82550   253.41127   251.99707   250.58287   249.16864   247.75444   246.34024   244.92601   243.51181   247.75441   251.99702   256.23965   260.48233   264.72495   268.96759   273.21024   277.45288   281.69553   285.93817   290.18079   294.42343   298.66608   302.90872   307.15137   311.39401   315.63666   319.87930   324.12192   328.36459   332.60721   336.84985   341.09250   345.33511   349.57779   353.82040   358.06305   362.30569   366.54834   370.79095   375.03363   379.27628   383.51892   387.76154   392.00418   396.24680   400.48950   404.73212   408.97476   413.21738   417.46002   421.70264   425.94534   430.18796   434.43057   438.67322   442.91583   447.15857   451.40115   455.64380   459.88641   464.12909   468.37173   472.61438   476.85699   481.09961   485.34229   489.58490   493.82758   498.07019   502.31287   506.55548   510.79810   515.04077   519.28345   523.52606   527.76868   532.01135   536.25397   540.49658   544.73926   548.98187   553.22449   557.46716   561.70984   565.95245   570.19507   574.43774   578.68036   582.92303   587.16565   591.40833   595.65094   599.89355   604.13623   608.37891   612.62152   616.86414   621.10681   625.34943   629.59204   633.83472   638.07733   642.31995   646.56262   650.80530   655.04791   659.29053   663.53320   667.77582   672.01843   676.26111   680.50378   684.74640   688.98901   693.23169   697.47437   701.71698   705.95959   710.20227     0.00000     0.00000
     0.00000     0.00000     0.00000   -62.26440   -62.25733   -62.25026   -62.24319   -62.23612   -62.22905   -62.22197   -62.21490   -62.20783   -62.20076   -62.19369   -62.18662   -62.17955   -62.17248   -62.16541   -62.15834   -62.15126   -62.14419   -62.13712   -62.13005   -62.12298   -62.11591   -62.10884   -62.10176   -62.09470   -62.08762   -62.08055   -62.07348   -62.06641   -62.05934   -62.05227   -62.04520   -62.03813   -62.03106   -62.02398   -62.01691   -62.00984   -62.00277   353.82043   352.40619   350.99200   349.57782   348.16357   346.74939   345.33514   343.92096   342.50671   341.09253   339.67831   338.26410   336.84988   335.43567   334.02148   332.60724   331.19302   329.77881   328.36462   326.95038   325.53619   324.12195   322.70776   321.29352   319.87933   318.46509   317.05090   315.63666   314.22247   312.80826   311.39404   309.97983   308.56561   307.15143   305.73718   304.32300   302.90878   301.49454   300.08032   298.66614   297.25189   295.83771   294.42346   293.00925   291.59506   290.18082   288.76663   287.35242   285.93820   284.52399   283.10977   281.69556   280.28137   278.86713   277.45291   276.03870   274.62448   273.21027   271.79605   270.38184   268.96765   267.55341   266.13922   264.72501   263.31079   261.89658   260.48233   259.06815   257.65393   256.23972   254.82550   253.41130   251.99707   250.58287   249.16867   247.75444   246.34023   250.58282   254.82545   259.06808   263.31076   267.55338   271.79602   276.03867   280.28131   284.52396   288.76657   293.00922   297.25186   301.49451   305.73715   309.97980   314.22244   318.46509   322.70773   326.95035   331.19302   335.43564   339.67825   343.92093   348.16354   352.40622   356.64883   360.89148   365.13412   369.37677   373.61938   377.86203   382.10471   386.34735   390.58997   394.83261   399.07523   403.31793   407.56055   411.80319   416.04581   420.28845   424.53107   428.77374   433.01639   437.25900   441.50165   445.74426   449.98700   454.22958   458.47223   462.71484   466.95746   471.20016   475.44281   479.68542   483.92804   488.17072   492.41333   496.65601   500.89862   505.14130   509.38391   513.62653   517.86920   522.11188   526.35449   530.59711   534.83972   539.08234   543.32507   547.56769   551.81030   556.05292   560.29559   564.53827   568.78088   573.02350   577.26617   581.50879   585.75146   589.99408   594.23676   598.47937   602.72198   606.96460   611.20734   615.44995   619.69257   623.93518   628.17780   632.42053   636.66315   640.90576   645.14844   649.39099   653.63373   657.87634   662.11902   666.36157   670.60425   674.84692   679.08960   683.33215   687.57483   691.81750   696.06006   700.30273   704.54541     0.00000     0.00000     0.00000
     0.00000     0.00000     0.00000     0.00000   -62.25026   -62.24319   -62.23612   -62.22905   -62.22197   -62.21490   -62.20783   -62.20076   -62.19369   -62.18662   -62.17955   -62.17248   -62.16541   -62.15834   -62.15126   -62.14419   -62.13712   -62.13005   -62.12298   -62.11591   -62.10884   -62.10176   -62.09470   -62.08762   -62.08055   -62.07348   -62.06641   -62.05934   -62.05227   -62.04520   -62.03813   -62.03106   -62.02398   -62.01691   -62.00984   -62.00277   359.47729   358.06311   356.64886   355.23462   353.82043   352.40625   350.99200   349.57782   348.16357   346.74939   345.33514   343.92096   342.50674   341.09253   339.67831   338.26410   336.84988   335.43567   334.02145   332.60724   331.19305   329.77881   328.36459   326.95038   325.53619   324.12195   322.70776   321.29352   319.87933   318.46509   317.05090   315.63669   314.22247   312.80826   311.39404   309.97986   308.56561   307.15140   305.73718   304.32297   302.90875   301.49457   300.08032   298.66611   297.25189   295.83768   294.42349   293.00925   291.59506   290.18085   288.76663   287.35242   285.93820   284.52399   283.10980   281.69556   280.28134   278.86713   277.45291   276.03870   274.62448   273.21027   271.79608   270.38184   268.96765   267.55344   266.13919   264.72501   263.31076   261.89658   260.48236   259.06815   257.65393   256.23972   254.82550   253.41130   251.99709   250.58286   249.16866   253.41125   257.65390   261.89651   266.13919   270.38181   274.62445   278.86710   283.10971   287.35239   291.59500   295.83765   300.08029   304.32294   308.56558   312.80823   317.05087   321.29352   325.53616   329.77878   334.02142   338.26407   342.50668   346.74936   350.99197   355.23465   359.47726   363.71991   367.96255   372.20520   376.44781   380.69046   384.93314   389.17578   393.41840   397.66104   401.90366   406.14636   410.38898   414.63162   418.87424   423.11685   427.35950   431.60217   435.84482   440.08743   444.33008   448.57269   452.81543   457.05801   461.30066   465.54327   469.78589   474.02859   478.27124   482.51385   486.75647   490.99915   495.24176   499.48444   503.72705   507.96973   512.21234   516.45496   520.69763   524.94031   529.18286   533.42554   537.66815   541.91077   546.15344   550.39612   554.63873   558.88135   563.12402   567.36670   571.60931   575.85193   580.09460   584.33722   588.57990   592.82251   597.06519   601.30780   605.55042   609.79309   614.03577   618.27832   622.52100   626.76361   631.00623   635.24890   639.49158   643.73419   647.97681   652.21948   656.46216   660.70477   664.94739   669.19006   673.43268   677.67529   681.91797   686.16064   690.40326   694.64587   698.88855     0.00000     0.00000     0.00000     0.00000
     0.00000     0.00000     0.00000     0.00000     0.00000   -62.23612   -62.22905   -62.22197   -62.21490   -62.20783   -62.20076   -62.19369   -62.18662   -62.17955   -62.17248   -62.16541   -62.15834   -62.15126   -62.14419   -62.13712   -62.13005   -62.12298   -62.11591   -62.10884   -62.10176   -62.09470   -62.08762   -62.08055   -62.07348   -62.06641   -62.05934   -62.05227   -62.04520   -62.03813   -62.03106   -62.02398   -62.01691   -62.00984   -62.00277   365.13416   363.71991   362.30573   360.89154   359.47729   358.06305   356.64886   355.23468   353.82043   352.40625   350.99200   349.57782   348.16357   346.74939   345.33517   343.92096   342.50671   341.09253   339.67831   338.26410   336.84988   335.43567   334.02145   332.60724   331.19302   329.77881   328.36462   326.95038   325.53619   324.12195   322.70776   321.29352   319.87933   318.46512   317.05090   315.63669   314.22247   312.80826   311.39404   309.97983   308.56561   307.15140   305.73718   304.32297   302.90875   301.49454   300.08032   298.66611   297.25192   295.83768   294.42349   293.00928   291.59506   290.18085   288.76663   287.35242   285.93820   284.52399   283.10977   281.69556   280.28134   278.86713   277.45291   276.03870   274.62451   273.21027   271.79605   270.38187   268.96762   267.55344   266.13919   264.72501   263.31079   261.89658   260.48236   259.06815   257.65393   256.23972   254.82552   253.41129   251.99709   256.23969   260.48233   264.72495   268.96762   273.21024   277.45285   281.69553   285.93814   290.18082   294.42343   298.66608   302.90872   307.15137   311.39401   315.63666   319.87930   324.12195   328.36456   332.60721   336.84985   341.09250   345.33511   349.57779   353.82040   358.06308   362.30569   366.54834   370.79099   375.03363   379.27625   383.51889   387.76157   392.00421   396.24683   400.48947   404.73209   408.97479   413.21741   417.46002   421.70267   425.94528   430.18793   434.43060   438.67325   442.91586   447.15851   451.40112   455.64380   459.88644   464.12909   468.37170   472.61432   476.85703   481.09967   485.34229   489.58490   493.82758   498.07019   502.31287   506.55548   510.79816   515.04077   519.28339   523.52606   527.76868   532.01135   536.25397   540.49658   544.73920   548.98193   553.22455   557.46716   561.70978   565.95245   570.19513   574.43774   578.68036   582.92303   587.16565   591.40833   595.65094   599.89362   604.13623   608.37885   612.62146   616.86414   621.10681   625.34943   629.59204   633.83466   638.07739   642.32001   646.56262   650.80530   655.04785   659.29059   663.53320   667.77588   672.01843   676.26111   680.50378   684.74646   688.98901   693.23169     0.00000     0.00000     0.00000     0.00000     0.00000
     0.00000     0.00000     0.00000     0.00000     0.00000     0.00000   -62.22197   -62.21490   -62.20783   -62.20076   -62.19369   -62.18662   -62.17955   -62.17248   -62.16541   -62.15834   -62.15126   -62.14419   -62.13712   -62.13005   -62.12298   -62.11591   -62.10884   -62.10176   -62.09470   -62.08762   -62.08055   -62.07348   -62.06641   -62.05934   -62.05227   -62.04520   -62.03813   -62.03106   -62.02398   -62.01691   -62.00984   -62.00277   370.79102   369.37677   367.96255   366.54834   365.13416   363.71997   362.30573   360.89148   359.47729   358.06311   356.64886   355.23468   353.82043   352.40625   350.99200   349.57782   348.16357   346.74939   345.33514   343.92096   342.50674   341.09253   339.67828   338.26410   336.84988   335.43567   334.02145   332.60724   331.19305   329.77881   328.36462   326.95038   325.53619   324.12195   322.70776   321.29355   319.87933   318.46509   317.05090   315.63669   314.22247   312.80826   311.39404   309.97980   308.56561   307.15140   305.73718   304.32297   302.90875   301.49454   300.08035   298.66611   297.25192   295.83771   294.42349   293.00928   291.59503   290.18085   288.76663   287.35242   285.93820   284.52399   283.10977   281.69556   280.28134   278.86713   277.45291   276.03870   274.62448   273.21030   271.79605   270.38187   268.96762   267.55344   266.13922   264.72501   263.31079   261.89658   260.48236   259.06815   257.65393   256.23972   254.82552   259.06812   263.31076   267.55338   271.79602   276.03867   280.28128   284.52396   288.76657   293.00925   297.25186   301.49451   305.73715   309.97980   314.22244   318.46509   322.70770   326.95038   331.19299   335.43564   339.67828   343.92093   348.16354   352.40622   356.64883   360.89148   365.13412   369.37677   373.61942   377.86206   382.10468   386.34732   390.59000   394.83264   399.07526   403.31790   407.56052   411.80316   416.04584   420.28845   424.53110   428.77371   433.01636   437.25903   441.50168   445.74429   449.98694   454.22955   458.47223   462.71487   466.95752   471.20013   475.44275   479.68546   483.92810   488.17072   492.41333   496.65601   500.89862   505.14130   509.38391   513.62659   517.86914   522.11182   526.35449   530.59711   534.83972   539.08240   543.32501   547.56763   551.81030   556.05298   560.29559   564.53821   568.78088   573.02356   577.26617   581.50879   585.75146   589.99408   594.23676   598.47937   602.72205   606.96460   611.20728   615.44989   619.69257   623.93518   628.17786   632.42047   636.66309   640.90576   645.14844   649.39105   653.63367   657.87634   662.11902   666.36163   670.60425   674.84692   679.08954   683.33215   687.57483     0.00000     0.00000     0.00000     0.00000     0.00000     0.00000
     0.00000     0.00000     0.00000     0.00000     0.00000     0.00000     0.00000   -62.20783   -62.20076   -62.19369   -62.18662   -62.17955   -62.17248   -62.16541   -62.15834   -62.15126   -62.14419   -62.13712   -62.13005   -62.12298   -62.11591   -62.10884   -62.10176   -62.09470   -62.08762   -62.08055   -62.07348   -62.06641   -62.05934   -62.05227   -62.04520   -62.03813   -62.03106   -62.02398   -62.01691   -62.00984   -62.00277   376.44788   375.03363   373.61942   372.20520   370.79099   369.37677   367.96259   366.54840   365.13416   363.71991   362.30573   360.89154   359.47729   358.06311   356.64886   355.23468   353.82043   352.40625   350.99200   349.57782   348.16357   346.74939   345.33514   343.92096   342.50671   341.09253   339.67831   338.26410   336.84988   335.43567   334.02148   332.60724   331.19305   329.77881   328.36462   326.95038   325.53619   324.12195   322.70776   321.29352   319.87933   318.46512   317.05087   315.63666   314.22247   312.80823   311.39404   309.97983   308.56561   307.15140   305.73718   304.32297   302.90878   301.49454   300.08035   298.66614   297.25189   295.83771   294.42346   293.00928   291.59506   290.18085   288.76663   287.35242   285.93820   284.52399   283.10974   281.69556   280.28134   278.86713   277.45291   276.03873   274.62448   273.21030   271.79605   270.38187   268.96765   267.55341   266.13922   264.72501   263.31079   261.89658   260.48236   259.06812   257.65396   261.89655   266.13916   270.38181   274.62445   278.86710   283.10971   287.35239   291.59500   295.83768   300.08029   304.32294   308.56558   312.80823   317.05084   321.29352   325.53613   329.77881   334.02142   338.26407   342.50671   346.74936   350.99197   355.23462   359.47726   363.71991   367.96255   372.20520   376.44785   380.69049   384.93311   389.17575   393.41843   397.66107   401.90369   406.14630   410.38895   414.63159   418.87427   423.11688   427.35953   431.60214   435.84479   440.08746   444.33008   448.57272   452.81537   457.05798   461.30066   465.54330   469.78595   474.02856   478.27118   482.51389   486.75653   490.99915   495.24176   499.48444   503.72705   507.96973   512.21234   516.45496   520.69763   524.94025   529.18292   533.42554   537.66821   541.91083   546.15344   550.39606   554.63879   558.88141   563.12402   567.36664   571.60931   575.85199   580.09460   584.33722   588.57990   592.82251   597.06519   601.30780   605.55042   609.79309   614.03571   618.27832   622.52100   626.76367   631.00629   635.24890   639.49152   643.73425   647.97687   652.21948   656.46216   660.70471   664.94745   669.19006   673.43274   677.67529   681.91797     0.00000     0.00000     0.00000     0.00000     0.00000     0.00000     0.00000
     0.00000     0.00000     0.00000     0.00000     0.00000     0.00000     0.00000     0.00000   -62.19369   -62.18662   -62.17955   -62.17248   -62.16541   -62.15834   -62.15126   -62.14419   -62.13712   -62.13005   -62.12298   -62.11591   -62.10884   -62.10176   -62.09470   -62.08762   -62.08055   -62.07348   -62.06641   -62.05934   -62.05227   -62.04520   -62.03813   -62.03106   -62.02398   -62.01691   -62.00984   -62.00277   382.10474   380.69049   379.27628   377.86206   376.44785   375.03363   373.61942   372.20520   370.79102   369.37683   367.96259   366.54834   365.13416   363.71997   362.30573   360.89154   359.47729   358.06308   356.64886   355.23468   353.82043   352.40622   350.99200   349.57782   348.16357   346.74939   345.33514   343.92096   342.50674   341.09253   339.67831   338.26410   336.84991   335.43567   334.02148   332.60724   331.19305   329.77881   328.36459   326.95038   325.53619   324.12195   322.70773   321.29352   319.87930   318.46509   317.05090   315.63666   314.22247   312.80826   311.39404   309.97983   308.56561   307.15140   305.73721   304.32297   302.90875   301.49457   300.08032   298.66614   297.25189   295.83771   294.42349   293.00928   291.59506   290.18085   288.76660   287.35242   285.93817   284.52399   283.10977   281.69556   280.28134   278.86716   277.45291   276.03873   274.62448   273.21027   271.79608   270.38184   268.96765   267.55344   266.13922   264.72498   263.31082   261.89655   260.48236   264.72498   268.96759   273.21024   277.45288   281.69553   285.93814   290.18082   294.42343   298.66611   302.90872   307.15137   311.39398   315.63666   319.87927   324.12195   328.36456   332.60724   336.84985   341.09250   345.33514   349.57776   353.82040   358.06305   362.30569   366.54834   370.79099   375.03363   379.27628   383.51892   387.76154   392.00418   396.24686   400.48944   404.73212   408.97473   413.21738   417.46002   421.70270   425.94531   430.18796   434.43057   438.67322   442.91589   447.15851   451.40115   455.64380   459.88641   464.12909   468.37173   472.61438   476.85699   481.09961   485.34232   489.58496   493.82758   498.07019   502.31287   506.55545   510.79813   515.04077   519.28339   523.52600   527.76868   532.01135   536.25397   540.49658   544.73926   548.98187   553.22449   557.46716   561.70984   565.95245   570.19507   574.43774   578.68042   582.92303   587.16565   591.40833   595.65088   599.89355   604.13623   608.37885   612.62146   616.86414   621.10675   625.34943   629.59204   633.83472   638.07733   642.31995   646.56262   650.80530   655.04791   659.29053   663.53320   667.77588   672.01849   676.26111     0.00000     0.00000     0.00000     0.00000     0.00000     0.00000     0.00000     0.00000
     0.00000     0.00000     0.00000     0.00000     0.00000     0.00000     0.00000     0.00000     0.00000   -62.17955   -62.17248   -62.16541   -62.15834   -62.15126   -62.14419   -62.13712   -62.13005   -62.12298   -62.11591   -62.10884   -62.10176   -62.09470   -62.08762   -62.08055   -62.07348   -62.06641   -62.05934   -62.05227   -62.04520   -62.03813   -62.03106   -62.02398   -62.01691   -62.00984   -62.00277   387.76160   386.34735   384.93314   383.51892   382.10471   380.69049   379.27628   377.86206   376.44785   375.03363   373.61945   372.20526   370.79102   369.37677   367.96259   366.54840   365.13416   363.71994   362.30573   360.89151   359.47729   358.06308   356.64886   355.23465   353.82043   352.40625   350.99200   349.57782   348.16357   346.74939   345.33517   343.92096   342.50674   341.09253   339.67834   338.26410   336.84991   335.43567   334.02145   332.60724   331.19302   329.77881   328.36459   326.95038   325.53616   324.12195   322.70773   321.29352   319.87933   318.46509   317.05090   315.63669   314.22247   312.80826   311.39404   309.97983   308.56561   307.15140   305.73718   304.32300   302.90875   301.49457   300.08032   298.66614   297.25192   295.83768   294.42346   293.00928   291.59503   290.18085   288.76660   287.35242   285.93820   284.52399   283.10977   281.69559   280.28134   278.86713   277.45291   276.03870   274.62451   273.21027   271.79608   270.38184   268.96765   267.55341   266.13922   264.72498   263.31079   267.55341   271.79602   276.03867   280.28131   284.52396   288.76657   293.00925   297.25186   301.49454   305.73712   309.97980   314.22241   318.46509   322.70770   326.95038   331.19299   335.43567   339.67828   343.92090   348.16357   352.40619   356.64883   360.89148   365.13412   369.37677   373.61942   377.86206   382.10471   386.34735   390.58997   394.83258   399.07529   403.31787   407.56055   411.80316   416.04581   420.28845   424.53113   428.77374   433.01636   437.25900   441.50165   445.74432   449.98694   454.22958   458.47223   462.71484   466.95752   471.20016   475.44281   479.68542   483.92804   488.17075   492.41339   496.65601   500.89862   505.14124   509.38388   513.62659   517.86920   522.11182   526.35449   530.59711   534.83978   539.08240   543.32507   547.56769   551.81030   556.05292   560.29565   564.53827   568.78088   573.02350   577.26617   581.50885   585.75146   589.99408   594.23669   598.47937   602.72205   606.96466   611.20728   615.44995   619.69257   623.93518   628.17786   632.42053   636.66315   640.90576   645.14838   649.39111   653.63373   657.87634   662.11902   666.36157   670.60431     0.00000     0.00000     0.00000     0.00000     0.00000     0.00000     0.00000     0.00000     0.00000
     0.00000     0.00000     0.00000     0.00000     0.00000     0.00000     0.00000     0.00000     0.00000     0.00000   -62.16541   -62.15834   -62.15126   -62.14419   -62.13712   -62.13005   -62.12298   -62.11591   -62.10884   -62.10176   -62.09470   -62.08762   -62.08055   -62.07348   -62.06641   -62.05934   -62.05227   -62.04520   -62.03813   -62.03106   -62.02398   -62.01691   -62.00984   -62.00277   393.41843   392.00421   390.59000   389.17578   387.76157   386.34735   384.93314   383.51892   382.10471   380.69049   379.27628   377.86206   376.44788   375.03369   373.61945   372.20520   370.79102   369.37680   367.96259   366.54837   365.13416   363.71991   362.30573   360.89151   359.47729   358.06308   356.64886   355.23468   353.82043   352.40625   350.99200   349.57782   348.16360   346.74939   345.33517   343.92096   342.50677   341.09253   339.67831   338.26410   336.84988   335.43567   334.02142   332.60724   331.19302   329.77881   328.36459   326.95038   325.53616   324.12195   322.70776   321.29352   319.87933   318.46512   317.05090   315.63669   314.22244   312.80826   311.39404   309.97983   308.56561   307.15143   305.73718   304.32300   302.90875   301.49454   300.08032   298.66611   297.25189   295.83771   294.42346   293.00928   291.59503   290.18085   288.76663   287.35242   285.93820   284.52399   283.10977   281.69556   280.28134   278.86713   277.45294   276.03870   274.62451   273.21027   271.79605   270.38184   268.96765   267.55341   266.13922   270.38184   274.62445   278.86710   283.10974   287.35239   291.59500   295.83768   300.08026   304.32297   308.56555   312.80823   317.05084   321.29352   325.53613   329.77881   334.02142   338.26407   342.50671   346.74933   350.99200   355.23462   359.47726   363.71991   367.96255   372.20520   376.44785   380.69049   384.93314   389.17572   393.41840   397.66101   401.90372   406.14630   410.38898   414.63159   418.87424   423.11688   427.35953   431.60217   435.84479   440.08743   444.33008   448.57275   452.81537   457.05801   461.30066   465.54327   469.78595   474.02859   478.27124   482.51385   486.75647   490.99918   495.24176   499.48441   503.72705   507.96967   512.21228   516.45496   520.69763   524.94025   529.18286   533.42554   537.66821   541.91083   546.15344   550.39612   554.63873   558.88135   563.12402   567.36670   571.60931   575.85193   580.09460   584.33722   588.57983   592.82251   597.06512   601.30774   605.55042   609.79309   614.03571   618.27832   622.52100   626.76361   631.00629   635.24890   639.49158   643.73419   647.97681   652.21948   656.46216   660.70477   664.94739     0.00000     0.00000     0.00000     0.00000     0.00000     0.00000     0.00000     0.00000     0.00000     0.00000
     0.00000     0.00000     0.00000     0.00000     0.00000     0.00000     0.00000     0.00000     0.00000     0.00000     0.00000   -62.15126   -62.14419   -62.13712   -62.13005   -62.12298   -62.11591   -62.10884   -62.10176   -62.09470   -62.08762   -62.08055   -62.07348   -62.06641   -62.05934   -62.05227   -62.04520   -62.03813   -62.03106   -62.02398   -62.01691   -62.00984   -62.00277   399.07526   397.66107   396.24683   394.83264   393.41843   392.00421   390.59000   389.17578   387.76157   386.34735   384.93314   383.51892   382.10471   380.69049   379.27631   377.86212   376.44788   375.03363   373.61945   372.20523   370.79102   369.37677   367.96259   366.54834   365.13416   363.71994   362.30573   360.89151   359.47729   358.06311   356.64886   355.23468   353.82043   352.40625   350.99203   349.57782   348.16360   346.74939   345.33517   343.92096   342.50674   341.09253   339.67828   338.26410   336.84985   335.43567   334.02145   332.60724   331.19302   329.77881   328.36459   326.95038   325.53619   324.12195   322.70776   321.29355   319.87930   318.46512   317.05087   315.63669   314.22247   312.80826   311.39404   309.97986   308.56561   307.15140   305.73718   304.32297   302.90875   301.49454   300.08032   298.66614   297.25189   295.83771   294.42346   293.00928   291.59506   290.18082   288.76663   287.35242   285.93820   284.52399   283.10977   281.69556   280.28137   278.86713   277.45291   276.03870   274.62448   273.21027   271.79608   270.38184   268.96765   273.21027   277.45288   281.69553   285.93817   290.18082   294.42340   298.66611   302.90869   307.15140   311.39398   315.63666   319.87927   324.12195   328.36456   332.60721   336.84985   341.09250   345.33514   349.57776   353.82043   358.06305   362.30569   366.54834   370.79099   375.03363   379.27628   383.51886   387.76157   392.00415   396.24683   400.48944   404.73215   408.97473   413.21741   417.46002   421.70264   425.94531   430.18796   434.43060   438.67322   442.91586   447.15851   451.40118   455.64380   459.88644   464.12909   468.37170   472.61438   476.85703   481.09967   485.34229   489.58490   493.82758   498.07019   502.31284   506.55548   510.79810   515.04077   519.28345   523.52606   527.76868   532.01135   536.25397   540.49664   544.73926   548.98193   553.22455   557.46716   561.70978   565.95251   570.19513   574.43774   578.68036   582.92297   587.16565   591.40833   595.65094   599.89355   604.13623   608.37891   612.62152   616.86414   621.10681   625.34943   629.59204   633.83472   638.07739   642.32001   646.56262   650.80524   655.04797   659.29059     0.00000     0.00000     0.00000     0.00000     0.00000     0.00000     0.00000     0.00000     0.00000     0.00000     0.00000
     0.00000     0.00000     0.00000     0.00000     0.00000     0.00000     0.00000     0.00000     0.00000     0.00000     0.00000     0.00000   -62.13712   -62.13005   -62.12298   -62.11591   -62.10884   -62.10176   -62.09470   -62.08762   -62.08055   -62.07348   -62.06641   -62.05934   -62.05227   -62.04520   -62.03813   -62.03106   -62.02398   -62.01691   -62.00984   -62.00277   404.73212   403.31793   401.90369   400.48950   399.07526   397.66107   396.24686   394.83264   393.41843   392.00421   390.59000   389.17578   387.76157   386.34735   384.93314   383.51892   382.10474   380.69052   379.27631   377.86206   376.44788   375.03363   373.61945   372.20520   370.79102   369.37677   367.96259   366.54837   365.13416   363.71994   362.30573   360.89154   359.47729   358.06311   356.64886   355.23468   353.82047   352.40625   350.99200   349.57782   348.16360   346.74939   345.33514   343.92096   342.50671   341.09253   339.67828   338.26410   336.84988   335.43567   334.02145   332.60724   331.19302   329.77881   328.36462   326.95038   325.53616   324.12198   322.70773   321.29355   319.87930   318.46512   317.05090   315.63669   314.22247   312.80826   311.39404   309.97983   308.56561   307.15140   305.73718   304.32297   302.90875   301.49457   300.08032   298.66614   297.25189   295.83768   294.42349   293.00925   291.59506   290.18085   288.76663   287.35242   285.93820   284.52399   283.10977   281.69556   280.28134   278.86713   277.45291   276.03870   274.62451   273.21027   271.79608   276.03870   280.28131   284.52396   288.76657   293.00925   297.25183   301.49454   305.73712   309.97983   314.22241   318.46509   322.70770   326.95035   331.19299   335.43564   339.67828   343.92093   348.16357   352.40619   356.64886   360.89148   365.13412   369.37677   373.61942   377.86203   382.10471   386.34729   390.59000   394.83258   399.07526   403.31787   407.56058   411.80316   416.04581   420.28845   424.53107   428.77374   433.01639   437.25903   441.50165   445.74429   449.98694   454.22961   458.47223   462.71487   466.95752   471.20013   475.44281   479.68546   483.92804   488.17068   492.41333   496.65601   500.89862   505.14127   509.38391   513.62653   517.86914   522.11182   526.35449   530.59711   534.83972   539.08240   543.32507   547.56769   551.81030   556.05298   560.29559   564.53821   568.78088   573.02350   577.26611   581.50879   585.75140   589.99408   594.23669   598.47937   602.72198   606.96460   611.20728   615.44995   619.69257   623.93518   628.17786   632.42047   636.66315   640.90576   645.14844   649.39105   653.63367     0.00000     0.00000     0.00000     0.00000     0.00000     0.00000     0.00000     0.00000     0.00000     0.00000     0.00000     0.00000
     0.00000     0.00000     0.00000     0.00000     0.00000     0.00000     0.00000     0.00000     0.00000     0.00000     0.00000     0.00000     0.00000   -62.12298   -62.11591   -62.10884   -62.10176   -62.09470   -62.08762   -62.08055   -62.07348   -62.06641   -62.05934   -62.05227   -62.04520   -62.03813   -62.03106   -62.02398   -62.01691   -62.00984   -62.00277   410.38898   408.97476   407.56055   406.14636   404.73212   403.31793   401.90369   400.48950   399.07529   397.66107   396.24686   394.83264   393.41843   392.00421   390.59000   389.17578   387.76154   386.34735   384.93317   383.51895   382.10474   380.69049   379.27628   377.86206   376.44788   375.03363   373.61945   372.20520   370.79102   369.37680   367.96259   366.54837   365.13416   363.71997   362.30573   360.89154   359.47729   358.06311   356.64886   355.23468   353.82043   352.40625   350.99200   349.57782   348.16357   346.74939   345.33514   343.92096   342.50671   341.09253   339.67831   338.26410   336.84988   335.43567   334.02145   332.60724   331.19302   329.77881   328.36459   326.95041   325.53616   324.12198   322.70773   321.29355   319.87933   318.46509   317.05090   315.63669   314.22247   312.80826   311.39404   309.97983   308.56561   307.15140   305.73718   304.32300   302.90875   301.49454   300.08032   298.66611   297.25192   295.83768   294.42349   293.00928   291.59506   290.18085   288.76660   287.35242   285.93820   284.52399   283.10977   281.69556   280.28134   278.86713   277.45294   276.03870   274.62451   278.86713   283.10971   287.35239   291.59500   295.83768   300.08026   304.32297   308.56555   312.80826   317.05084   321.29349   325.53613   329.77878   334.02142   338.26407   342.50671   346.74936   350.99200   355.23462   359.47729   363.71991   367.96255   372.20517   376.44785   380.69046   384.93314   389.17572   393.41843   397.66101   401.90369   406.14630   410.38898   414.63159   418.87424   423.11688   427.35950   431.60217   435.84482   440.08746   444.33008   448.57272   452.81537   457.05804   461.30066   465.54330   469.78595   474.02856   478.27124   482.51385   486.75647   490.99911   495.24176   499.48444   503.72705   507.96970   512.21234   516.45496   520.69763   524.94031   529.18292   533.42554   537.66821   541.91083   546.15350   550.39612   554.63879   558.88141   563.12402   567.36664   571.60931   575.85193   580.09460   584.33722   588.57983   592.82251   597.06519   601.30780   605.55042   609.79309   614.03577   618.27838   622.52100   626.76367   631.00629   635.24890   639.49158   643.73425   647.97687     0.00000     0.00000     0.00000     0.00000     0.00000     0.00000     0.00000     0.00000     0.00000     0.00000     0.00000     0.00000     0.00000
     0.00000     0.00000     0.00000     0.00000     0.00000     0.00000     0.00000     0.00000     0.00000     0.00000     0.00000     0.00000     0.00000     0.00000   -62.10884   -62.10176   -62.09470   -62.08762   -62.08055   -62.07348   -62.06641   -62.05934   -62.05227   -62.04520   -62.03813   -62.03106   -62.02398   -62.01691   -62.00984   -62.00277   416.04584   414.63162   413.21741   411.80319   410.38898   408.97479   407.56055   406.14636   404.73212   403.31793   401.90372   400.48950   399.07529   397.66107   396.24686   394.83264   393.41840   392.00421   390.58997   389.17578   387.76160   386.34735   384.93314   383.51892   382.10471   380.69049   379.27631   377.86206   376.44788   375.03363   373.61945   372.20523   370.79102   369.37680   367.96259   366.54840   365.13416   363.71994   362.30573   360.89154   359.47729   358.06311   356.64886   355.23468   353.82043   352.40625   350.99200   349.57782   348.16357   346.74939   345.33514   343.92096   342.50674   341.09253   339.67831   338.26410   336.84985   335.43567   334.02145   332.60724   331.19302   329.77884   328.36459   326.95041   325.53616   324.12195   322.70776   321.29352   319.87933   318.46512   317.05090   315.63669   314.22247   312.80826   311.39404   309.97983   308.56561   307.15140   305.73718   304.32297   302.90875   301.49454   300.08035   298.66611   297.25192   295.83771   294.42346   293.00928   291.59503   290.18085   288.76663   287.35242   285.93820   284.52399   283.10977   281.69556   280.28137   278.86713   277.45291   281.69556   285.93814   290.18082   294.42343   298.66611   302.90869   307.15140   311.39398   315.63666   319.87927   324.12192   328.36456   332.60721   336.84985   341.09250   345.33514   349.57779   353.82043   358.06305   362.30573   366.54831   370.79099   375.03360   379.27628   383.51889   387.76157   392.00415   396.24686   400.48944   404.73209   408.97473   413.21741   417.46002   421.70267   425.94531   430.18793   434.43060   438.67325   442.91589   447.15851   451.40115   455.64380   459.88647   464.12909   468.37173   472.61432   476.85696   481.09967   485.34229   489.58490   493.82755   498.07019   502.31287   506.55548   510.79813   515.04077   519.28339   523.52600   527.76868   532.01135   536.25397   540.49658   544.73926   548.98193   553.22455   557.46716   561.70978   565.95239   570.19507   574.43774   578.68036   582.92297   587.16565   591.40826   595.65094   599.89355   604.13623   608.37885   612.62146   616.86414   621.10681   625.34943   629.59204   633.83472   638.07733   642.32001     0.00000     0.00000     0.00000     0.00000     0.00000     0.00000     0.00000     0.00000     0.00000     0.00000     0.00000     0.00000     0.00000     0.00000
     0.00000     0.00000     0.00000     0.00000     0.00000     0.00000     0.00000     0.00000     0.00000     0.00000     0.00000     0.00000     0.00000     0.00000     0.00000   -62.09470   -62.08762   -62.08055   -62.07348   -62.06641   -62.05934   -62.05227   -62.04520   -62.03813   -62.03106   -62.02398   -62.01691   -62.00984   -62.00277   421.70270   420.28848   418.87427   417.46005   416.04584   414.63162   413.21741   411.80322   410.38898   408.97479   407.56055   406.14636   404.73215   403.31793   401.90372   400.48950   399.07526   397.66107   396.24683   394.83264   393.41840   392.00421   390.59000   389.17578   387.76157   386.34735   384.93314   383.51892   382.10474   380.69049   379.27631   377.86206   376.44788   375.03366   373.61945   372.20523   370.79102   369.37680   367.96259   366.54837   365.13416   363.71997   362.30573   360.89151   359.47729   358.06311   356.64886   355.23468   353.82043   352.40625   350.99200   349.57782   348.16357   346.74939   345.33517   343.92096   342.50671   341.09253   339.67828   338.26410   336.84988   335.43567   334.02145   332.60727   331.19302   329.77881   328.36459   326.95038   325.53619   324.12195   322.70776   321.29355   319.87933   318.46512   317.05090   315.63669   314.22247   312.80823   311.39404   309.97983   308.56561   307.15140   305.73718   304.32297   302.90878   301.49454   300.08032   298.66614   297.25189   295.83771   294.42346   293.00928   291.59506   290.18085   288.76663   287.35242   285.93820   284.52399   283.10977   281.69556   280.28134   284.52399   288.76657   293.00925   297.25186   301.49454   305.73712   309.97980   314.22241   318.46509   322.70770   326.95035   331.19299   335.43564   339.67828   343.92093   348.16357   352.40622   356.64886   360.89145   365.13416   369.37674   373.61942   377.86203   382.10471   386.34732   390.59000   394.83258   399.07526   403.31787   407.56052   411.80316   416.04584   420.28845   424.53110   428.77374   433.01636   437.25903   441.50168   445.74432   449.98694   454.22958   458.47223   462.71490   466.95749   471.20013   475.44275   479.68539   483.92810   488.17072   492.41333   496.65598   500.89862   505.14130   509.38391   513.62659   517.86920   522.11182   526.35449   530.59717   534.83978   539.08240   543.32507   547.56769   551.81036   556.05298   560.29559   564.53821   568.78088   573.02350   577.26617   581.50879   585.75146   589.99408   594.23669   598.47937   602.72205   606.96466   611.20728   615.44995   619.69263   623.93524   628.17786   632.42053   636.66315     0.00000     0.00000     0.00000     0.00000     0.00000     0.00000     0.00000     0.00000     0.00000     0.00000     0.00000     0.00000     0.00000     0.00000     0.00000
     0.00000     0.00000     0.00000     0.00000     0.00000     0.00000     0.00000     0.00000     0.00000     0.00000     0.00000     0.00000     0.00000     0.00000     0.00000     0.00000   -62.08055   -62.07348   -62.06641   -62.05934   -62.05227   -62.04520   -62.03813   -62.03106   -62.02398   -62.01691   -62.00984   -62.00277   427.35956   425.94531   424.53113   423.11691   421.70270   420.28848   418.87427   417.46005   416.04584   414.63165   413.21741   411.80322   410.38898   408.97479   407.56058   406.14636   404.73212   403.31790   401.90369   400.48950   399.07526   397.66107   396.24683   394.83264   393.41843   392.00421   390.59000   389.17578   387.76157   386.34735   384.93317   383.51892   382.10474   380.69049   379.27631   377.86209   376.44788   375.03363   373.61945   372.20523   370.79102   369.37680   367.96259   366.54837   365.13416   363.71994   362.30573   360.89154   359.47729   358.06311   356.64886   355.23468   353.82043   352.40625   350.99200   349.57782   348.16357   346.74939   345.33514   343.92096   342.50671   341.09253   339.67831   338.26410   336.84988   335.43567   334.02145   332.60724   331.19302   329.77881   328.36462   326.95038   325.53619   324.12198   322.70776   321.29355   319.87930   318.46509   317.05090   315.63666   314.22247   312.80826   311.39404   309.97983   308.56561   307.15140   305.73718   304.32297   302.90875   301.49457   300.08032   298.66614   297.25189   295.83771   294.42349   293.00928   291.59506   290.18085   288.76660   287.35242   285.93820   284.52399   283.10977   287.35242   291.59500   295.83768   300.08029   304.32294   308.56555   312.80823   317.05084   321.29352   325.53613   329.77878   334.02142   338.26407   342.50671   346.74936   350.99200   355.23462   359.47729   363.71988   367.96259   372.20517   376.44785   380.69046   384.93314   389.17575   393.41840   397.66101   401.90369   406.14630   410.38895   414.63159   418.87427   423.11688   427.35953   431.60217   435.84479   440.08746   444.33011   448.57275   452.81537   457.05801   461.30060   465.54330   469.78592   474.02856   478.27118   482.51382   486.75653   490.99915   495.24176   499.48441   503.72705   507.96973   512.21234   516.45496   520.69763   524.94025   529.18286   533.42554   537.66821   541.91083   546.15344   550.39606   554.63873   558.88141   563.12402   567.36664   571.60925   575.85193   580.09460   584.33722   588.57983   592.82251   597.06512   601.30780   605.55042   609.79309   614.03571   618.27832   622.52100   626.76367   631.00629     0.00000     0.00000     0.00000     0.00000     0.00000     0.00000     0.00000     0.00000     0.00000     0.00000     0.00000     0.00000     0.00000     0.00000     0.00000     0.00000
     0.00000     0.00000     0.00000     0.00000     0.00000     0.00000     0.00000     0.00000     0.00000     0.00000     0.00000     0.00000     0.00000     0.00000     0.00000     0.00000     0.00000   -62.06641   -62.05934   -62.05227   -62.04520   -62.03813   -62.03106   -62.02398   -62.01691   -62.00984   -62.00277   433.01642   431.60217   430.18799   428.77374   427.35956   425.94534   424.53113   423.11691   421.70270   420.28848   418.87427   417.46008   416.04584   414.63165   413.21741   411.80322   410.38898   408.97476   407.56055   406.14633   404.73212   403.31793   401.90369   400.48950   399.07526   397.66107   396.24686   394.83264   393.41843   392.00421   390.59000   389.17578   387.76160   386.34735   384.93317   383.51892   382.10474   380.69049   379.27631   377.86206   376.44788   375.03366   373.61945   372.20520   370.79102   369.37680   367.96259   366.54837   365.13416   363.71997   362.30573   360.89154   359.47729   358.06311   356.64886   355.23465   353.82043   352.40625   350.99200   349.57782   348.16357   346.74939   345.33514   343.92096   342.50674   341.09253   339.67831   338.26410   336.84988   335.43567   334.02145   332.60724   331.19305   329.77881   328.36462   326.95041   325.53616   324.12195   322.70773   321.29352   319.87933   318.46509   317.05090   315.63669   314.22247   312.80826   311.39401   309.97983   308.56561   307.15140   305.73718   304.32300   302.90875   301.49457   300.08032   298.66614   297.25192   295.83771   294.42346   293.00928   291.59503   290.18085   288.76663   287.35242   285.93820   290.18085   294.42343   298.66608   302.90872   307.15137   311.39398   315.63666   319.87927   324.12195   328.36456   332.60721   336.84985   341.09250   345.33514   349.57776   353.82043   358.06305   362.30573   366.54831   370.79102   375.03360   379.27628   383.51889   387.76154   392.00418   396.24683   400.48944   404.73212   408.97473   413.21738   417.46002   421.70270   425.94531   430.18796   434.43060   438.67322   442.91589   447.15854   451.40118   455.64377   459.88641   464.12903   468.37173   472.61435   476.85699   481.09961   485.34225   489.58496   493.82758   498.07019   502.31284   506.55548   510.79816   515.04077   519.28345   523.52606   527.76868   532.01135   536.25403   540.49664   544.73926   548.98187   553.22449   557.46716   561.70984   565.95245   570.19507   574.43774   578.68036   582.92303   587.16565   591.40833   595.65094   599.89355   604.13623   608.37891   612.62152   616.86414   621.10681   625.34949     0.00000     0.00000     0.00000     0.00000     0.00000     0.00000     0.00000     0.00000     0.00000     0.00000     0.00000     0.00000     0.00000     0.00000     0.00000     0.00000     0.00000
     0.00000     0.00000     0.00000     0.00000     0.00000     0.00000     0.00000     0.00000     0.00000     0.00000     0.00000     0.00000     0.00000     0.00000     0.00000     0.00000     0.00000     0.00000   -62.05227   -62.04520   -62.03813   -62.03106   -62.02398   -62.01691   -62.00984   -62.00277   438.67328   437.25903   435.84485   434.43060   433.01642   431.60217   430.18799   428.77377   427.35956   425.94534   424.53113   423.11691   421.70270   420.28851   418.87427   417.46008   416.04584   414.63162   413.21741   411.80319   410.38898   408.97473   407.56055   406.14636   404.73212   403.31793   401.90369   400.48950   399.07529   397.66107   396.24686   394.83264   393.41843   392.00421   390.59003   389.17578   387.76160   386.34735   384.93314   383.51892   382.10474   380.69049   379.27628   377.86206   376.44788   375.03363   373.61945   372.20523   370.79102   369.37680   367.96259   366.54840   365.13416   363.71997   362.30573   360.89151   359.47729   358.06308   356.64886   355.23468   353.82043   352.40625   350.99200   349.57782   348.16357   346.74939   345.33517   343.92096   342.50674   341.09253   339.67831   338.26410   336.84988   335.43567   334.02148   332.60724   331.19302   329.77881   328.36459   326.95038   325.53616   324.12195   322.70776   321.29352   319.87933   318.46512   317.05087   315.63669   314.22244   312.80826   311.39404   309.97983   308.56561   307.15143   305.73718   304.32300   302.90875   301.49457   300.08032   298.66614   297.25189   295.83771   294.42346   293.00928   291.59506   290.18085   288.76663   293.00925   297.25186   301.49451   305.73715   309.97980   314.22241   318.46509   322.70770   326.95038   331.19299   335.43564   339.67828   343.92090   348.16357   352.40619   356.64886   360.89148   365.13416   369.37674   373.61945   377.86203   382.10468   386.34732   390.58997   394.83261   399.07526   403.31787   407.56055   411.80316   416.04581   420.28845   424.53113   428.77374   433.01639   437.25903   441.50165   445.74432   449.98694   454.22958   458.47220   462.71484   466.95746   471.20016   475.44278   479.68542   483.92804   488.17068   492.41339   496.65601   500.89862   505.14127   509.38391   513.62659   517.86920   522.11182   526.35449   530.59711   534.83972   539.08240   543.32501   547.56769   551.81030   556.05292   560.29559   564.53827   568.78088   573.02350   577.26611   581.50879   585.75146   589.99408   594.23669   598.47937   602.72198   606.96466   611.20728   615.44995   619.69257     0.00000     0.00000     0.00000     0.00000     0.00000     0.00000     0.00000     0.00000     0.00000     0.00000     0.00000     0.00000     0.00000     0.00000     0.00000     0.00000     0.00000     0.00000
     0.00000     0.00000     0.00000     0.00000     0.00000     0.00000     0.00000     0.00000     0.00000     0.00000     0.00000     0.00000     0.00000     0.00000     0.00000     0.00000     0.00000     0.00000     0.00000   -62.03813   -62.03106   -62.02398   -62.01691   -62.00984   -62.00277   444.33014   442.91589   441.50168   440.08746   438.67328   437.25903   435.84485   434.43060   433.01642   431.60220   430.18799   428.77377   427.35956   425.94534   424.53113   423.11694   421.70270   420.28851   418.87427   417.46005   416.04584   414.63159   413.21741   411.80316   410.38898   408.97479   407.56055   406.14636   404.73212   403.31793   401.90372   400.48950   399.07529   397.66107   396.24686   394.83264   393.41846   392.00421   390.59000   389.17578   387.76157   386.34735   384.93314   383.51892   382.10471   380.69049   379.27631   377.86206   376.44788   375.03366   373.61945   372.20523   370.79102   369.37683   367.96259   366.54837   365.13416   363.71994   362.30573   360.89151   359.47729   358.06311   356.64886   355.23468   353.82043   352.40625   350.99200   349.57782   348.16360   346.74939   345.33517   343.92096   342.50674   341.09253   339.67831   338.26410   336.84988   335.43567   334.02145   332.60724   331.19302   329.77881   328.36459   326.95038   325.53619   324.12195   322.70773   321.29355   319.87930   318.46512   317.05087   315.63669   314.22247   312.80826   311.39404   309.97986   308.56561   307.15143   305.73715   304.32300   302.90875   301.49457   300.08032   298.66614   297.25189   295.83771   294.42349   293.00925   291.59506   295.83768   300.08029   304.32294   308.56558   312.80823   317.05084   321.29352   325.53613   329.77881   334.02142   338.26404   342.50671   346.74933   350.99200   355.23462   359.47729   363.71991   367.96259   372.20517   376.44785   380.69046   384.93311   389.17575   393.41840   397.66104   401.90369   406.14630   410.38898   414.63159   418.87424   423.11688   427.35956   431.60217   435.84482   440.08746   444.33005   448.57275   452.81537   457.05801   461.30063   465.54327   469.78589   474.02859   478.27121   482.51385   486.75647   490.99911   495.24182   499.48444   503.72705   507.96970   512.21234   516.45502   520.69763   524.94031   529.18292   533.42554   537.66815   541.91083   546.15344   550.39612   554.63873   558.88135   563.12402   567.36670   571.60931   575.85193   580.09460   584.33722   588.57990   592.82251   597.06519   601.30780   605.55042   609.79309   614.03577     0.00000     0.00000     0.00000     0.00000     0.00000     0.00000     0.00000     0.00000     0.00000     0.00000     0.00000     0.00000     0.00000     0.00000     0.00000     0.00000     0.00000     0.00000     0.00000
     0.00000     0.00000     0.00000     0.00000     0.00000     0.00000     0.00000     0.00000     0.00000     0.00000     0.00000     0.00000     0.00000     0.00000     0.00000     0.00000     0.00000     0.00000     0.00000     0.00000   -62.02398   -62.01691   -62.00984   -62.00277   449.98700   448.57272   447.15854   445.74432   444.33011   442.91589   441.50171   440.08746   438.67328   437.25903   435.84485   434.43063   433.01642   431.60220   430.18799   428.77377   427.35956   425.94537   424.53113   423.11694   421.70270   420.28845   418.87427   417.46002   416.04584   414.63159   413.21741   411.80322   410.38898   408.97479   407.56055   406.14636   404.73215   403.31793   401.90372   400.48950   399.07529   397.66107   396.24686   394.83264   393.41843   392.00421   390.58997   389.17578   387.76157   386.34735   384.93314   383.51892   382.10474   380.69049   379.27631   377.86209   376.44788   375.03366   373.61945   372.20523   370.79102   369.37680   367.96259   366.54837   365.13416   363.71994   362.30573   360.89154   359.47729   358.06308   356.64886   355.23468   353.82043   352.40625   350.99203   349.57782   348.16360   346.74939   345.33517   343.92096   342.50671   341.09253   339.67831   338.26410   336.84988   335.43567   334.02145   332.60724   331.19305   329.77881   328.36462   326.95038   325.53616   324.12198   322.70773   321.29355   319.87930   318.46512   317.05090   315.63669   314.22247   312.80829   311.39401   309.97986   308.56558   307.15143   305.73718   304.32300   302.90875   301.49457   300.08032   298.66611   297.25192   295.83768   294.42349   298.66611   302.90872   307.15137   311.39401   315.63666   319.87927   324.12195   328.36456   332.60721   336.84985   341.09247   345.33514   349.57776   353.82043   358.06305   362.30573   366.54834   370.79099   375.03360   379.27628   383.51889   387.76154   392.00418   396.24683   400.48947   404.73212   408.97473   413.21741   417.46002   421.70267   425.94531   430.18799   434.43060   438.67322   442.91586   447.15848   451.40118   455.64380   459.88644   464.12906   468.37170   472.61432   476.85703   481.09964   485.34229   489.58490   493.82755   498.07025   502.31287   506.55548   510.79813   515.04077   519.28345   523.52606   527.76868   532.01129   536.25397   540.49658   544.73926   548.98187   553.22455   557.46716   561.70978   565.95245   570.19513   574.43774   578.68036   582.92297   587.16565   591.40833   595.65094   599.89355   604.13623   608.37885     0.00000     0.00000     0.00000     0.00000     0.00000     0.00000     0.00000     0.00000     0.00000     0.00000     0.00000     0.00000     0.00000     0.00000     0.00000     0.00000     0.00000     0.00000     0.00000     0.00000
     0.00000     0.00000     0.00000     0.00000     0.00000     0.00000     0.00000     0.00000     0.00000     0.00000     0.00000     0.00000     0.00000     0.00000     0.00000     0.00000     0.00000     0.00000     0.00000     0.00000     0.00000   -62.00984   -62.00277   455.64386   454.22958   452.81540   451.40115   449.98697   448.57275   447.15854   445.74432   444.33014   442.91589   441.50171   440.08746   438.67328   437.25906   435.84485   434.43063   433.01642   431.60217   430.18799   428.77380   427.35956   425.94534   424.53113   423.11688   421.70270   420.28845   418.87427   417.46002   416.04584   414.63165   413.21741   411.80322   410.38898   408.97479   407.56058   406.14636   404.73215   403.31790   401.90369   400.48950   399.07529   397.66107   396.24683   394.83264   393.41840   392.00421   390.59000   389.17578   387.76157   386.34735   384.93317   383.51892   382.10474   380.69052   379.27631   377.86206   376.44788   375.03366   373.61945   372.20523   370.79102   369.37680   367.96259   366.54837   365.13416   363.71994   362.30573   360.89151   359.47729   358.06311   356.64886   355.23468   353.82047   352.40625   350.99203   349.57782   348.16357   346.74939   345.33514   343.92096   342.50674   341.09253   339.67831   338.26410   336.84991   335.43567   334.02145   332.60724   331.19305   329.77881   328.36459   326.95041   325.53616   324.12198   322.70773   321.29355   319.87933   318.46512   317.05087   315.63672   314.22244   312.80829   311.39401   309.97986   308.56561   307.15143   305.73718   304.32297   302.90875   301.49454   300.08035   298.66611   297.25192   301.49454   305.73715   309.97980   314.22244   318.46509   322.70770   326.95035   331.19299   335.43564   339.67828   343.92090   348.16357   352.40619   356.64886   360.89148   365.13412   369.37677   373.61942   377.86203   382.10471   386.34732   390.58997   394.83261   399.07526   403.31790   407.56055   411.80316   416.04584   420.28845   424.53110   428.77374   433.01639   437.25903   441.50165   445.74429   449.98691   454.22961   458.47223   462.71487   466.95749   471.20013   475.44275   479.68546   483.92807   488.17072   492.41333   496.65598   500.89868   505.14130   509.38391   513.62659   517.86920   522.11182   526.35449   530.59711   534.83972   539.08240   543.32501   547.56769   551.81030   556.05298   560.29559   564.53821   568.78088   573.02356   577.26617   581.50879   585.75146   589.99408   594.23676   598.47937   602.72205     0.00000     0.00000     0.00000     0.00000     0.00000     0.00000     0.00000     0.00000     0.00000     0.00000     0.00000     0.00000     0.00000     0.00000     0.00000     0.00000     0.00000     0.00000     0.00000     0.00000     0.00000
     0.00000     0.00000     0.00000     0.00000     0.00000     0.00000     0.00000     0.00000     0.00000     0.00000     0.00000     0.00000     0.00000     0.00000     0.00000     0.00000     0.00000     0.00000     0.00000     0.00000     0.00000     0.00000   461.30066   459.88644   458.47226   457.05801   455.64383   454.22958   452.81540   451.40118   449.98697   448.57275   447.15857   445.74432   444.33014   442.91589   441.50171   440.08749   438.67328   437.25903   435.84485   434.43060   433.01642   431.60220   430.18796   428.77377   427.35956   425.94531   424.53113   423.11688   421.70270   420.28845   418.87427   417.46008   416.04584   414.63165   413.21741   411.80322   410.38901   408.97479   407.56055   406.14633   404.73212   403.31793   401.90369   400.48950   399.07526   397.66107   396.24683   394.83264   393.41843   392.00421   390.59000   389.17578   387.76160   386.34735   384.93317   383.51892   382.10474   380.69049   379.27631   377.86209   376.44788   375.03366   373.61945   372.20523   370.79102   369.37677   367.96259   366.54837   365.13416   363.71994   362.30573   360.89154   359.47729   358.06311   356.64890   355.23468   353.82043   352.40625   350.99200   349.57782   348.16357   346.74939   345.33517   343.92093   342.50677   341.09253   339.67831   338.26410   336.84988   335.43567   334.02148   332.60724   331.19302   329.77884   328.36459   326.95041   325.53616   324.12198   322.70773   321.29355   319.87930   318.46515   317.05087   315.63672   314.22244   312.80829   311.39404   309.97983   308.56561   307.15140   305.73718   304.32297   302.90878   301.49454   300.08035   304.32297   308.56558   312.80823   317.05087   321.29349   325.53613   329.77878   334.02142   338.26407   342.50671   346.74933   350.99200   355.23462   359.47726   363.71991   367.96255   372.20520   376.44785   380.69046   384.93314   389.17575   393.41840   397.66104   401.90369   406.14633   410.38898   414.63159   418.87427   423.11688   427.35950   431.60214   435.84482   440.08746   444.33008   448.57272   452.81534   457.05804   461.30066   465.54330   469.78592   474.02856   478.27118   482.51389   486.75650   490.99915   495.24176   499.48441   503.72711   507.96973   512.21234   516.45496   520.69757   524.94031   529.18292   533.42554   537.66815   541.91083   546.15344   550.39612   554.63873   558.88141   563.12402   567.36664   571.60931   575.85199   580.09460   584.33722   588.57983   592.82251   597.06519     0.00000     0.00000     0.00000     0.00000     0.00000     0.00000     0.00000     0.00000     0.00000     0.00000     0.00000     0.00000     0.00000     0.00000     0.00000     0.00000     0.00000     0.00000     0.00000     0.00000     0.00000     0.00000
     0.00000     0.00000     0.00000     0.00000     0.00000     0.00000     0.00000     0.00000     0.00000     0.00000     0.00000     0.00000     0.00000     0.00000     0.00000     0.00000     0.00000     0.00000     0.00000     0.00000     0.00000     0.00000     0.00000   464.12909   462.71487   461.30069   459.88644   458.47226   457.05801   455.64383   454.22961   452.81540   451.40118   449.98700   448.57275   447.15857   445.74432   444.33014   442.91589   441.50171   440.08746   438.67328   437.25903   435.84482   434.43063   433.01639   431.60220   430.18799   428.77374   427.35956   425.94531   424.53113   423.11688   421.70270   420.28851   418.87427   417.46008   416.04584   414.63162   413.21741   411.80322   410.38898   408.97476   407.56055   406.14636   404.73212   403.31793   401.90369   400.48950   399.07526   397.66107   396.24686   394.83264   393.41843   392.00421   390.59003   389.17578   387.76157   386.34735   384.93317   383.51892   382.10474   380.69052   379.27631   377.86209   376.44788   375.03363   373.61945   372.20520   370.79102   369.37680   367.96259   366.54837   365.13416   363.71997   362.30573   360.89154   359.47729   358.06308   356.64886   355.23468   353.82043   352.40625   350.99200   349.57779   348.16364   346.74936   345.33517   343.92096   342.50674   341.09253   339.67831   338.26410   336.84991   335.43567   334.02145   332.60727   331.19302   329.77884   328.36456   326.95041   325.53616   324.12198   322.70773   321.29358   319.87930   318.46515   317.05087   315.63669   314.22247   312.80826   311.39404   309.97983   308.56561   307.15140   305.73721   304.32297   302.90878   307.15140   311.39401   315.63663   319.87930   324.12192   328.36456   332.60721   336.84985   341.09250   345.33514   349.57776   353.82040   358.06305   362.30569   366.54834   370.79099   375.03363   379.27628   383.51889   387.76157   392.00418   396.24683   400.48947   404.73212   408.97476   413.21741   417.46002   421.70267   425.94531   430.18793   434.43057   438.67325   442.91589   447.15851   451.40115   455.64377   459.88647   464.12909   468.37173   472.61435   476.85699   481.09961   485.34232   489.58493   493.82758   498.07019   502.31284   506.55554   510.79813   515.04077   519.28339   523.52600   527.76868   532.01135   536.25397   540.49658   544.73926   548.98187   553.22455   557.46716   561.70984   565.95245   570.19507   574.43774   578.68042   582.92303   587.16565   591.40833     0.00000     0.00000     0.00000     0.00000     0.00000     0.00000     0.00000     0.00000     0.00000     0.00000     0.00000     0.00000     0.00000     0.00000     0.00000     0.00000     0.00000     0.00000     0.00000     0.00000     0.00000     0.00000     0.00000
     0.00000     0.00000     0.00000     0.00000     0.00000     0.00000     0.00000     0.00000     0.00000     0.00000     0.00000     0.00000     0.00000     0.00000     0.00000     0.00000     0.00000     0.00000     0.00000     0.00000     0.00000     0.00000     0.00000     0.00000   466.95752   465.54330   464.12912   462.71487   461.30069   459.88644   458.47226   457.05804   455.64383   454.22961   452.81543   451.40118   449.98700   448.57275   447.15857   445.74432   444.33014   442.91589   441.50168   440.08746   438.67325   437.25906   435.84482   434.43063   433.01642   431.60217   430.18799   428.77374   427.35956   425.94531   424.53113   423.11694   421.70270   420.28848   418.87427   417.46005   416.04584   414.63165   413.21741   411.80316   410.38898   408.97479   407.56055   406.14636   404.73212   403.31793   401.90369   400.48950   399.07529   397.66107   396.24686   394.83264   393.41843   392.00421   390.59000   389.17578   387.76160   386.34735   384.93317   383.51895   382.10474   380.69049   379.27631   377.86206   376.44788   375.03363   373.61945   372.20523   370.79102   369.37680   367.96259   366.54840   365.13416   363.71994   362.30573   360.89151   359.47729   358.06311   356.64886   355.23465   353.82047   352.40622   350.99203   349.57779   348.16360   346.74939   345.33517   343.92096   342.50674   341.09253   339.67834   338.26410   336.84988   335.43570   334.02142   332.60727   331.19299   329.77884   328.36459   326.95041   325.53616   324.12201   322.70773   321.29355   319.87930   318.46512   317.05090   315.63669   314.22247   312.80826   311.39404   309.97983   308.56564   307.15140   305.73721   309.97980   314.22244   318.46506   322.70773   326.95035   331.19299   335.43564   339.67828   343.92093   348.16354   352.40619   356.64883   360.89148   365.13412   369.37677   373.61942   377.86206   382.10471   386.34732   390.59000   394.83261   399.07526   403.31790   407.56055   411.80319   416.04581   420.28845   424.53110   428.77374   433.01636   437.25900   441.50168   445.74432   449.98694   454.22958   458.47220   462.71490   466.95752   471.20016   475.44278   479.68542   483.92804   488.17075   492.41336   496.65601   500.89862   505.14124   509.38391   513.62659   517.86920   522.11182   526.35443   530.59717   534.83978   539.08240   543.32501   547.56769   551.81030   556.05298   560.29559   564.53827   568.78088   573.02350   577.26617   581.50885   585.75146     0.00000     0.00000     0.00000     0.00000     0.00000     0.00000     0.00000     0.00000     0.00000     0.00000     0.00000     0.00000     0.00000     0.00000     0.00000     0.00000     0.00000     0.00000     0.00000     0.00000     0.00000     0.00000     0.00000     0.00000
     0.00000     0.00000     0.00000     0.00000     0.00000     0.00000     0.00000     0.00000     0.00000     0.00000     0.00000     0.00000     0.00000     0.00000     0.00000     0.00000     0.00000     0.00000     0.00000     0.00000     0.00000     0.00000     0.00000     0.00000     0.00000   469.78595   468.37173   466.95755   465.54330   464.12912   462.71487   461.30069   459.88647   458.47226   457.05804   455.64386   454.22961   452.81543   451.40118   449.98700   448.57275   447.15854   445.74432   444.33011   442.91589   441.50168   440.08749   438.67325   437.25906   435.84485   434.43060   433.01642   431.60217   430.18799   428.77374   427.35956   425.94534   424.53113   423.11691   421.70270   420.28848   418.87427   417.46008   416.04584   414.63159   413.21741   411.80322   410.38898   408.97479   407.56055   406.14636   404.73212   403.31793   401.90372   400.48950   399.07526   397.66107   396.24686   394.83264   393.41843   392.00421   390.59003   389.17578   387.76160   386.34735   384.93317   383.51892   382.10474   380.69049   379.27631   377.86206   376.44788   375.03366   373.61945   372.20523   370.79102   369.37680   367.96259   366.54837   365.13416   363.71994   362.30573   360.89151   359.47733   358.06308   356.64886   355.23465   353.82047   352.40622   350.99203   349.57782   348.16360   346.74939   345.33517   343.92096   342.50677   341.09253   339.67828   338.26413   336.84985   335.43570   334.02142   332.60727   331.19302   329.77884   328.36459   326.95041   325.53616   324.12198   322.70773   321.29355   319.87933   318.46512   317.05090   315.63669   314.22247   312.80826   311.39407   309.97980   308.56564   312.80823   317.05087   321.29349   325.53616   329.77878   334.02142   338.26407   342.50668   346.74936   350.99197   355.23462   359.47726   363.71991   367.96255   372.20520   376.44785   380.69049   384.93314   389.17575   393.41843   397.66104   401.90369   406.14633   410.38895   414.63159   418.87424   423.11688   427.35953   431.60217   435.84479   440.08743   444.33011   448.57275   452.81537   457.05801   461.30063   465.54333   469.78595   474.02859   478.27121   482.51385   486.75647   490.99918   495.24179   499.48441   503.72705   507.96967   512.21234   516.45496   520.69763   524.94025   529.18286   533.42554   537.66821   541.91083   546.15344   550.39612   554.63873   558.88141   563.12402   567.36670   571.60931   575.85193   580.09460     0.00000     0.00000     0.00000     0.00000     0.00000     0.00000     0.00000     0.00000     0.00000     0.00000     0.00000     0.00000     0.00000     0.00000     0.00000     0.00000     0.00000     0.00000     0.00000     0.00000     0.00000     0.00000     0.00000     0.00000     0.00000
     0.00000     0.00000     0.00000     0.00000     0.00000     0.00000     0.00000     0.00000     0.00000     0.00000     0.00000     0.00000     0.00000     0.00000     0.00000     0.00000     0.00000     0.00000     0.00000     0.00000     0.00000     0.00000     0.00000     0.00000     0.00000     0.00000   472.61438   471.20016   469.78598   468.37173   466.95755   465.54330   464.12912   462.71490   461.30066   459.88647   458.47229   457.05804   455.64386   454.22958   452.81540   451.40118   449.98697   448.57275   447.15854   445.74432   444.33011   442.91592   441.50168   440.08749   438.67328   437.25903   435.84485   434.43060   433.01642   431.60217   430.18799   428.77377   427.35956   425.94534   424.53110   423.11688   421.70270   420.28851   418.87427   417.46002   416.04584   414.63165   413.21741   411.80322   410.38898   408.97479   407.56055   406.14636   404.73212   403.31793   401.90369   400.48950   399.07529   397.66107   396.24686   394.83264   393.41846   392.00421   390.59000   389.17578   387.76160   386.34735   384.93317   383.51892   382.10474   380.69049   379.27631   377.86209   376.44788   375.03363   373.61945   372.20523   370.79102   369.37680   367.96259   366.54834   365.13419   363.71994   362.30573   360.89151   359.47729   358.06308   356.64890   355.23465   353.82047   352.40625   350.99203   349.57782   348.16360   346.74939   345.33514   343.92096   342.50671   341.09256   339.67828   338.26413   336.84985   335.43570   334.02145   332.60724   331.19302   329.77884   328.36459   326.95041   325.53616   324.12198   322.70776   321.29355   319.87933   318.46512   317.05090   315.63666   314.22250   312.80823   311.39407   315.63666   319.87930   324.12192   328.36459   332.60721   336.84982   341.09250   345.33511   349.57779   353.82040   358.06305   362.30569   366.54834   370.79099   375.03363   379.27628   383.51892   387.76157   392.00418   396.24686   400.48947   404.73209   408.97473   413.21738   417.46002   421.70267   425.94531   430.18796   434.43060   438.67322   442.91586   447.15854   451.40118   455.64380   459.88644   464.12906   468.37177   472.61438   476.85703   481.09964   485.34229   489.58490   493.82758   498.07019   502.31284   506.55548   510.79810   515.04077   519.28345   523.52606   527.76868   532.01129   536.25403   540.49664   544.73926   548.98187   553.22455   557.46716   561.70984   565.95245   570.19513   574.43774     0.00000     0.00000     0.00000     0.00000     0.00000     0.00000     0.00000     0.00000     0.00000     0.00000     0.00000     0.00000     0.00000     0.00000     0.00000     0.00000     0.00000     0.00000     0.00000     0.00000     0.00000     0.00000     0.00000     0.00000     0.00000     0.00000
     0.00000     0.00000     0.00000     0.00000     0.00000     0.00000     0.00000     0.00000     0.00000     0.00000     0.00000     0.00000     0.00000     0.00000     0.00000     0.00000     0.00000     0.00000     0.00000     0.00000     0.00000     0.00000     0.00000     0.00000     0.00000     0.00000     0.00000   475.44281   474.02859   472.61441   471.20016   469.78598   468.37173   466.95752   465.54333   464.12909   462.71490   461.30072   459.88644   458.47226   457.05801   455.64383   454.22961   452.81540   451.40118   449.98697   448.57275   447.15854   445.74435   444.33011   442.91592   441.50171   440.08746   438.67328   437.25903   435.84485   434.43060   433.01642   431.60220   430.18796   428.77374   427.35953   425.94531   424.53113   423.11694   421.70270   420.28845   418.87427   417.46008   416.04584   414.63165   413.21741   411.80319   410.38898   408.97479   407.56055   406.14636   404.73212   403.31793   401.90372   400.48950   399.07529   397.66107   396.24686   394.83264   393.41843   392.00421   390.59003   389.17578   387.76160   386.34735   384.93317   383.51892   382.10471   380.69049   379.27631   377.86206   376.44788   375.03366   373.61945   372.20520   370.79105   369.37677   367.96259   366.54837   365.13416   363.71994   362.30573   360.89151   359.47733   358.06308   356.64890   355.23468   353.82047   352.40625   350.99200   349.57782   348.16357   346.74939   345.33514   343.92099   342.50671   341.09256   339.67828   338.26410   336.84988   335.43567   334.02145   332.60727   331.19302   329.77884   328.36459   326.95041   325.53619   324.12198   322.70776   321.29352   319.87933   318.46509   317.05093   315.63666   314.22250   318.46509   322.70773   326.95035   331.19299   335.43564   339.67825   343.92093   348.16354   352.40622   356.64883   360.89148   365.13412   369.37677   373.61942   377.86206   382.10471   386.34735   390.59000   394.83261   399.07526   403.31787   407.56052   411.80316   416.04581   420.28845   424.53110   428.77374   433.01639   437.25903   441.50165   445.74429   449.98697   454.22961   458.47223   462.71487   466.95749   471.20020   475.44281   479.68546   483.92807   488.17068   492.41333   496.65601   500.89862   505.14127   509.38391   513.62653   517.86920   522.11182   526.35449   530.59711   534.83972   539.08240   543.32507   547.56769   551.81030   556.05298   560.29559   564.53827   568.78088     0.00000     0.00000     0.00000     0.00000     0.00000     0.00000     0.00000     0.00000     0.00000     0.00000     0.00000     0.00000     0.00000     0.00000     0.00000     0.00000     0.00000     0.00000     0.00000     0.00000     0.00000     0.00000     0.00000     0.00000     0.00000     0.00000     0.00000
     0.00000     0.00000     0.00000     0.00000     0.00000     0.00000     0.00000     0.00000     0.00000     0.00000     0.00000     0.00000     0.00000     0.00000     0.00000     0.00000     0.00000     0.00000     0.00000     0.00000     0.00000     0.00000     0.00000     0.00000     0.00000     0.00000     0.00000     0.00000   478.27124   476.85703   475.44284   474.02859   472.61438   471.20013   469.78595   468.37177   466.95752   465.54330   464.12912   462.71487   461.30069   459.88644   458.47226   457.05804   455.64383   454.22961   452.81540   451.40118   449.98697   448.57278   447.15854   445.74435   444.33014   442.91589   441.50171   440.08746   438.67328   437.25903   435.84482   434.43060   433.01639   431.60217   430.18796   428.77374   427.35956   425.94537   424.53113   423.11688   421.70270   420.28851   418.87427   417.46005   416.04584   414.63162   413.21741   411.80322   410.38898   408.97479   407.56055   406.14636   404.73215   403.31793   401.90369   400.48950   399.07529   397.66107   396.24686   394.83264   393.41846   392.00421   390.59003   389.17578   387.76157   386.34735   384.93314   383.51892   382.10474   380.69049   379.27631   377.86206   376.44788   375.03363   373.61945   372.20520   370.79102   369.37680   367.96259   366.54837   365.13416   363.71994   362.30576   360.89151   359.47733   358.06311   356.64886   355.23468   353.82043   352.40625   350.99200   349.57782   348.16357   346.74942   345.33514   343.92096   342.50671   341.09253   339.67831   338.26410   336.84988   335.43570   334.02145   332.60727   331.19302   329.77884   328.36462   326.95038   325.53619   324.12195   322.70776   321.29352   319.87936   318.46509   317.05093   321.29352   325.53613   329.77878   334.02142   338.26407   342.50668   346.74936   350.99197   355.23465   359.47726   363.71991   367.96255   372.20520   376.44785   380.69049   384.93314   389.17578   393.41840   397.66101   401.90369   406.14630   410.38895   414.63159   418.87424   423.11688   427.35953   431.60217   435.84482   440.08746   444.33008   448.57272   452.81540   457.05804   461.30066   465.54330   469.78592   474.02863   478.27124   482.51385   486.75647   490.99911   495.24176   499.48444   503.72705   507.96970   512.21234   516.45496   520.69763   524.94031   529.18292   533.42554   537.66815   541.91089   546.15350   550.39612   554.63873   558.88141   563.12402     0.00000     0.00000     0.00000     0.00000     0.00000     0.00000     0.00000     0.00000     0.00000     0.00000     0.00000     0.00000     0.00000     0.00000     0.00000     0.00000     0.00000     0.00000     0.00000     0.00000     0.00000     0.00000     0.00000     0.00000     0.00000     0.00000     0.00000     0.00000
     0.00000     0.00000     0.00000     0.00000     0.00000     0.00000     0.00000     0.00000     0.00000     0.00000     0.00000     0.00000     0.00000     0.00000     0.00000     0.00000     0.00000     0.00000     0.00000     0.00000     0.00000     0.00000     0.00000     0.00000     0.00000     0.00000     0.00000     0.00000     0.00000   481.09967   479.68546   478.27124   476.85699   475.44281   474.02856   472.61438   471.20016   469.78595   468.37173   466.95755   465.54330   464.12912   462.71487   461.30069   459.88647   458.47226   457.05804   455.64383   454.22961   452.81540   451.40121   449.98697   448.57275   447.15854   445.74432   444.33014   442.91589   441.50168   440.08746   438.67325   437.25903   435.84482   434.43060   433.01639   431.60217   430.18799   428.77380   427.35956   425.94531   424.53113   423.11691   421.70270   420.28848   418.87427   417.46005   416.04584   414.63165   413.21741   411.80322   410.38898   408.97479   407.56055   406.14636   404.73212   403.31793   401.90372   400.48950   399.07529   397.66107   396.24689   394.83264   393.41843   392.00421   390.59000   389.17578   387.76157   386.34735   384.93317   383.51892   382.10474   380.69049   379.27628   377.86206   376.44788   375.03363   373.61945   372.20523   370.79102   369.37680   367.96259   366.54837   365.13419   363.71994   362.30573   360.89154   359.47729   358.06311   356.64886   355.23468   353.82043   352.40625   350.99200   349.57782   348.16357   346.74939   345.33514   343.92096   342.50674   341.09253   339.67831   338.26413   336.84988   335.43570   334.02145   332.60724   331.19305   329.77881   328.36462   326.95038   325.53619   324.12195   322.70779   321.29352   319.87933   324.12195   328.36456   332.60721   336.84985   341.09250   345.33511   349.57779   353.82040   358.06308   362.30569   366.54834   370.79099   375.03363   379.27628   383.51892   387.76154   392.00418   396.24683   400.48944   404.73212   408.97473   413.21738   417.46002   421.70267   425.94531   430.18796   434.43060   438.67325   442.91589   447.15851   451.40115   455.64383   459.88647   464.12909   468.37173   472.61435   476.85699   481.09964   485.34229   489.58490   493.82755   498.07019   502.31287   506.55548   510.79813   515.04077   519.28339   523.52606   527.76868   532.01135   536.25397   540.49658   544.73926   548.98193   553.22455   557.46716     0.00000     0.00000     0.00000     0.00000     0.00000     0.00000     0.00000     0.00000     0.00000     0.00000     0.00000     0.00000     0.00000     0.00000     0.00000     0.00000     0.00000     0.00000     0.00000     0.00000     0.00000     0.00000     0.00000     0.00000     0.00000     0.00000     0.00000     0.00000     0.00000
     0.00000     0.00000     0.00000     0.00000     0.00000     0.00000     0.00000     0.00000     0.00000     0.00000     0.00000     0.00000     0.00000     0.00000     0.00000     0.00000     0.00000     0.00000     0.00000     0.00000     0.00000     0.00000     0.00000     0.00000     0.00000     0.00000     0.00000     0.00000     0.00000     0.00000   483.92810   482.51385   481.09967   479.68542   478.27124   476.85699   475.44281   474.02859   472.61438   471.20016   469.78598   468.37173   466.95755   465.54330   464.12912   462.71490   461.30069   459.88647   458.47226   457.05804   455.64383   454.22961   452.81537   451.40118   449.98697   448.57275   447.15854   445.74432   444.33011   442.91589   441.50168   440.08746   438.67325   437.25903   435.84482   434.43060   433.01642   431.60223   430.18799   428.77374   427.35956   425.94534   424.53113   423.11691   421.70270   420.28848   418.87427   417.46008   416.04584   414.63162   413.21741   411.80322   410.38898   408.97479   407.56055   406.14636   404.73215   403.31793   401.90372   400.48950   399.07529   397.66107   396.24686   394.83264   393.41843   392.00421   390.59000   389.17578   387.76160   386.34735   384.93314   383.51892   382.10471   380.69049   379.27631   377.86206   376.44788   375.03366   373.61945   372.20523   370.79102   369.37680   367.96259   366.54837   365.13416   363.71997   362.30573   360.89154   359.47729   358.06311   356.64886   355.23465   353.82043   352.40625   350.99200   349.57782   348.16357   346.74939   345.33517   343.92096   342.50674   341.09256   339.67831   338.26410   336.84988   335.43567   334.02148   332.60724   331.19305   329.77881   328.36462   326.95038   325.53619   324.12195   322.70776   326.95038   331.19299   335.43564   339.67828   343.92093   348.16354   352.40622   356.64883   360.89151   365.13412   369.37677   373.61942   377.86206   382.10468   386.34732   390.58997   394.83261   399.07526   403.31787   407.56055   411.80316   416.04581   420.28845   424.53110   428.77374   433.01639   437.25903   441.50168   445.74432   449.98694   454.22958   458.47226   462.71490   466.95752   471.20013   475.44275   479.68542   483.92807   488.17072   492.41333   496.65598   500.89862   505.14130   509.38391   513.62653   517.86920   522.11182   526.35449   530.59717   534.83978   539.08240   543.32501   547.56775   551.81036     0.00000     0.00000     0.00000     0.00000     0.00000     0.00000     0.00000     0.00000     0.00000     0.00000     0.00000     0.00000     0.00000     0.00000     0.00000     0.00000     0.00000     0.00000     0.00000     0.00000     0.00000     0.00000     0.00000     0.00000     0.00000     0.00000     0.00000     0.00000     0.00000     0.00000
     0.00000     0.00000     0.00000     0.00000     0.00000     0.00000     0.00000     0.00000     0.00000     0.00000     0.00000     0.00000     0.00000     0.00000     0.00000     0.00000     0.00000     0.00000     0.00000     0.00000     0.00000     0.00000     0.00000     0.00000     0.00000     0.00000     0.00000     0.00000     0.00000     0.00000     0.00000   486.75653   485.34229   483.92810   482.51385   481.09967   479.68542   478.27124   476.85703   475.44281   474.02859   472.61441   471.20016   469.78598   468.37173   466.95755   465.54333   464.12912   462.71490   461.30069   459.88647   458.47223   457.05804   455.64380   454.22961   452.81537   451.40118   449.98697   448.57275   447.15854   445.74432   444.33011   442.91589   441.50168   440.08746   438.67325   437.25903   435.84485   434.43063   433.01642   431.60217   430.18799   428.77377   427.35956   425.94534   424.53113   423.11691   421.70270   420.28848   418.87427   417.46005   416.04584   414.63165   413.21741   411.80322   410.38898   408.97479   407.56058   406.14636   404.73212   403.31793   401.90372   400.48950   399.07529   397.66107   396.24686   394.83264   393.41846   392.00421   390.59000   389.17578   387.76157   386.34735   384.93314   383.51892   382.10474   380.69049   379.27631   377.86209   376.44788   375.03366   373.61942   372.20523   370.79102   369.37680   367.96259   366.54840   365.13416   363.71997   362.30573   360.89151   359.47729   358.06308   356.64886   355.23468   353.82043   352.40625   350.99200   349.57782   348.16360   346.74939   345.33517   343.92096   342.50674   341.09253   339.67831   338.26410   336.84991   335.43567   334.02148   332.60724   331.19302   329.77881   328.36462   326.95038   325.53619   329.77881   334.02142   338.26407   342.50671   346.74936   350.99197   355.23465   359.47726   363.71994   367.96255   372.20520   376.44781   380.69046   384.93311   389.17575   393.41840   397.66104   401.90369   406.14630   410.38898   414.63159   418.87424   423.11688   427.35953   431.60217   435.84482   440.08746   444.33011   448.57275   452.81537   457.05801   461.30069   465.54327   469.78592   474.02856   478.27118   482.51385   486.75650   490.99915   495.24176   499.48441   503.72705   507.96973   512.21234   516.45496   520.69763   524.94025   529.18292   533.42554   537.66821   541.91083   546.15344     0.00000     0.00000     0.00000     0.00000     0.00000     0.00000     0.00000     0.00000     0.00000     0.00000     0.00000     0.00000     0.00000     0.00000     0.00000     0.00000     0.00000     0.00000     0.00000     0.00000     0.00000     0.00000     0.00000     0.00000     0.00000     0.00000     0.00000     0.00000     0.00000     0.00000     0.00000
     0.00000     0.00000     0.00000     0.00000     0.00000     0.00000     0.00000     0.00000     0.00000     0.00000     0.00000     0.00000     0.00000     0.00000     0.00000     0.00000     0.00000     0.00000     0.00000     0.00000     0.00000     0.00000     0.00000     0.00000     0.00000     0.00000     0.00000     0.00000     0.00000     0.00000     0.00000     0.00000   489.58496   488.17072   486.75653   485.34229   483.92810   482.51385   481.09967   479.68546   478.27124   476.85703   475.44284   474.02859   472.61441   471.20016   469.78598   468.37177   466.95755   465.54333   464.12909   462.71490   461.30066   459.88647   458.47223   457.05804   455.64380   454.22961   452.81540   451.40118   449.98697   448.57275   447.15854   445.74432   444.33011   442.91589   441.50168   440.08746   438.67328   437.25906   435.84485   434.43060   433.01642   431.60220   430.18799   428.77377   427.35956   425.94531   424.53113   423.11691   421.70270   420.28848   418.87427   417.46008   416.04584   414.63165   413.21741   411.80322   410.38898   408.97479   407.56055   406.14636   404.73215   403.31793   401.90372   400.48950   399.07532   397.66107   396.24683   394.83264   393.41843   392.00421   390.59000   389.17578   387.76157   386.34735   384.93317   383.51892   382.10474   380.69052   379.27628   377.86209   376.44785   375.03366   373.61945   372.20523   370.79102   369.37683   367.96259   366.54837   365.13416   363.71994   362.30573   360.89151   359.47729   358.06311   356.64886   355.23468   353.82043   352.40625   350.99203   349.57779   348.16360   346.74939   345.33517   343.92096   342.50674   341.09253   339.67834   338.26410   336.84988   335.43567   334.02145   332.60724   331.19305   329.77881   328.36462   332.60724   336.84985   341.09250   345.33514   349.57779   353.82040   358.06308   362.30569   366.54837   370.79095   375.03360   379.27625   383.51889   387.76154   392.00418   396.24683   400.48947   404.73212   408.97473   413.21741   417.46002   421.70267   425.94531   430.18796   434.43060   438.67325   442.91589   447.15854   451.40118   455.64380   459.88641   464.12909   468.37170   472.61435   476.85699   481.09961   485.34229   489.58493   493.82758   498.07019   502.31284   506.55548   510.79816   515.04077   519.28339   523.52606   527.76868   532.01135   536.25403   540.49664     0.00000     0.00000     0.00000     0.00000     0.00000     0.00000     0.00000     0.00000     0.00000     0.00000     0.00000     0.00000     0.00000     0.00000     0.00000     0.00000     0.00000     0.00000     0.00000     0.00000     0.00000     0.00000     0.00000     0.00000     0.00000     0.00000     0.00000     0.00000     0.00000     0.00000     0.00000     0.00000
     0.00000     0.00000     0.00000     0.00000     0.00000     0.00000     0.00000     0.00000     0.00000     0.00000     0.00000     0.00000     0.00000     0.00000     0.00000     0.00000     0.00000     0.00000     0.00000     0.00000     0.00000     0.00000     0.00000     0.00000     0.00000     0.00000     0.00000     0.00000     0.00000     0.00000     0.00000     0.00000     0.00000   492.41336   490.99915   489.58496   488.17072   486.75653   485.34229   483.92810   482.51389   481.09967   479.68546   478.27127   476.85703   475.44284   474.02859   472.61441   471.20020   469.78595   468.37177   466.95752   465.54333   464.12909   462.71490   461.30066   459.88647   458.47223   457.05804   455.64383   454.22961   452.81540   451.40118   449.98697   448.57275   447.15854   445.74432   444.33008   442.91589   441.50171   440.08749   438.67328   437.25903   435.84485   434.43063   433.01642   431.60217   430.18799   428.77374   427.35956   425.94534   424.53113   423.11691   421.70270   420.28851   418.87427   417.46008   416.04584   414.63165   413.21741   411.80322   410.38898   408.97479   407.56058   406.14636   404.73218   403.31793   401.90369   400.48950   399.07526   397.66107   396.24686   394.83264   393.41843   392.00421   390.59000   389.17578   387.76160   386.34735   384.93314   383.51895   382.10471   380.69052   379.27628   377.86209   376.44788   375.03366   373.61945   372.20523   370.79102   369.37680   367.96259   366.54837   365.13416   363.71994   362.30573   360.89154   359.47729   358.06311   356.64886   355.23465   353.82047   352.40622   350.99203   349.57782   348.16360   346.74939   345.33517   343.92096   342.50674   341.09253   339.67831   338.26410   336.84988   335.43567   334.02148   332.60724   331.19305   335.43567   339.67828   343.92093   348.16357   352.40622   356.64883   360.89151   365.13409   369.37677   373.61938   377.86203   382.10468   386.34732   390.58997   394.83261   399.07526   403.31790   407.56055   411.80316   416.04584   420.28845   424.53110   428.77374   433.01639   437.25903   441.50168   445.74432   449.98697   454.22955   458.47220   462.71484   466.95752   471.20013   475.44278   479.68542   483.92804   488.17072   492.41336   496.65601   500.89862   505.14127   509.38391   513.62659   517.86920   522.11182   526.35449   530.59711   534.83978     0.00000     0.00000     0.00000     0.00000     0.00000     0.00000     0.00000     0.00000     0.00000     0.00000     0.00000     0.00000     0.00000     0.00000     0.00000     0.00000     0.00000     0.00000     0.00000     0.00000     0.00000     0.00000     0.00000     0.00000     0.00000     0.00000     0.00000     0.00000     0.00000     0.00000     0.00000     0.00000     0.00000
     0.00000     0.00000     0.00000     0.00000     0.00000     0.00000     0.00000     0.00000     0.00000     0.00000     0.00000     0.00000     0.00000     0.00000     0.00000     0.00000     0.00000     0.00000     0.00000     0.00000     0.00000     0.00000     0.00000     0.00000     0.00000     0.00000     0.00000     0.00000     0.00000     0.00000     0.00000     0.00000     0.00000     0.00000   495.24179   493.82758   492.41339   490.99915   489.58496   488.17072   486.75653   485.34232   483.92810   482.51389   481.09970   479.68546   478.27127   476.85699   475.44281   474.02863   472.61438   471.20020   469.78595   468.37173   466.95752   465.54333   464.12909   462.71490   461.30066   459.88647   458.47226   457.05804   455.64383   454.22961   452.81540   451.40118   449.98694   448.57275   447.15851   445.74432   444.33014   442.91592   441.50171   440.08746   438.67328   437.25903   435.84485   434.43060   433.01642   431.60217   430.18799   428.77377   427.35956   425.94534   424.53113   423.11694   421.70270   420.28848   418.87427   417.46008   416.04584   414.63165   413.21741   411.80322   410.38904   408.97479   407.56055   406.14636   404.73212   403.31793   401.90369   400.48950   399.07529   397.66107   396.24686   394.83264   393.41843   392.00421   390.59000   389.17578   387.76157   386.34738   384.93314   383.51895   382.10471   380.69052   379.27631   377.86206   376.44788   375.03366   373.61945   372.20523   370.79102   369.37680   367.96259   366.54837   365.13416   363.71997   362.30573   360.89151   359.47729   358.06308   356.64890   355.23465   353.82047   352.40625   350.99203   349.57782   348.16357   346.74939   345.33517   343.92096   342.50674   341.09253   339.67831   338.26410   336.84991   335.43567   334.02148   338.26410   342.50671   346.74936   350.99200   355.23465   359.47723   363.71991   367.96252   372.20520   376.44781   380.69046   384.93311   389.17575   393.41840   397.66104   401.90369   406.14633   410.38898   414.63159   418.87427   423.11688   427.35953   431.60217   435.84482   440.08746   444.33011   448.57269   452.81537   457.05798   461.30063   465.54327   469.78595   474.02856   478.27121   482.51385   486.75647   490.99915   495.24179   499.48444   503.72705   507.96970   512.21234   516.45502   520.69763   524.94025   529.18292     0.00000     0.00000     0.00000     0.00000     0.00000     0.00000     0.00000     0.00000     0.00000     0.00000     0.00000     0.00000     0.00000     0.00000     0.00000     0.00000     0.00000     0.00000     0.00000     0.00000     0.00000     0.00000     0.00000     0.00000     0.00000     0.00000     0.00000     0.00000     0.00000     0.00000     0.00000     0.00000     0.00000     0.00000
     0.00000     0.00000     0.00000     0.00000     0.00000     0.00000     0.00000     0.00000     0.00000     0.00000     0.00000     0.00000     0.00000     0.00000     0.00000     0.00000     0.00000     0.00000     0.00000     0.00000     0.00000     0.00000     0.00000     0.00000     0.00000     0.00000     0.00000     0.00000     0.00000     0.00000     0.00000     0.00000     0.00000     0.00000     0.00000   498.07022   496.65601   495.24182   493.82758   492.41339   490.99915   489.58496   488.17075   486.75653   485.34232   483.92813   482.51385   481.09967   479.68542   478.27124   476.85706   475.44281   474.02859   472.61438   471.20016   469.78595   468.37177   466.95752   465.54333   464.12909   462.71490   461.30069   459.88647   458.47226   457.05801   455.64380   454.22961   452.81537   451.40118   449.98694   448.57275   447.15857   445.74435   444.33014   442.91589   441.50168   440.08746   438.67328   437.25903   435.84485   434.43060   433.01642   431.60220   430.18799   428.77377   427.35956   425.94534   424.53113   423.11691   421.70270   420.28851   418.87427   417.46005   416.04587   414.63165   413.21741   411.80322   410.38898   408.97479   407.56055   406.14636   404.73212   403.31793   401.90372   400.48950   399.07529   397.66107   396.24683   394.83264   393.41843   392.00421   390.59000   389.17581   387.76157   386.34738   384.93314   383.51892   382.10474   380.69049   379.27631   377.86209   376.44788   375.03366   373.61945   372.20523   370.79102   369.37680   367.96259   366.54837   365.13416   363.71994   362.30573   360.89151   359.47733   358.06308   356.64890   355.23468   353.82043   352.40625   350.99200   349.57782   348.16360   346.74939   345.33517   343.92096   342.50674   341.09253   339.67834   338.26410   336.84991   341.09253   345.33514   349.57779   353.82040   358.06305   362.30566   366.54834   370.79095   375.03363   379.27625   383.51889   387.76154   392.00418   396.24683   400.48947   404.73212   408.97476   413.21741   417.46002   421.70270   425.94531   430.18796   434.43060   438.67325   442.91586   447.15851   451.40112   455.64380   459.88641   464.12906   468.37170   472.61438   476.85699   481.09964   485.34229   489.58490   493.82758   498.07022   502.31287   506.55548   510.79813   515.04077   519.28345   523.52606     0.00000     0.00000     0.00000     0.00000     0.00000     0.00000     0.00000     0.00000     0.00000     0.00000     0.00000     0.00000     0.00000     0.00000     0.00000     0.00000     0.00000     0.00000     0.00000     0.00000     0.00000     0.00000     0.00000     0.00000     0.00000     0.00000     0.00000     0.00000     0.00000     0.00000     0.00000     0.00000     0.00000     0.00000     0.00000
     0.00000     0.00000     0.00000     0.00000     0.00000     0.00000     0.00000     0.00000     0.00000     0.00000     0.00000     0.00000     0.00000     0.00000     0.00000     0.00000     0.00000     0.00000     0.00000     0.00000     0.00000     0.00000     0.00000     0.00000     0.00000     0.00000     0.00000     0.00000     0.00000     0.00000     0.00000     0.00000     0.00000     0.00000     0.00000     0.00000   500.89865   499.48444   498.07025   496.65601   495.24182   493.82758   492.41339   490.99918   489.58496   488.17072   486.75653   485.34229   483.92810   482.51385   481.09967   479.68546   478.27124   476.85703   475.44281   474.02859   472.61438   471.20020   469.78595   468.37177   466.95752   465.54333   464.12912   462.71487   461.30066   459.88644   458.47223   457.05804   455.64380   454.22961   452.81537   451.40118   449.98700   448.57275   447.15854   445.74432   444.33011   442.91589   441.50171   440.08746   438.67328   437.25903   435.84485   434.43063   433.01642   431.60217   430.18799   428.77377   427.35956   425.94534   424.53113   423.11691   421.70273   420.28848   418.87427   417.46008   416.04584   414.63165   413.21741   411.80322   410.38898   408.97479   407.56055   406.14636   404.73215   403.31793   401.90369   400.48950   399.07526   397.66107   396.24686   394.83264   393.41843   392.00424   390.59000   389.17578   387.76157   386.34735   384.93317   383.51892   382.10474   380.69052   379.27631   377.86209   376.44788   375.03366   373.61945   372.20520   370.79102   369.37680   367.96259   366.54837   365.13416   363.71994   362.30576   360.89151   359.47729   358.06311   356.64886   355.23468   353.82043   352.40625   350.99203   349.57782   348.16360   346.74939   345.33517   343.92096   342.50677   341.09253   339.67834   343.92096   348.16354   352.40619   356.64883   360.89148   365.13409   369.37677   373.61938   377.86206   382.10468   386.34732   390.58997   394.83261   399.07526   403.31790   407.56055   411.80319   416.04584   420.28845   424.53113   428.77374   433.01639   437.25900   441.50165   445.74429   449.98694   454.22955   458.47223   462.71484   466.95749   471.20013   475.44281   479.68542   483.92807   488.17072   492.41333   496.65601   500.89865   505.14130   509.38391   513.62653   517.86920     0.00000     0.00000     0.00000     0.00000     0.00000     0.00000     0.00000     0.00000     0.00000     0.00000     0.00000     0.00000     0.00000     0.00000     0.00000     0.00000     0.00000     0.00000     0.00000     0.00000     0.00000     0.00000     0.00000     0.00000     0.00000     0.00000     0.00000     0.00000     0.00000     0.00000     0.00000     0.00000     0.00000     0.00000     0.00000     0.00000
     0.00000     0.00000     0.00000     0.00000     0.00000     0.00000     0.00000     0.00000     0.00000     0.00000     0.00000     0.00000     0.00000     0.00000     0.00000     0.00000     0.00000     0.00000     0.00000     0.00000     0.00000     0.00000     0.00000     0.00000     0.00000     0.00000     0.00000     0.00000     0.00000     0.00000     0.00000     0.00000     0.00000     0.00000     0.00000     0.00000     0.00000   503.72708   502.31287   500.89868   499.48444   498.07025   496.65601   495.24182   493.82758   492.41339   490.99915   489.58496   488.17072   486.75653   485.34229   483.92810   482.51389   481.09967   479.68546   478.27124   476.85703   475.44281   474.02863   472.61438   471.20020   469.78595   468.37173   466.95752   465.54330   464.12909   462.71487   461.30066   459.88647   458.47223   457.05804   455.64380   454.22961   452.81540   451.40118   449.98697   448.57275   447.15854   445.74432   444.33014   442.91589   441.50171   440.08746   438.67325   437.25903   435.84485   434.43060   433.01642   431.60220   430.18799   428.77374   427.35956   425.94534   424.53113   423.11691   421.70270   420.28851   418.87427   417.46008   416.04584   414.63165   413.21741   411.80322   410.38898   408.97479   407.56055   406.14636   404.73212   403.31793   401.90369   400.48950   399.07529   397.66107   396.24686   394.83264   393.41843   392.00421   390.59000   389.17578   387.76160   386.34735   384.93317   383.51895   382.10474   380.69052   379.27631   377.86206   376.44788   375.03363   373.61945   372.20523   370.79102   369.37680   367.96259   366.54837   365.13416   363.71994   362.30573   360.89154   359.47729   358.06311   356.64886   355.23468   353.82047   352.40625   350.99203   349.57782   348.16360   346.74939   345.33521   343.92096   342.50674   346.74936   350.99197   355.23462   359.47726   363.71991   367.96252   372.20520   376.44781   380.69049   384.93311   389.17575   393.41840   397.66104   401.90369   406.14633   410.38898   414.63162   418.87427   423.11688   427.35956   431.60214   435.84479   440.08743   444.33008   448.57272   452.81537   457.05798   461.30066   465.54327   469.78592   474.02856   478.27124   482.51385   486.75650   490.99915   495.24176   499.48444   503.72708   507.96973   512.21234     0.00000     0.00000     0.00000     0.00000     0.00000     0.00000     0.00000     0.00000     0.00000     0.00000     0.00000     0.00000     0.00000     0.00000     0.00000     0.00000     0.00000     0.00000     0.00000     0.00000     0.00000     0.00000     0.00000     0.00000     0.00000     0.00000     0.00000     0.00000     0.00000     0.00000     0.00000     0.00000     0.00000     0.00000     0.00000     0.00000     0.00000
     0.00000     0.00000     0.00000     0.00000     0.00000     0.00000     0.00000     0.00000     0.00000     0.00000     0.00000     0.00000     0.00000     0.00000     0.00000     0.00000     0.00000     0.00000     0.00000     0.00000     0.00000     0.00000     0.00000     0.00000     0.00000     0.00000     0.00000     0.00000     0.00000     0.00000     0.00000     0.00000     0.00000     0.00000     0.00000     0.00000     0.00000     0.00000   506.55551   505.14130   503.72711   502.31287   500.89868   499.48444   498.07025   496.65601   495.24182   493.82758   492.41339   490.99915   489.58496   488.17072   486.75653   485.34232   483.92810   482.51389   481.09967   479.68546   478.27124   476.85706   475.44281   474.02863   472.61438   471.20016   469.78595   468.37173   466.95752   465.54330   464.12909   462.71490   461.30066   459.88647   458.47223   457.05804   455.64383   454.22961   452.81540   451.40118   449.98697   448.57275   447.15857   445.74432   444.33011   442.91589   441.50168   440.08746   438.67328   437.25903   435.84485   434.43060   433.01642   431.60217   430.18799   428.77377   427.35956   425.94534   424.53113   423.11694   421.70270   420.28851   418.87427   417.46008   416.04584   414.63165   413.21741   411.80322   410.38898   408.97479   407.56055   406.14636   404.73212   403.31793   401.90372   400.48950   399.07529   397.66107   396.24686   394.83264   393.41843   392.00421   390.59003   389.17578   387.76160   386.34738   384.93317   383.51892   382.10474   380.69049   379.27631   377.86206   376.44788   375.03366   373.61945   372.20523   370.79099   369.37680   367.96259   366.54837   365.13416   363.71997   362.30573   360.89154   359.47729   358.06311   356.64890   355.23468   353.82047   352.40625   350.99203   349.57782   348.16360   346.74936   345.33517   349.57779   353.82040   358.06305   362.30569   366.54834   370.79095   375.03363   379.27625   383.51892   387.76154   392.00418   396.24683   400.48947   404.73212   408.97476   413.21741   417.46005   421.70270   425.94528   430.18796   434.43057   438.67322   442.91586   447.15851   451.40115   455.64380   459.88641   464.12909   468.37170   472.61435   476.85699   481.09967   485.34229   489.58493   493.82758   498.07019   502.31287   506.55551     0.00000     0.00000     0.00000     0.00000     0.00000     0.00000     0.00000     0.00000     0.00000     0.00000     0.00000     0.00000     0.00000     0.00000     0.00000     0.00000     0.00000     0.00000     0.00000     0.00000     0.00000     0.00000     0.00000     0.00000     0.00000     0.00000     0.00000     0.00000     0.00000     0.00000     0.00000     0.00000     0.00000     0.00000     0.00000     0.00000     0.00000     0.00000
     0.00000     0.00000     0.00000     0.00000     0.00000     0.00000     0.00000     0.00000     0.00000     0.00000     0.00000     0.00000     0.00000     0.00000     0.00000     0.00000     0.00000     0.00000     0.00000     0.00000     0.00000     0.00000     0.00000     0.00000     0.00000     0.00000     0.00000     0.00000     0.00000     0.00000     0.00000     0.00000     0.00000     0.00000     0.00000     0.00000     0.00000     0.00000     0.00000   509.38394   507.96973   506.55554   505.14130   503.72711   502.31287   500.89868   499.48444   498.07022   496.65601   495.24182   493.82758   492.41339   490.99915   489.58496   488.17075   486.75653   485.34232   483.92810   482.51389   481.09967   479.68549   478.27124   476.85706   475.44281   474.02859   472.61438   471.20016   469.78595   468.37173   466.95752   465.54333   464.12909   462.71490   461.30066   459.88647   458.47226   457.05804   455.64383   454.22961   452.81540   451.40118   449.98697   448.57275   447.15854   445.74432   444.33011   442.91589   441.50171   440.08746   438.67328   437.25903   435.84485   434.43060   433.01642   431.60220   430.18799   428.77377   427.35956   425.94537   424.53113   423.11694   421.70270   420.28851   418.87427   417.46008   416.04584   414.63165   413.21741   411.80322   410.38898   408.97479   407.56055   406.14636   404.73215   403.31793   401.90372   400.48950   399.07529   397.66107   396.24686   394.83264   393.41846   392.00421   390.59003   389.17578   387.76160   386.34735   384.93317   383.51892   382.10474   380.69049   379.27631   377.86209   376.44785   375.03366   373.61942   372.20523   370.79102   369.37680   367.96259   366.54840   365.13416   363.71997   362.30573   360.89154   359.47733   358.06311   356.64890   355.23468   353.82043   352.40622   350.99203   349.57779   348.16360   352.40622   356.64883   360.89148   365.13412   369.37677   373.61938   377.86206   382.10468   386.34735   390.58997   394.83261   399.07526   403.31790   407.56055   411.80319   416.04584   420.28845   424.53110   428.77371   433.01639   437.25900   441.50165   445.74429   449.98694   454.22958   458.47223   462.71484   466.95752   471.20013   475.44278   479.68542   483.92810   488.17072   492.41336   496.65601   500.89862     0.00000     0.00000     0.00000     0.00000     0.00000     0.00000     0.00000     0.00000     0.00000     0.00000     0.00000     0.00000     0.00000     0.00000     0.00000     0.00000     0.00000     0.00000     0.00000     0.00000     0.00000     0.00000     0.00000     0.00000     0.00000     0.00000     0.00000     0.00000     0.00000     0.00000     0.00000     0.00000     0.00000     0.00000     0.00000     0.00000     0.00000     0.00000     0.00000
     0.00000     0.00000     0.00000     0.00000     0.00000     0.00000     0.00000     0.00000     0.00000     0.00000     0.00000     0.00000     0.00000     0.00000     0.00000     0.00000     0.00000     0.00000     0.00000     0.00000     0.00000     0.00000     0.00000     0.00000     0.00000     0.00000     0.00000     0.00000     0.00000     0.00000     0.00000     0.00000     0.00000     0.00000     0.00000     0.00000     0.00000     0.00000     0.00000     0.00000   512.21240   510.79816   509.38397   507.96973   506.55554   505.14130   503.72708   502.31287   500.89865   499.48444   498.07025   496.65601   495.24182   493.82758   492.41339   490.99918   489.58496   488.17075   486.75653   485.34229   483.92810   482.51392   481.09967   479.68549   478.27124   476.85703   475.44281   474.02859   472.61438   471.20013   469.78595   468.37177   466.95752   465.54333   464.12909   462.71490   461.30069   459.88647   458.47226   457.05804   455.64380   454.22961   452.81540   451.40118   449.98697   448.57275   447.15854   445.74432   444.33014   442.91589   441.50168   440.08746   438.67328   437.25903   435.84485   434.43063   433.01642   431.60220   430.18799   428.77380   427.35956   425.94537   424.53113   423.11694   421.70270   420.28851   418.87427   417.46008   416.04584   414.63165   413.21741   411.80322   410.38898   408.97479   407.56058   406.14636   404.73215   403.31793   401.90372   400.48950   399.07529   397.66107   396.24689   394.83261   393.41846   392.00421   390.59003   389.17578   387.76160   386.34735   384.93317   383.51892   382.10471   380.69052   379.27628   377.86209   376.44785   375.03366   373.61945   372.20523   370.79102   369.37683   367.96259   366.54840   365.13416   363.71997   362.30576   360.89154   359.47729   358.06308   356.64886   355.23465   353.82047   352.40622   350.99203   355.23465   359.47726   363.71991   367.96255   372.20520   376.44781   380.69049   384.93311   389.17578   393.41840   397.66104   401.90369   406.14633   410.38898   414.63159   418.87424   423.11688   427.35953   431.60214   435.84482   440.08743   444.33008   448.57272   452.81537   457.05801   461.30066   465.54327   469.78595   474.02856   478.27121   482.51385   486.75653   490.99915   495.24179     0.00000     0.00000     0.00000     0.00000     0.00000     0.00000     0.00000     0.00000     0.00000     0.00000     0.00000     0.00000     0.00000     0.00000     0.00000     0.00000     0.00000     0.00000     0.00000     0.00000     0.00000     0.00000     0.00000     0.00000     0.00000     0.00000     0.00000     0.00000     0.00000     0.00000     0.00000     0.00000     0.00000     0.00000     0.00000     0.00000     0.00000     0.00000     0.00000     0.00000
     0.00000     0.00000     0.00000     0.00000     0.00000     0.00000     0.00000     0.00000     0.00000     0.00000     0.00000     0.00000     0.00000     0.00000     0.00000     0.00000     0.00000     0.00000     0.00000     0.00000     0.00000     0.00000     0.00000     0.00000     0.00000     0.00000     0.00000     0.00000     0.00000     0.00000     0.00000     0.00000     0.00000     0.00000     0.00000     0.00000     0.00000     0.00000     0.00000     0.00000     0.00000   515.04077   513.62659   512.21240   510.79816   509.38394   507.96970   506.55551   505.14130   503.72708   502.31287   500.89868   499.48444   498.07025   496.65601   495.24182   493.82761   492.41339   490.99915   489.58496   488.17072   486.75653   485.34235   483.92810   482.51392   481.09967   479.68546   478.27124   476.85699   475.44281   474.02856   472.61438   471.20020   469.78595   468.37177   466.95752   465.54333   464.12912   462.71490   461.30066   459.88644   458.47223   457.05804   455.64383   454.22961   452.81540   451.40118   449.98700   448.57275   447.15854   445.74432   444.33011   442.91589   441.50171   440.08746   438.67328   437.25906   435.84485   434.43063   433.01642   431.60223   430.18799   428.77380   427.35956   425.94537   424.53113   423.11694   421.70270   420.28851   418.87427   417.46005   416.04584   414.63165   413.21741   411.80322   410.38901   408.97479   407.56058   406.14636   404.73215   403.31793   401.90372   400.48947   399.07532   397.66104   396.24689   394.83264   393.41846   392.00421   390.59003   389.17578   387.76160   386.34735   384.93314   383.51895   382.10471   380.69052   379.27628   377.86209   376.44788   375.03366   373.61945   372.20526   370.79102   369.37683   367.96259   366.54840   365.13416   363.71994   362.30573   360.89151   359.47729   358.06308   356.64890   355.23465   353.82047   358.06308   362.30569   366.54834   370.79099   375.03363   379.27625   383.51892   387.76154   392.00421   396.24683   400.48947   404.73212   408.97473   413.21738   417.46002   421.70267   425.94531   430.18796   434.43057   438.67325   442.91586   447.15851   451.40115   455.64380   459.88644   464.12909   468.37170   472.61438   476.85699   481.09964   485.34229   489.58496     0.00000     0.00000     0.00000     0.00000     0.00000     0.00000     0.00000     0.00000     0.00000     0.00000     0.00000     0.00000     0.00000     0.00000     0.00000     0.00000     0.00000     0.00000     0.00000     0.00000     0.00000     0.00000     0.00000     0.00000     0.00000     0.00000     0.00000     0.00000     0.00000     0.00000     0.00000     0.00000     0.00000     0.00000     0.00000     0.00000     0.00000     0.00000     0.00000     0.00000     0.00000
     0.00000     0.00000     0.00000     0.00000     0.00000     0.00000     0.00000     0.00000     0.00000     0.00000     0.00000     0.00000     0.00000     0.00000     0.00000     0.00000     0.00000     0.00000     0.00000     0.00000     0.00000     0.00000     0.00000     0.00000     0.00000     0.00000     0.00000     0.00000     0.00000     0.00000     0.00000     0.00000     0.00000     0.00000     0.00000     0.00000     0.00000     0.00000     0.00000     0.00000     0.00000     0.00000   517.86920   516.45502   515.04077   513.62659   512.21240   510.79813   509.38394   507.96973   506.55551   505.14130   503.72711   502.31287   500.89868   499.48444   498.07025   496.65601   495.24182   493.82758   492.41339   490.99915   489.58496   488.17078   486.75653   485.34235   483.92810   482.51385   481.09967   479.68542   478.27124   476.85699   475.44281   474.02863   472.61438   471.20020   469.78595   468.37177   466.95752   465.54333   464.12909   462.71487   461.30066   459.88647   458.47226   457.05804   455.64386   454.22961   452.81537   451.40118   449.98697   448.57275   447.15854   445.74432   444.33014   442.91589   441.50171   440.08749   438.67328   437.25906   435.84482   434.43066   433.01642   431.60223   430.18799   428.77380   427.35956   425.94537   424.53113   423.11691   421.70270   420.28848   418.87427   417.46008   416.04584   414.63165   413.21744   411.80322   410.38901   408.97479   407.56058   406.14633   404.73215   403.31790   401.90375   400.48947   399.07532   397.66107   396.24689   394.83264   393.41843   392.00421   390.59003   389.17578   387.76157   386.34738   384.93314   383.51895   382.10471   380.69052   379.27631   377.86209   376.44788   375.03369   373.61945   372.20526   370.79099   369.37680   367.96259   366.54837   365.13416   363.71994   362.30573   360.89151   359.47733   358.06308   356.64890   360.89151   365.13412   369.37677   373.61942   377.86206   382.10468   386.34735   390.58997   394.83264   399.07526   403.31787   407.56052   411.80316   416.04581   420.28845   424.53110   428.77374   433.01639   437.25900   441.50168   445.74429   449.98694   454.22958   458.47223   462.71487   466.95752   471.20013   475.44281   479.68542   483.92807     0.00000     0.00000     0.00000     0.00000     0.00000     0.00000     0.00000     0.00000     0.00000     0.00000     0.00000     0.00000     0.00000     0.00000     0.00000     0.00000     0.00000     0.00000     0.00000     0.00000     0.00000     0.00000     0.00000     0.00000     0.00000     0.00000     0.00000     0.00000     0.00000     0.00000     0.00000     0.00000     0.00000     0.00000     0.00000     0.00000     0.00000     0.00000     0.00000     0.00000     0.00000     0.00000
     0.00000     0.00000     0.00000     0.00000     0.00000     0.00000     0.00000     0.00000     0.00000     0.00000     0.00000     0.00000     0.00000     0.00000     0.00000     0.00000     0.00000     0.00000     0.00000     0.00000     0.00000     0.00000     0.00000     0.00000     0.00000     0.00000     0.00000     0.00000     0.00000     0.00000     0.00000     0.00000     0.00000     0.00000     0.00000     0.00000     0.00000     0.00000     0.00000     0.00000     0.00000     0.00000     0.00000   520.69763   519.28345   517.86926   516.45496   515.04077   513.62659   512.21240   510.79816   509.38394   507.96973   506.55554   505.14130   503.72711   502.31287   500.89868   499.48444   498.07025   496.65601   495.24182   493.82758   492.41339   490.99921   489.58496   488.17075   486.75653   485.34229   483.92810   482.51385   481.09967   479.68542   478.27124   476.85706   475.44281   474.02863   472.61438   471.20016   469.78595   468.37177   466.95752   465.54330   464.12909   462.71490   461.30072   459.88647   458.47223   457.05804   455.64380   454.22961   452.81540   451.40118   449.98697   448.57275   447.15857   445.74432   444.33014   442.91592   441.50168   440.08749   438.67325   437.25909   435.84485   434.43066   433.01642   431.60223   430.18799   428.77374   427.35956   425.94534   424.53113   423.11691   421.70270   420.28851   418.87427   417.46008   416.04587   414.63165   413.21744   411.80319   410.38901   408.97476   407.56058   406.14633   404.73218   403.31790   401.90375   400.48950   399.07529   397.66107   396.24686   394.83264   393.41846   392.00421   390.59000   389.17581   387.76157   386.34738   384.93314   383.51895   382.10474   380.69052   379.27631   377.86212   376.44785   375.03366   373.61942   372.20523   370.79102   369.37680   367.96259   366.54837   365.13416   363.71994   362.30576   360.89151   359.47733   363.71994   367.96255   372.20520   376.44785   380.69049   384.93311   389.17578   393.41840   397.66104   401.90366   406.14630   410.38895   414.63159   418.87424   423.11688   427.35953   431.60217   435.84482   440.08743   444.33011   448.57272   452.81537   457.05801   461.30066   465.54330   469.78595   474.02856   478.27124     0.00000     0.00000     0.00000     0.00000     0.00000     0.00000     0.00000     0.00000     0.00000     0.00000     0.00000     0.00000     0.00000     0.00000     0.00000     0.00000     0.00000     0.00000     0.00000     0.00000     0.00000     0.00000     0.00000     0.00000     0.00000     0.00000     0.00000     0.00000     0.00000     0.00000     0.00000     0.00000     0.00000     0.00000     0.00000     0.00000     0.00000     0.00000     0.00000     0.00000     0.00000     0.00000     0.00000
     0.00000     0.00000     0.00000     0.00000     0.00000     0.00000     0.00000     0.00000     0.00000     0.00000     0.00000     0.00000     0.00000     0.00000     0.00000     0.00000     0.00000     0.00000     0.00000     0.00000     0.00000     0.00000     0.00000     0.00000     0.00000     0.00000     0.00000     0.00000     0.00000     0.00000     0.00000     0.00000     0.00000     0.00000     0.00000     0.00000     0.00000     0.00000     0.00000     0.00000     0.00000     0.00000     0.00000     0.00000   523.52606   522.11182   520.69763   519.28345   517.86926   516.45496   515.04077   513.62659   512.21240   510.79816   509.38397   507.96973   506.55554   505.14130   503.72711   502.31287   500.89868   499.48444   498.07025   496.65601   495.24182   493.82761   492.41336   490.99918   489.58496   488.17072   486.75653   485.34229   483.92810   482.51385   481.09967   479.68549   478.27124   476.85703   475.44281   474.02859   472.61438   471.20020   469.78595   468.37170   466.95755   465.54333   464.12909   462.71490   461.30066   459.88647   458.47223   457.05804   455.64383   454.22961   452.81540   451.40118   449.98700   448.57275   447.15851   445.74435   444.33011   442.91592   441.50168   440.08752   438.67328   437.25909   435.84485   434.43060   433.01642   431.60217   430.18799   428.77377   427.35956   425.94534   424.53113   423.11694   421.70270   420.28851   418.87430   417.46002   416.04587   414.63162   413.21744   411.80319   410.38901   408.97476   407.56061   406.14633   404.73215   403.31793   401.90372   400.48950   399.07529   397.66107   396.24689   394.83264   393.41843   392.00424   390.59000   389.17581   387.76157   386.34738   384.93317   383.51895   382.10471   380.69052   379.27628   377.86209   376.44785   375.03366   373.61945   372.20523   370.79102   369.37680   367.96259   366.54837   365.13419   363.71994   362.30576   366.54837   370.79099   375.03363   379.27628   383.51892   387.76154   392.00418   396.24680   400.48947   404.73209   408.97473   413.21738   417.46002   421.70267   425.94531   430.18796   434.43060   438.67325   442.91586   447.15854   451.40115   455.64380   459.88644   464.12909   468.37173   472.61438     0.00000     0.00000     0.00000     0.00000     0.00000     0.00000     0.00000     0.00000     0.00000     0.00000     0.00000     0.00000     0.00000     0.00000     0.00000     0.00000     0.00000     0.00000     0.00000     0.00000     0.00000     0.00000     0.00000     0.00000     0.00000     0.00000     0.00000     0.00000     0.00000     0.00000     0.00000     0.00000     0.00000     0.00000     0.00000     0.00000     0.00000     0.00000     0.00000     0.00000     0.00000     0.00000     0.00000     0.00000
     0.00000     0.00000     0.00000     0.00000     0.00000     0.00000     0.00000     0.00000     0.00000     0.00000     0.00000     0.00000     0.00000     0.00000     0.00000     0.00000     0.00000     0.00000     0.00000     0.00000     0.00000     0.00000     0.00000     0.00000     0.00000     0.00000     0.00000     0.00000     0.00000     0.00000     0.00000     0.00000     0.00000     0.00000     0.00000     0.00000     0.00000     0.00000     0.00000     0.00000     0.00000     0.00000     0.00000     0.00000     0.00000   526.35449   524.94031   523.52612   522.11182   520.69763   519.28345   517.86926   516.45502   515.04077   513.62659   512.21240   510.79816   509.38397   507.96973   506.55554   505.14130   503.72711   502.31287   500.89868   499.48444   498.07022   496.65604   495.24179   493.82761   492.41339   490.99915   489.58496   488.17072   486.75653   485.34229   483.92810   482.51389   481.09967   479.68546   478.27124   476.85703   475.44281   474.02863   472.61441   471.20013   469.78595   468.37177   466.95752   465.54333   464.12909   462.71490   461.30066   459.88647   458.47226   457.05804   455.64383   454.22961   452.81537   451.40118   449.98694   448.57278   447.15854   445.74435   444.33011   442.91595   441.50171   440.08746   438.67328   437.25903   435.84485   434.43060   433.01642   431.60220   430.18799   428.77377   427.35956   425.94537   424.53113   423.11688   421.70273   420.28845   418.87430   417.46005   416.04587   414.63162   413.21744   411.80319   410.38901   408.97476   407.56058   406.14636   404.73215   403.31793   401.90372   400.48950   399.07532   397.66107   396.24686   394.83267   393.41843   392.00424   390.59000   389.17581   387.76157   386.34735   384.93314   383.51895   382.10471   380.69052   379.27628   377.86209   376.44788   375.03366   373.61945   372.20523   370.79102   369.37680   367.96262   366.54837   365.13419   369.37680   373.61942   377.86206   382.10471   386.34732   390.58994   394.83261   399.07523   403.31790   407.56052   411.80316   416.04581   420.28845   424.53110   428.77374   433.01639   437.25903   441.50168   445.74429   449.98697   454.22958   458.47223   462.71487   466.95752     0.00000     0.00000     0.00000     0.00000     0.00000     0.00000     0.00000     0.00000     0.00000     0.00000     0.00000     0.00000     0.00000     0.00000     0.00000     0.00000     0.00000     0.00000     0.00000     0.00000     0.00000     0.00000     0.00000     0.00000     0.00000     0.00000     0.00000     0.00000     0.00000     0.00000     0.00000     0.00000     0.00000     0.00000     0.00000     0.00000     0.00000     0.00000     0.00000     0.00000     0.00000     0.00000     0.00000     0.00000     0.00000
     0.00000     0.00000     0.00000     0.00000     0.00000     0.00000     0.00000     0.00000     0.00000     0.00000     0.00000     0.00000     0.00000     0.00000     0.00000     0.00000     0.00000     0.00000     0.00000     0.00000     0.00000     0.00000     0.00000     0.00000     0.00000     0.00000     0.00000     0.00000     0.00000     0.00000     0.00000     0.00000     0.00000     0.00000     0.00000     0.00000     0.00000     0.00000     0.00000     0.00000     0.00000     0.00000     0.00000     0.00000     0.00000     0.00000   529.18292   527.76868   526.35449   524.94031   523.52612   522.11182   520.69763   519.28345   517.86920   516.45502   515.04083   513.62659   512.21240   510.79816   509.38397   507.96973   506.55554   505.14130   503.72708   502.31287   500.89865   499.48447   498.07022   496.65604   495.24182   493.82758   492.41339   490.99915   489.58496   488.17072   486.75653   485.34232   483.92810   482.51389   481.09967   479.68542   478.27127   476.85706   475.44281   474.02856   472.61438   471.20020   469.78595   468.37177   466.95752   465.54333   464.12909   462.71490   461.30069   459.88647   458.47223   457.05804   455.64380   454.22961   452.81537   451.40121   449.98697   448.57278   447.15854   445.74432   444.33014   442.91589   441.50171   440.08746   438.67328   437.25903   435.84485   434.43063   433.01642   431.60220   430.18799   428.77374   427.35956   425.94531   424.53116   423.11688   421.70273   420.28848   418.87430   417.46005   416.04584   414.63162   413.21744   411.80319   410.38901   408.97479   407.56058   406.14636   404.73215   403.31793   401.90375   400.48950   399.07529   397.66110   396.24686   394.83267   393.41840   392.00421   390.59000   389.17578   387.76157   386.34738   384.93314   383.51895   382.10471   380.69052   379.27631   377.86209   376.44788   375.03366   373.61945   372.20523   370.79105   369.37680   367.96262   372.20523   376.44785   380.69046   384.93311   389.17575   393.41837   397.66104   401.90366   406.14633   410.38895   414.63159   418.87424   423.11688   427.35953   431.60217   435.84482   440.08746   444.33011   448.57272   452.81540   457.05801   461.30066     0.00000     0.00000     0.00000     0.00000     0.00000     0.00000     0.00000     0.00000     0.00000     0.00000     0.00000     0.00000     0.00000     0.00000     0.00000     0.00000     0.00000     0.00000     0.00000     0.00000     0.00000     0.00000     0.00000     0.00000     0.00000     0.00000     0.00000     0.00000     0.00000     0.00000     0.00000     0.00000     0.00000     0.00000     0.00000     0.00000     0.00000     0.00000     0.00000     0.00000     0.00000     0.00000     0.00000     0.00000     0.00000     0.00000
     0.00000     0.00000     0.00000     0.00000     0.00000     0.00000     0.00000     0.00000     0.00000     0.00000     0.00000     0.00000     0.00000     0.00000     0.00000     0.00000     0.00000     0.00000     0.00000     0.00000     0.00000     0.00000     0.00000     0.00000     0.00000     0.00000     0.00000     0.00000     0.00000     0.00000     0.00000     0.00000     0.00000     0.00000     0.00000     0.00000     0.00000     0.00000     0.00000     0.00000     0.00000     0.00000     0.00000     0.00000     0.00000     0.00000     0.00000   532.01135   530.59717   529.18298   527.76868   526.35449   524.94025   523.52606   522.11188   520.69763   519.28345   517.86926   516.45502   515.04083   513.62659   512.21240   510.79816   509.38394   507.96973   506.55551   505.14130   503.72708   502.31290   500.89865   499.48447   498.07025   496.65601   495.24182   493.82758   492.41339   490.99915   489.58496   488.17075   486.75653   485.34229   483.92810   482.51385   481.09967   479.68549   478.27124   476.85699   475.44281   474.02863   472.61438   471.20020   469.78595   468.37177   466.95752   465.54333   464.12909   462.71490   461.30066   459.88647   458.47223   457.05804   455.64380   454.22964   452.81540   451.40118   449.98697   448.57275   447.15857   445.74432   444.33014   442.91589   441.50171   440.08746   438.67328   437.25906   435.84485   434.43060   433.01642   431.60217   430.18799   428.77374   427.35959   425.94531   424.53116   423.11691   421.70270   420.28848   418.87427   417.46005   416.04587   414.63162   413.21744   411.80322   410.38901   408.97479   407.56058   406.14636   404.73218   403.31793   401.90372   400.48953   399.07526   397.66107   396.24683   394.83264   393.41843   392.00421   390.59000   389.17581   387.76157   386.34738   384.93314   383.51895   382.10474   380.69052   379.27631   377.86209   376.44788   375.03366   373.61948   372.20523   370.79105   375.03363   379.27625   383.51889   387.76154   392.00418   396.24680   400.48947   404.73209   408.97476   413.21738   417.46002   421.70267   425.94531   430.18796   434.43060   438.67325   442.91589   447.15854   451.40115   455.64383     0.00000     0.00000     0.00000     0.00000     0.00000     0.00000     0.00000     0.00000     0.00000     0.00000     0.00000     0.00000     0.00000     0.00000     0.00000     0.00000     0.00000     0.00000     0.00000     0.00000     0.00000     0.00000     0.00000     0.00000     0.00000     0.00000     0.00000     0.00000     0.00000     0.00000     0.00000     0.00000     0.00000     0.00000     0.00000     0.00000     0.00000     0.00000     0.00000     0.00000     0.00000     0.00000     0.00000     0.00000     0.00000     0.00000     0.00000
     0.00000     0.00000     0.00000     0.00000     0.00000     0.00000     0.00000     0.00000     0.00000     0.00000     0.00000     0.00000     0.00000     0.00000     0.00000     0.00000     0.00000     0.00000     0.00000     0.00000     0.00000     0.00000     0.00000     0.00000     0.00000     0.00000     0.00000     0.00000     0.00000     0.00000     0.00000     0.00000     0.00000     0.00000     0.00000     0.00000     0.00000     0.00000     0.00000     0.00000     0.00000     0.00000     0.00000     0.00000     0.00000     0.00000     0.00000     0.00000   534.83978   533.42554   532.01135   530.59711   529.18292   527.76868   526.35449   524.94031   523.52606   522.11188   520.69769   519.28345   517.86926   516.45496   515.04077   513.62659   512.21240   510.79816   509.38394   507.96973   506.55551   505.14133   503.72708   502.31290   500.89865   499.48444   498.07025   496.65601   495.24182   493.82758   492.41339   490.99915   489.58496   488.17072   486.75650   485.34229   483.92810   482.51392   481.09967   479.68542   478.27124   476.85706   475.44281   474.02863   472.61438   471.20020   469.78595   468.37177   466.95752   465.54333   464.12909   462.71490   461.30066   459.88647   458.47223   457.05804   455.64383   454.22961   452.81540   451.40118   449.98700   448.57275   447.15857   445.74432   444.33014   442.91589   441.50171   440.08746   438.67328   437.25903   435.84485   434.43060   433.01642   431.60217   430.18802   428.77374   427.35956   425.94534   424.53113   423.11691   421.70270   420.28848   418.87430   417.46005   416.04587   414.63165   413.21744   411.80322   410.38901   408.97479   407.56061   406.14636   404.73212   403.31793   401.90369   400.48950   399.07526   397.66107   396.24686   394.83264   393.41843   392.00424   390.59000   389.17581   387.76157   386.34738   384.93317   383.51895   382.10474   380.69052   379.27631   377.86209   376.44791   375.03363   373.61945   377.86206   382.10468   386.34732   390.58997   394.83261   399.07523   403.31790   407.56052   411.80319   416.04581   420.28845   424.53110   428.77374   433.01639   437.25903   441.50168   445.74432   449.98697     0.00000     0.00000     0.00000     0.00000     0.00000     0.00000     0.00000     0.00000     0.00000     0.00000     0.00000     0.00000     0.00000     0.00000     0.00000     0.00000     0.00000     0.00000     0.00000     0.00000     0.00000     0.00000     0.00000     0.00000     0.00000     0.00000     0.00000     0.00000     0.00000     0.00000     0.00000     0.00000     0.00000     0.00000     0.00000     0.00000     0.00000     0.00000     0.00000     0.00000     0.00000     0.00000     0.00000     0.00000     0.00000     0.00000     0.00000     0.00000
     0.00000     0.00000     0.00000     0.00000     0.00000     0.00000     0.00000     0.00000     0.00000     0.00000     0.00000     0.00000     0.00000     0.00000     0.00000     0.00000     0.00000     0.00000     0.00000     0.00000     0.00000     0.00000     0.00000     0.00000     0.00000     0.00000     0.00000     0.00000     0.00000     0.00000     0.00000     0.00000     0.00000     0.00000     0.00000     0.00000     0.00000     0.00000     0.00000     0.00000     0.00000     0.00000     0.00000     0.00000     0.00000     0.00000     0.00000     0.00000     0.00000   537.66821   536.25397   534.83978   533.42554   532.01135   530.59711   529.18292   527.76874   526.35449   524.94031   523.52612   522.11182   520.69763   519.28345   517.86926   516.45502   515.04077   513.62659   512.21240   510.79816   509.38394   507.96976   506.55548   505.14130   503.72708   502.31287   500.89868   499.48444   498.07025   496.65601   495.24182   493.82758   492.41336   490.99915   489.58493   488.17072   486.75653   485.34235   483.92810   482.51385   481.09967   479.68549   478.27124   476.85706   475.44281   474.02863   472.61438   471.20020   469.78595   468.37177   466.95752   465.54333   464.12909   462.71490   461.30066   459.88647   458.47226   457.05804   455.64383   454.22961   452.81543   451.40118   449.98700   448.57275   447.15857   445.74432   444.33014   442.91589   441.50171   440.08746   438.67328   437.25903   435.84485   434.43060   433.01642   431.60217   430.18799   428.77377   427.35956   425.94534   424.53113   423.11691   421.70273   420.28848   418.87430   417.46008   416.04587   414.63165   413.21744   411.80322   410.38898   408.97476   407.56055   406.14636   404.73212   403.31793   401.90369   400.48950   399.07529   397.66107   396.24686   394.83267   393.41843   392.00424   390.59000   389.17581   387.76160   386.34738   384.93317   383.51895   382.10474   380.69049   379.27631   377.86206   376.44788   380.69049   384.93311   389.17575   393.41840   397.66104   401.90366   406.14633   410.38895   414.63162   418.87424   423.11688   427.35953   431.60217   435.84482   440.08746   444.33011     0.00000     0.00000     0.00000     0.00000     0.00000     0.00000     0.00000     0.00000     0.00000     0.00000     0.00000     0.00000     0.00000     0.00000     0.00000     0.00000     0.00000     0.00000     0.00000     0.00000     0.00000     0.00000     0.00000     0.00000     0.00000     0.00000     0.00000     0.00000     0.00000     0.00000     0.00000     0.00000     0.00000     0.00000     0.00000     0.00000     0.00000     0.00000     0.00000     0.00000     0.00000     0.00000     0.00000     0.00000     0.00000     0.00000     0.00000     0.00000     0.00000
     0.00000     0.00000     0.00000     0.00000     0.00000     0.00000     0.00000     0.00000     0.00000     0.00000     0.00000     0.00000     0.00000     0.00000     0.00000     0.00000     0.00000     0.00000     0.00000     0.00000     0.00000     0.00000     0.00000     0.00000     0.00000     0.00000     0.00000     0.00000     0.00000     0.00000     0.00000     0.00000     0.00000     0.00000     0.00000     0.00000     0.00000     0.00000     0.00000     0.00000     0.00000     0.00000     0.00000     0.00000     0.00000     0.00000     0.00000     0.00000     0.00000     0.00000   540.49664   539.08240   537.66821   536.25397   534.83978   533.42554   532.01135   530.59717   529.18292   527.76868   526.35449   524.94031   523.52612   522.11182   520.69763   519.28345   517.86926   516.45502   515.04077   513.62659   512.21234   510.79816   509.38391   507.96973   506.55551   505.14130   503.72711   502.31287   500.89868   499.48444   498.07022   496.65601   495.24179   493.82758   492.41336   490.99915   489.58496   488.17078   486.75653   485.34229   483.92810   482.51392   481.09967   479.68549   478.27124   476.85706   475.44281   474.02863   472.61438   471.20020   469.78595   468.37177   466.95752   465.54333   464.12909   462.71490   461.30069   459.88647   458.47226   457.05804   455.64386   454.22961   452.81543   451.40118   449.98700   448.57275   447.15857   445.74432   444.33014   442.91589   441.50171   440.08746   438.67325   437.25903   435.84485   434.43060   433.01642   431.60220   430.18799   428.77377   427.35956   425.94534   424.53116   423.11691   421.70273   420.28851   418.87430   417.46008   416.04584   414.63162   413.21741   411.80319   410.38898   408.97479   407.56055   406.14636   404.73212   403.31793   401.90372   400.48950   399.07529   397.66110   396.24686   394.83267   393.41843   392.00424   390.59003   389.17581   387.76160   386.34735   384.93314   383.51892   382.10474   380.69049   379.27631   383.51892   387.76154   392.00418   396.24683   400.48947   404.73209   408.97476   413.21738   417.46005   421.70267   425.94531   430.18796   434.43060   438.67325     0.00000     0.00000     0.00000     0.00000     0.00000     0.00000     0.00000     0.00000     0.00000     0.00000     0.00000     0.00000     0.00000     0.00000     0.00000     0.00000     0.00000     0.00000     0.00000     0.00000     0.00000     0.00000     0.00000     0.00000     0.00000     0.00000     0.00000     0.00000     0.00000     0.00000     0.00000     0.00000     0.00000     0.00000     0.00000     0.00000     0.00000     0.00000     0.00000     0.00000     0.00000     0.00000     0.00000     0.00000     0.00000     0.00000     0.00000     0.00000     0.00000     0.00000
     0.00000     0.00000     0.00000     0.00000     0.00000     0.00000     0.00000     0.00000     0.00000     0.00000     0.00000     0.00000     0.00000     0.00000     0.00000     0.00000     0.00000     0.00000     0.00000     0.00000     0.00000     0.00000     0.00000     0.00000     0.00000     0.00000     0.00000     0.00000     0.00000     0.00000     0.00000     0.00000     0.00000     0.00000     0.00000     0.00000     0.00000     0.00000     0.00000     0.00000     0.00000     0.00000     0.00000     0.00000     0.00000     0.00000     0.00000     0.00000     0.00000     0.00000     0.00000   543.32507   541.91083   540.49664   539.08240   537.66821   536.25397   534.83978   533.42554   532.01135   530.59717   529.18298   527.76868   526.35449   524.94031   523.52612   522.11188   520.69763   519.28345   517.86920   516.45502   515.04077   513.62659   512.21234   510.79816   509.38394   507.96973   506.55554   505.14130   503.72708   502.31287   500.89865   499.48444   498.07022   496.65601   495.24179   493.82758   492.41339   490.99921   489.58496   488.17072   486.75650   485.34235   483.92810   482.51392   481.09967   479.68549   478.27124   476.85706   475.44281   474.02859   472.61438   471.20020   469.78595   468.37177   466.95752   465.54333   464.12912   462.71490   461.30069   459.88647   458.47229   457.05804   455.64386   454.22961   452.81543   451.40118   449.98700   448.57275   447.15857   445.74432   444.33011   442.91589   441.50168   440.08746   438.67328   437.25903   435.84485   434.43063   433.01642   431.60220   430.18799   428.77377   427.35959   425.94534   424.53116   423.11694   421.70270   420.28848   418.87427   417.46005   416.04584   414.63162   413.21741   411.80322   410.38898   408.97479   407.56055   406.14636   404.73215   403.31793   401.90372   400.48953   399.07529   397.66110   396.24686   394.83267   393.41846   392.00421   390.59000   389.17578   387.76157   386.34735   384.93317   383.51892   382.10474   386.34735   390.58997   394.83261   399.07526   403.31790   407.56052   411.80319   416.04581   420.28848   424.53110   428.77374   433.01639     0.00000     0.00000     0.00000     0.00000     0.00000     0.00000     0.00000     0.00000     0.00000     0.00000     0.00000     0.00000     0.00000     0.00000     0.00000     0.00000     0.00000     0.00000     0.00000     0.00000     0.00000     0.00000     0.00000     0.00000     0.00000     0.00000     0.00000     0.00000     0.00000     0.00000     0.00000     0.00000     0.00000     0.00000     0.00000     0.00000     0.00000     0.00000     0.00000     0.00000     0.00000     0.00000     0.00000     0.00000     0.00000     0.00000     0.00000     0.00000     0.00000     0.00000     0.00000
     0.00000     0.00000     0.00000     0.00000     0.00000     0.00000     0.00000     0.00000     0.00000     0.00000     0.00000     0.00000     0.00000     0.00000     0.00000     0.00000     0.00000     0.00000     0.00000     0.00000     0.00000     0.00000     0.00000     0.00000     0.00000     0.00000     0.00000     0.00000     0.00000     0.00000     0.00000     0.00000     0.00000     0.00000     0.00000     0.00000     0.00000     0.00000     0.00000     0.00000     0.00000     0.00000     0.00000     0.00000     0.00000     0.00000     0.00000     0.00000     0.00000     0.00000     0.00000     0.00000   546.15350   544.73926   543.32507   541.91083   540.49664   539.08240   537.66821   536.25403   534.83978   533.42554   532.01135   530.59717   529.18298   527.76868   526.35449   524.94031   523.52606   522.11188   520.69763   519.28345   517.86920   516.45502   515.04077   513.62659   512.21240   510.79816   509.38394   507.96973   506.55551   505.14130   503.72708   502.31287   500.89865   499.48444   498.07022   496.65601   495.24182   493.82764   492.41336   490.99915   489.58493   488.17078   486.75653   485.34235   483.92810   482.51392   481.09967   479.68546   478.27124   476.85703   475.44281   474.02863   472.61438   471.20020   469.78595   468.37177   466.95755   465.54333   464.12912   462.71490   461.30072   459.88647   458.47229   457.05804   455.64386   454.22961   452.81543   451.40118   449.98697   448.57275   447.15854   445.74432   444.33011   442.91589   441.50171   440.08746   438.67328   437.25906   435.84485   434.43063   433.01642   431.60220   430.18802   428.77377   427.35956   425.94534   424.53113   423.11691   421.70270   420.28848   418.87427   417.46005   416.04584   414.63165   413.21741   411.80322   410.38898   408.97479   407.56058   406.14636   404.73215   403.31796   401.90372   400.48953   399.07529   397.66107   396.24686   394.83264   393.41843   392.00421   390.59000   389.17578   387.76160   386.34735   384.93317   389.17578   393.41840   397.66104   401.90369   406.14633   410.38895   414.63162   418.87424   423.11691   427.35953     0.00000     0.00000     0.00000     0.00000     0.00000     0.00000     0.00000     0.00000     0.00000     0.00000     0.00000     0.00000     0.00000     0.00000     0.00000     0.00000     0.00000     0.00000     0.00000     0.00000     0.00000     0.00000     0.00000     0.00000     0.00000     0.00000     0.00000     0.00000     0.00000     0.00000     0.00000     0.00000     0.00000     0.00000     0.00000     0.00000     0.00000     0.00000     0.00000     0.00000     0.00000     0.00000     0.00000     0.00000     0.00000     0.00000     0.00000     0.00000     0.00000     0.00000     0.00000     0.00000
     0.00000     0.00000     0.00000     0.00000     0.00000     0.00000     0.00000     0.00000     0.00000     0.00000     0.00000     0.00000     0.00000     0.00000     0.00000     0.00000     0.00000     0.00000     0.00000     0.00000     0.00000     0.00000     0.00000     0.00000     0.00000     0.00000     0.00000     0.00000     0.00000     0.00000     0.00000     0.00000     0.00000     0.00000     0.00000     0.00000     0.00000     0.00000     0.00000     0.00000     0.00000     0.00000     0.00000     0.00000     0.00000     0.00000     0.00000     0.00000     0.00000     0.00000     0.00000     0.00000     0.00000   548.98193   547.56769   546.15350   544.73926   543.32507   541.91083   540.49664   539.08240   537.66821   536.25403   534.83984   533.42554   532.01135   530.59717   529.18292   527.76874   526.35449   524.94031   523.52606   522.11188   520.69763   519.28345   517.86926   516.45502   515.04077   513.62659   512.21240   510.79816   509.38394   507.96973   506.55551   505.14130   503.72708   502.31287   500.89865   499.48444   498.07022   496.65607   495.24179   493.82758   492.41336   490.99921   489.58496   488.17078   486.75653   485.34229   483.92810   482.51389   481.09967   479.68546   478.27124   476.85706   475.44281   474.02863   472.61438   471.20020   469.78598   468.37173   466.95755   465.54333   464.12915   462.71490   461.30072   459.88647   458.47229   457.05804   455.64380   454.22961   452.81540   451.40118   449.98697   448.57275   447.15854   445.74432   444.33014   442.91589   441.50171   440.08749   438.67328   437.25906   435.84485   434.43063   433.01642   431.60217   430.18799   428.77377   427.35956   425.94534   424.53113   423.11691   421.70270   420.28848   418.87427   417.46008   416.04584   414.63165   413.21741   411.80322   410.38901   408.97479   407.56058   406.14639   404.73215   403.31793   401.90369   400.48950   399.07529   397.66107   396.24686   394.83264   393.41843   392.00421   390.59003   389.17578   387.76160   392.00421   396.24683   400.48947   404.73212   408.97476   413.21738   417.46005   421.70267     0.00000     0.00000     0.00000     0.00000     0.00000     0.00000     0.00000     0.00000     0.00000     0.00000     0.00000     0.00000     0.00000     0.00000     0.00000     0.00000     0.00000     0.00000     0.00000     0.00000     0.00000     0.00000     0.00000     0.00000     0.00000     0.00000     0.00000     0.00000     0.00000     0.00000     0.00000     0.00000     0.00000     0.00000     0.00000     0.00000     0.00000     0.00000     0.00000     0.00000     0.00000     0.00000     0.00000     0.00000     0.00000     0.00000     0.00000     0.00000     0.00000     0.00000     0.00000     0.00000     0.00000
     0.00000     0.00000     0.00000     0.00000     0.00000     0.00000     0.00000     0.00000     0.00000     0.00000     0.00000     0.00000     0.00000     0.00000     0.00000     0.00000     0.00000     0.00000     0.00000     0.00000     0.00000     0.00000     0.00000     0.00000     0.00000     0.00000     0.00000     0.00000     0.00000     0.00000     0.00000     0.00000     0.00000     0.00000     0.00000     0.00000     0.00000     0.00000     0.00000     0.00000     0.00000     0.00000     0.00000     0.00000     0.00000     0.00000     0.00000     0.00000     0.00000     0.00000     0.00000     0.00000     0.00000     0.00000   551.81036   550.39612   548.98193   547.56769   546.15350   544.73926   543.32507   541.91089   540.49664   539.08240   537.66821   536.25403   534.83978   533.42554   532.01135   530.59717   529.18292   527.76874   526.35449   524.94031   523.52612   522.11188   520.69763   519.28345   517.86920   516.45502   515.04077   513.62659   512.21240   510.79816   509.38394   507.96973   506.55551   505.14130   503.72705   502.31287   500.89865   499.48450   498.07022   496.65601   495.24179   493.82764   492.41339   490.99915   489.58496   488.17072   486.75653   485.34232   483.92810   482.51389   481.09967   479.68549   478.27124   476.85706   475.44281   474.02859   472.61441   471.20016   469.78598   468.37177   466.95758   465.54333   464.12915   462.71490   461.30066   459.88647   458.47223   457.05804   455.64383   454.22961   452.81540   451.40118   449.98697   448.57275   447.15857   445.74432   444.33014   442.91592   441.50171   440.08749   438.67325   437.25903   435.84485   434.43060   433.01642   431.60220   430.18799   428.77377   427.35956   425.94534   424.53113   423.11691   421.70270   420.28851   418.87427   417.46008   416.04584   414.63165   413.21744   411.80322   410.38901   408.97479   407.56055   406.14636   404.73212   403.31793   401.90372   400.48950   399.07529   397.66107   396.24686   394.83264   393.41846   392.00421   390.59003   394.83264   399.07526   403.31790   407.56055   411.80319   416.04581     0.00000     0.00000     0.00000     0.00000     0.00000     0.00000     0.00000     0.00000     0.00000     0.00000     0.00000     0.00000     0.00000     0.00000     0.00000     0.00000     0.00000     0.00000     0.00000     0.00000     0.00000     0.00000     0.00000     0.00000     0.00000     0.00000     0.00000     0.00000     0.00000     0.00000     0.00000     0.00000     0.00000     0.00000     0.00000     0.00000     0.00000     0.00000     0.00000     0.00000     0.00000     0.00000     0.00000     0.00000     0.00000     0.00000     0.00000     0.00000     0.00000     0.00000     0.00000     0.00000     0.00000     0.00000
     0.00000     0.00000     0.00000     0.00000     0.00000     0.00000     0.00000     0.00000     0.00000     0.00000     0.00000     0.00000     0.00000     0.00000     0.00000     0.00000     0.00000     0.00000     0.00000     0.00000     0.00000     0.00000     0.00000     0.00000     0.00000     0.00000     0.00000     0.00000     0.00000     0.00000     0.00000     0.00000     0.00000     0.00000     0.00000     0.00000     0.00000     0.00000     0.00000     0.00000     0.00000     0.00000     0.00000     0.00000     0.00000     0.00000     0.00000     0.00000     0.00000     0.00000     0.00000     0.00000     0.00000     0.00000     0.00000   554.63879   553.22455   551.81036   550.39612   548.98193   547.56769   546.15350   544.73926   543.32507   541.91089   540.49664   539.08240   537.66821   536.25397   534.83978   533.42560   532.01135   530.59717   529.18298   527.76868   526.35449   524.94031   523.52606   522.11188   520.69763   519.28345   517.86926   516.45502   515.04077   513.62659   512.21240   510.79816   509.38391   507.96973   506.55548   505.14130   503.72708   502.31293   500.89865   499.48444   498.07022   496.65601   495.24182   493.82758   492.41339   490.99915   489.58496   488.17075   486.75653   485.34232   483.92810   482.51392   481.09967   479.68542   478.27124   476.85703   475.44284   474.02859   472.61441   471.20020   469.78601   468.37177   466.95752   465.54333   464.12909   462.71490   461.30066   459.88647   458.47226   457.05804   455.64383   454.22961   452.81540   451.40118   449.98700   448.57275   447.15857   445.74435   444.33011   442.91589   441.50168   440.08746   438.67328   437.25903   435.84485   434.43063   433.01642   431.60220   430.18799   428.77377   427.35956   425.94534   424.53113   423.11694   421.70270   420.28851   418.87427   417.46008   416.04587   414.63162   413.21741   411.80322   410.38898   408.97479   407.56055   406.14636   404.73215   403.31793   401.90372   400.48950   399.07529   397.66107   396.24689   394.83264   393.41846   397.66107   401.90369   406.14633   410.38898     0.00000     0.00000     0.00000     0.00000     0.00000     0.00000     0.00000     0.00000     0.00000     0.00000     0.00000     0.00000     0.00000     0.00000     0.00000     0.00000     0.00000     0.00000     0.00000     0.00000     0.00000     0.00000     0.00000     0.00000     0.00000     0.00000     0.00000     0.00000     0.00000     0.00000     0.00000     0.00000     0.00000     0.00000     0.00000     0.00000     0.00000     0.00000     0.00000     0.00000     0.00000     0.00000     0.00000     0.00000     0.00000     0.00000     0.00000     0.00000     0.00000     0.00000     0.00000     0.00000     0.00000     0.00000     0.00000
     0.00000     0.00000     0.00000     0.00000     0.00000     0.00000     0.00000     0.00000     0.00000     0.00000     0.00000     0.00000     0.00000     0.00000     0.00000     0.00000     0.00000     0.00000     0.00000     0.00000     0.00000     0.00000     0.00000     0.00000     0.00000     0.00000     0.00000     0.00000     0.00000     0.00000     0.00000     0.00000     0.00000     0.00000     0.00000     0.00000     0.00000     0.00000     0.00000     0.00000     0.00000     0.00000     0.00000     0.00000     0.00000     0.00000     0.00000     0.00000     0.00000     0.00000     0.00000     0.00000     0.00000     0.00000     0.00000     0.00000   557.46716   556.05298   554.63879   553.22455   551.81036   550.39612   548.98193   547.56775   546.15350   544.73926   543.32507   541.91083   540.49664   539.08240   537.66821   536.25403   534.83984   533.42554   532.01135   530.59717   529.18292   527.76874   526.35449   524.94031   523.52606   522.11188   520.69763   519.28345   517.86926   516.45502   515.04077   513.62659   512.21234   510.79816   509.38391   507.96973   506.55551   505.14136   503.72708   502.31287   500.89865   499.48444   498.07025   496.65601   495.24182   493.82758   492.41339   490.99918   489.58496   488.17075   486.75653   485.34229   483.92810   482.51385   481.09967   479.68546   478.27127   476.85703   475.44284   474.02863   472.61438   471.20020   469.78595   468.37177   466.95752   465.54333   464.12909   462.71490   461.30069   459.88647   458.47226   457.05804   455.64383   454.22961   452.81543   451.40118   449.98697   448.57275   447.15854   445.74432   444.33011   442.91589   441.50171   440.08746   438.67328   437.25906   435.84485   434.43063   433.01642   431.60220   430.18799   428.77377   427.35956   425.94537   424.53113   423.11694   421.70270   420.28848   418.87427   417.46005   416.04584   414.63165   413.21741   411.80322   410.38898   408.97479   407.56058   406.14636   404.73215   403.31793   401.90372   400.48950   399.07532   397.66107   396.24689   400.48950   404.73212     0.00000     0.00000     0.00000     0.00000     0.00000     0.00000     0.00000     0.00000     0.00000     0.00000     0.00000     0.00000     0.00000     0.00000     0.00000     0.00000     0.00000     0.00000     0.00000     0.00000     0.00000     0.00000     0.00000     0.00000     0.00000     0.00000     0.00000     0.00000     0.00000     0.00000     0.00000     0.00000     0.00000     0.00000     0.00000     0.00000     0.00000     0.00000     0.00000     0.00000     0.00000     0.00000     0.00000     0.00000     0.00000     0.00000     0.00000     0.00000     0.00000     0.00000     0.00000     0.00000     0.00000     0.00000     0.00000     0.00000
     0.00000     0.00000     0.00000     0.00000     0.00000     0.00000     0.00000     0.00000     0.00000     0.00000     0.00000     0.00000     0.00000     0.00000     0.00000     0.00000     0.00000     0.00000     0.00000     0.00000     0.00000     0.00000     0.00000     0.00000     0.00000     0.00000     0.00000     0.00000     0.00000     0.00000     0.00000     0.00000     0.00000     0.00000     0.00000     0.00000     0.00000     0.00000     0.00000     0.00000     0.00000     0.00000     0.00000     0.00000     0.00000     0.00000     0.00000     0.00000     0.00000     0.00000     0.00000     0.00000     0.00000     0.00000     0.00000     0.00000     0.00000   560.29565   558.88141   557.46722   556.05298   554.63879   553.22455   551.81036   550.39612   548.98193   547.56769   546.15350   544.73926   543.32507   541.91083   540.49670   539.08240   537.66821   536.25403   534.83978   533.42554   532.01135   530.59717   529.18292   527.76874   526.35449   524.94031   523.52612   522.11188   520.69763   519.28345   517.86920   516.45502   515.04077   513.62659   512.21234   510.79816   509.38394   507.96973   506.55551   505.14130   503.72708   502.31287   500.89868   499.48444   498.07025   496.65601   495.24182   493.82761   492.41339   490.99915   489.58496   488.17072   486.75653   485.34229   483.92810   482.51389   481.09970   479.68546   478.27124   476.85706   475.44281   474.02863   472.61438   471.20020   469.78595   468.37177   466.95752   465.54333   464.12912   462.71490   461.30069   459.88647   458.47226   457.05804   455.64383   454.22961   452.81540   451.40118   449.98697   448.57275   447.15854   445.74432   444.33014   442.91589   441.50171   440.08749   438.67328   437.25906   435.84485   434.43063   433.01642   431.60220   430.18799   428.77380   427.35956   425.94534   424.53110   423.11691   421.70270   420.28848   418.87427   417.46008   416.04584   414.63165   413.21741   411.80322   410.38901   408.97479   407.56058   406.14636   404.73215   403.31793   401.90375   400.48950   399.07532     0.00000     0.00000     0.00000     0.00000     0.00000     0.00000     0.00000     0.00000     0.00000     0.00000     0.00000     0.00000     0.00000     0.00000     0.00000     0.00000     0.00000     0.00000     0.00000     0.00000     0.00000     0.00000     0.00000     0.00000     0.00000     0.00000     0.00000     0.00000     0.00000     0.00000     0.00000     0.00000     0.00000     0.00000     0.00000     0.00000     0.00000     0.00000     0.00000     0.00000     0.00000     0.00000     0.00000     0.00000     0.00000     0.00000     0.00000     0.00000     0.00000     0.00000     0.00000     0.00000     0.00000     0.00000     0.00000     0.00000     0.00000
     0.00000     0.00000     0.00000     0.00000     0.00000     0.00000     0.00000     0.00000     0.00000     0.00000     0.00000     0.00000     0.00000     0.00000     0.00000     0.00000     0.00000     0.00000     0.00000     0.00000     0.00000     0.00000     0.00000     0.00000     0.00000     0.00000     0.00000     0.00000     0.00000     0.00000     0.00000     0.00000     0.00000     0.00000     0.00000     0.00000     0.00000     0.00000     0.00000     0.00000     0.00000     0.00000     0.00000     0.00000     0.00000     0.00000     0.00000     0.00000     0.00000     0.00000     0.00000     0.00000     0.00000     0.00000     0.00000     0.00000     0.00000     0.00000   563.12402   561.70984   560.29565   558.88141   557.46722   556.05298   554.63879   553.22455   551.81036   550.39612   548.98193   547.56769   546.15356   544.73926   543.32507   541.91089   540.49664   539.08240   537.66821   536.25403   534.83978   533.42560   532.01135   530.59717   529.18292   527.76874   526.35449   524.94031   523.52606   522.11188   520.69763   519.28345   517.86920   516.45502   515.04077   513.62659   512.21240   510.79816   509.38394   507.96973   506.55551   505.14130   503.72711   502.31287   500.89868   499.48444   498.07025   496.65601   495.24182   493.82758   492.41339   490.99915   489.58496   488.17072   486.75653   485.34232   483.92810   482.51389   481.09967   479.68549   478.27124   476.85706   475.44281   474.02863   472.61438   471.20020   469.78595   468.37177   466.95755   465.54333   464.12912   462.71490   461.30066   459.88647   458.47226   457.05804   455.64383   454.22961   452.81540   451.40118   449.98697   448.57275   447.15857   445.74432   444.33014   442.91592   441.50171   440.08749   438.67328   437.25906   435.84485   434.43063   433.01642   431.60220   430.18796   428.77377   427.35953   425.94534   424.53113   423.11691   421.70270   420.28851   418.87427   417.46008   416.04584   414.63165   413.21744   411.80322   410.38901   408.97479   407.56058   406.14636   404.73218     0.00000     0.00000     0.00000     0.00000     0.00000     0.00000     0.00000     0.00000     0.00000     0.00000     0.00000     0.00000     0.00000     0.00000     0.00000     0.00000     0.00000     0.00000     0.00000     0.00000     0.00000     0.00000     0.00000     0.00000     0.00000     0.00000     0.00000     0.00000     0.00000     0.00000     0.00000     0.00000     0.00000     0.00000     0.00000     0.00000     0.00000     0.00000     0.00000     0.00000     0.00000     0.00000     0.00000     0.00000     0.00000     0.00000     0.00000     0.00000     0.00000     0.00000     0.00000     0.00000     0.00000     0.00000     0.00000     0.00000     0.00000     0.00000
     0.00000     0.00000     0.00000     0.00000     0.00000     0.00000     0.00000     0.00000     0.00000     0.00000     0.00000     0.00000     0.00000     0.00000     0.00000     0.00000     0.00000     0.00000     0.00000     0.00000     0.00000     0.00000     0.00000     0.00000     0.00000     0.00000     0.00000     0.00000     0.00000     0.00000     0.00000     0.00000     0.00000     0.00000     0.00000     0.00000     0.00000     0.00000     0.00000     0.00000     0.00000     0.00000     0.00000     0.00000     0.00000     0.00000     0.00000     0.00000     0.00000     0.00000     0.00000     0.00000     0.00000     0.00000     0.00000     0.00000     0.00000     0.00000     0.00000   565.95251   564.53827   563.12408   561.70984   560.29565   558.88141   557.46722   556.05298   554.63879   553.22455   551.81042   550.39612   548.98193   547.56769   546.15350   544.73926   543.32507   541.91089   540.49664   539.08240   537.66821   536.25403   534.83978   533.42560   532.01135   530.59717   529.18292   527.76874   526.35449   524.94031   523.52606   522.11188   520.69763   519.28345   517.86920   516.45502   515.04077   513.62659   512.21240   510.79816   509.38394   507.96973   506.55554   505.14130   503.72711   502.31287   500.89868   499.48444   498.07025   496.65601   495.24182   493.82758   492.41339   490.99915   489.58496   488.17075   486.75653   485.34232   483.92810   482.51392   481.09967   479.68549   478.27124   476.85706   475.44281   474.02863   472.61438   471.20020   469.78598   468.37177   466.95752   465.54333   464.12909   462.71490   461.30069   459.88647   458.47226   457.05804   455.64383   454.22961   452.81540   451.40118   449.98700   448.57275   447.15857   445.74435   444.33014   442.91592   441.50171   440.08749   438.67328   437.25903   435.84482   434.43063   433.01639   431.60220   430.18796   428.77377   427.35956   425.94534   424.53113   423.11694   421.70270   420.28851   418.87427   417.46008   416.04587   414.63165   413.21744   411.80322   410.38901     0.00000     0.00000     0.00000     0.00000     0.00000     0.00000     0.00000     0.00000     0.00000     0.00000     0.00000     0.00000     0.00000     0.00000     0.00000     0.00000     0.00000     0.00000     0.00000     0.00000     0.00000     0.00000     0.00000     0.00000     0.00000     0.00000     0.00000     0.00000     0.00000     0.00000     0.00000     0.00000     0.00000     0.00000     0.00000     0.00000     0.00000     0.00000     0.00000     0.00000     0.00000     0.00000     0.00000     0.00000     0.00000     0.00000     0.00000     0.00000     0.00000     0.00000     0.00000     0.00000     0.00000     0.00000     0.00000     0.00000     0.00000     0.00000     0.00000
     0.00000     0.00000     0.00000     0.00000     0.00000     0.00000     0.00000     0.00000     0.00000     0.00000     0.00000     0.00000     0.00000     0.00000     0.00000     0.00000     0.00000     0.00000     0.00000     0.00000     0.00000     0.00000     0.00000     0.00000     0.00000     0.00000     0.00000     0.00000     0.00000     0.00000     0.00000     0.00000     0.00000     0.00000     0.00000     0.00000     0.00000     0.00000     0.00000     0.00000     0.00000     0.00000     0.00000     0.00000     0.00000     0.00000     0.00000     0.00000     0.00000     0.00000     0.00000     0.00000     0.00000     0.00000     0.00000     0.00000     0.00000     0.00000     0.00000     0.00000   568.78088   567.36670   565.95251   564.53827   563.12408   561.70984   560.29565   558.88141   557.46722   556.05298   554.63879   553.22455   551.81036   550.39612   548.98193   547.56775   546.15350   544.73926   543.32507   541.91089   540.49664   539.08246   537.66821   536.25403   534.83978   533.42560   532.01135   530.59717   529.18292   527.76874   526.35449   524.94031   523.52606   522.11188   520.69763   519.28345   517.86926   516.45502   515.04077   513.62659   512.21240   510.79816   509.38397   507.96973   506.55554   505.14130   503.72711   502.31287   500.89868   499.48444   498.07025   496.65601   495.24182   493.82758   492.41339   490.99918   489.58496   488.17075   486.75653   485.34235   483.92810   482.51392   481.09967   479.68549   478.27124   476.85706   475.44281   474.02863   472.61438   471.20016   469.78595   468.37177   466.95752   465.54333   464.12912   462.71490   461.30069   459.88647   458.47226   457.05804   455.64383   454.22961   452.81543   451.40118   449.98700   448.57278   447.15857   445.74435   444.33014   442.91589   441.50171   440.08746   438.67325   437.25906   435.84482   434.43063   433.01639   431.60220   430.18799   428.77377   427.35956   425.94537   424.53113   423.11694   421.70270   420.28851   418.87430   417.46008   416.04587     0.00000     0.00000     0.00000     0.00000     0.00000     0.00000     0.00000     0.00000     0.00000     0.00000     0.00000     0.00000     0.00000     0.00000     0.00000     0.00000     0.00000     0.00000     0.00000     0.00000     0.00000     0.00000     0.00000     0.00000     0.00000     0.00000     0.00000     0.00000     0.00000     0.00000     0.00000     0.00000     0.00000     0.00000     0.00000     0.00000     0.00000     0.00000     0.00000     0.00000     0.00000     0.00000     0.00000     0.00000     0.00000     0.00000     0.00000     0.00000     0.00000     0.00000     0.00000     0.00000     0.00000     0.00000     0.00000     0.00000     0.00000     0.00000     0.00000     0.00000
     0.00000     0.00000     0.00000     0.00000     0.00000     0.00000     0.00000     0.00000     0.00000     0.00000     0.00000     0.00000     0.00000     0.00000     0.00000     0.00000     0.00000     0.00000     0.00000     0.00000     0.00000     0.00000     0.00000     0.00000     0.00000     0.00000     0.00000     0.00000     0.00000     0.00000     0.00000     0.00000     0.00000     0.00000     0.00000     0.00000     0.00000     0.00000     0.00000     0.00000     0.00000     0.00000     0.00000     0.00000     0.00000     0.00000     0.00000     0.00000     0.00000     0.00000     0.00000     0.00000     0.00000     0.00000     0.00000     0.00000     0.00000     0.00000     0.00000     0.00000     0.00000   571.60931   570.19513   568.78094   567.36670   565.95251   564.53821   563.12408   561.70984   560.29565   558.88141   557.46722   556.05298   554.63879   553.22455   551.81036   550.39612   548.98193   547.56775   546.15350   544.73926   543.32507   541.91089   540.49658   539.08246   537.66821   536.25403   534.83978   533.42560   532.01135   530.59711   529.18292   527.76874   526.35449   524.94031   523.52606   522.11188   520.69763   519.28345   517.86926   516.45502   515.04077   513.62659   512.21240   510.79816   509.38397   507.96973   506.55554   505.14130   503.72711   502.31287   500.89865   499.48444   498.07025   496.65601   495.24182   493.82761   492.41339   490.99918   489.58496   488.17078   486.75653   485.34235   483.92810   482.51392   481.09967   479.68549   478.27124   476.85703   475.44281   474.02859   472.61438   471.20020   469.78595   468.37177   466.95755   465.54333   464.12912   462.71490   461.30069   459.88647   458.47226   457.05804   455.64386   454.22961   452.81543   451.40121   449.98700   448.57275   447.15854   445.74432   444.33014   442.91589   441.50168   440.08749   438.67325   437.25906   435.84482   434.43063   433.01642   431.60220   430.18799   428.77380   427.35956   425.94537   424.53113   423.11694   421.70273     0.00000     0.00000     0.00000     0.00000     0.00000     0.00000     0.00000     0.00000     0.00000     0.00000     0.00000     0.00000     0.00000     0.00000     0.00000     0.00000     0.00000     0.00000     0.00000     0.00000     0.00000     0.00000     0.00000     0.00000     0.00000     0.00000     0.00000     0.00000     0.00000     0.00000     0.00000     0.00000     0.00000     0.00000     0.00000     0.00000     0.00000     0.00000     0.00000     0.00000     0.00000     0.00000     0.00000     0.00000     0.00000     0.00000     0.00000     0.00000     0.00000     0.00000     0.00000     0.00000     0.00000     0.00000     0.00000     0.00000     0.00000     0.00000     0.00000     0.00000     0.00000
     0.00000     0.00000     0.00000     0.00000     0.00000     0.00000     0.00000     0.00000     0.00000     0.00000     0.00000     0.00000     0.00000     0.00000     0.00000     0.00000     0.00000     0.00000     0.00000     0.00000     0.00000     0.00000     0.00000     0.00000     0.00000     0.00000     0.00000     0.00000     0.00000     0.00000     0.00000     0.00000     0.00000     0.00000     0.00000     0.00000     0.00000     0.00000     0.00000     0.00000     0.00000     0.00000     0.00000     0.00000     0.00000     0.00000     0.00000     0.00000     0.00000     0.00000     0.00000     0.00000     0.00000     0.00000     0.00000     0.00000     0.00000     0.00000     0.00000     0.00000     0.00000     0.00000   574.43774   573.02356   571.60938   570.19507   568.78094   567.36670   565.95251   564.53827   563.12402   561.70984   560.29565   558.88141   557.46722   556.05298   554.63879   553.22461   551.81036   550.39612   548.98193   547.56775   546.15344   544.73932   543.32507   541.91089   540.49664   539.08246   537.66821   536.25397   534.83978   533.42554   532.01135   530.59717   529.18292   527.76874   526.35449   524.94031   523.52612   522.11188   520.69763   519.28339   517.86926   516.45502   515.04083   513.62659   512.21240   510.79816   509.38397   507.96973   506.55551   505.14130   503.72708   502.31287   500.89868   499.48444   498.07025   496.65604   495.24182   493.82761   492.41339   490.99921   489.58496   488.17078   486.75653   485.34235   483.92810   482.51385   481.09967   479.68546   478.27124   476.85703   475.44281   474.02863   472.61438   471.20020   469.78598   468.37177   466.95755   465.54333   464.12912   462.71490   461.30069   459.88647   458.47229   457.05804   455.64386   454.22961   452.81540   451.40118   449.98697   448.57275   447.15857   445.74432   444.33011   442.91592   441.50168   440.08749   438.67325   437.25906   435.84485   434.43063   433.01642   431.60223   430.18799   428.77380   427.35956     0.00000     0.00000     0.00000     0.00000     0.00000     0.00000     0.00000     0.00000     0.00000     0.00000     0.00000     0.00000     0.00000     0.00000     0.00000     0.00000     0.00000     0.00000     0.00000     0.00000     0.00000     0.00000     0.00000     0.00000     0.00000     0.00000     0.00000     0.00000     0.00000     0.00000     0.00000     0.00000     0.00000     0.00000     0.00000     0.00000     0.00000     0.00000     0.00000     0.00000     0.00000     0.00000     0.00000     0.00000     0.00000     0.00000     0.00000     0.00000     0.00000     0.00000     0.00000     0.00000     0.00000     0.00000     0.00000     0.00000     0.00000     0.00000     0.00000     0.00000     0.00000     0.00000
     0.00000     0.00000     0.00000     0.00000     0.00000     0.00000     0.00000     0.00000     0.00000     0.00000     0.00000     0.00000     0.00000     0.00000     0.00000     0.00000     0.00000     0.00000     0.00000     0.00000     0.00000     0.00000     0.00000     0.00000     0.00000     0.00000     0.00000     0.00000     0.00000     0.00000     0.00000     0.00000     0.00000     0.00000     0.00000     0.00000     0.00000     0.00000     0.00000     0.00000     0.00000     0.00000     0.00000     0.00000     0.00000     0.00000     0.00000     0.00000     0.00000     0.00000     0.00000     0.00000     0.00000     0.00000     0.00000     0.00000     0.00000     0.00000     0.00000     0.00000     0.00000     0.00000     0.00000   577.26617   575.85193   574.43781   573.02356   571.60938   570.19507   568.78088   567.36670   565.95251   564.53827   563.12408   561.70984   560.29565   558.88141   557.46722   556.05298   554.63879   553.22461   551.81030   550.39612   548.98193   547.56775   546.15344   544.73932   543.32507   541.91083   540.49664   539.08240   537.66821   536.25397   534.83978   533.42560   532.01135   530.59717   529.18292   527.76874   526.35449   524.94031   523.52612   522.11182   520.69763   519.28345   517.86926   516.45502   515.04083   513.62659   512.21234   510.79816   509.38394   507.96973   506.55551   505.14130   503.72711   502.31287   500.89868   499.48447   498.07025   496.65604   495.24182   493.82764   492.41339   490.99921   489.58496   488.17072   486.75653   485.34229   483.92810   482.51389   481.09967   479.68546   478.27124   476.85706   475.44281   474.02863   472.61441   471.20020   469.78598   468.37177   466.95755   465.54333   464.12912   462.71490   461.30072   459.88644   458.47226   457.05804   455.64383   454.22961   452.81540   451.40118   449.98700   448.57275   447.15854   445.74435   444.33011   442.91592   441.50168   440.08749   438.67328   437.25906   435.84485   434.43066   433.01642     0.00000     0.00000     0.00000     0.00000     0.00000     0.00000     0.00000     0.00000     0.00000     0.00000     0.00000     0.00000     0.00000     0.00000     0.00000     0.00000     0.00000     0.00000     0.00000     0.00000     0.00000     0.00000     0.00000     0.00000     0.00000     0.00000     0.00000     0.00000     0.00000     0.00000     0.00000     0.00000     0.00000     0.00000     0.00000     0.00000     0.00000     0.00000     0.00000     0.00000     0.00000     0.00000     0.00000     0.00000     0.00000     0.00000     0.00000     0.00000     0.00000     0.00000     0.00000     0.00000     0.00000     0.00000     0.00000     0.00000     0.00000     0.00000     0.00000     0.00000     0.00000     0.00000     0.00000
     0.00000     0.00000     0.00000     0.00000     0.00000     0.00000     0.00000     0.00000     0.00000     0.00000     0.00000     0.00000     0.00000     0.00000     0.00000     0.00000     0.00000     0.00000     0.00000     0.00000     0.00000     0.00000     0.00000     0.00000     0.00000     0.00000     0.00000     0.00000     0.00000     0.00000     0.00000     0.00000     0.00000     0.00000     0.00000     0.00000     0.00000     0.00000     0.00000     0.00000     0.00000     0.00000     0.00000     0.00000     0.00000     0.00000     0.00000     0.00000     0.00000     0.00000     0.00000     0.00000     0.00000     0.00000     0.00000     0.00000     0.00000     0.00000     0.00000     0.00000     0.00000     0.00000     0.00000     0.00000   580.09460   578.68042   577.26624   575.85193   574.43774   573.02356   571.60938   570.19513   568.78088   567.36670   565.95251   564.53827   563.12408   561.70984   560.29565   558.88147   557.46716   556.05298   554.63879   553.22461   551.81030   550.39618   548.98193   547.56775   546.15350   544.73926   543.32507   541.91083   540.49664   539.08240   537.66821   536.25403   534.83978   533.42560   532.01135   530.59711   529.18298   527.76874   526.35449   524.94025   523.52612   522.11188   520.69769   519.28345   517.86920   516.45502   515.04077   513.62659   512.21240   510.79816   509.38394   507.96973   506.55554   505.14130   503.72711   502.31290   500.89868   499.48447   498.07025   496.65607   495.24182   493.82758   492.41339   490.99915   489.58496   488.17072   486.75653   485.34232   483.92810   482.51389   481.09967   479.68549   478.27124   476.85706   475.44284   474.02863   472.61441   471.20020   469.78598   468.37177   466.95755   465.54330   464.12912   462.71487   461.30069   459.88647   458.47226   457.05804   455.64383   454.22961   452.81543   451.40118   449.98697   448.57278   447.15854   445.74435   444.33011   442.91592   441.50171   440.08749   438.67328     0.00000     0.00000     0.00000     0.00000     0.00000     0.00000     0.00000     0.00000     0.00000     0.00000     0.00000     0.00000     0.00000     0.00000     0.00000     0.00000     0.00000     0.00000     0.00000     0.00000     0.00000     0.00000     0.00000     0.00000     0.00000     0.00000     0.00000     0.00000     0.00000     0.00000     0.00000     0.00000     0.00000     0.00000     0.00000     0.00000     0.00000     0.00000     0.00000     0.00000     0.00000     0.00000     0.00000     0.00000     0.00000     0.00000     0.00000     0.00000     0.00000     0.00000     0.00000     0.00000     0.00000     0.00000     0.00000     0.00000     0.00000     0.00000     0.00000     0.00000     0.00000     0.00000     0.00000     0.00000
     0.00000     0.00000     0.00000     0.00000     0.00000     0.00000     0.00000     0.00000     0.00000     0.00000     0.00000     0.00000     0.00000     0.00000     0.00000     0.00000     0.00000     0.00000     0.00000     0.00000     0.00000     0.00000     0.00000     0.00000     0.00000     0.00000     0.00000     0.00000     0.00000     0.00000     0.00000     0.00000     0.00000     0.00000     0.00000     0.00000     0.00000     0.00000     0.00000     0.00000     0.00000     0.00000     0.00000     0.00000     0.00000     0.00000     0.00000     0.00000     0.00000     0.00000     0.00000     0.00000     0.00000     0.00000     0.00000     0.00000     0.00000     0.00000     0.00000     0.00000     0.00000     0.00000     0.00000     0.00000     0.00000   582.92303   581.50879   580.09460   578.68042   577.26624   575.85193   574.43774   573.02356   571.60938   570.19513   568.78094   567.36670   565.95251   564.53827   563.12402   561.70984   560.29565   558.88147   557.46716   556.05298   554.63879   553.22461   551.81030   550.39612   548.98193   547.56769   546.15350   544.73926   543.32507   541.91083   540.49664   539.08246   537.66821   536.25397   534.83978   533.42554   532.01135   530.59717   529.18298   527.76868   526.35449   524.94031   523.52606   522.11188   520.69763   519.28345   517.86920   516.45502   515.04077   513.62659   512.21240   510.79816   509.38397   507.96973   506.55554   505.14133   503.72711   502.31290   500.89865   499.48444   498.07025   496.65601   495.24182   493.82758   492.41339   490.99915   489.58496   488.17075   486.75653   485.34232   483.92810   482.51392   481.09967   479.68549   478.27127   476.85706   475.44284   474.02863   472.61441   471.20016   469.78595   468.37173   466.95755   465.54330   464.12912   462.71490   461.30069   459.88647   458.47226   457.05804   455.64386   454.22961   452.81540   451.40121   449.98697   448.57278   447.15854   445.74435   444.33014     0.00000     0.00000     0.00000     0.00000     0.00000     0.00000     0.00000     0.00000     0.00000     0.00000     0.00000     0.00000     0.00000     0.00000     0.00000     0.00000     0.00000     0.00000     0.00000     0.00000     0.00000     0.00000     0.00000     0.00000     0.00000     0.00000     0.00000     0.00000     0.00000     0.00000     0.00000     0.00000     0.00000     0.00000     0.00000     0.00000     0.00000     0.00000     0.00000     0.00000     0.00000     0.00000     0.00000     0.00000     0.00000     0.00000     0.00000     0.00000     0.00000     0.00000     0.00000     0.00000     0.00000     0.00000     0.00000     0.00000     0.00000     0.00000     0.00000     0.00000     0.00000     0.00000     0.00000     0.00000     0.00000
     0.00000     0.00000     0.00000     0.00000     0.00000     0.00000     0.00000     0.00000     0.00000     0.00000     0.00000     0.00000     0.00000     0.00000     0.00000     0.00000     0.00000     0.00000     0.00000     0.00000     0.00000     0.00000     0.00000     0.00000     0.00000     0.00000     0.00000     0.00000     0.00000     0.00000     0.00000     0.00000     0.00000     0.00000     0.00000     0.00000     0.00000     0.00000     0.00000     0.00000     0.00000     0.00000     0.00000     0.00000     0.00000     0.00000     0.00000     0.00000     0.00000     0.00000     0.00000     0.00000     0.00000     0.00000     0.00000     0.00000     0.00000     0.00000     0.00000     0.00000     0.00000     0.00000     0.00000     0.00000     0.00000     0.00000   585.75146   584.33728   582.92310   581.50879   580.09460   578.68042   577.26624   575.85199   574.43774   573.02356   571.60938   570.19513   568.78088   567.36670   565.95251   564.53833   563.12402   561.70984   560.29565   558.88141   557.46716   556.05298   554.63879   553.22461   551.81036   550.39612   548.98193   547.56769   546.15350   544.73926   543.32507   541.91083   540.49664   539.08240   537.66821   536.25397   534.83984   533.42560   532.01135   530.59711   529.18292   527.76874   526.35449   524.94031   523.52606   522.11188   520.69763   519.28345   517.86926   516.45502   515.04077   513.62659   512.21240   510.79816   509.38397   507.96976   506.55551   505.14130   503.72708   502.31287   500.89868   499.48444   498.07025   496.65601   495.24182   493.82758   492.41339   490.99918   489.58496   488.17075   486.75653   485.34235   483.92810   482.51392   481.09970   479.68549   478.27127   476.85703   475.44281   474.02859   472.61438   471.20016   469.78598   468.37173   466.95755   465.54333   464.12912   462.71490   461.30069   459.88647   458.47229   457.05804   455.64383   454.22964   452.81540   451.40121   449.98697     0.00000     0.00000     0.00000     0.00000     0.00000     0.00000     0.00000     0.00000     0.00000     0.00000     0.00000     0.00000     0.00000     0.00000     0.00000     0.00000     0.00000     0.00000     0.00000     0.00000     0.00000     0.00000     0.00000     0.00000     0.00000     0.00000     0.00000     0.00000     0.00000     0.00000     0.00000     0.00000     0.00000     0.00000     0.00000     0.00000     0.00000     0.00000     0.00000     0.00000     0.00000     0.00000     0.00000     0.00000     0.00000     0.00000     0.00000     0.00000     0.00000     0.00000     0.00000     0.00000     0.00000     0.00000     0.00000     0.00000     0.00000     0.00000     0.00000     0.00000     0.00000     0.00000     0.00000     0.00000     0.00000     0.00000
     0.00000     0.00000     0.00000     0.00000     0.00000     0.00000     0.00000     0.00000     0.00000     0.00000     0.00000     0.00000     0.00000     0.00000     0.00000     0.00000     0.00000     0.00000     0.00000     0.00000     0.00000     0.00000     0.00000     0.00000     0.00000     0.00000     0.00000     0.00000     0.00000     0.00000     0.00000     0.00000     0.00000     0.00000     0.00000     0.00000     0.00000     0.00000     0.00000     0.00000     0.00000     0.00000     0.00000     0.00000     0.00000     0.00000     0.00000     0.00000     0.00000     0.00000     0.00000     0.00000     0.00000     0.00000     0.00000     0.00000     0.00000     0.00000     0.00000     0.00000     0.00000     0.00000     0.00000     0.00000     0.00000     0.00000     0.00000   588.57990   587.16565   585.75146   584.33728   582.92310   581.50879   580.09460   578.68042   577.26617   575.85199   574.43774   573.02356   571.60938   570.19513   568.78088   567.36670   565.95251   564.53827   563.12402   561.70984   560.29565   558.88147   557.46716   556.05298   554.63879   553.22455   551.81036   550.39612   548.98193   547.56769   546.15350   544.73926   543.32507   541.91083   540.49664   539.08240   537.66821   536.25403   534.83978   533.42554   532.01135   530.59717   529.18292   527.76874   526.35449   524.94031   523.52606   522.11188   520.69763   519.28345   517.86926   516.45502   515.04083   513.62659   512.21234   510.79816   509.38394   507.96973   506.55551   505.14130   503.72711   502.31287   500.89868   499.48444   498.07025   496.65601   495.24182   493.82761   492.41339   490.99918   489.58496   488.17078   486.75653   485.34235   483.92813   482.51385   481.09967   479.68546   478.27124   476.85703   475.44281   474.02859   472.61441   471.20016   469.78598   468.37177   466.95755   465.54333   464.12912   462.71490   461.30072   459.88647   458.47226   457.05807   455.64383     0.00000     0.00000     0.00000     0.00000     0.00000     0.00000     0.00000     0.00000     0.00000     0.00000     0.00000     0.00000     0.00000     0.00000     0.00000     0.00000     0.00000     0.00000     0.00000     0.00000     0.00000     0.00000     0.00000     0.00000     0.00000     0.00000     0.00000     0.00000     0.00000     0.00000     0.00000     0.00000     0.00000     0.00000     0.00000     0.00000     0.00000     0.00000     0.00000     0.00000     0.00000     0.00000     0.00000     0.00000     0.00000     0.00000     0.00000     0.00000     0.00000     0.00000     0.00000     0.00000     0.00000     0.00000     0.00000     0.00000     0.00000     0.00000     0.00000     0.00000     0.00000     0.00000     0.00000     0.00000     0.00000     0.00000     0.00000
     0.00000     0.00000     0.00000     0.00000     0.00000     0.00000     0.00000     0.00000     0.00000     0.00000     0.00000     0.00000     0.00000     0.00000     0.00000     0.00000     0.00000     0.00000     0.00000     0.00000     0.00000     0.00000     0.00000     0.00000     0.00000     0.00000     0.00000     0.00000     0.00000     0.00000     0.00000     0.00000     0.00000     0.00000     0.00000     0.00000     0.00000     0.00000     0.00000     0.00000     0.00000     0.00000     0.00000     0.00000     0.00000     0.00000     0.00000     0.00000     0.00000     0.00000     0.00000     0.00000     0.00000     0.00000     0.00000     0.00000     0.00000     0.00000     0.00000     0.00000     0.00000     0.00000     0.00000     0.00000     0.00000     0.00000     0.00000     0.00000   591.40833   589.99414   588.57996   587.16565   585.75146   584.33728   582.92303   581.50885   580.09460   578.68042   577.26624   575.85199   574.43774   573.02356   571.60938   570.19513   568.78088   567.36670   565.95251   564.53827   563.12402   561.70984   560.29565   558.88147   557.46722   556.05298   554.63879   553.22455   551.81036   550.39612   548.98193   547.56769   546.15350   544.73926   543.32507   541.91083   540.49664   539.08246   537.66821   536.25397   534.83978   533.42560   532.01135   530.59717   529.18292   527.76874   526.35449   524.94031   523.52612   522.11188   520.69763   519.28345   517.86920   516.45502   515.04077   513.62659   512.21240   510.79816   509.38394   507.96973   506.55554   505.14130   503.72711   502.31287   500.89868   499.48444   498.07025   496.65604   495.24182   493.82761   492.41339   490.99921   489.58496   488.17072   486.75653   485.34229   483.92810   482.51389   481.09967   479.68546   478.27124   476.85703   475.44284   474.02859   472.61441   471.20020   469.78598   468.37177   466.95755   465.54333   464.12915   462.71490   461.30069     0.00000     0.00000     0.00000     0.00000     0.00000     0.00000     0.00000     0.00000     0.00000     0.00000     0.00000     0.00000     0.00000     0.00000     0.00000     0.00000     0.00000     0.00000     0.00000     0.00000     0.00000     0.00000     0.00000     0.00000     0.00000     0.00000     0.00000     0.00000     0.00000     0.00000     0.00000     0.00000     0.00000     0.00000     0.00000     0.00000     0.00000     0.00000     0.00000     0.00000     0.00000     0.00000     0.00000     0.00000     0.00000     0.00000     0.00000     0.00000     0.00000     0.00000     0.00000     0.00000     0.00000     0.00000     0.00000     0.00000     0.00000     0.00000     0.00000     0.00000     0.00000     0.00000     0.00000     0.00000     0.00000     0.00000     0.00000     0.00000
     0.00000     0.00000     0.00000     0.00000     0.00000     0.00000     0.00000     0.00000     0.00000     0.00000     0.00000     0.00000     0.00000     0.00000     0.00000     0.00000     0.00000     0.00000     0.00000     0.00000     0.00000     0.00000     0.00000     0.00000     0.00000     0.00000     0.00000     0.00000     0.00000     0.00000     0.00000     0.00000     0.00000     0.00000     0.00000     0.00000     0.00000     0.00000     0.00000     0.00000     0.00000     0.00000     0.00000     0.00000     0.00000     0.00000     0.00000     0.00000     0.00000     0.00000     0.00000     0.00000     0.00000     0.00000     0.00000     0.00000     0.00000     0.00000     0.00000     0.00000     0.00000     0.00000     0.00000     0.00000     0.00000     0.00000     0.00000     0.00000     0.00000   594.23676   592.82251   591.40833   589.99414   588.57990   587.16565   585.75146   584.33728   582.92303   581.50885   580.09460   578.68042   577.26624   575.85193   574.43774   573.02356   571.60938   570.19513   568.78088   567.36670   565.95251   564.53833   563.12402   561.70984   560.29565   558.88141   557.46722   556.05298   554.63879   553.22455   551.81036   550.39612   548.98193   547.56769   546.15344   544.73926   543.32507   541.91089   540.49664   539.08240   537.66821   536.25403   534.83978   533.42560   532.01135   530.59717   529.18292   527.76874   526.35449   524.94031   523.52606   522.11188   520.69763   519.28345   517.86920   516.45502   515.04077   513.62659   512.21240   510.79816   509.38397   507.96973   506.55554   505.14130   503.72711   502.31287   500.89868   499.48447   498.07025   496.65604   495.24182   493.82758   492.41336   490.99915   489.58496   488.17072   486.75653   485.34232   483.92810   482.51389   481.09967   479.68546   478.27127   476.85703   475.44284   474.02863   472.61441   471.20020   469.78598   468.37177   466.95758     0.00000     0.00000     0.00000     0.00000     0.00000     0.00000     0.00000     0.00000     0.00000     0.00000     0.00000     0.00000     0.00000     0.00000     0.00000     0.00000     0.00000     0.00000     0.00000     0.00000     0.00000     0.00000     0.00000     0.00000     0.00000     0.00000     0.00000     0.00000     0.00000     0.00000     0.00000     0.00000     0.00000     0.00000     0.00000     0.00000     0.00000     0.00000     0.00000     0.00000     0.00000     0.00000     0.00000     0.00000     0.00000     0.00000     0.00000     0.00000     0.00000     0.00000     0.00000     0.00000     0.00000     0.00000     0.00000     0.00000     0.00000     0.00000     0.00000     0.00000     0.00000     0.00000     0.00000     0.00000     0.00000     0.00000     0.00000     0.00000     0.00000
     0.00000     0.00000     0.00000     0.00000     0.00000     0.00000     0.00000     0.00000     0.00000     0.00000     0.00000     0.00000     0.00000     0.00000     0.00000     0.00000     0.00000     0.00000     0.00000     0.00000     0.00000     0.00000     0.00000     0.00000     0.00000     0.00000     0.00000     0.00000     0.00000     0.00000     0.00000     0.00000     0.00000     0.00000     0.00000     0.00000     0.00000     0.00000     0.00000     0.00000     0.00000     0.00000     0.00000     0.00000     0.00000     0.00000     0.00000     0.00000     0.00000     0.00000     0.00000     0.00000     0.00000     0.00000     0.00000     0.00000     0.00000     0.00000     0.00000     0.00000     0.00000     0.00000     0.00000     0.00000     0.00000     0.00000     0.00000     0.00000     0.00000     0.00000   597.06519   595.65100   594.23676   592.82251   591.40833   589.99414   588.57990   587.16571   585.75146   584.33728   582.92310   581.50879   580.09460   578.68042   577.26624   575.85199   574.43774   573.02356   571.60938   570.19513   568.78088   567.36670   565.95251   564.53827   563.12408   561.70984   560.29565   558.88141   557.46722   556.05298   554.63879   553.22455   551.81030   550.39612   548.98193   547.56769   546.15350   544.73932   543.32507   541.91083   540.49664   539.08246   537.66821   536.25403   534.83978   533.42560   532.01135   530.59717   529.18292   527.76868   526.35449   524.94031   523.52606   522.11188   520.69763   519.28345   517.86926   516.45502   515.04077   513.62659   512.21240   510.79816   509.38397   507.96973   506.55554   505.14130   503.72711   502.31290   500.89868   499.48444   498.07022   496.65601   495.24179   493.82758   492.41339   490.99915   489.58496   488.17075   486.75653   485.34232   483.92810   482.51389   481.09970   479.68546   478.27127   476.85706   475.44284   474.02863   472.61441     0.00000     0.00000     0.00000     0.00000     0.00000     0.00000     0.00000     0.00000     0.00000     0.00000     0.00000     0.00000     0.00000     0.00000     0.00000     0.00000     0.00000     0.00000     0.00000     0.00000     0.00000     0.00000     0.00000     0.00000     0.00000     0.00000     0.00000     0.00000     0.00000     0.00000     0.00000     0.00000     0.00000     0.00000     0.00000     0.00000     0.00000     0.00000     0.00000     0.00000     0.00000     0.00000     0.00000     0.00000     0.00000     0.00000     0.00000     0.00000     0.00000     0.00000     0.00000     0.00000     0.00000     0.00000     0.00000     0.00000     0.00000     0.00000     0.00000     0.00000     0.00000     0.00000     0.00000     0.00000     0.00000     0.00000     0.00000     0.00000     0.00000     0.00000
     0.00000     0.00000     0.00000     0.00000     0.00000     0.00000     0.00000     0.00000     0.00000     0.00000     0.00000     0.00000     0.00000     0.00000     0.00000     0.00000     0.00000     0.00000     0.00000     0.00000     0.00000     0.00000     0.00000     0.00000     0.00000     0.00000     0.00000     0.00000     0.00000     0.00000     0.00000     0.00000     0.00000     0.00000     0.00000     0.00000     0.00000     0.00000     0.00000     0.00000     0.00000     0.00000     0.00000     0.00000     0.00000     0.00000     0.00000     0.00000     0.00000     0.00000     0.00000     0.00000     0.00000     0.00000     0.00000     0.00000     0.00000     0.00000     0.00000     0.00000     0.00000     0.00000     0.00000     0.00000     0.00000     0.00000     0.00000     0.00000     0.00000     0.00000     0.00000   599.89355   598.47937   597.06519   595.65100   594.23676   592.82251   591.40833   589.99414   588.57990   587.16565   585.75146   584.33728   582.92310   581.50879   580.09460   578.68042   577.26624   575.85199   574.43774   573.02356   571.60938   570.19513   568.78088   567.36670   565.95251   564.53827   563.12408   561.70984   560.29565   558.88141   557.46716   556.05298   554.63879   553.22455   551.81030   550.39612   548.98193   547.56775   546.15350   544.73926   543.32507   541.91089   540.49664   539.08246   537.66821   536.25403   534.83978   533.42554   532.01135   530.59717   529.18292   527.76874   526.35449   524.94031   523.52606   522.11188   520.69763   519.28345   517.86926   516.45502   515.04083   513.62659   512.21240   510.79816   509.38397   507.96973   506.55554   505.14130   503.72708   502.31287   500.89865   499.48444   498.07022   496.65601   495.24182   493.82758   492.41339   490.99918   489.58496   488.17075   486.75653   485.34232   483.92813   482.51389   481.09970   479.68549   478.27127     0.00000     0.00000     0.00000     0.00000     0.00000     0.00000     0.00000     0.00000     0.00000     0.00000     0.00000     0.00000     0.00000     0.00000     0.00000     0.00000     0.00000     0.00000     0.00000     0.00000     0.00000     0.00000     0.00000     0.00000     0.00000     0.00000     0.00000     0.00000     0.00000     0.00000     0.00000     0.00000     0.00000     0.00000     0.00000     0.00000     0.00000     0.00000     0.00000     0.00000     0.00000     0.00000     0.00000     0.00000     0.00000     0.00000     0.00000     0.00000     0.00000     0.00000     0.00000     0.00000     0.00000     0.00000     0.00000     0.00000     0.00000     0.00000     0.00000     0.00000     0.00000     0.00000     0.00000     0.00000     0.00000     0.00000     0.00000     0.00000     0.00000     0.00000     0.00000
     0.00000     0.00000     0.00000     0.00000     0.00000     0.00000     0.00000     0.00000     0.00000     0.00000     0.00000     0.00000     0.00000     0.00000     0.00000     0.00000     0.00000     0.00000     0.00000     0.00000     0.00000     0.00000     0.00000     0.00000     0.00000     0.00000     0.00000     0.00000     0.00000     0.00000     0.00000     0.00000     0.00000     0.00000     0.00000     0.00000     0.00000     0.00000     0.00000     0.00000     0.00000     0.00000     0.00000     0.00000     0.00000     0.00000     0.00000     0.00000     0.00000     0.00000     0.00000     0.00000     0.00000     0.00000     0.00000     0.00000     0.00000     0.00000     0.00000     0.00000     0.00000     0.00000     0.00000     0.00000     0.00000     0.00000     0.00000     0.00000     0.00000     0.00000     0.00000     0.00000   602.72205   601.30786   599.89362   598.47937   597.06519   595.65100   594.23676   592.82251   591.40833   589.99414   588.57996   587.16565   585.75146   584.33728   582.92310   581.50885   580.09460   578.68042   577.26624   575.85193   574.43774   573.02356   571.60938   570.19513   568.78094   567.36670   565.95251   564.53827   563.12402   561.70984   560.29565   558.88141   557.46716   556.05298   554.63879   553.22455   551.81036   550.39618   548.98193   547.56769   546.15350   544.73932   543.32507   541.91089   540.49664   539.08240   537.66821   536.25403   534.83978   533.42554   532.01135   530.59717   529.18292   527.76874   526.35449   524.94031   523.52612   522.11188   520.69763   519.28345   517.86926   516.45502   515.04083   513.62659   512.21240   510.79816   509.38391   507.96973   506.55551   505.14130   503.72708   502.31287   500.89865   499.48444   498.07025   496.65601   495.24182   493.82761   492.41339   490.99918   489.58496   488.17075   486.75656   485.34232   483.92813     0.00000     0.00000     0.00000     0.00000     0.00000     0.00000     0.00000     0.00000     0.00000     0.00000     0.00000     0.00000     0.00000     0.00000     0.00000     0.00000     0.00000     0.00000     0.00000     0.00000     0.00000     0.00000     0.00000     0.00000     0.00000     0.00000     0.00000     0.00000     0.00000     0.00000     0.00000     0.00000     0.00000     0.00000     0.00000     0.00000     0.00000     0.00000     0.00000     0.00000     0.00000     0.00000     0.00000     0.00000     0.00000     0.00000     0.00000     0.00000     0.00000     0.00000     0.00000     0.00000     0.00000     0.00000     0.00000     0.00000     0.00000     0.00000     0.00000     0.00000     0.00000     0.00000     0.00000     0.00000     0.00000     0.00000     0.00000     0.00000     0.00000     0.00000     0.00000     0.00000
     0.00000     0.00000     0.00000     0.00000     0.00000     0.00000     0.00000     0.00000     0.00000     0.00000     0.00000     0.00000     0.00000     0.00000     0.00000     0.00000     0.00000     0.00000     0.00000     0.00000     0.00000     0.00000     0.00000     0.00000     0.00000     0.00000     0.00000     0.00000     0.00000     0.00000     0.00000     0.00000     0.00000     0.00000     0.00000     0.00000     0.00000     0.00000     0.00000     0.00000     0.00000     0.00000     0.00000     0.00000     0.00000     0.00000     0.00000     0.00000     0.00000     0.00000     0.00000     0.00000     0.00000     0.00000     0.00000     0.00000     0.00000     0.00000     0.00000     0.00000     0.00000     0.00000     0.00000     0.00000     0.00000     0.00000     0.00000     0.00000     0.00000     0.00000     0.00000     0.00000     0.00000   605.55042   604.13623   602.72205   601.30786   599.89362   598.47937   597.06519   595.65100   594.23676   592.82251   591.40833   589.99414   588.57996   587.16565   585.75146   584.33728   582.92310   581.50879   580.09460   578.68042   577.26624   575.85199   574.43774   573.02356   571.60938   570.19513   568.78088   567.36670   565.95251   564.53827   563.12402   561.70984   560.29565   558.88141   557.46716   556.05298   554.63879   553.22461   551.81036   550.39612   548.98193   547.56775   546.15350   544.73926   543.32507   541.91083   540.49664   539.08240   537.66821   536.25403   534.83978   533.42560   532.01135   530.59717   529.18292   527.76874   526.35449   524.94031   523.52612   522.11188   520.69769   519.28345   517.86926   516.45502   515.04077   513.62659   512.21234   510.79816   509.38394   507.96973   506.55551   505.14130   503.72708   502.31287   500.89868   499.48444   498.07025   496.65604   495.24182   493.82761   492.41339   490.99918   489.58499     0.00000     0.00000     0.00000     0.00000     0.00000     0.00000     0.00000     0.00000     0.00000     0.00000     0.00000     0.00000     0.00000     0.00000     0.00000     0.00000     0.00000     0.00000     0.00000     0.00000     0.00000     0.00000     0.00000     0.00000     0.00000     0.00000     0.00000     0.00000     0.00000     0.00000     0.00000     0.00000     0.00000     0.00000     0.00000     0.00000     0.00000     0.00000     0.00000     0.00000     0.00000     0.00000     0.00000     0.00000     0.00000     0.00000     0.00000     0.00000     0.00000     0.00000     0.00000     0.00000     0.00000     0.00000     0.00000     0.00000     0.00000     0.00000     0.00000     0.00000     0.00000     0.00000     0.00000     0.00000     0.00000     0.00000     0.00000     0.00000     0.00000     0.00000     0.00000     0.00000     0.00000
     0.00000     0.00000     0.00000     0.00000     0.00000     0.00000     0.00000     0.00000     0.00000     0.00000     0.00000     0.00000     0.00000     0.00000     0.00000     0.00000     0.00000     0.00000     0.00000     0.00000     0.00000     0.00000     0.00000     0.00000     0.00000     0.00000     0.00000     0.00000     0.00000     0.00000     0.00000     0.00000     0.00000     0.00000     0.00000     0.00000     0.00000     0.00000     0.00000     0.00000     0.00000     0.00000     0.00000     0.00000     0.00000     0.00000     0.00000     0.00000     0.00000     0.00000     0.00000     0.00000     0.00000     0.00000     0.00000     0.00000     0.00000     0.00000     0.00000     0.00000     0.00000     0.00000     0.00000     0.00000     0.00000     0.00000     0.00000     0.00000     0.00000     0.00000     0.00000     0.00000     0.00000     0.00000   608.37891   606.96472   605.55048   604.13623   602.72205   601.30780   599.89362   598.47937   597.06519   595.65100   594.23682   592.82251   591.40833   589.99414   588.57996   587.16565   585.75146   584.33728   582.92310   581.50879   580.09460   578.68042   577.26624   575.85199   574.43774   573.02356   571.60938   570.19513   568.78088   567.36670   565.95251   564.53827   563.12402   561.70984   560.29565   558.88141   557.46722   556.05304   554.63879   553.22455   551.81030   550.39612   548.98193   547.56769   546.15350   544.73926   543.32507   541.91089   540.49664   539.08240   537.66821   536.25403   534.83978   533.42560   532.01135   530.59717   529.18298   527.76874   526.35449   524.94031   523.52612   522.11188   520.69763   519.28345   517.86920   516.45502   515.04077   513.62659   512.21240   510.79816   509.38394   507.96973   506.55551   505.14130   503.72711   502.31287   500.89868   499.48447   498.07025   496.65604   495.24182     0.00000     0.00000     0.00000     0.00000     0.00000     0.00000     0.00000     0.00000     0.00000     0.00000     0.00000     0.00000     0.00000     0.00000     0.00000     0.00000     0.00000     0.00000     0.00000     0.00000     0.00000     0.00000     0.00000     0.00000     0.00000     0.00000     0.00000     0.00000     0.00000     0.00000     0.00000     0.00000     0.00000     0.00000     0.00000     0.00000     0.00000     0.00000     0.00000     0.00000     0.00000     0.00000     0.00000     0.00000     0.00000     0.00000     0.00000     0.00000     0.00000     0.00000     0.00000     0.00000     0.00000     0.00000     0.00000     0.00000     0.00000     0.00000     0.00000     0.00000     0.00000     0.00000     0.00000     0.00000     0.00000     0.00000     0.00000     0.00000     0.00000     0.00000     0.00000     0.00000     0.00000     0.00000
     0.00000     0.00000     0.00000     0.00000     0.00000     0.00000     0.00000     0.00000     0.00000     0.00000     0.00000     0.00000     0.00000     0.00000     0.00000     0.00000     0.00000     0.00000     0.00000     0.00000     0.00000     0.00000     0.00000     0.00000     0.00000     0.00000     0.00000     0.00000     0.00000     0.00000     0.00000     0.00000     0.00000     0.00000     0.00000     0.00000     0.00000     0.00000     0.00000     0.00000     0.00000     0.00000     0.00000     0.00000     0.00000     0.00000     0.00000     0.00000     0.00000     0.00000     0.00000     0.00000     0.00000     0.00000     0.00000     0.00000     0.00000     0.00000     0.00000     0.00000     0.00000     0.00000     0.00000     0.00000     0.00000     0.00000     0.00000     0.00000     0.00000     0.00000     0.00000     0.00000     0.00000     0.00000     0.00000   611.20728   609.79309   608.37891   606.96466   605.55048   604.13623   602.72205   601.30786   599.89362   598.47937   597.06519   595.65100   594.23682   592.82251   591.40833   589.99414   588.57996   587.16565   585.75146   584.33728   582.92310   581.50885   580.09460   578.68042   577.26617   575.85199   574.43774   573.02356   571.60938   570.19513   568.78088   567.36670   565.95251   564.53827   563.12402   561.70984   560.29565   558.88147   557.46716   556.05298   554.63879   553.22455   551.81036   550.39612   548.98193   547.56769   546.15350   544.73926   543.32507   541.91089   540.49664   539.08246   537.66821   536.25403   534.83978   533.42560   532.01135   530.59717   529.18298   527.76874   526.35449   524.94031   523.52606   522.11188   520.69763   519.28345   517.86920   516.45502   515.04077   513.62659   512.21240   510.79816   509.38394   507.96973   506.55554   505.14130   503.72711   502.31290   500.89868     0.00000     0.00000     0.00000     0.00000     0.00000     0.00000     0.00000     0.00000     0.00000     0.00000     0.00000     0.00000     0.00000     0.00000     0.00000     0.00000     0.00000     0.00000     0.00000     0.00000     0.00000     0.00000     0.00000     0.00000     0.00000     0.00000     0.00000     0.00000     0.00000     0.00000     0.00000     0.00000     0.00000     0.00000     0.00000     0.00000     0.00000     0.00000     0.00000     0.00000     0.00000     0.00000     0.00000     0.00000     0.00000     0.00000     0.00000     0.00000     0.00000     0.00000     0.00000     0.00000     0.00000     0.00000     0.00000     0.00000     0.00000     0.00000     0.00000     0.00000     0.00000     0.00000     0.00000     0.00000     0.00000     0.00000     0.00000     0.00000     0.00000     0.00000     0.00000     0.00000     0.00000     0.00000     0.00000
     0.00000     0.00000     0.00000     0.00000     0.00000     0.00000     0.00000     0.00000     0.00000     0.00000     0.00000     0.00000     0.00000     0.00000     0.00000     0.00000     0.00000     0.00000     0.00000     0.00000     0.00000     0.00000     0.00000     0.00000     0.00000     0.00000     0.00000     0.00000     0.00000     0.00000     0.00000     0.00000     0.00000     0.00000     0.00000     0.00000     0.00000     0.00000     0.00000     0.00000     0.00000     0.00000     0.00000     0.00000     0.00000     0.00000     0.00000     0.00000     0.00000     0.00000     0.00000     0.00000     0.00000     0.00000     0.00000     0.00000     0.00000     0.00000     0.00000     0.00000     0.00000     0.00000     0.00000     0.00000     0.00000     0.00000     0.00000     0.00000     0.00000     0.00000     0.00000     0.00000     0.00000     0.00000     0.00000     0.00000   614.03577   612.62152   611.20734   609.79309   608.37891   606.96466   605.55048   604.13623   602.72205   601.30786   599.89368   598.47937   597.06519   595.65094   594.23682   592.82251   591.40833   589.99414   588.57996   587.16565   585.75146   584.33728   582.92303   581.50885   580.09460   578.68042   577.26624   575.85199   574.43774   573.02356   571.60938   570.19513   568.78088   567.36670   565.95251   564.53827   563.12402   561.70984   560.29565   558.88141   557.46716   556.05298   554.63879   553.22455   551.81036   550.39612   548.98193   547.56775   546.15350   544.73926   543.32507   541.91089   540.49664   539.08246   537.66821   536.25403   534.83984   533.42554   532.01135   530.59717   529.18292   527.76874   526.35449   524.94031   523.52606   522.11188   520.69763   519.28345   517.86926   516.45502   515.04077   513.62659   512.21240   510.79816   509.38397   507.96973   506.55554     0.00000     0.00000     0.00000     0.00000     0.00000     0.00000     0.00000     0.00000     0.00000     0.00000     0.00000     0.00000     0.00000     0.00000     0.00000     0.00000     0.00000     0.00000     0.00000     0.00000     0.00000     0.00000     0.00000     0.00000     0.00000     0.00000     0.00000     0.00000     0.00000     0.00000     0.00000     0.00000     0.00000     0.00000     0.00000     0.00000     0.00000     0.00000     0.00000     0.00000     0.00000     0.00000     0.00000     0.00000     0.00000     0.00000     0.00000     0.00000     0.00000     0.00000     0.00000     0.00000     0.00000     0.00000     0.00000     0.00000     0.00000     0.00000     0.00000     0.00000     0.00000     0.00000     0.00000     0.00000     0.00000     0.00000     0.00000     0.00000     0.00000     0.00000     0.00000     0.00000     0.00000     0.00000     0.00000     0.00000
     0.00000     0.00000     0.00000     0.00000     0.00000     0.00000     0.00000     0.00000     0.00000     0.00000     0.00000     0.00000     0.00000     0.00000     0.00000     0.00000     0.00000     0.00000     0.00000     0.00000     0.00000     0.00000     0.00000     0.00000     0.00000     0.00000     0.00000     0.00000     0.00000     0.00000     0.00000     0.00000     0.00000     0.00000     0.00000     0.00000     0.00000     0.00000     0.00000     0.00000     0.00000     0.00000     0.00000     0.00000     0.00000     0.00000     0.00000     0.00000     0.00000     0.00000     0.00000     0.00000     0.00000     0.00000     0.00000     0.00000     0.00000     0.00000     0.00000     0.00000     0.00000     0.00000     0.00000     0.00000     0.00000     0.00000     0.00000     0.00000     0.00000     0.00000     0.00000     0.00000     0.00000     0.00000     0.00000     0.00000     0.00000   616.86414   615.44995   614.03577   612.62152   611.20734   609.79309   608.37891   606.96472   605.55048   604.13623   602.72205   601.30780   599.89368   598.47937   597.06519   595.65100   594.23682   592.82251   591.40833   589.99414   588.57990   587.16571   585.75146   584.33728   582.92303   581.50885   580.09460   578.68042   577.26624   575.85199   574.43774   573.02356   571.60938   570.19513   568.78088   567.36670   565.95251   564.53827   563.12402   561.70984   560.29565   558.88141   557.46722   556.05298   554.63879   553.22455   551.81036   550.39612   548.98193   547.56775   546.15350   544.73932   543.32507   541.91089   540.49664   539.08240   537.66821   536.25403   534.83978   533.42560   532.01135   530.59717   529.18292   527.76874   526.35449   524.94031   523.52606   522.11188   520.69763   519.28345   517.86926   516.45502   515.04077   513.62659   512.21240     0.00000     0.00000     0.00000     0.00000     0.00000     0.00000     0.00000     0.00000     0.00000     0.00000     0.00000     0.00000     0.00000     0.00000     0.00000     0.00000     0.00000     0.00000     0.00000     0.00000     0.00000     0.00000     0.00000     0.00000     0.00000     0.00000     0.00000     0.00000     0.00000     0.00000     0.00000     0.00000     0.00000     0.00000     0.00000     0.00000     0.00000     0.00000     0.00000     0.00000     0.00000     0.00000     0.00000     0.00000     0.00000     0.00000     0.00000     0.00000     0.00000     0.00000     0.00000     0.00000     0.00000     0.00000     0.00000     0.00000     0.00000     0.00000     0.00000     0.00000     0.00000     0.00000     0.00000     0.00000     0.00000     0.00000     0.00000     0.00000     0.00000     0.00000     0.00000     0.00000     0.00000     0.00000     0.00000     0.00000     0.00000
     0.00000     0.00000     0.00000     0.00000     0.00000     0.00000     0.00000     0.00000     0.00000     0.00000     0.00000     0.00000     0.00000     0.00000     0.00000     0.00000     0.00000     0.00000     0.00000     0.00000     0.00000     0.00000     0.00000     0.00000     0.00000     0.00000     0.00000     0.00000     0.00000     0.00000     0.00000     0.00000     0.00000     0.00000     0.00000     0.00000     0.00000     0.00000     0.00000     0.00000     0.00000     0.00000     0.00000     0.00000     0.00000     0.00000     0.00000     0.00000     0.00000     0.00000     0.00000     0.00000     0.00000     0.00000     0.00000     0.00000     0.00000     0.00000     0.00000     0.00000     0.00000     0.00000     0.00000     0.00000     0.00000     0.00000     0.00000     0.00000     0.00000     0.00000     0.00000     0.00000     0.00000     0.00000     0.00000     0.00000     0.00000     0.00000   619.69263   618.27838   616.86420   615.44995   614.03577   612.62152   611.20734   609.79309   608.37891   606.96466   605.55054   604.13623   602.72205   601.30780   599.89368   598.47937   597.06519   595.65100   594.23676   592.82251   591.40833   589.99414   588.57990   587.16571   585.75146   584.33728   582.92310   581.50885   580.09460   578.68042   577.26624   575.85199   574.43774   573.02356   571.60931   570.19513   568.78088   567.36670   565.95251   564.53827   563.12402   561.70984   560.29565   558.88141   557.46722   556.05298   554.63879   553.22461   551.81036   550.39612   548.98193   547.56775   546.15350   544.73926   543.32507   541.91089   540.49664   539.08240   537.66821   536.25403   534.83978   533.42560   532.01135   530.59717   529.18292   527.76874   526.35449   524.94031   523.52612   522.11188   520.69763   519.28345   517.86926     0.00000     0.00000     0.00000     0.00000     0.00000     0.00000     0.00000     0.00000     0.00000     0.00000     0.00000     0.00000     0.00000     0.00000     0.00000     0.00000     0.00000     0.00000     0.00000     0.00000     0.00000     0.00000     0.00000     0.00000     0.00000     0.00000     0.00000     0.00000     0.00000     0.00000     0.00000     0.00000     0.00000     0.00000     0.00000     0.00000     0.00000     0.00000     0.00000     0.00000     0.00000     0.00000     0.00000     0.00000     0.00000     0.00000     0.00000     0.00000     0.00000     0.00000     0.00000     0.00000     0.00000     0.00000     0.00000     0.00000     0.00000     0.00000     0.00000     0.00000     0.00000     0.00000     0.00000     0.00000     0.00000     0.00000     0.00000     0.00000     0.00000     0.00000     0.00000     0.00000     0.00000     0.00000     0.00000     0.00000     0.00000     0.00000
     0.00000     0.00000     0.00000     0.00000     0.00000     0.00000     0.00000     0.00000     0.00000     0.00000     0.00000     0.00000     0.00000     0.00000     0.00000     0.00000     0.00000     0.00000     0.00000     0.00000     0.00000     0.00000     0.00000     0.00000     0.00000     0.00000     0.00000     0.00000     0.00000     0.00000     0.00000     0.00000     0.00000     0.00000     0.00000     0.00000     0.00000     0.00000     0.00000     0.00000     0.00000     0.00000     0.00000     0.00000     0.00000     0.00000     0.00000     0.00000     0.00000     0.00000     0.00000     0.00000     0.00000     0.00000     0.00000     0.00000     0.00000     0.00000     0.00000     0.00000     0.00000     0.00000     0.00000     0.00000     0.00000     0.00000     0.00000     0.00000     0.00000     0.00000     0.00000     0.00000     0.00000     0.00000     0.00000     0.00000     0.00000     0.00000     0.00000   622.52100   621.10681   619.69263   618.27838   616.86420   615.44995   614.03577   612.62152   611.20734   609.79309   608.37891   606.96466   605.55054   604.13623   602.72205   601.30786   599.89362   598.47937   597.06519   595.65100   594.23676   592.82257   591.40833   589.99414   588.57990   587.16571   585.75146   584.33728   582.92310   581.50885   580.09460   578.68042   577.26617   575.85199   574.43774   573.02356   571.60938   570.19513   568.78088   567.36670   565.95251   564.53827   563.12408   561.70984   560.29565   558.88141   557.46722   556.05298   554.63879   553.22461   551.81036   550.39612   548.98193   547.56769   546.15350   544.73926   543.32507   541.91089   540.49664   539.08246   537.66821   536.25403   534.83978   533.42560   532.01135   530.59717   529.18292   527.76874   526.35449   524.94031   523.52612     0.00000     0.00000     0.00000     0.00000     0.00000     0.00000     0.00000     0.00000     0.00000     0.00000     0.00000     0.00000     0.00000     0.00000     0.00000     0.00000     0.00000     0.00000     0.00000     0.00000     0.00000     0.00000     0.00000     0.00000     0.00000     0.00000     0.00000     0.00000     0.00000     0.00000     0.00000     0.00000     0.00000     0.00000     0.00000     0.00000     0.00000     0.00000     0.00000     0.00000     0.00000     0.00000     0.00000     0.00000     0.00000     0.00000     0.00000     0.00000     0.00000     0.00000     0.00000     0.00000     0.00000     0.00000     0.00000     0.00000     0.00000     0.00000     0.00000     0.00000     0.00000     0.00000     0.00000     0.00000     0.00000     0.00000     0.00000     0.00000     0.00000     0.00000     0.00000     0.00000     0.00000     0.00000     0.00000     0.00000     0.00000     0.00000     0.00000
     0.00000     0.00000     0.00000     0.00000     0.00000     0.00000     0.00000     0.00000     0.00000     0.00000     0.00000     0.00000     0.00000     0.00000     0.00000     0.00000     0.00000     0.00000     0.00000     0.00000     0.00000     0.00000     0.00000     0.00000     0.00000     0.00000     0.00000     0.00000     0.00000     0.00000     0.00000     0.00000     0.00000     0.00000     0.00000     0.00000     0.00000     0.00000     0.00000     0.00000     0.00000     0.00000     0.00000     0.00000     0.00000     0.00000     0.00000     0.00000     0.00000     0.00000     0.00000     0.00000     0.00000     0.00000     0.00000     0.00000     0.00000     0.00000     0.00000     0.00000     0.00000     0.00000     0.00000     0.00000     0.00000     0.00000     0.00000     0.00000     0.00000     0.00000     0.00000     0.00000     0.00000     0.00000     0.00000     0.00000     0.00000     0.00000     0.00000     0.00000   625.34949   623.93524   622.52106   621.10681   619.69263   618.27832   616.86420   615.44995   614.03577   612.62152   611.20740   609.79309   608.37891   606.96466   605.55048   604.13623   602.72205   601.30786   599.89362   598.47937   597.06519   595.65100   594.23676   592.82257   591.40833   589.99414   588.57996   587.16571   585.75146   584.33722   582.92303   581.50885   580.09460   578.68042   577.26617   575.85199   574.43774   573.02356   571.60938   570.19513   568.78088   567.36670   565.95251   564.53827   563.12408   561.70984   560.29565   558.88147   557.46722   556.05298   554.63879   553.22455   551.81036   550.39612   548.98193   547.56775   546.15350   544.73926   543.32507   541.91089   540.49664   539.08246   537.66821   536.25403   534.83978   533.42560   532.01135   530.59717   529.18298     0.00000     0.00000     0.00000     0.00000     0.00000     0.00000     0.00000     0.00000     0.00000     0.00000     0.00000     0.00000     0.00000     0.00000     0.00000     0.00000     0.00000     0.00000     0.00000     0.00000     0.00000     0.00000     0.00000     0.00000     0.00000     0.00000     0.00000     0.00000     0.00000     0.00000     0.00000     0.00000     0.00000     0.00000     0.00000     0.00000     0.00000     0.00000     0.00000     0.00000     0.00000     0.00000     0.00000     0.00000     0.00000     0.00000     0.00000     0.00000     0.00000     0.00000     0.00000     0.00000     0.00000     0.00000     0.00000     0.00000     0.00000     0.00000     0.00000     0.00000     0.00000     0.00000     0.00000     0.00000     0.00000     0.00000     0.00000     0.00000     0.00000     0.00000     0.00000     0.00000     0.00000     0.00000     0.00000     0.00000     0.00000     0.00000     0.00000     0.00000
     0.00000     0.00000     0.00000     0.00000     0.00000     0.00000     0.00000     0.00000     0.00000     0.00000     0.00000     0.00000     0.00000     0.00000     0.00000     0.00000     0.00000     0.00000     0.00000     0.00000     0.00000     0.00000     0.00000     0.00000     0.00000     0.00000     0.00000     0.00000     0.00000     0.00000     0.00000     0.00000     0.00000     0.00000     0.00000     0.00000     0.00000     0.00000     0.00000     0.00000     0.00000     0.00000     0.00000     0.00000     0.00000     0.00000     0.00000     0.00000     0.00000     0.00000     0.00000     0.00000     0.00000     0.00000     0.00000     0.00000     0.00000     0.00000     0.00000     0.00000     0.00000     0.00000     0.00000     0.00000     0.00000     0.00000     0.00000     0.00000     0.00000     0.00000     0.00000     0.00000     0.00000     0.00000     0.00000     0.00000     0.00000     0.00000     0.00000     0.00000     0.00000   628.17786   626.76367   625.34949   623.93518   622.52106   621.10681   619.69263   618.27838   616.86420   615.44995   614.03577   612.62152   611.20734   609.79309   608.37891   606.96472   605.55048   604.13623   602.72205   601.30786   599.89362   598.47943   597.06519   595.65100   594.23676   592.82257   591.40833   589.99408   588.57990   587.16565   585.75146   584.33728   582.92303   581.50885   580.09460   578.68042   577.26624   575.85199   574.43774   573.02356   571.60938   570.19513   568.78094   567.36670   565.95251   564.53827   563.12408   561.70984   560.29565   558.88141   557.46716   556.05298   554.63879   553.22455   551.81036   550.39612   548.98193   547.56775   546.15350   544.73932   543.32507   541.91089   540.49664   539.08246   537.66821   536.25403   534.83978     0.00000     0.00000     0.00000     0.00000     0.00000     0.00000     0.00000     0.00000     0.00000     0.00000     0.00000     0.00000     0.00000     0.00000     0.00000     0.00000     0.00000     0.00000     0.00000     0.00000     0.00000     0.00000     0.00000     0.00000     0.00000     0.00000     0.00000     0.00000     0.00000     0.00000     0.00000     0.00000     0.00000     0.00000     0.00000     0.00000     0.00000     0.00000     0.00000     0.00000     0.00000     0.00000     0.00000     0.00000     0.00000     0.00000     0.00000     0.00000     0.00000     0.00000     0.00000     0.00000     0.00000     0.00000     0.00000     0.00000     0.00000     0.00000     0.00000     0.00000     0.00000     0.00000     0.00000     0.00000     0.00000     0.00000     0.00000     0.00000     0.00000     0.00000     0.00000     0.00000     0.00000     0.00000     0.00000     0.00000     0.00000     0.00000     0.00000     0.00000     0.00000
     0.00000     0.00000     0.00000     0.00000     0.00000     0.00000     0.00000     0.00000     0.00000     0.00000     0.00000     0.00000     0.00000     0.00000     0.00000     0.00000     0.00000     0.00000     0.00000     0.00000     0.00000     0.00000     0.00000     0.00000     0.00000     0.00000     0.00000     0.00000     0.00000     0.00000     0.00000     0.00000     0.00000     0.00000     0.00000     0.00000     0.00000     0.00000     0.00000     0.00000     0.00000     0.00000     0.00000     0.00000     0.00000     0.00000     0.00000     0.00000     0.00000     0.00000     0.00000     0.00000     0.00000     0.00000     0.00000     0.00000     0.00000     0.00000     0.00000     0.00000     0.00000     0.00000     0.00000     0.00000     0.00000     0.00000     0.00000     0.00000     0.00000     0.00000     0.00000     0.00000     0.00000     0.00000     0.00000     0.00000     0.00000     0.00000     0.00000     0.00000     0.00000     0.00000   631.00635   629.59204   628.17792   626.76367   625.34949   623.93518   622.52106   621.10681   619.69263   618.27838   616.86420   615.44995   614.03577   612.62152   611.20734   609.79309   608.37891   606.96472   605.55048   604.13623   602.72205   601.30786   599.89362   598.47943   597.06519   595.65094   594.23676   592.82251   591.40833   589.99408   588.57990   587.16571   585.75146   584.33728   582.92303   581.50885   580.09460   578.68042   577.26624   575.85199   574.43774   573.02356   571.60938   570.19513   568.78094   567.36670   565.95245   564.53827   563.12402   561.70984   560.29565   558.88141   557.46722   556.05298   554.63879   553.22461   551.81036   550.39612   548.98193   547.56775   546.15350   544.73932   543.32507   541.91089   540.49664     0.00000     0.00000     0.00000     0.00000     0.00000     0.00000     0.00000     0.00000     0.00000     0.00000     0.00000     0.00000     0.00000     0.00000     0.00000     0.00000     0.00000     0.00000     0.00000     0.00000     0.00000     0.00000     0.00000     0.00000     0.00000     0.00000     0.00000     0.00000     0.00000     0.00000     0.00000     0.00000     0.00000     0.00000     0.00000     0.00000     0.00000     0.00000     0.00000     0.00000     0.00000     0.00000     0.00000     0.00000     0.00000     0.00000     0.00000     0.00000     0.00000     0.00000     0.00000     0.00000     0.00000     0.00000     0.00000     0.00000     0.00000     0.00000     0.00000     0.00000     0.00000     0.00000     0.00000     0.00000     0.00000     0.00000     0.00000     0.00000     0.00000     0.00000     0.00000     0.00000     0.00000     0.00000     0.00000     0.00000     0.00000     0.00000     0.00000     0.00000     0.00000     0.00000
     0.00000     0.00000     0.00000     0.00000     0.00000     0.00000     0.00000     0.00000     0.00000     0.00000     0.00000     0.00000     0.00000     0.00000     0.00000     0.00000     0.00000     0.00000     0.00000     0.00000     0.00000     0.00000     0.00000     0.00000     0.00000     0.00000     0.00000     0.00000     0.00000     0.00000     0.00000     0.00000     0.00000     0.00000     0.00000     0.00000     0.00000     0.00000     0.00000     0.00000     0.00000     0.00000     0.00000     0.00000     0.00000     0.00000     0.00000     0.00000     0.00000     0.00000     0.00000     0.00000     0.00000     0.00000     0.00000     0.00000     0.00000     0.00000     0.00000     0.00000     0.00000     0.00000     0.00000     0.00000     0.00000     0.00000     0.00000     0.00000     0.00000     0.00000     0.00000     0.00000     0.00000     0.00000     0.00000     0.00000     0.00000     0.00000     0.00000     0.00000     0.00000     0.00000     0.00000   633.83472   632.42053   631.00635   629.59204   628.17792   626.76367   625.34949   623.93524   622.52100   621.10681   619.69263   618.27838   616.86420   615.44995   614.03577   612.62158   611.20734   609.79309   608.37891   606.96472   605.55048   604.13629   602.72205   601.30786   599.89362   598.47937   597.06519   595.65094   594.23676   592.82251   591.40833   589.99414   588.57990   587.16571   585.75146   584.33728   582.92310   581.50885   580.09460   578.68042   577.26624   575.85199   574.43781   573.02356   571.60931   570.19513   568.78088   567.36670   565.95251   564.53827   563.12402   561.70984   560.29565   558.88141   557.46722   556.05298   554.63879   553.22461   551.81036   550.39618   548.98193   547.56775   546.15350     0.00000     0.00000     0.00000     0.00000     0.00000     0.00000     0.00000     0.00000     0.00000     0.00000     0.00000     0.00000     0.00000     0.00000     0.00000     0.00000     0.00000     0.00000     0.00000     0.00000     0.00000     0.00000     0.00000     0.00000     0.00000     0.00000     0.00000     0.00000     0.00000     0.00000     0.00000     0.00000     0.00000     0.00000     0.00000     0.00000     0.00000     0.00000     0.00000     0.00000     0.00000     0.00000     0.00000     0.00000     0.00000     0.00000     0.00000     0.00000     0.00000     0.00000     0.00000     0.00000     0.00000     0.00000     0.00000     0.00000     0.00000     0.00000     0.00000     0.00000     0.00000     0.00000     0.00000     0.00000     0.00000     0.00000     0.00000     0.00000     0.00000     0.00000     0.00000     0.00000     0.00000     0.00000     0.00000     0.00000     0.00000     0.00000     0.00000     0.00000     0.00000     0.00000     0.00000
     0.00000     0.00000     0.00000     0.00000     0.00000     0.00000     0.00000     0.00000     0.00000     0.00000     0.00000     0.00000     0.00000     0.00000     0.00000     0.00000     0.00000     0.00000     0.00000     0.00000     0.00000     0.00000     0.00000     0.00000     0.00000     0.00000     0.00000     0.00000     0.00000     0.00000     0.00000     0.00000     0.00000     0.00000     0.00000     0.00000     0.00000     0.00000     0.00000     0.00000     0.00000     0.00000     0.00000     0.00000     0.00000     0.00000     0.00000     0.00000     0.00000     0.00000     0.00000     0.00000     0.00000     0.00000     0.00000     0.00000     0.00000     0.00000     0.00000     0.00000     0.00000     0.00000     0.00000     0.00000     0.00000     0.00000     0.00000     0.00000     0.00000     0.00000     0.00000     0.00000     0.00000     0.00000     0.00000     0.00000     0.00000     0.00000     0.00000     0.00000     0.00000     0.00000     0.00000     0.00000   636.66321   635.24890   633.83478   632.42053   631.00635   629.59204   628.17786   626.76367   625.34949   623.93524   622.52106   621.10681   619.69263   618.27838   616.86420   615.44995   614.03577   612.62158   611.20734   609.79309   608.37891   606.96472   605.55042   604.13623   602.72205   601.30780   599.89362   598.47937   597.06519   595.65094   594.23676   592.82257   591.40833   589.99414   588.57990   587.16571   585.75146   584.33728   582.92310   581.50885   580.09460   578.68042   577.26617   575.85199   574.43774   573.02356   571.60931   570.19513   568.78088   567.36670   565.95251   564.53827   563.12408   561.70984   560.29565   558.88147   557.46722   556.05298   554.63879   553.22461   551.81036     0.00000     0.00000     0.00000     0.00000     0.00000     0.00000     0.00000     0.00000     0.00000     0.00000     0.00000     0.00000     0.00000     0.00000     0.00000     0.00000     0.00000     0.00000     0.00000     0.00000     0.00000     0.00000     0.00000     0.00000     0.00000     0.00000     0.00000     0.00000     0.00000     0.00000     0.00000     0.00000     0.00000     0.00000     0.00000     0.00000     0.00000     0.00000     0.00000     0.00000     0.00000     0.00000     0.00000     0.00000     0.00000     0.00000     0.00000     0.00000     0.00000     0.00000     0.00000     0.00000     0.00000     0.00000     0.00000     0.00000     0.00000     0.00000     0.00000     0.00000     0.00000     0.00000     0.00000     0.00000     0.00000     0.00000     0.00000     0.00000     0.00000     0.00000     0.00000     0.00000     0.00000     0.00000     0.00000     0.00000     0.00000     0.00000     0.00000     0.00000     0.00000     0.00000     0.00000     0.00000
     0.00000     0.00000     0.00000     0.00000     0.00000     0.00000     0.00000     0.00000     0.00000     0.00000     0.00000     0.00000     0.00000     0.00000     0.00000     0.00000     0.00000     0.00000     0.00000     0.00000     0.00000     0.00000     0.00000     0.00000     0.00000     0.00000     0.00000     0.00000     0.00000     0.00000     0.00000     0.00000     0.00000     0.00000     0.00000     0.00000     0.00000     0.00000     0.00000     0.00000     0.00000     0.00000     0.00000     0.00000     0.00000     0.00000     0.00000     0.00000     0.00000     0.00000     0.00000     0.00000     0.00000     0.00000     0.00000     0.00000     0.00000     0.00000     0.00000     0.00000     0.00000     0.00000     0.00000     0.00000     0.00000     0.00000     0.00000     0.00000     0.00000     0.00000     0.00000     0.00000     0.00000     0.00000     0.00000     0.00000     0.00000     0.00000     0.00000     0.00000     0.00000     0.00000     0.00000     0.00000     0.00000   639.49158   638.07739   636.66321   635.24890   633.83472   632.42053   631.00635   629.59210   628.17786   626.76367   625.34949   623.93524   622.52106   621.10681   619.69263   618.27844   616.86420   615.44995   614.03577   612.62152   611.20728   609.79309   608.37891   606.96472   605.55048   604.13623   602.72205   601.30780   599.89362   598.47937   597.06519   595.65100   594.23676   592.82257   591.40833   589.99414   588.57996   587.16571   585.75146   584.33722   582.92303   581.50885   580.09460   578.68042   577.26617   575.85199   574.43774   573.02356   571.60938   570.19513   568.78088   567.36670   565.95251   564.53827   563.12408   561.70984   560.29565   558.88147   557.46722     0.00000     0.00000     0.00000     0.00000     0.00000     0.00000     0.00000     0.00000     0.00000     0.00000     0.00000     0.00000     0.00000     0.00000     0.00000     0.00000     0.00000     0.00000     0.00000     0.00000     0.00000     0.00000     0.00000     0.00000     0.00000     0.00000     0.00000     0.00000     0.00000     0.00000     0.00000     0.00000     0.00000     0.00000     0.00000     0.00000     0.00000     0.00000     0.00000     0.00000     0.00000     0.00000     0.00000     0.00000     0.00000     0.00000     0.00000     0.00000     0.00000     0.00000     0.00000     0.00000     0.00000     0.00000     0.00000     0.00000     0.00000     0.00000     0.00000     0.00000     0.00000     0.00000     0.00000     0.00000     0.00000     0.00000     0.00000     0.00000     0.00000     0.00000     0.00000     0.00000     0.00000     0.00000     0.00000     0.00000     0.00000     0.00000     0.00000     0.00000     0.00000     0.00000     0.00000     0.00000     0.00000
     0.00000     0.00000     0.00000     0.00000     0.00000     0.00000     0.00000     0.00000     0.00000     0.00000     0.00000     0.00000     0.00000     0.00000     0.00000     0.00000     0.00000     0.00000     0.00000     0.00000     0.00000     0.00000     0.00000     0.00000     0.00000     0.00000     0.00000     0.00000     0.00000     0.00000     0.00000     0.00000     0.00000     0.00000     0.00000     0.00000     0.00000     0.00000     0.00000     0.00000     0.00000     0.00000     0.00000     0.00000     0.00000     0.00000     0.00000     0.00000     0.00000     0.00000     0.00000     0.00000     0.00000     0.00000     0.00000     0.00000     0.00000     0.00000     0.00000     0.00000     0.00000     0.00000     0.00000     0.00000     0.00000     0.00000     0.00000     0.00000     0.00000     0.00000     0.00000     0.00000     0.00000     0.00000     0.00000     0.00000     0.00000     0.00000     0.00000     0.00000     0.00000     0.00000     0.00000     0.00000     0.00000     0.00000   642.32001   640.90576   639.49158   638.07739   636.66321   635.24890   633.83472   632.42053   631.00635   629.59210   628.17792   626.76367   625.34949   623.93524   622.52106   621.10681   619.69263   618.27838   616.86414   615.44995   614.03577   612.62158   611.20728   609.79309   608.37891   606.96466   605.55048   604.13623   602.72205   601.30780   599.89362   598.47943   597.06519   595.65100   594.23676   592.82257   591.40833   589.99414   588.57990   587.16565   585.75146   584.33728   582.92303   581.50885   580.09460   578.68042   577.26617   575.85199   574.43774   573.02356   571.60938   570.19513   568.78094   567.36670   565.95251   564.53833   563.12408     0.00000     0.00000     0.00000     0.00000     0.00000     0.00000     0.00000     0.00000     0.00000     0.00000     0.00000     0.00000     0.00000     0.00000     0.00000     0.00000     0.00000     0.00000     0.00000     0.00000     0.00000     0.00000     0.00000     0.00000     0.00000     0.00000     0.00000     0.00000     0.00000     0.00000     0.00000     0.00000     0.00000     0.00000     0.00000     0.00000     0.00000     0.00000     0.00000     0.00000     0.00000     0.00000     0.00000     0.00000     0.00000     0.00000     0.00000     0.00000     0.00000     0.00000     0.00000     0.00000     0.00000     0.00000     0.00000     0.00000     0.00000     0.00000     0.00000     0.00000     0.00000     0.00000     0.00000     0.00000     0.00000     0.00000     0.00000     0.00000     0.00000     0.00000     0.00000     0.00000     0.00000     0.00000     0.00000     0.00000     0.00000     0.00000     0.00000     0.00000     0.00000     0.00000     0.00000     0.00000     0.00000     0.00000
     0.00000     0.00000     0.00000     0.00000     0.00000     0.00000     0.00000     0.00000     0.00000     0.00000     0.00000     0.00000     0.00000     0.00000     0.00000     0.00000     0.00000     0.00000     0.00000     0.00000     0.00000     0.00000     0.00000     0.00000     0.00000     0.00000     0.00000     0.00000     0.00000     0.00000     0.00000     0.00000     0.00000     0.00000     0.00000     0.00000     0.00000     0.00000     0.00000     0.00000     0.00000     0.00000     0.00000     0.00000     0.00000     0.00000     0.00000     0.00000     0.00000     0.00000     0.00000     0.00000     0.00000     0.00000     0.00000     0.00000     0.00000     0.00000     0.00000     0.00000     0.00000     0.00000     0.00000     0.00000     0.00000     0.00000     0.00000     0.00000     0.00000     0.00000     0.00000     0.00000     0.00000     0.00000     0.00000     0.00000     0.00000     0.00000     0.00000     0.00000     0.00000     0.00000     0.00000     0.00000     0.00000     0.00000     0.00000   645.14844   643.73425   642.32007   640.90576   639.49158   638.07739   636.66321   635.24896   633.83472   632.42053   631.00635   629.59210   628.17792   626.76367   625.34949   623.93524   622.52100   621.10681   619.69263   618.27838   616.86414   615.44995   614.03577   612.62158   611.20734   609.79309   608.37891   606.96466   605.55048   604.13623   602.72205   601.30786   599.89362   598.47943   597.06519   595.65094   594.23676   592.82257   591.40833   589.99408   588.57990   587.16571   585.75146   584.33728   582.92303   581.50885   580.09460   578.68042   577.26624   575.85199   574.43774   573.02356   571.60938   570.19513   568.78094     0.00000     0.00000     0.00000     0.00000     0.00000     0.00000     0.00000     0.00000     0.00000     0.00000     0.00000     0.00000     0.00000     0.00000     0.00000     0.00000     0.00000     0.00000     0.00000     0.00000     0.00000     0.00000     0.00000     0.00000     0.00000     0.00000     0.00000     0.00000     0.00000     0.00000     0.00000     0.00000     0.00000     0.00000     0.00000     0.00000     0.00000     0.00000     0.00000     0.00000     0.00000     0.00000     0.00000     0.00000     0.00000     0.00000     0.00000     0.00000     0.00000     0.00000     0.00000     0.00000     0.00000     0.00000     0.00000     0.00000     0.00000     0.00000     0.00000     0.00000     0.00000     0.00000     0.00000     0.00000     0.00000     0.00000     0.00000     0.00000     0.00000     0.00000     0.00000     0.00000     0.00000     0.00000     0.00000     0.00000     0.00000     0.00000     0.00000     0.00000     0.00000     0.00000     0.00000     0.00000     0.00000     0.00000     0.00000
     0.00000     0.00000     0.00000     0.00000     0.00000     0.00000     0.00000     0.00000     0.00000     0.00000     0.00000     0.00000     0.00000     0.00000     0.00000     0.00000     0.00000     0.00000     0.00000     0.00000     0.00000     0.00000     0.00000     0.00000     0.00000     0.00000     0.00000     0.00000     0.00000     0.00000     0.00000     0.00000     0.00000     0.00000     0.00000     0.00000     0.00000     0.00000     0.00000     0.00000     0.00000     0.00000     0.00000     0.00000     0.00000     0.00000     0.00000     0.00000     0.00000     0.00000     0.00000     0.00000     0.00000     0.00000     0.00000     0.00000     0.00000     0.00000     0.00000     0.00000     0.00000     0.00000     0.00000     0.00000     0.00000     0.00000     0.00000     0.00000     0.00000     0.00000     0.00000     0.00000     0.00000     0.00000     0.00000     0.00000     0.00000     0.00000     0.00000     0.00000     0.00000     0.00000     0.00000     0.00000     0.00000     0.00000     0.00000     0.00000   647.97687   646.56262   645.14844   643.73425   642.32007   640.90576   639.49158   638.07739   636.66321   635.24896   633.83478   632.42053   631.00635   629.59204   628.17786   626.76367   625.34949   623.93524   622.52100   621.10681   619.69263   618.27844   616.86414   615.44995   614.03577   612.62152   611.20734   609.79309   608.37891   606.96466   605.55048   604.13629   602.72205   601.30780   599.89355   598.47937   597.06519   595.65100   594.23676   592.82251   591.40833   589.99414   588.57990   587.16571   585.75146   584.33728   582.92303   581.50885   580.09460   578.68042   577.26624   575.85199   574.43781     0.00000     0.00000     0.00000     0.00000     0.00000     0.00000     0.00000     0.00000     0.00000     0.00000     0.00000     0.00000     0.00000     0.00000     0.00000     0.00000     0.00000     0.00000     0.00000     0.00000     0.00000     0.00000     0.00000     0.00000     0.00000     0.00000     0.00000     0.00000     0.00000     0.00000     0.00000     0.00000     0.00000     0.00000     0.00000     0.00000     0.00000     0.00000     0.00000     0.00000     0.00000     0.00000     0.00000     0.00000     0.00000     0.00000     0.00000     0.00000     0.00000     0.00000     0.00000     0.00000     0.00000     0.00000     0.00000     0.00000     0.00000     0.00000     0.00000     0.00000     0.00000     0.00000     0.00000     0.00000     0.00000     0.00000     0.00000     0.00000     0.00000     0.00000     0.00000     0.00000     0.00000     0.00000     0.00000     0.00000     0.00000     0.00000     0.00000     0.00000     0.00000     0.00000     0.00000     0.00000     0.00000     0.00000     0.00000     0.00000
     0.00000     0.00000     0.00000     0.00000     0.00000     0.00000     0.00000     0.00000     0.00000     0.00000     0.00000     0.00000     0.00000     0.00000     0.00000     0.00000     0.00000     0.00000     0.00000     0.00000     0.00000     0.00000     0.00000     0.00000     0.00000     0.00000     0.00000     0.00000     0.00000     0.00000     0.00000     0.00000     0.00000     0.00000     0.00000     0.00000     0.00000     0.00000     0.00000     0.00000     0.00000     0.00000     0.00000     0.00000     0.00000     0.00000     0.00000     0.00000     0.00000     0.00000     0.00000     0.00000     0.00000     0.00000     0.00000     0.00000     0.00000     0.00000     0.00000     0.00000     0.00000     0.00000     0.00000     0.00000     0.00000     0.00000     0.00000     0.00000     0.00000     0.00000     0.00000     0.00000     0.00000     0.00000     0.00000     0.00000     0.00000     0.00000     0.00000     0.00000     0.00000     0.00000     0.00000     0.00000     0.00000     0.00000     0.00000     0.00000     0.00000   650.80530   649.39111   647.97693   646.56262   645.14844   643.73425   642.32007   640.90582   639.49158   638.07739   636.66321   635.24890   633.83472   632.42053   631.00635   629.59210   628.17786   626.76367   625.34949   623.93524   622.52100   621.10681   619.69263   618.27844   616.86420   615.44995   614.03577   612.62152   611.20734   609.79309   608.37891   606.96466   605.55042   604.13623   602.72205   601.30780   599.89362   598.47943   597.06519   595.65094   594.23676   592.82257   591.40833   589.99414   588.57990   587.16571   585.75146   584.33728   582.92310   581.50885   580.09460     0.00000     0.00000     0.00000     0.00000     0.00000     0.00000     0.00000     0.00000     0.00000     0.00000     0.00000     0.00000     0.00000     0.00000     0.00000     0.00000     0.00000     0.00000     0.00000     0.00000     0.00000     0.00000     0.00000     0.00000     0.00000     0.00000     0.00000     0.00000     0.00000     0.00000     0.00000     0.00000     0.00000     0.00000     0.00000     0.00000     0.00000     0.00000     0.00000     0.00000     0.00000     0.00000     0.00000     0.00000     0.00000     0.00000     0.00000     0.00000     0.00000     0.00000     0.00000     0.00000     0.00000     0.00000     0.00000     0.00000     0.00000     0.00000     0.00000     0.00000     0.00000     0.00000     0.00000     0.00000     0.00000     0.00000     0.00000     0.00000     0.00000     0.00000     0.00000     0.00000     0.00000     0.00000     0.00000     0.00000     0.00000     0.00000     0.00000     0.00000     0.00000     0.00000     0.00000     0.00000     0.00000     0.00000     0.00000     0.00000     0.00000
     0.00000     0.00000     0.00000     0.00000     0.00000     0.00000     0.00000     0.00000     0.00000     0.00000     0.00000     0.00000     0.00000     0.00000     0.00000     0.00000     0.00000     0.00000     0.00000     0.00000     0.00000     0.00000     0.00000     0.00000     0.00000     0.00000     0.00000     0.00000     0.00000     0.00000     0.00000     0.00000     0.00000     0.00000     0.00000     0.00000     0.00000     0.00000     0.00000     0.00000     0.00000     0.00000     0.00000     0.00000     0.00000     0.00000     0.00000     0.00000     0.00000     0.00000     0.00000     0.00000     0.00000     0.00000     0.00000     0.00000     0.00000     0.00000     0.00000     0.00000     0.00000     0.00000     0.00000     0.00000     0.00000     0.00000     0.00000     0.00000     0.00000     0.00000     0.00000     0.00000     0.00000     0.00000     0.00000     0.00000     0.00000     0.00000     0.00000     0.00000     0.00000     0.00000     0.00000     0.00000     0.00000     0.00000     0.00000     0.00000     0.00000     0.00000   653.63373   652.21948   650.80530   649.39111   647.97693   646.56262   645.14844   643.73425   642.32001   640.90576   639.49158   638.07739   636.66321   635.24890   633.83472   632.42053   631.00635   629.59210   628.17786   626.76367   625.34949   623.93530   622.52100   621.10681   619.69263   618.27838   616.86420   615.44995   614.03577   612.62152   611.20728   609.79309   608.37891   606.96466   605.55042   604.13623   602.72205   601.30786   599.89362   598.47937   597.06519   595.65100   594.23676   592.82257   591.40833   589.99414   588.57990   587.16571   585.75146     0.00000     0.00000     0.00000     0.00000     0.00000     0.00000     0.00000     0.00000     0.00000     0.00000     0.00000     0.00000     0.00000     0.00000     0.00000     0.00000     0.00000     0.00000     0.00000     0.00000     0.00000     0.00000     0.00000     0.00000     0.00000     0.00000     0.00000     0.00000     0.00000     0.00000     0.00000     0.00000     0.00000     0.00000     0.00000     0.00000     0.00000     0.00000     0.00000     0.00000     0.00000     0.00000     0.00000     0.00000     0.00000     0.00000     0.00000     0.00000     0.00000     0.00000     0.00000     0.00000     0.00000     0.00000     0.00000     0.00000     0.00000     0.00000     0.00000     0.00000     0.00000     0.00000     0.00000     0.00000     0.00000     0.00000     0.00000     0.00000     0.00000     0.00000     0.00000     0.00000     0.00000     0.00000     0.00000     0.00000     0.00000     0.00000     0.00000     0.00000     0.00000     0.00000     0.00000     0.00000     0.00000     0.00000     0.00000     0.00000     0.00000     0.00000
     0.00000     0.00000     0.00000     0.00000     0.00000     0.00000     0.00000     0.00000     0.00000     0.00000     0.00000     0.00000     0.00000     0.00000     0.00000     0.00000     0.00000     0.00000     0.00000     0.00000     0.00000     0.00000     0.00000     0.00000     0.00000     0.00000     0.00000     0.00000     0.00000     0.00000     0.00000     0.00000     0.00000     0.00000     0.00000     0.00000     0.00000     0.00000     0.00000     0.00000     0.00000     0.00000     0.00000     0.00000     0.00000     0.00000     0.00000     0.00000     0.00000     0.00000     0.00000     0.00000     0.00000     0.00000     0.00000     0.00000     0.00000     0.00000     0.00000     0.00000     0.00000     0.00000     0.00000     0.00000     0.00000     0.00000     0.00000     0.00000     0.00000     0.00000     0.00000     0.00000     0.00000     0.00000     0.00000     0.00000     0.00000     0.00000     0.00000     0.00000     0.00000     0.00000     0.00000     0.00000     0.00000     0.00000     0.00000     0.00000     0.00000     0.00000     0.00000   656.46216   655.04797   653.63379   652.21948   650.80530   649.39111   647.97687   646.56262   645.14844   643.73425   642.32007   640.90576   639.49158   638.07739   636.66321   635.24896   633.83472   632.42053   631.00635   629.59210   628.17786   626.76367   625.34949   623.93530   622.52106   621.10681   619.69263   618.27838   616.86414   615.44995   614.03577   612.62152   611.20728   609.79309   608.37891   606.96466   605.55048   604.13629   602.72205   601.30780   599.89362   598.47943   597.06519   595.65100   594.23676   592.82257   591.40833     0.00000     0.00000     0.00000     0.00000     0.00000     0.00000     0.00000     0.00000     0.00000     0.00000     0.00000     0.00000     0.00000     0.00000     0.00000     0.00000     0.00000     0.00000     0.00000     0.00000     0.00000     0.00000     0.00000     0.00000     0.00000     0.00000     0.00000     0.00000     0.00000     0.00000     0.00000     0.00000     0.00000     0.00000     0.00000     0.00000     0.00000     0.00000     0.00000     0.00000     0.00000     0.00000     0.00000     0.00000     0.00000     0.00000     0.00000     0.00000     0.00000     0.00000     0.00000     0.00000     0.00000     0.00000     0.00000     0.00000     0.00000     0.00000     0.00000     0.00000     0.00000     0.00000     0.00000     0.00000     0.00000     0.00000     0.00000     0.00000     0.00000     0.00000     0.00000     0.00000     0.00000     0.00000     0.00000     0.00000     0.00000     0.00000     0.00000     0.00000     0.00000     0.00000     0.00000     0.00000     0.00000     0.00000     0.00000     0.00000     0.00000     0.00000     0.00000
     0.00000     0.00000     0.00000     0.00000     0.00000     0.00000     0.00000     0.00000     0.00000     0.00000     0.00000     0.00000     0.00000     0.00000     0.00000     0.00000     0.00000     0.00000     0.00000     0.00000     0.00000     0.00000     0.00000     0.00000     0.00000     0.00000     0.00000     0.00000     0.00000     0.00000     0.00000     0.00000     0.00000     0.00000     0.00000     0.00000     0.00000     0.00000     0.00000     0.00000     0.00000     0.00000     0.00000     0.00000     0.00000     0.00000     0.00000     0.00000     0.00000     0.00000     0.00000     0.00000     0.00000     0.00000     0.00000     0.00000     0.00000     0.00000     0.00000     0.00000     0.00000     0.00000     0.00000     0.00000     0.00000     0.00000     0.00000     0.00000     0.00000     0.00000     0.00000     0.00000     0.00000     0.00000     0.00000     0.00000     0.00000     0.00000     0.00000     0.00000     0.00000     0.00000     0.00000     0.00000     0.00000     0.00000     0.00000     0.00000     0.00000     0.00000     0.00000     0.00000   659.29059   657.87634   656.46216   655.04797   653.63373   652.21948   650.80530   649.39111   647.97687   646.56262   645.14844   643.73425   642.32007   640.90576   639.49158   638.07739   636.66321   635.24896   633.83472   632.42053   631.00635   629.59216   628.17786   626.76367   625.34949   623.93524   622.52100   621.10681   619.69263   618.27838   616.86414   615.44995   614.03577   612.62152   611.20728   609.79309   608.37891   606.96472   605.55048   604.13623   602.72205   601.30786   599.89362   598.47943   597.06519     0.00000     0.00000     0.00000     0.00000     0.00000     0.00000     0.00000     0.00000     0.00000     0.00000     0.00000     0.00000     0.00000     0.00000     0.00000     0.00000     0.00000     0.00000     0.00000     0.00000     0.00000     0.00000     0.00000     0.00000     0.00000     0.00000     0.00000     0.00000     0.00000     0.00000     0.00000     0.00000     0.00000     0.00000     0.00000     0.00000     0.00000     0.00000     0.00000     0.00000     0.00000     0.00000     0.00000     0.00000     0.00000     0.00000     0.00000     0.00000     0.00000     0.00000     0.00000     0.00000     0.00000     0.00000     0.00000     0.00000     0.00000     0.00000     0.00000     0.00000     0.00000     0.00000     0.00000     0.00000     0.00000     0.00000     0.00000     0.00000     0.00000     0.00000     0.00000     0.00000     0.00000     0.00000     0.00000     0.00000     0.00000     0.00000     0.00000     0.00000     0.00000     0.00000     0.00000     0.00000     0.00000     0.00000     0.00000     0.00000     0.00000     0.00000     0.00000     0.00000
     0.00000     0.00000     0.00000     0.00000     0.00000     0.00000     0.00000     0.00000     0.00000     0.00000     0.00000     0.00000     0.00000     0.00000     0.00000     0.00000     0.00000     0.00000     0.00000     0.00000     0.00000     0.00000     0.00000     0.00000     0.00000     0.00000     0.00000     0.00000     0.00000     0.00000     0.00000     0.00000     0.00000     0.00000     0.00000     0.00000     0.00000     0.00000     0.00000     0.00000     0.00000     0.00000     0.00000     0.00000     0.00000     0.00000     0.00000     0.00000     0.00000     0.00000     0.00000     0.00000     0.00000     0.00000     0.00000     0.00000     0.00000     0.00000     0.00000     0.00000     0.00000     0.00000     0.00000     0.00000     0.00000     0.00000     0.00000     0.00000     0.00000     0.00000     0.00000     0.00000     0.00000     0.00000     0.00000     0.00000     0.00000     0.00000     0.00000     0.00000     0.00000     0.00000     0.00000     0.00000     0.00000     0.00000     0.00000     0.00000     0.00000     0.00000     0.00000     0.00000     0.00000   662.11902   660.70483   659.29059   657.87634   656.46216   655.04791   653.63373   652.21948   650.80530   649.39111   647.97693   646.56262   645.14844   643.73425   642.32007   640.90582   639.49158   638.07739   636.66321   635.24896   633.83472   632.42053   631.00635   629.59210   628.17786   626.76367   625.34949   623.93524   622.52100   621.10681   619.69263   618.27838   616.86414   615.44995   614.03577   612.62152   611.20734   609.79315   608.37891   606.96466   605.55048   604.13629   602.72205     0.00000     0.00000     0.00000     0.00000     0.00000     0.00000     0.00000     0.00000     0.00000     0.00000     0.00000     0.00000     0.00000     0.00000     0.00000     0.00000     0.00000     0.00000     0.00000     0.00000     0.00000     0.00000     0.00000     0.00000     0.00000     0.00000     0.00000     0.00000     0.00000     0.00000     0.00000     0.00000     0.00000     0.00000     0.00000     0.00000     0.00000     0.00000     0.00000     0.00000     0.00000     0.00000     0.00000     0.00000     0.00000     0.00000     0.00000     0.00000     0.00000     0.00000     0.00000     0.00000     0.00000     0.00000     0.00000     0.00000     0.00000     0.00000     0.00000     0.00000     0.00000     0.00000     0.00000     0.00000     0.00000     0.00000     0.00000     0.00000     0.00000     0.00000     0.00000     0.00000     0.00000     0.00000     0.00000     0.00000     0.00000     0.00000     0.00000     0.00000     0.00000     0.00000     0.00000     0.00000     0.00000     0.00000     0.00000     0.00000     0.00000     0.00000     0.00000     0.00000     0.00000
     0.00000     0.00000     0.00000     0.00000     0.00000     0.00000     0.00000     0.00000     0.00000     0.00000     0.00000     0.00000     0.00000     0.00000     0.00000     0.00000     0.00000     0.00000     0.00000     0.00000     0.00000     0.00000     0.00000     0.00000     0.00000     0.00000     0.00000     0.00000     0.00000     0.00000     0.00000     0.00000     0.00000     0.00000     0.00000     0.00000     0.00000     0.00000     0.00000     0.00000     0.00000     0.00000     0.00000     0.00000     0.00000     0.00000     0.00000     0.00000     0.00000     0.00000     0.00000     0.00000     0.00000     0.00000     0.00000     0.00000     0.00000     0.00000     0.00000     0.00000     0.00000     0.00000     0.00000     0.00000     0.00000     0.00000     0.00000     0.00000     0.00000     0.00000     0.00000     0.00000     0.00000     0.00000     0.00000     0.00000     0.00000     0.00000     0.00000     0.00000     0.00000     0.00000     0.00000     0.00000     0.00000     0.00000     0.00000     0.00000     0.00000     0.00000     0.00000     0.00000     0.00000     0.00000   664.94739   663.53320   662.11902   660.70477   659.29059   657.87634   656.46216   655.04797   653.63373   652.21948   650.80530   649.39111   647.97693   646.56262   645.14844   643.73425   642.32007   640.90582   639.49158   638.07739   636.66321   635.24896   633.83472   632.42053   631.00629   629.59210   628.17786   626.76367   625.34949   623.93524   622.52100   621.10681   619.69263   618.27838   616.86414   615.44995   614.03577   612.62158   611.20734   609.79309   608.37891     0.00000     0.00000     0.00000     0.00000     0.00000     0.00000     0.00000     0.00000     0.00000     0.00000     0.00000     0.00000     0.00000     0.00000     0.00000     0.00000     0.00000     0.00000     0.00000     0.00000     0.00000     0.00000     0.00000     0.00000     0.00000     0.00000     0.00000     0.00000     0.00000     0.00000     0.00000     0.00000     0.00000     0.00000     0.00000     0.00000     0.00000     0.00000     0.00000     0.00000     0.00000     0.00000     0.00000     0.00000     0.00000     0.00000     0.00000     0.00000     0.00000     0.00000     0.00000     0.00000     0.00000     0.00000     0.00000     0.00000     0.00000     0.00000     0.00000     0.00000     0.00000     0.00000     0.00000     0.00000     0.00000     0.00000     0.00000     0.00000     0.00000     0.00000     0.00000     0.00000     0.00000     0.00000     0.00000     0.00000     0.00000     0.00000     0.00000     0.00000     0.00000     0.00000     0.00000     0.00000     0.00000     0.00000     0.00000     0.00000     0.00000     0.00000     0.00000     0.00000     0.00000     0.00000
     0.00000     0.00000     0.00000     0.00000     0.00000     0.00000     0.00000     0.00000     0.00000     0.00000     0.00000     0.00000     0.00000     0.00000     0.00000     0.00000     0.00000     0.00000     0.00000     0.00000     0.00000     0.00000     0.00000     0.00000     0.00000     0.00000     0.00000     0.00000     0.00000     0.00000     0.00000     0.00000     0.00000     0.00000     0.00000     0.00000     0.00000     0.00000     0.00000     0.00000     0.00000     0.00000     0.00000     0.00000     0.00000     0.00000     0.00000     0.00000     0.00000     0.00000     0.00000     0.00000     0.00000     0.00000     0.00000     0.00000     0.00000     0.00000     0.00000     0.00000     0.00000     0.00000     0.00000     0.00000     0.00000     0.00000     0.00000     0.00000     0.00000     0.00000     0.00000     0.00000     0.00000     0.00000     0.00000     0.00000     0.00000     0.00000     0.00000     0.00000     0.00000     0.00000     0.00000     0.00000     0.00000     0.00000     0.00000     0.00000     0.00000     0.00000     0.00000     0.00000     0.00000     0.00000     0.00000   667.77588   666.36163   664.94745   663.53320   662.11902   660.70477   659.29059   657.87634   656.46216   655.04797   653.63379   652.21948   650.80530   649.39111   647.97693   646.56268   645.14844   643.73425   642.32007   640.90576   639.49158   638.07739   636.66315   635.24896   633.83472   632.42053   631.00635   629.59210   628.17786   626.76367   625.34949   623.93524   622.52100   621.10681   619.69263   618.27838   616.86420   615.45001   614.03577     0.00000     0.00000     0.00000     0.00000     0.00000     0.00000     0.00000     0.00000     0.00000     0.00000     0.00000     0.00000     0.00000     0.00000     0.00000     0.00000     0.00000     0.00000     0.00000     0.00000     0.00000     0.00000     0.00000     0.00000     0.00000     0.00000     0.00000     0.00000     0.00000     0.00000     0.00000     0.00000     0.00000     0.00000     0.00000     0.00000     0.00000     0.00000     0.00000     0.00000     0.00000     0.00000     0.00000     0.00000     0.00000     0.00000     0.00000     0.00000     0.00000     0.00000     0.00000     0.00000     0.00000     0.00000     0.00000     0.00000     0.00000     0.00000     0.00000     0.00000     0.00000     0.00000     0.00000     0.00000     0.00000     0.00000     0.00000     0.00000     0.00000     0.00000     0.00000     0.00000     0.00000     0.00000     0.00000     0.00000     0.00000     0.00000     0.00000     0.00000     0.00000     0.00000     0.00000     0.00000     0.00000     0.00000     0.00000     0.00000     0.00000     0.00000     0.00000     0.00000     0.00000     0.00000     0.00000
     0.00000     0.00000     0.00000     0.00000     0.00000     0.00000     0.00000     0.00000     0.00000     0.00000     0.00000     0.00000     0.00000     0.00000     0.00000     0.00000     0.00000     0.00000     0.00000     0.00000     0.00000     0.00000     0.00000     0.00000     0.00000     0.00000     0.00000     0.00000     0.00000     0.00000     0.00000     0.00000     0.00000     0.00000     0.00000     0.00000     0.00000     0.00000     0.00000     0.00000     0.00000     0.00000     0.00000     0.00000     0.00000     0.00000     0.00000     0.00000     0.00000     0.00000     0.00000     0.00000     0.00000     0.00000     0.00000     0.00000     0.00000     0.00000     0.00000     0.00000     0.00000     0.00000     0.00000     0.00000     0.00000     0.00000     0.00000     0.00000     0.00000     0.00000     0.00000     0.00000     0.00000     0.00000     0.00000     0.00000     0.00000     0.00000     0.00000     0.00000     0.00000     0.00000     0.00000     0.00000     0.00000     0.00000     0.00000     0.00000     0.00000     0.00000     0.00000     0.00000     0.00000     0.00000     0.00000     0.00000   670.60425   669.19006   667.77588   666.36163   664.94745   663.53320   662.11902   660.70483   659.29059   657.87634   656.46216   655.04797   653.63379   652.21948   650.80530   649.39111   647.97693   646.56262   645.14844   643.73425   642.32001   640.90582   639.49158   638.07739   636.66315   635.24896   633.83472   632.42053   631.00635   629.59210   628.17786   626.76367   625.34949   623.93524   622.52100   621.10681   619.69263     0.00000     0.00000     0.00000     0.00000     0.00000     0.00000     0.00000     0.00000     0.00000     0.00000     0.00000     0.00000     0.00000     0.00000     0.00000     0.00000     0.00000     0.00000     0.00000     0.00000     0.00000     0.00000     0.00000     0.00000     0.00000     0.00000     0.00000     0.00000     0.00000     0.00000     0.00000     0.00000     0.00000     0.00000     0.00000     0.00000     0.00000     0.00000     0.00000     0.00000     0.00000     0.00000     0.00000     0.00000     0.00000     0.00000     0.00000     0.00000     0.00000     0.00000     0.00000     0.00000     0.00000     0.00000     0.00000     0.00000     0.00000     0.00000     0.00000     0.00000     0.00000     0.00000     0.00000     0.00000     0.00000     0.00000     0.00000     0.00000     0.00000     0.00000     0.00000     0.00000     0.00000     0.00000     0.00000     0.00000     0.00000     0.00000     0.00000     0.00000     0.00000     0.00000     0.00000     0.00000     0.00000     0.00000     0.00000     0.00000     0.00000     0.00000     0.00000     0.00000     0.00000     0.00000     0.00000     0.00000
     0.00000     0.00000     0.00000     0.00000     0.00000     0.00000     0.00000     0.00000     0.00000     0.00000     0.00000     0.00000     0.00000     0.00000     0.00000     0.00000     0.00000     0.00000     0.00000     0.00000     0.00000     0.00000     0.00000     0.00000     0.00000     0.00000     0.00000     0.00000     0.00000     0.00000     0.00000     0.00000     0.00000     0.00000     0.00000     0.00000     0.00000     0.00000     0.00000     0.00000     0.00000     0.00000     0.00000     0.00000     0.00000     0.00000     0.00000     0.00000     0.00000     0.00000     0.00000     0.00000     0.00000     0.00000     0.00000     0.00000     0.00000     0.00000     0.00000     0.00000     0.00000     0.00000     0.00000     0.00000     0.00000     0.00000     0.00000     0.00000     0.00000     0.00000     0.00000     0.00000     0.00000     0.00000     0.00000     0.00000     0.00000     0.00000     0.00000     0.00000     0.00000     0.00000     0.00000     0.00000     0.00000     0.00000     0.00000     0.00000     0.00000     0.00000     0.00000     0.00000     0.00000     0.00000     0.00000     0.00000     0.00000   673.43274   672.01849   670.60431   669.19006   667.77588   666.36163   664.94745   663.53320   662.11902   660.70483   659.29065   657.87634   656.46216   655.04797   653.63379   652.21948   650.80530   649.39111   647.97687   646.56262   645.14844   643.73425   642.32001   640.90582   639.49158   638.07739   636.66321   635.24896   633.83472   632.42053   631.00635   629.59210   628.17786   626.76367   625.34949     0.00000     0.00000     0.00000     0.00000     0.00000     0.00000     0.00000     0.00000     0.00000     0.00000     0.00000     0.00000     0.00000     0.00000     0.00000     0.00000     0.00000     0.00000     0.00000     0.00000     0.00000     0.00000     0.00000     0.00000     0.00000     0.00000     0.00000     0.00000     0.00000     0.00000     0.00000     0.00000     0.00000     0.00000     0.00000     0.00000     0.00000     0.00000     0.00000     0.00000     0.00000     0.00000     0.00000     0.00000     0.00000     0.00000     0.00000     0.00000     0.00000     0.00000     0.00000     0.00000     0.00000     0.00000     0.00000     0.00000     0.00000     0.00000     0.00000     0.00000     0.00000     0.00000     0.00000     0.00000     0.00000     0.00000     0.00000     0.00000     0.00000     0.00000     0.00000     0.00000     0.00000     0.00000     0.00000     0.00000     0.00000     0.00000     0.00000     0.00000     0.00000     0.00000     0.00000     0.00000     0.00000     0.00000     0.00000     0.00000     0.00000     0.00000     0.00000     0.00000     0.00000     0.00000     0.00000     0.00000     0.00000
     0.00000     0.00000     0.00000     0.00000     0.00000     0.00000     0.00000     0.00000     0.00000     0.00000     0.00000     0.00000     0.00000     0.00000     0.00000     0.00000     0.00000     0.00000     0.00000     0.00000     0.00000     0.00000     0.00000     0.00000     0.00000     0.00000     0.00000     0.00000     0.00000     0.00000     0.00000     0.00000     0.00000     0.00000     0.00000     0.00000     0.00000     0.00000     0.00000     0.00000     0.00000     0.00000     0.00000     0.00000     0.00000     0.00000     0.00000     0.00000     0.00000     0.00000     0.00000     0.00000     0.00000     0.00000     0.00000     0.00000     0.00000     0.00000     0.00000     0.00000     0.00000     0.00000     0.00000     0.00000     0.00000     0.00000     0.00000     0.00000     0.00000     0.00000     0.00000     0.00000     0.00000     0.00000     0.00000     0.00000     0.00000     0.00000     0.00000     0.00000     0.00000     0.00000     0.00000     0.00000     0.00000     0.00000     0.00000     0.00000     0.00000     0.00000     0.00000     0.00000     0.00000     0.00000     0.00000     0.00000     0.00000     0.00000   676.26111   674.84692   673.43274   672.01849   670.60431   669.19006   667.77588   666.36169   664.94745   663.53320   662.11902   660.70483   659.29065   657.87634   656.46216   655.04797   653.63373   652.21948   650.80530   649.39111   647.97687   646.56268   645.14844   643.73425   642.32001   640.90582   639.49158   638.07739   636.66321   635.24896   633.83472   632.42053   631.00635     0.00000     0.00000     0.00000     0.00000     0.00000     0.00000     0.00000     0.00000     0.00000     0.00000     0.00000     0.00000     0.00000     0.00000     0.00000     0.00000     0.00000     0.00000     0.00000     0.00000     0.00000     0.00000     0.00000     0.00000     0.00000     0.00000     0.00000     0.00000     0.00000     0.00000     0.00000     0.00000     0.00000     0.00000     0.00000     0.00000     0.00000     0.00000     0.00000     0.00000     0.00000     0.00000     0.00000     0.00000     0.00000     0.00000     0.00000     0.00000     0.00000     0.00000     0.00000     0.00000     0.00000     0.00000     0.00000     0.00000     0.00000     0.00000     0.00000     0.00000     0.00000     0.00000     0.00000     0.00000     0.00000     0.00000     0.00000     0.00000     0.00000     0.00000     0.00000     0.00000     0.00000     0.00000     0.00000     0.00000     0.00000     0.00000     0.00000     0.00000     0.00000     0.00000     0.00000     0.00000     0.00000     0.00000     0.00000     0.00000     0.00000     0.00000     0.00000     0.00000     0.00000     0.00000     0.00000     0.00000     0.00000     0.00000
     0.00000     0.00000     0.00000     0.00000     0.00000     0.00000     0.00000     0.00000     0.00000     0.00000     0.00000     0.00000     0.00000     0.00000     0.00000     0.00000     0.00000     0.00000     0.00000     0.00000     0.00000     0.00000     0.00000     0.00000     0.00000     0.00000     0.00000     0.00000     0.00000     0.00000     0.00000     0.00000     0.00000     0.00000     0.00000     0.00000     0.00000     0.00000     0.00000     0.00000     0.00000     0.00000     0.00000     0.00000     0.00000     0.00000     0.00000     0.00000     0.00000     0.00000     0.00000     0.00000     0.00000     0.00000     0.00000     0.00000     0.00000     0.00000     0.00000     0.00000     0.00000     0.00000     0.00000     0.00000     0.00000     0.00000     0.00000     0.00000     0.00000     0.00000     0.00000     0.00000     0.00000     0.00000     0.00000     0.00000     0.00000     0.00000     0.00000     0.00000     0.00000     0.00000     0.00000     0.00000     0.00000     0.00000     0.00000     0.00000     0.00000     0.00000     0.00000     0.00000     0.00000     0.00000     0.00000     0.00000     0.00000     0.00000     0.00000   679.08960   677.67535   676.26117   674.84692   673.43274   672.01849   670.60431   669.19006   667.77588   666.36169   664.94751   663.53320   662.11902   660.70477   659.29059   657.87634   656.46216   655.04797   653.63373   652.21948   650.80530   649.39111   647.97687   646.56268   645.14844   643.73425   642.32007   640.90582   639.49158   638.07739   636.66321     0.00000     0.00000     0.00000     0.00000     0.00000     0.00000     0.00000     0.00000     0.00000     0.00000     0.00000     0.00000     0.00000     0.00000     0.00000     0.00000     0.00000     0.00000     0.00000     0.00000     0.00000     0.00000     0.00000     0.00000     0.00000     0.00000     0.00000     0.00000     0.00000     0.00000     0.00000     0.00000     0.00000     0.00000     0.00000     0.00000     0.00000     0.00000     0.00000     0.00000     0.00000     0.00000     0.00000     0.00000     0.00000     0.00000     0.00000     0.00000     0.00000     0.00000     0.00000     0.00000     0.00000     0.00000     0.00000     0.00000     0.00000     0.00000     0.00000     0.00000     0.00000     0.00000     0.00000     0.00000     0.00000     0.00000     0.00000     0.00000     0.00000     0.00000     0.00000     0.00000     0.00000     0.00000     0.00000     0.00000     0.00000     0.00000     0.00000     0.00000     0.00000     0.00000     0.00000     0.00000     0.00000     0.00000     0.00000     0.00000     0.00000     0.00000     0.00000     0.00000     0.00000     0.00000     0.00000     0.00000     0.00000     0.00000     0.00000
     0.00000     0.00000     0.00000     0.00000     0.00000     0.00000     0.00000     0.00000     0.00000     0.00000     0.00000     0.00000     0.00000     0.00000     0.00000     0.00000     0.00000     0.00000     0.00000     0.00000     0.00000     0.00000     0.00000     0.00000     0.00000     0.00000     0.00000     0.00000     0.00000     0.00000     0.00000     0.00000     0.00000     0.00000     0.00000     0.00000     0.00000     0.00000     0.00000     0.00000     0.00000     0.00000     0.00000     0.00000     0.00000     0.00000     0.00000     0.00000     0.00000     0.00000     0.00000     0.00000     0.00000     0.00000     0.00000     0.00000     0.00000     0.00000     0.00000     0.00000     0.00000     0.00000     0.00000     0.00000     0.00000     0.00000     0.00000     0.00000     0.00000     0.00000     0.00000     0.00000     0.00000     0.00000     0.00000     0.00000     0.00000     0.00000     0.00000     0.00000     0.00000     0.00000     0.00000     0.00000     0.00000     0.00000     0.00000     0.00000     0.00000     0.00000     0.00000     0.00000     0.00000     0.00000     0.00000     0.00000     0.00000     0.00000     0.00000     0.00000   681.91797   680.50378   679.08960   677.67535   676.26117   674.84692   673.43274   672.01855   670.60431   669.19006   667.77588   666.36163   664.94745   663.53320   662.11902   660.70483   659.29059   657.87634   656.46216   655.04797   653.63373   652.21954   650.80530   649.39111   647.97687   646.56268   645.14844   643.73425   642.32007     0.00000     0.00000     0.00000     0.00000     0.00000     0.00000     0.00000     0.00000     0.00000     0.00000     0.00000     0.00000     0.00000     0.00000     0.00000     0.00000     0.00000     0.00000     0.00000     0.00000     0.00000     0.00000     0.00000     0.00000     0.00000     0.00000     0.00000     0.00000     0.00000     0.00000     0.00000     0.00000     0.00000     0.00000     0.00000     0.00000     0.00000     0.00000     0.00000     0.00000     0.00000     0.00000     0.00000     0.00000     0.00000     0.00000     0.00000     0.00000     0.00000     0.00000     0.00000     0.00000     0.00000     0.00000     0.00000     0.00000     0.00000     0.00000     0.00000     0.00000     0.00000     0.00000     0.00000     0.00000     0.00000     0.00000     0.00000     0.00000     0.00000     0.00000     0.00000     0.00000     0.00000     0.00000     0.00000     0.00000     0.00000     0.00000     0.00000     0.00000     0.00000     0.00000     0.00000     0.00000     0.00000     0.00000     0.00000     0.00000     0.00000     0.00000     0.00000     0.00000     0.00000     0.00000     0.00000     0.00000     0.00000     0.00000     0.00000     0.00000
     0.00000     0.00000     0.00000     0.00000     0.00000     0.00000     0.00000     0.00000     0.00000     0.00000     0.00000     0.00000     0.00000     0.00000     0.00000     0.00000     0.00000     0.00000     0.00000     0.00000     0.00000     0.00000     0.00000     0.00000     0.00000     0.00000     0.00000     0.00000     0.00000     0.00000     0.00000     0.00000     0.00000     0.00000     0.00000     0.00000     0.00000     0.00000     0.00000     0.00000     0.00000     0.00000     0.00000     0.00000     0.00000     0.00000     0.00000     0.00000     0.00000     0.00000     0.00000     0.00000     0.00000     0.00000     0.00000     0.00000     0.00000     0.00000     0.00000     0.00000     0.00000     0.00000     0.00000     0.00000     0.00000     0.00000     0.00000     0.00000     0.00000     0.00000     0.00000     0.00000     0.00000     0.00000     0.00000     0.00000     0.00000     0.00000     0.00000     0.00000     0.00000     0.00000     0.00000     0.00000     0.00000     0.00000     0.00000     0.00000     0.00000     0.00000     0.00000     0.00000     0.00000     0.00000     0.00000     0.00000     0.00000     0.00000     0.00000     0.00000     0.00000   684.74646   683.33221   681.91803   680.50378   679.08960   677.67535   676.26117   674.84692   673.43274   672.01849   670.60431   669.19006   667.77588   666.36163   664.94745   663.53320   662.11902   660.70483   659.29059   657.87634   656.46216   655.04797   653.63373   652.21954   650.80530   649.39111   647.97693     0.00000     0.00000     0.00000     0.00000     0.00000     0.00000     0.00000     0.00000     0.00000     0.00000     0.00000     0.00000     0.00000     0.00000     0.00000     0.00000     0.00000     0.00000     0.00000     0.00000     0.00000     0.00000     0.00000     0.00000     0.00000     0.00000     0.00000     0.00000     0.00000     0.00000     0.00000     0.00000     0.00000     0.00000     0.00000     0.00000     0.00000     0.00000     0.00000     0.00000     0.00000     0.00000     0.00000     0.00000     0.00000     0.00000     0.00000     0.00000     0.00000     0.00000     0.00000     0.00000     0.00000     0.00000     0.00000     0.00000     0.00000     0.00000     0.00000     0.00000     0.00000     0.00000     0.00000     0.00000     0.00000     0.00000     0.00000     0.00000     0.00000     0.00000     0.00000     0.00000     0.00000     0.00000     0.00000     0.00000     0.00000     0.00000     0.00000     0.00000     0.00000     0.00000     0.00000     0.00000     0.00000     0.00000     0.00000     0.00000     0.00000     0.00000     0.00000     0.00000     0.00000     0.00000     0.00000     0.00000     0.00000     0.00000     0.00000     0.00000     0.00000
     0.00000     0.00000     0.00000     0.00000     0.00000     0.00000     0.00000     0.00000     0.00000     0.00000     0.00000     0.00000     0.00000     0.00000     0.00000     0.00000     0.00000     0.00000     0.00000     0.00000     0.00000     0.00000     0.00000     0.00000     0.00000     0.00000     0.00000     0.00000     0.00000     0.00000     0.00000     0.00000     0.00000     0.00000     0.00000     0.00000     0.00000     0.00000     0.00000     0.00000     0.00000     0.00000     0.00000     0.00000     0.00000     0.00000     0.00000     0.00000     0.00000     0.00000     0.00000     0.00000     0.00000     0.00000     0.00000     0.00000     0.00000     0.00000     0.00000     0.00000     0.00000     0.00000     0.00000     0.00000     0.00000     0.00000     0.00000     0.00000     0.00000     0.00000     0.00000     0.00000     0.00000     0.00000     0.00000     0.00000     0.00000     0.00000     0.00000     0.00000     0.00000     0.00000     0.00000     0.00000     0.00000     0.00000     0.00000     0.00000     0.00000     0.00000     0.00000     0.00000     0.00000     0.00000     0.00000     0.00000     0.00000     0.00000     0.00000     0.00000     0.00000     0.00000   687.57483   686.16064   684.74646   683.33221   681.91803   680.50378   679.08960   677.67535   676.26111   674.84692   673.43274   672.01849   670.60431   669.19006   667.77588   666.36169   664.94745   663.53320   662.11902   660.70483   659.29059   657.87640   656.46216   655.04797   653.63373     0.00000     0.00000     0.00000     0.00000     0.00000     0.00000     0.00000     0.00000     0.00000     0.00000     0.00000     0.00000     0.00000     0.00000     0.00000     0.00000     0.00000     0.00000     0.00000     0.00000     0.00000     0.00000     0.00000     0.00000     0.00000     0.00000     0.00000     0.00000     0.00000     0.00000     0.00000     0.00000     0.00000     0.00000     0.00000     0.00000     0.00000     0.00000     0.00000     0.00000     0.00000     0.00000     0.00000     0.00000     0.00000     0.00000     0.00000     0.00000     0.00000     0.00000     0.00000     0.00000     0.00000     0.00000     0.00000     0.00000     0.00000     0.00000     0.00000     0.00000     0.00000     0.00000     0.00000     0.00000     0.00000     0.00000     0.00000     0.00000     0.00000     0.00000     0.00000     0.00000     0.00000     0.00000     0.00000     0.00000     0.00000     0.00000     0.00000     0.00000     0.00000     0.00000     0.00000     0.00000     0.00000     0.00000     0.00000     0.00000     0.00000     0.00000     0.00000     0.00000     0.00000     0.00000     0.00000     0.00000     0.00000     0.00000     0.00000     0.00000     0.00000     0.00000
     0.00000     0.00000     0.00000     0.00000     0.00000     0.00000     0.00000     0.00000     0.00000     0.00000     0.00000     0.00000     0.00000     0.00000     0.00000     0.00000     0.00000     0.00000     0.00000     0.00000     0.00000     0.00000     0.00000     0.00000     0.00000     0.00000     0.00000     0.00000     0.00000     0.00000     0.00000     0.00000     0.00000     0.00000     0.00000     0.00000     0.00000     0.00000     0.00000     0.00000     0.00000     0.00000     0.00000     0.00000     0.00000     0.00000     0.00000     0.00000     0.00000     0.00000     0.00000     0.00000     0.00000     0.00000     0.00000     0.00000     0.00000     0.00000     0.00000     0.00000     0.00000     0.00000     0.00000     0.00000     0.00000     0.00000     0.00000     0.00000     0.00000     0.00000     0.00000     0.00000     0.00000     0.00000     0.00000     0.00000     0.00000     0.00000     0.00000     0.00000     0.00000     0.00000     0.00000     0.00000     0.00000     0.00000     0.00000     0.00000     0.00000     0.00000     0.00000     0.00000     0.00000     0.00000     0.00000     0.00000     0.00000     0.00000     0.00000     0.00000     0.00000     0.00000     0.00000   690.40332   688.98907   687.57489   686.16064   684.74646   683.33215   681.91797   680.50378   679.08960   677.67535   676.26117   674.84692   673.43274   672.01849   670.60431   669.19006   667.77588   666.36169   664.94745   663.53320   662.11902   660.70483   659.29059     0.00000     0.00000     0.00000     0.00000     0.00000     0.00000     0.00000     0.00000     0.00000     0.00000     0.00000     0.00000     0.00000     0.00000     0.00000     0.00000     0.00000     0.00000     0.00000     0.00000     0.00000     0.00000     0.00000     0.00000     0.00000     0.00000     0.00000     0.00000     0.00000     0.00000     0.00000     0.00000     0.00000     0.00000     0.00000     0.00000     0.00000     0.00000     0.00000     0.00000     0.00000     0.00000     0.00000     0.00000     0.00000     0.00000     0.00000     0.00000     0.00000     0.00000     0.00000     0.00000     0.00000     0.00000     0.00000     0.00000     0.00000     0.00000     0.00000     0.00000     0.00000     0.00000     0.00000     0.00000     0.00000     0.00000     0.00000     0.00000     0.00000     0.00000     0.00000     0.00000     0.00000     0.00000     0.00000     0.00000     0.00000     0.00000     0.00000     0.00000     0.00000     0.00000     0.00000     0.00000     0.00000     0.00000     0.00000     0.00000     0.00000     0.00000     0.00000     0.00000     0.00000     0.00000     0.00000     0.00000     0.00000     0.00000     0.00000     0.00000     0.00000     0.00000     0.00000
     0.00000     0.00000     0.00000     0.00000     0.00000     0.00000     0.00000     0.00000     0.00000     0.00000     0.00000     0.00000     0.00000     0.00000     0.00000     0.00000     0.00000     0.00000     0.00000     0.00000     0.00000     0.00000     0.00000     0.00000     0.00000     0.00000     0.00000     0.00000     0.00000     0.00000     0.00000     0.00000     0.00000     0.00000     0.00000     0.00000     0.00000     0.00000     0.00000     0.00000     0.00000     0.00000     0.00000     0.00000     0.00000     0.00000     0.00000     0.00000     0.00000     0.00000     0.00000     0.00000     0.00000     0.00000     0.00000     0.00000     0.00000     0.00000     0.00000     0.00000     0.00000     0.00000     0.00000     0.00000     0.00000     0.00000     0.00000     0.00000     0.00000     0.00000     0.00000     0.00000     0.00000     0.00000     0.00000     0.00000     0.00000     0.00000     0.00000     0.00000     0.00000     0.00000     0.00000     0.00000     0.00000     0.00000     0.00000     0.00000     0.00000     0.00000     0.00000     0.00000     0.00000     0.00000     0.00000     0.00000     0.00000     0.00000     0.00000     0.00000     0.00000     0.00000     0.00000     0.00000   693.23169   691.81750   690.40332   688.98901   687.57483   686.16064   684.74646   683.33221   681.91797   680.50378   679.08960   677.67535   676.26117   674.84692   673.43274   672.01855   670.60431   669.19006   667.77588   666.36169   664.94745     0.00000     0.00000     0.00000     0.00000     0.00000     0.00000     0.00000     0.00000     0.00000     0.00000     0.00000     0.00000     0.00000     0.00000     0.00000     0.00000     0.00000     0.00000     0.00000     0.00000     0.00000     0.00000     0.00000     0.00000     0.00000     0.00000     0.00000     0.00000     0.00000     0.00000     0.00000     0.00000     0.00000     0.00000     0.00000     0.00000     0.00000     0.00000     0.00000     0.00000     0.00000     0.00000     0.00000     0.00000     0.00000     0.00000     0.00000     0.00000     0.00000     0.00000     0.00000     0.00000     0.00000     0.00000     0.00000     0.00000     0.00000     0.00000     0.00000     0.00000     0.00000     0.00000     0.00000     0.00000     0.00000     0.00000     0.00000     0.00000     0.00000     0.00000     0.00000     0.00000     0.00000     0.00000     0.00000     0.00000     0.00000     0.00000     0.00000     0.00000     0.00000     0.00000     0.00000     0.00000     0.00000     0.00000     0.00000     0.00000     0.00000     0.00000     0.00000     0.00000     0.00000     0.00000     0.00000     0.00000     0.00000     0.00000     0.00000     0.00000     0.00000     0.00000     0.00000     0.00000
     0.00000     0.00000     0.00000     0.00000     0.00000     0.00000     0.00000     0.00000     0.00000     0.00000     0.00000     0.00000     0.00000     0.00000     0.00000     0.00000     0.00000     0.00000     0.00000     0.00000     0.00000     0.00000     0.00000     0.00000     0.00000     0.00000     0.00000     0.00000     0.00000     0.00000     0.00000     0.00000     0.00000     0.00000     0.00000     0.00000     0.00000     0.00000     0.00000     0.00000     0.00000     0.00000     0.00000     0.00000     0.00000     0.00000     0.00000     0.00000     0.00000     0.00000     0.00000     0.00000     0.00000     0.00000     0.00000     0.00000     0.00000     0.00000     0.00000     0.00000     0.00000     0.00000     0.00000     0.00000     0.00000     0.00000     0.00000     0.00000     0.00000     0.00000     0.00000     0.00000     0.00000     0.00000     0.00000     0.00000     0.00000     0.00000     0.00000     0.00000     0.00000     0.00000     0.00000     0.00000     0.00000     0.00000     0.00000     0.00000     0.00000     0.00000     0.00000     0.00000     0.00000     0.00000     0.00000     0.00000     0.00000     0.00000     0.00000     0.00000     0.00000     0.00000     0.00000     0.00000     0.00000   696.06012   694.64587   693.23169   691.81750   690.40332   688.98901   687.57483   686.16064   684.74646   683.33221   681.91803   680.50378   679.08960   677.67535   676.26117   674.84692   673.43274   672.01855   670.60431     0.00000     0.00000     0.00000     0.00000     0.00000     0.00000     0.00000     0.00000     0.00000     0.00000     0.00000     0.00000     0.00000     0.00000     0.00000     0.00000     0.00000     0.00000     0.00000     0.00000     0.00000     0.00000     0.00000     0.00000     0.00000     0.00000     0.00000     0.00000     0.00000     0.00000     0.00000     0.00000     0.00000     0.00000     0.00000     0.00000     0.00000     0.00000     0.00000     0.00000     0.00000     0.00000     0.00000     0.00000     0.00000     0.00000     0.00000     0.00000     0.00000     0.00000     0.00000     0.00000     0.00000     0.00000     0.00000     0.00000     0.00000     0.00000     0.00000     0.00000     0.00000     0.00000     0.00000     0.00000     0.00000     0.00000     0.00000     0.00000     0.00000     0.00000     0.00000     0.00000     0.00000     0.00000     0.00000     0.00000     0.00000     0.00000     0.00000     0.00000     0.00000     0.00000     0.00000     0.00000     0.00000     0.00000     0.00000     0.00000     0.00000     0.00000     0.00000     0.00000     0.00000     0.00000     0.00000     0.00000     0.00000     0.00000     0.00000     0.00000     0.00000     0.00000     0.00000     0.00000     0.00000
     0.00000     0.00000     0.00000     0.00000     0.00000     0.00000     0.00000     0.00000     0.00000     0.00000     0.00000     0.00000     0.00000     0.00000     0.00000     0.00000     0.00000     0.00000     0.00000     0.00000     0.00000     0.00000     0.00000     0.00000     0.00000     0.00000     0.00000     0.00000     0.00000     0.00000     0.00000     0.00000     0.00000     0.00000     0.00000     0.00000     0.00000     0.00000     0.00000     0.00000     0.00000     0.00000     0.00000     0.00000     0.00000     0.00000     0.00000     0.00000     0.00000     0.00000     0.00000     0.00000     0.00000     0.00000     0.00000     0.00000     0.00000     0.00000     0.00000     0.00000     0.00000     0.00000     0.00000     0.00000     0.00000     0.00000     0.00000     0.00000     0.00000     0.00000     0.00000     0.00000     0.00000     0.00000     0.00000     0.00000     0.00000     0.00000     0.00000     0.00000     0.00000     0.00000     0.00000     0.00000     0.00000     0.00000     0.00000     0.00000     0.00000     0.00000     0.00000     0.00000     0.00000     0.00000     0.00000     0.00000     0.00000     0.00000     0.00000     0.00000     0.00000     0.00000     0.00000     0.00000     0.00000     0.00000   698.88855   697.47437   696.06018   694.64587   693.23169   691.81750   690.40332   688.98907   687.57483   686.16064   684.74646   683.33221   681.91803   680.50378   679.08960   677.67542   676.26117     0.00000     0.00000     0.00000     0.00000     0.00000     0.00000     0.00000     0.00000     0.00000     0.00000     0.00000     0.00000     0.00000     0.00000     0.00000     0.00000     0.00000     0.00000     0.00000     0.00000     0.00000     0.00000     0.00000     0.00000     0.00000     0.00000     0.00000     0.00000     0.00000     0.00000     0.00000     0.00000     0.00000     0.00000     0.00000     0.00000     0.00000     0.00000     0.00000     0.00000     0.00000     0.00000     0.00000     0.00000     0.00000     0.00000     0.00000     0.00000     0.00000     0.00000     0.00000     0.00000     0.00000     0.00000     0.00000     0.00000     0.00000     0.00000     0.00000     0.00000     0.00000     0.00000     0.00000     0.00000     0.00000     0.00000     0.00000     0.00000     0.00000     0.00000     0.00000     0.00000     0.00000     0.00000     0.00000     0.00000     0.00000     0.00000     0.00000     0.00000     0.00000     0.00000     0.00000     0.00000     0.00000     0.00000     0.00000     0.00000     0.00000     0.00000     0.00000     0.00000     0.00000     0.00000     0.00000     0.00000     0.00000     0.00000     0.00000     0.00000     0.00000     0.00000     0.00000     0.00000     0.00000     0.00000
     0.00000     0.00000     0.00000     0.00000     0.00000     0.00000     0.00000     0.00000     0.00000     0.00000     0.00000     0.00000     0.00000     0.00000     0.00000     0.00000     0.00000     0.00000     0.00000     0.00000     0.00000     0.00000     0.00000     0.00000     0.00000     0.00000     0.00000     0.00000     0.00000     0.00000     0.00000     0.00000     0.00000     0.00000     0.00000     0.00000     0.00000     0.00000     0.00000     0.00000     0.00000     0.00000     0.00000     0.00000     0.00000     0.00000     0.00000     0.00000     0.00000     0.00000     0.00000     0.00000     0.00000     0.00000     0.00000     0.00000     0.00000     0.00000     0.00000     0.00000     0.00000     0.00000     0.00000     0.00000     0.00000     0.00000     0.00000     0.00000     0.00000     0.00000     0.00000     0.00000     0.00000     0.00000     0.00000     0.00000     0.00000     0.00000     0.00000     0.00000     0.00000     0.00000     0.00000     0.00000     0.00000     0.00000     0.00000     0.00000     0.00000     0.00000     0.00000     0.00000     0.00000     0.00000     0.00000     0.00000     0.00000     0.00000     0.00000     0.00000     0.00000     0.00000     0.00000     0.00000     0.00000     0.00000     0.00000   701.71698   700.30273   698.88855   697.47437   696.06018   694.64587   693.23169   691.81750   690.40332   688.98907   687.57489   686.16064   684.74646   683.33221   681.91803     0.00000     0.00000     0.00000     0.00000     0.00000     0.00000     0.00000     0.00000     0.00000     0.00000     0.00000     0.00000     0.00000     0.00000     0.00000     0.00000     0.00000     0.00000     0.00000     0.00000     0.00000     0.00000     0.00000     0.00000     0.00000     0.00000     0.00000     0.00000     0.00000     0.00000     0.00000     0.00000     0.00000     0.00000     0.00000     0.00000     0.00000     0.00000     0.00000     0.00000     0.00000     0.00000     0.00000     0.00000     0.00000     0.00000     0.00000     0.00000     0.00000     0.00000     0.00000     0.00000     0.00000     0.00000     0.00000     0.00000     0.00000     0.00000     0.00000     0.00000     0.00000     0.00000     0.00000     0.00000     0.00000     0.00000     0.00000     0.00000     0.00000     0.00000     0.00000     0.00000     0.00000     0.00000     0.00000     0.00000     0.00000     0.00000     0.00000     0.00000     0.00000     0.00000     0.00000     0.00000     0.00000     0.00000     0.00000     0.00000     0.00000     0.00000     0.00000     0.00000     0.00000     0.00000     0.00000     0.00000     0.00000     0.00000     0.00000     0.00000     0.00000     0.00000     0.00000     0.00000     0.00000     0.00000     0.00000
     0.00000     0.00000     0.00000     0.00000     0.00000     0.00000     0.00000     0.00000     0.00000     0.00000     0.00000     0.00000     0.00000     0.00000     0.00000     0.00000     0.00000     0.00000     0.00000     0.00000     0.00000     0.00000     0.00000     0.00000     0.00000     0.00000     0.00000     0.00000     0.00000     0.00000     0.00000     0.00000     0.00000     0.00000     0.00000     0.00000     0.00000     0.00000     0.00000     0.00000     0.00000     0.00000     0.00000     0.00000     0.00000     0.00000     0.00000     0.00000     0.00000     0.00000     0.00000     0.00000     0.00000     0.00000     0.00000     0.00000     0.00000     0.00000     0.00000     0.00000     0.00000     0.00000     0.00000     0.00000     0.00000     0.00000     0.00000     0.00000     0.00000     0.00000     0.00000     0.00000     0.00000     0.00000     0.00000     0.00000     0.00000     0.00000     0.00000     0.00000     0.00000     0.00000     0.00000     0.00000     0.00000     0.00000     0.00000     0.00000     0.00000     0.00000     0.00000     0.00000     0.00000     0.00000     0.00000     0.00000     0.00000     0.00000     0.00000     0.00000     0.00000     0.00000     0.00000     0.00000     0.00000     0.00000     0.00000     0.00000   704.54541   703.13123   701.71704   700.30273   698.88855   697.47437   696.06018   694.64594   693.23169   691.81750   690.40332   688.98907   687.57489     0.00000     0.00000     0.00000     0.00000     0.00000     0.00000     0.00000     0.00000     0.00000     0.00000     0.00000     0.00000     0.00000     0.00000     0.00000     0.00000     0.00000     0.00000     0.00000     0.00000     0.00000     0.00000     0.00000     0.00000     0.00000     0.00000     0.00000     0.00000     0.00000     0.00000     0.00000     0.00000     0.00000     0.00000     0.00000     0.00000     0.00000     0.00000     0.00000     0.00000     0.00000     0.00000     0.00000     0.00000     0.00000     0.00000     0.00000     0.00000     0.00000     0.00000     0.00000     0.00000     0.00000     0.00000     0.00000     0.00000     0.00000     0.00000     0.00000     0.00000     0.00000     0.00000     0.00000     0.00000     0.00000     0.00000     0.00000     0.00000     0.00000     0.00000     0.00000     0.00000     0.00000     0.00000     0.00000     0.00000     0.00000     0.00000     0.00000     0.00000     0.00000     0.00000     0.00000     0.00000     0.00000     0.00000     0.00000     0.00000     0.00000     0.00000     0.00000     0.00000     0.00000     0.00000     0.00000     0.00000     0.00000     0.00000     0.00000     0.00000     0.00000     0.00000     0.00000     0.00000     0.00000     0.00000     0.00000     0.00000
     0.00000     0.00000     0.00000     0.00000     0.00000     0.00000     0.00000     0.00000     0.00000     0.00000     0.00000     0.00000     0.00000     0.00000     0.00000     0.00000     0.00000     0.00000     0.00000     0.00000     0.00000     0.00000     0.00000     0.00000     0.00000     0.00000     0.00000     0.00000     0.00000     0.00000     0.00000     0.00000     0.00000     0.00000     0.00000     0.00000     0.00000     0.00000     0.00000     0.00000     0.00000     0.00000     0.00000     0.00000     0.00000     0.00000     0.00000     0.00000     0.00000     0.00000     0.00000     0.00000     0.00000     0.00000     0.00000     0.00000     0.00000     0.00000     0.00000     0.00000     0.00000     0.00000     0.00000     0.00000     0.00000     0.00000     0.00000     0.00000     0.00000     0.00000     0.00000     0.00000     0.00000     0.00000     0.00000     0.00000     0.00000     0.00000     0.00000     0.00000     0.00000     0.00000     0.00000     0.00000     0.00000     0.00000     0.00000     0.00000     0.00000     0.00000     0.00000     0.00000     0.00000     0.00000     0.00000     0.00000     0.00000     0.00000     0.00000     0.00000     0.00000     0.00000     0.00000     0.00000     0.00000     0.00000     0.00000     0.00000     0.00000   707.37384   705.95959   704.54541   703.13123   701.71704   700.30273   698.88855   697.47437   696.06018   694.64594   693.23175     0.00000     0.00000     0.00000     0.00000     0.00000     0.00000     0.00000     0.00000     0.00000     0.00000     0.00000     0.00000     0.00000     0.00000     0.00000     0.00000     0.00000     0.00000     0.00000     0.00000     0.00000     0.00000     0.00000     0.00000     0.00000     0.00000     0.00000     0.00000     0.00000     0.00000     0.00000     0.00000     0.00000     0.00000     0.00000     0.00000     0.00000     0.00000     0.00000     0.00000     0.00000     0.00000     0.00000     0.00000     0.00000     0.00000     0.00000     0.00000     0.00000     0.00000     0.00000     0.00000     0.00000     0.00000     0.00000     0.00000     0.00000     0.00000     0.00000     0.00000     0.00000     0.00000     0.00000     0.00000     0.00000     0.00000     0.00000     0.00000     0.00000     0.00000     0.00000     0.00000     0.00000     0.00000     0.00000     0.00000     0.00000     0.00000     0.00000     0.00000     0.00000     0.00000     0.00000     0.00000     0.00000     0.00000     0.00000     0.00000     0.00000     0.00000     0.00000     0.00000     0.00000     0.00000     0.00000     0.00000     0.00000     0.00000     0.00000     0.00000     0.00000     0.00000     0.00000     0.00000     0.00000     0.00000     0.00000     0.00000     0.00000
     0.00000     0.00000     0.00000     0.00000     0.00000     0.00000     0.00000     0.00000     0.00000     0.00000     0.00000     0.00000     0.00000     0.00000     0.00000     0.00000     0.00000     0.00000     0.00000     0.00000     0.00000     0.00000     0.00000     0.00000     0.00000     0.00000     0.00000     0.00000     0.00000     0.00000     0.00000     0.00000     0.00000     0.00000     0.00000     0.00000     0.00000     0.00000     0.00000     0.00000     0.00000     0.00000     0.00000     0.00000     0.00000     0.00000     0.00000     0.00000     0.00000     0.00000     0.00000     0.00000     0.00000     0.00000     0.00000     0.00000     0.00000     0.00000     0.00000     0.00000     0.00000     0.00000     0.00000     0.00000     0.00000     0.00000     0.00000     0.00000     0.00000     0.00000     0.00000     0.00000     0.00000     0.00000     0.00000     0.00000     0.00000     0.00000     0.00000     0.00000     0.00000     0.00000     0.00000     0.00000     0.00000     0.00000     0.00000     0.00000     0.00000     0.00000     0.00000     0.00000     0.00000     0.00000     0.00000     0.00000     0.00000     0.00000     0.00000     0.00000     0.00000     0.00000     0.00000     0.00000     0.00000     0.00000     0.00000     0.00000     0.00000     0.00000   710.20227   708.78809   707.37390   705.95959   704.54541   703.13123   701.71704   700.30280   698.88855     0.00000     0.00000     0.00000     0.00000     0.00000     0.00000     0.00000     0.00000     0.00000     0.00000     0.00000     0.00000     0.00000     0.00000     0.00000     0.00000     0.00000     0.00000     0.00000     0.00000     0.00000     0.00000     0.00000     0.00000     0.00000     0.00000     0.00000     0.00000     0.00000     0.00000     0.00000     0.00000     0.00000     0.00000     0.00000     0.00000     0.00000     0.00000     0.00000     0.00000     0.00000     0.00000     0.00000     0.00000     0.00000     0.00000     0.00000     0.00000     0.00000     0.00000     0.00000     0.00000     0.00000     0.00000     0.00000     0.00000     0.00000     0.00000     0.00000     0.00000     0.00000     0.00000     0.00000     0.00000     0.00000     0.00000     0.00000     0.00000     0.00000     0.00000     0.00000     0.00000     0.00000     0.00000     0.00000     0.00000     0.00000     0.00000     0.00000     0.00000     0.00000     0.00000     0.00000     0.00000     0.00000     0.00000     0.00000     0.00000     0.00000     0.00000     0.00000     0.00000     0.00000     0.00000     0.00000     0.00000     0.00000     0.00000     0.00000     0.00000     0.00000     0.00000     0.00000     0.00000     0.00000     0.00000     0.00000     0.00000     0.00000     0.00000
     0.00000     0.00000     0.00000     0.00000     0.00000     0.00000     0.00000     0.00000     0.00000     0.00000     0.00000     0.00000     0.00000     0.00000     0.00000     0.00000     0.00000     0.00000     0.00000     0.00000     0.00000     0.00000     0.00000     0.00000     0.00000     0.00000     0.00000     0.00000     0.00000     0.00000     0.00000     0.00000     0.00000     0.00000     0.00000     0.00000     0.00000     0.00000     0.00000     0.00000     0.00000     0.00000     0.00000     0.00000     0.00000     0.00000     0.00000     0.00000     0.00000     0.00000     0.00000     0.00000     0.00000     0.00000     0.00000     0.00000     0.00000     0.00000     0.00000     0.00000     0.00000     0.00000     0.00000     0.00000     0.00000     0.00000     0.00000     0.00000     0.00000     0.00000     0.00000     0.00000     0.00000     0.00000     0.00000     0.00000     0.00000     0.00000     0.00000     0.00000     0.00000     0.00000     0.00000     0.00000     0.00000     0.00000     0.00000     0.00000     0.00000     0.00000     0.00000     0.00000     0.00000     0.00000     0.00000     0.00000     0.00000     0.00000     0.00000     0.00000     0.00000     0.00000     0.00000     0.00000     0.00000     0.00000     0.00000     0.00000     0.00000     0.00000     0.00000   713.03070   711.61646   710.20227   708.78809   707.37390   705.95959   704.54541     0.00000     0.00000     0.00000     0.00000     0.00000     0.00000     0.00000     0.00000     0.00000     0.00000     0.00000     0.00000     0.00000     0.00000     0.00000     0.00000     0.00000     0.00000     0.00000     0.00000     0.00000     0.00000     0.00000     0.00000     0.00000     0.00000     0.00000     0.00000     0.00000     0.00000     0.00000     0.00000     0.00000     0.00000     0.00000     0.00000     0.00000     0.00000     0.00000     0.00000     0.00000     0.00000     0.00000     0.00000     0.00000     0.00000     0.00000     0.00000     0.00000     0.00000     0.00000     0.00000     0.00000     0.00000     0.00000     0.00000     0.00000     0.00000     0.00000     0.00000     0.00000     0.00000     0.00000     0.00000     0.00000     0.00000     0.00000     0.00000     0.00000     0.00000     0.00000     0.00000     0.00000     0.00000     0.00000     0.00000     0.00000     0.00000     0.00000     0.00000     0.00000     0.00000     0.00000     0.00000     0.00000     0.00000     0.00000     0.00000     0.00000     0.00000     0.00000     0.00000     0.00000     0.00000     0.00000     0.00000     0.00000     0.00000     0.00000     0.00000     0.00000     0.00000     0.00000     0.00000     0.00000     0.00000     0.00000     0.00000     0.00000     0.00000     0.00000
     0.00000     0.00000     0.00000     0.00000     0.00000     0.00000     0.00000     0.00000     0.00000     0.00000     0.00000     0.00000     0.00000     0.00000     0.00000     0.00000     0.00000     0.00000     0.00000     0.00000     0.00000     0.00000     0.00000     0.00000     0.00000     0.00000     0.00000     0.00000     0.00000     0.00000     0.00000     0.00000     0.00000     0.00000     0.00000     0.00000     0.00000     0.00000     0.00000     0.00000     0.00000     0.00000     0.00000     0.00000     0.00000     0.00000     0.00000     0.00000     0.00000     0.00000     0.00000     0.00000     0.00000     0.00000     0.00000     0.00000     0.00000     0.00000     0.00000     0.00000     0.00000     0.00000     0.00000     0.00000     0.00000     0.00000     0.00000     0.00000     0.00000     0.00000     0.00000     0.00000     0.00000     0.00000     0.00000     0.00000     0.00000     0.00000     0.00000     0.00000     0.00000     0.00000     0.00000     0.00000     0.00000     0.00000     0.00000     0.00000     0.00000     0.00000     0.00000     0.00000     0.00000     0.00000     0.00000     0.00000     0.00000     0.00000     0.00000     0.00000     0.00000     0.00000     0.00000     0.00000     0.00000     0.00000     0.00000     0.00000     0.00000     0.00000     0.00000     0.00000   715.85913   714.44495   713.03076   711.61646   710.20227     0.00000     0.00000     0.00000     0.00000     0.00000     0.00000     0.00000     0.00000     0.00000     0.00000     0.00000     0.00000     0.00000     0.00000     0.00000     0.00000     0.00000     0.00000     0.00000     0.00000     0.00000     0.00000     0.00000     0.00000     0.00000     0.00000     0.00000     0.00000     0.00000     0.00000     0.00000     0.00000     0.00000     0.00000     0.00000     0.00000     0.00000     0.00000     0.00000     0.00000     0.00000     0.00000     0.00000     0.00000     0.00000     0.00000     0.00000     0.00000     0.00000     0.00000     0.00000     0.00000     0.00000     0.00000     0.00000     0.00000     0.00000     0.00000     0.00000     0.00000     0.00000     0.00000     0.00000     0.00000     0.00000     0.00000     0.00000     0.00000     0.00000     0.00000     0.00000     0.00000     0.00000     0.00000     0.00000     0.00000     0.00000     0.00000     0.00000     0.00000     0.00000     0.00000     0.00000     0.00000     0.00000     0.00000     0.00000     0.00000     0.00000     0.00000     0.00000     0.00000     0.00000     0.00000     0.00000     0.00000     0.00000     0.00000     0.00000     0.00000     0.00000     0.00000     0.00000     0.00000     0.00000     0.00000     0.00000     0.00000     0.00000     0.00000     0.00000     0.00000
     0.00000     0.00000     0.00000     0.00000     0.00000     0.00000     0.00000     0.00000     0.00000     0.00000     0.00000     0.00000     0.00000     0.00000     0.00000     0.00000     0.00000     0.00000     0.00000     0.00000     0.00000     0.00000     0.00000     0.00000     0.00000     0.00000     0.00000     0.00000     0.00000     0.00000     0.00000     0.00000     0.00000     0.00000     0.00000     0.00000     0.00000     0.00000     0.00000     0.00000     0.00000     0.00000     0.00000     0.00000     0.00000     0.00000     0.00000     0.00000     0.00000     0.00000     0.00000     0.00000     0.00000     0.00000     0.00000     0.00000     0.00000     0.00000     0.00000     0.00000     0.00000     0.00000     0.00000     0.00000     0.00000     0.00000     0.00000     0.00000     0.00000     0.00000     0.00000     0.00000     0.00000     0.00000     0.00000     0.00000     0.00000     0.00000     0.00000     0.00000     0.00000     0.00000     0.00000     0.00000     0.00000     0.00000     0.00000     0.00000     0.00000     0.00000     0.00000     0.00000     0.00000     0.00000     0.00000     0.00000     0.00000     0.00000     0.00000     0.00000     0.00000     0.00000     0.00000     0.00000     0.00000     0.00000     0.00000     0.00000     0.00000     0.00000     0.00000     0.00000     0.00000   718.68756   717.27332   715.85913     0.00000     0.00000     0.00000     0.00000     0.00000     0.00000     0.00000     0.00000     0.00000     0.00000     0.00000     0.00000     0.00000     0.00000     0.00000     0.00000     0.00000     0.00000     0.00000     0.00000     0.00000     0.00000     0.00000     0.00000     0.00000     0.00000     0.00000     0.00000     0.00000     0.00000     0.00000     0.00000     0.00000     0.00000     0.00000     0.00000     0.00000     0.00000     0.00000     0.00000     0.00000     0.00000     0.00000     0.00000     0.00000     0.00000     0.00000     0.00000     0.00000     0.00000     0.00000     0.00000     0.00000     0.00000     0.00000     0.00000     0.00000     0.00000     0.00000     0.00000     0.00000     0.00000     0.00000     0.00000     0.00000     0.00000     0.00000     0.00000     0.00000     0.00000     0.00000     0.00000     0.00000     0.00000     0.00000     0.00000     0.00000     0.00000     0.00000     0.00000     0.00000     0.00000     0.00000     0.00000     0.00000     0.00000     0.00000     0.00000     0.00000     0.00000     0.00000     0.00000     0.00000     0.00000     0.00000     0.00000     0.00000     0.00000     0.00000     0.00000     0.00000     0.00000     0.00000     0.00000     0.00000     0.00000     0.00000     0.00000     0.00000     0.00000     0.00000     0.00000     0.00000
     0.00000     0.00000     0.00000     0.00000     0.00000     0.00000     0.00000     0.00000     0.00000     0.00000     0.00000     0.00000     0.00000     0.00000     0.00000     0.00000     0.00000     0.00000     0.00000     0.00000     0.00000     0.00000     0.00000     0.00000     0.00000     0.00000     0.00000     0.00000     0.00000     0.00000     0.00000     0.00000     0.00000     0.00000     0.00000     0.00000     0.00000     0.00000     0.00000     0.00000     0.00000     0.00000     0.00000     0.00000     0.00000     0.00000     0.00000     0.00000     0.00000     0.00000     0.00000     0.00000     0.00000     0.00000     0.00000     0.00000     0.00000     0.00000     0.00000     0.00000     0.00000     0.00000     0.00000     0.00000     0.00000     0.00000     0.00000     0.00000     0.00000     0.00000     0.00000     0.00000     0.00000     0.00000     0.00000     0.00000     0.00000     0.00000     0.00000     0.00000     0.00000     0.00000     0.00000     0.00000     0.00000     0.00000     0.00000     0.00000     0.00000     0.00000     0.00000     0.00000     0.00000     0.00000     0.00000     0.00000     0.00000     0.00000     0.00000     0.00000     0.00000     0.00000     0.00000     0.00000     0.00000     0.00000     0.00000     0.00000     0.00000     0.00000     0.00000     0.00000     0.00000     0.00000   721.51599     0.00000     0.00000     0.00000     0.00000     0.00000     0.00000     0.00000     0.00000     0.00000     0.00000     0.00000     0.00000     0.00000     0.00000     0.00000     0.00000     0.00000     0.00000     0.00000     0.00000     0.00000     0.00000     0.00000     0.00000     0.00000     0.00000     0.00000     0.00000     0.00000     0.00000     0.00000     0.00000     0.00000     0.00000     0.00000     0.00000     0.00000     0.00000     0.00000     0.00000     0.00000     0.00000     0.00000     0.00000     0.00000     0.00000     0.00000     0.00000     0.00000     0.00000     0.00000     0.00000     0.00000     0.00000     0.00000     0.00000     0.00000     0.00000     0.00000     0.00000     0.00000     0.00000     0.00000     0.00000     0.00000     0.00000     0.00000     0.00000     0.00000     0.00000     0.00000     0.00000     0.00000     0.00000     0.00000     0.00000     0.00000     0.00000     0.00000     0.00000     0.00000     0.00000     0.00000     0.00000     0.00000     0.00000     0.00000     0.00000     0.00000     0.00000     0.00000     0.00000     0.00000     0.00000     0.00000     0.00000     0.00000     0.00000     0.00000     0.00000     0.00000     0.00000     0.00000     0.00000     0.00000     0.00000     0.00000     0.00000     0.00000     0.00000     0.00000     0.00000     0.00000     0.00000
