     0.00000     0.00000     0.00000     0.00000     0.00000     0.00000     0.00000     0.00000     0.00000     0.00000     0.00000     0.00000     0.00000     0.00000     0.00000     0.00000     0.00000     0.00000     0.00000     0.00000     0.00000     0.00000     0.00000     0.00000     0.00000     0.00000     0.00000     0.00000     0.00000     0.00000     0.00000     0.00000     0.00000     0.00000     0.00000     0.00000     0.00000     0.00000     0.00000     0.00000     0.00000     0.00000     0.00000     0.00000     0.00000     0.00000     0.00000     0.00000     0.00000     0.00000     0.00000     0.00000     0.00000     0.00000     0.00000     0.00000     0.00000     0.00000     0.00000     0.00000     0.00000     0.00000     0.00000     0.00000     0.00000     0.00000     0.00000     0.00000     0.00000     0.00000     0.00000     0.00000     0.00000     0.00000     0.00000     0.00000     0.00000     0.00000     0.00000     0.00000     0.00000     0.00000     0.00000     0.00000     0.00000     0.00000     0.00000     0.00000     0.00000     0.00000     0.00000     0.00000     0.00000     0.00000     0.00000     0.00000     0.00000     0.00000     0.00000     0.00000     0.00000     0.00000     0.00000     0.00000     0.00000     0.00000     0.00000     0.00000     0.00000     0.00000     0.00000     0.00000     0.00000     0.00000   -62.30683     0.00000     0.00000     0.00000     0.00000     0.00000     0.00000     0.00000     0.00000     0.00000     0.00000     0.00000     0.00000     0.00000     0.00000     0.00000     0.00000     0.00000     0.00000     0.00000     0.00000     0.00000     0.00000     0.00000     0.00000     0.00000     0.00000     0.00000     0.00000     0.00000     0.00000     0.00000     0.00000     0.00000     0.00000     0.00000     0.00000     0.00000     0.00000     0.00000     0.00000     0.00000     0.00000     0.00000     0.00000     0.00000     0.00000     0.00000     0.00000     0.00000     0.00000     0.00000     0.00000     0.00000     0.00000     0.00000     0.00000     0.00000     0.00000     0.00000     0.00000     0.00000     0.00000     0.00000     0.00000     0.00000     0.00000     0.00000     0.00000     0.00000     0.00000     0.00000     0.00000     0.00000     0.00000     0.00000     0.00000     0.00000     0.00000     0.00000     0.00000     0.00000     0.00000     0.00000     0.00000     0.00000     0.00000     0.00000     0.00000     0.00000     0.00000     0.00000     0.00000     0.00000     0.00000     0.00000     0.00000     0.00000     0.00000     0.00000     0.00000     0.00000     0.00000     0.00000     0.00000     0.00000     0.00000     0.00000     0.00000     0.00000     0.00000     0.00000     0.00000     0.00000     0.00000
     0.00000     0.00000     0.00000     0.00000     0.00000     0.00000     0.00000     0.00000     0.00000     0.00000     0.00000     0.00000     0.00000     0.00000     0.00000     0.00000     0.00000     0.00000     0.00000     0.00000     0.00000     0.00000     0.00000     0.00000     0.00000     0.00000     0.00000     0.00000     0.00000     0.00000     0.00000     0.00000     0.00000     0.00000     0.00000     0.00000     0.00000     0.00000     0.00000     0.00000     0.00000     0.00000     0.00000     0.00000     0.00000     0.00000     0.00000     0.00000     0.00000     0.00000     0.00000     0.00000     0.00000     0.00000     0.00000     0.00000     0.00000     0.00000     0.00000     0.00000     0.00000     0.00000     0.00000     0.00000     0.00000     0.00000     0.00000     0.00000     0.00000     0.00000     0.00000     0.00000     0.00000     0.00000     0.00000     0.00000     0.00000     0.00000     0.00000     0.00000     0.00000     0.00000     0.00000     0.00000     0.00000     0.00000     0.00000     0.00000     0.00000     0.00000     0.00000     0.00000     0.00000     0.00000     0.00000     0.00000     0.00000     0.00000     0.00000     0.00000     0.00000     0.00000     0.00000     0.00000     0.00000     0.00000     0.00000     0.00000     0.00000     0.00000     0.00000     0.00000     0.00000   -62.30683   -62.29976   -62.29269     0.00000     0.00000     0.00000     0.00000     0.00000     0.00000     0.00000     0.00000     0.00000     0.00000     0.00000     0.00000     0.00000     0.00000     0.00000     0.00000     0.00000     0.00000     0.00000     0.00000     0.00000     0.00000     0.00000     0.00000     0.00000     0.00000     0.00000     0.00000     0.00000     0.00000     0.00000     0.00000     0.00000     0.00000     0.00000     0.00000     0.00000     0.00000     0.00000     0.00000     0.00000     0.00000     0.00000     0.00000     0.00000     0.00000     0.00000     0.00000     0.00000     0.00000     0.00000     0.00000     0.00000     0.00000     0.00000     0.00000     0.00000     0.00000     0.00000     0.00000     0.00000     0.00000     0.00000     0.00000     0.00000     0.00000     0.00000     0.00000     0.00000     0.00000     0.00000     0.00000     0.00000     0.00000     0.00000     0.00000     0.00000     0.00000     0.00000     0.00000     0.00000     0.00000     0.00000     0.00000     0.00000     0.00000     0.00000     0.00000     0.00000     0.00000     0.00000     0.00000     0.00000     0.00000     0.00000     0.00000     0.00000     0.00000     0.00000     0.00000     0.00000     0.00000     0.00000     0.00000     0.00000     0.00000     0.00000     0.00000     0.00000     0.00000     0.00000     0.00000     0.00000
     0.00000     0.00000     0.00000     0.00000     0.00000     0.00000     0.00000     0.00000     0.00000     0.00000     0.00000     0.00000     0.00000     0.00000     0.00000     0.00000     0.00000     0.00000     0.00000     0.00000     0.00000     0.00000     0.00000     0.00000     0.00000     0.00000     0.00000     0.00000     0.00000     0.00000     0.00000     0.00000     0.00000     0.00000     0.00000     0.00000     0.00000     0.00000     0.00000     0.00000     0.00000     0.00000     0.00000     0.00000     0.00000     0.00000     0.00000     0.00000     0.00000     0.00000     0.00000     0.00000     0.00000     0.00000     0.00000     0.00000     0.00000     0.00000     0.00000     0.00000     0.00000     0.00000     0.00000     0.00000     0.00000     0.00000     0.00000     0.00000     0.00000     0.00000     0.00000     0.00000     0.00000     0.00000     0.00000     0.00000     0.00000     0.00000     0.00000     0.00000     0.00000     0.00000     0.00000     0.00000     0.00000     0.00000     0.00000     0.00000     0.00000     0.00000     0.00000     0.00000     0.00000     0.00000     0.00000     0.00000     0.00000     0.00000     0.00000     0.00000     0.00000     0.00000     0.00000     0.00000     0.00000     0.00000     0.00000     0.00000     0.00000     0.00000     0.00000     0.00000   -62.30683   -62.29976   -62.29269   -62.28561   -62.27854     0.00000     0.00000     0.00000     0.00000     0.00000     0.00000     0.00000     0.00000     0.00000     0.00000     0.00000     0.00000     0.00000     0.00000     0.00000     0.00000     0.00000     0.00000     0.00000     0.00000     0.00000     0.00000     0.00000     0.00000     0.00000     0.00000     0.00000     0.00000     0.00000     0.00000     0.00000     0.00000     0.00000     0.00000     0.00000     0.00000     0.00000     0.00000     0.00000     0.00000     0.00000     0.00000     0.00000     0.00000     0.00000     0.00000     0.00000     0.00000     0.00000     0.00000     0.00000     0.00000     0.00000     0.00000     0.00000     0.00000     0.00000     0.00000     0.00000     0.00000     0.00000     0.00000     0.00000     0.00000     0.00000     0.00000     0.00000     0.00000     0.00000     0.00000     0.00000     0.00000     0.00000     0.00000     0.00000     0.00000     0.00000     0.00000     0.00000     0.00000     0.00000     0.00000     0.00000     0.00000     0.00000     0.00000     0.00000     0.00000     0.00000     0.00000     0.00000     0.00000     0.00000     0.00000     0.00000     0.00000     0.00000     0.00000     0.00000     0.00000     0.00000     0.00000     0.00000     0.00000     0.00000     0.00000     0.00000     0.00000     0.00000     0.00000     0.00000     0.00000
     0.00000     0.00000     0.00000     0.00000     0.00000     0.00000     0.00000     0.00000     0.00000     0.00000     0.00000     0.00000     0.00000     0.00000     0.00000     0.00000     0.00000     0.00000     0.00000     0.00000     0.00000     0.00000     0.00000     0.00000     0.00000     0.00000     0.00000     0.00000     0.00000     0.00000     0.00000     0.00000     0.00000     0.00000     0.00000     0.00000     0.00000     0.00000     0.00000     0.00000     0.00000     0.00000     0.00000     0.00000     0.00000     0.00000     0.00000     0.00000     0.00000     0.00000     0.00000     0.00000     0.00000     0.00000     0.00000     0.00000     0.00000     0.00000     0.00000     0.00000     0.00000     0.00000     0.00000     0.00000     0.00000     0.00000     0.00000     0.00000     0.00000     0.00000     0.00000     0.00000     0.00000     0.00000     0.00000     0.00000     0.00000     0.00000     0.00000     0.00000     0.00000     0.00000     0.00000     0.00000     0.00000     0.00000     0.00000     0.00000     0.00000     0.00000     0.00000     0.00000     0.00000     0.00000     0.00000     0.00000     0.00000     0.00000     0.00000     0.00000     0.00000     0.00000     0.00000     0.00000     0.00000     0.00000     0.00000     0.00000     0.00000     0.00000     0.00000   -62.30683   -62.29976   -62.29269   -62.28561   -62.27854   -62.27147   -62.26440     0.00000     0.00000     0.00000     0.00000     0.00000     0.00000     0.00000     0.00000     0.00000     0.00000     0.00000     0.00000     0.00000     0.00000     0.00000     0.00000     0.00000     0.00000     0.00000     0.00000     0.00000     0.00000     0.00000     0.00000     0.00000     0.00000     0.00000     0.00000     0.00000     0.00000     0.00000     0.00000     0.00000     0.00000     0.00000     0.00000     0.00000     0.00000     0.00000     0.00000     0.00000     0.00000     0.00000     0.00000     0.00000     0.00000     0.00000     0.00000     0.00000     0.00000     0.00000     0.00000     0.00000     0.00000     0.00000     0.00000     0.00000     0.00000     0.00000     0.00000     0.00000     0.00000     0.00000     0.00000     0.00000     0.00000     0.00000     0.00000     0.00000     0.00000     0.00000     0.00000     0.00000     0.00000     0.00000     0.00000     0.00000     0.00000     0.00000     0.00000     0.00000     0.00000     0.00000     0.00000     0.00000     0.00000     0.00000     0.00000     0.00000     0.00000     0.00000     0.00000     0.00000     0.00000     0.00000     0.00000     0.00000     0.00000     0.00000     0.00000     0.00000     0.00000     0.00000     0.00000     0.00000     0.00000     0.00000     0.00000     0.00000     0.00000     0.00000
     0.00000     0.00000     0.00000     0.00000     0.00000     0.00000     0.00000     0.00000     0.00000     0.00000     0.00000     0.00000     0.00000     0.00000     0.00000     0.00000     0.00000     0.00000     0.00000     0.00000     0.00000     0.00000     0.00000     0.00000     0.00000     0.00000     0.00000     0.00000     0.00000     0.00000     0.00000     0.00000     0.00000     0.00000     0.00000     0.00000     0.00000     0.00000     0.00000     0.00000     0.00000     0.00000     0.00000     0.00000     0.00000     0.00000     0.00000     0.00000     0.00000     0.00000     0.00000     0.00000     0.00000     0.00000     0.00000     0.00000     0.00000     0.00000     0.00000     0.00000     0.00000     0.00000     0.00000     0.00000     0.00000     0.00000     0.00000     0.00000     0.00000     0.00000     0.00000     0.00000     0.00000     0.00000     0.00000     0.00000     0.00000     0.00000     0.00000     0.00000     0.00000     0.00000     0.00000     0.00000     0.00000     0.00000     0.00000     0.00000     0.00000     0.00000     0.00000     0.00000     0.00000     0.00000     0.00000     0.00000     0.00000     0.00000     0.00000     0.00000     0.00000     0.00000     0.00000     0.00000     0.00000     0.00000     0.00000     0.00000     0.00000     0.00000   -62.30683   -62.29976   -62.29269   -62.28561   -62.27854   -62.27147   -62.26440   -62.25733   -62.25026     0.00000     0.00000     0.00000     0.00000     0.00000     0.00000     0.00000     0.00000     0.00000     0.00000     0.00000     0.00000     0.00000     0.00000     0.00000     0.00000     0.00000     0.00000     0.00000     0.00000     0.00000     0.00000     0.00000     0.00000     0.00000     0.00000     0.00000     0.00000     0.00000     0.00000     0.00000     0.00000     0.00000     0.00000     0.00000     0.00000     0.00000     0.00000     0.00000     0.00000     0.00000     0.00000     0.00000     0.00000     0.00000     0.00000     0.00000     0.00000     0.00000     0.00000     0.00000     0.00000     0.00000     0.00000     0.00000     0.00000     0.00000     0.00000     0.00000     0.00000     0.00000     0.00000     0.00000     0.00000     0.00000     0.00000     0.00000     0.00000     0.00000     0.00000     0.00000     0.00000     0.00000     0.00000     0.00000     0.00000     0.00000     0.00000     0.00000     0.00000     0.00000     0.00000     0.00000     0.00000     0.00000     0.00000     0.00000     0.00000     0.00000     0.00000     0.00000     0.00000     0.00000     0.00000     0.00000     0.00000     0.00000     0.00000     0.00000     0.00000     0.00000     0.00000     0.00000     0.00000     0.00000     0.00000     0.00000     0.00000     0.00000     0.00000
     0.00000     0.00000     0.00000     0.00000     0.00000     0.00000     0.00000     0.00000     0.00000     0.00000     0.00000     0.00000     0.00000     0.00000     0.00000     0.00000     0.00000     0.00000     0.00000     0.00000     0.00000     0.00000     0.00000     0.00000     0.00000     0.00000     0.00000     0.00000     0.00000     0.00000     0.00000     0.00000     0.00000     0.00000     0.00000     0.00000     0.00000     0.00000     0.00000     0.00000     0.00000     0.00000     0.00000     0.00000     0.00000     0.00000     0.00000     0.00000     0.00000     0.00000     0.00000     0.00000     0.00000     0.00000     0.00000     0.00000     0.00000     0.00000     0.00000     0.00000     0.00000     0.00000     0.00000     0.00000     0.00000     0.00000     0.00000     0.00000     0.00000     0.00000     0.00000     0.00000     0.00000     0.00000     0.00000     0.00000     0.00000     0.00000     0.00000     0.00000     0.00000     0.00000     0.00000     0.00000     0.00000     0.00000     0.00000     0.00000     0.00000     0.00000     0.00000     0.00000     0.00000     0.00000     0.00000     0.00000     0.00000     0.00000     0.00000     0.00000     0.00000     0.00000     0.00000     0.00000     0.00000     0.00000     0.00000     0.00000     0.00000   -62.30683   -62.29976   -62.29269   -62.28561   -62.27854   -62.27147   -62.26440   -62.25733   -62.25026   -62.24319   -62.23612     0.00000     0.00000     0.00000     0.00000     0.00000     0.00000     0.00000     0.00000     0.00000     0.00000     0.00000     0.00000     0.00000     0.00000     0.00000     0.00000     0.00000     0.00000     0.00000     0.00000     0.00000     0.00000     0.00000     0.00000     0.00000     0.00000     0.00000     0.00000     0.00000     0.00000     0.00000     0.00000     0.00000     0.00000     0.00000     0.00000     0.00000     0.00000     0.00000     0.00000     0.00000     0.00000     0.00000     0.00000     0.00000     0.00000     0.00000     0.00000     0.00000     0.00000     0.00000     0.00000     0.00000     0.00000     0.00000     0.00000     0.00000     0.00000     0.00000     0.00000     0.00000     0.00000     0.00000     0.00000     0.00000     0.00000     0.00000     0.00000     0.00000     0.00000     0.00000     0.00000     0.00000     0.00000     0.00000     0.00000     0.00000     0.00000     0.00000     0.00000     0.00000     0.00000     0.00000     0.00000     0.00000     0.00000     0.00000     0.00000     0.00000     0.00000     0.00000     0.00000     0.00000     0.00000     0.00000     0.00000     0.00000     0.00000     0.00000     0.00000     0.00000     0.00000     0.00000     0.00000     0.00000     0.00000     0.00000     0.00000     0.00000
     0.00000     0.00000     0.00000     0.00000     0.00000     0.00000     0.00000     0.00000     0.00000     0.00000     0.00000     0.00000     0.00000     0.00000     0.00000     0.00000     0.00000     0.00000     0.00000     0.00000     0.00000     0.00000     0.00000     0.00000     0.00000     0.00000     0.00000     0.00000     0.00000     0.00000     0.00000     0.00000     0.00000     0.00000     0.00000     0.00000     0.00000     0.00000     0.00000     0.00000     0.00000     0.00000     0.00000     0.00000     0.00000     0.00000     0.00000     0.00000     0.00000     0.00000     0.00000     0.00000     0.00000     0.00000     0.00000     0.00000     0.00000     0.00000     0.00000     0.00000     0.00000     0.00000     0.00000     0.00000     0.00000     0.00000     0.00000     0.00000     0.00000     0.00000     0.00000     0.00000     0.00000     0.00000     0.00000     0.00000     0.00000     0.00000     0.00000     0.00000     0.00000     0.00000     0.00000     0.00000     0.00000     0.00000     0.00000     0.00000     0.00000     0.00000     0.00000     0.00000     0.00000     0.00000     0.00000     0.00000     0.00000     0.00000     0.00000     0.00000     0.00000     0.00000     0.00000     0.00000     0.00000     0.00000     0.00000     0.00000   -62.30683   -62.29976   -62.29269   -62.28561   -62.27854   -62.27147   -62.26440   -62.25733   -62.25026   -62.24319   -62.23612   -62.22905   -62.22197     0.00000     0.00000     0.00000     0.00000     0.00000     0.00000     0.00000     0.00000     0.00000     0.00000     0.00000     0.00000     0.00000     0.00000     0.00000     0.00000     0.00000     0.00000     0.00000     0.00000     0.00000     0.00000     0.00000     0.00000     0.00000     0.00000     0.00000     0.00000     0.00000     0.00000     0.00000     0.00000     0.00000     0.00000     0.00000     0.00000     0.00000     0.00000     0.00000     0.00000     0.00000     0.00000     0.00000     0.00000     0.00000     0.00000     0.00000     0.00000     0.00000     0.00000     0.00000     0.00000     0.00000     0.00000     0.00000     0.00000     0.00000     0.00000     0.00000     0.00000     0.00000     0.00000     0.00000     0.00000     0.00000     0.00000     0.00000     0.00000     0.00000     0.00000     0.00000     0.00000     0.00000     0.00000     0.00000     0.00000     0.00000     0.00000     0.00000     0.00000     0.00000     0.00000     0.00000     0.00000     0.00000     0.00000     0.00000     0.00000     0.00000     0.00000     0.00000     0.00000     0.00000     0.00000     0.00000     0.00000     0.00000     0.00000     0.00000     0.00000     0.00000     0.00000     0.00000     0.00000     0.00000     0.00000     0.00000     0.00000
     0.00000     0.00000     0.00000     0.00000     0.00000     0.00000     0.00000     0.00000     0.00000     0.00000     0.00000     0.00000     0.00000     0.00000     0.00000     0.00000     0.00000     0.00000     0.00000     0.00000     0.00000     0.00000     0.00000     0.00000     0.00000     0.00000     0.00000     0.00000     0.00000     0.00000     0.00000     0.00000     0.00000     0.00000     0.00000     0.00000     0.00000     0.00000     0.00000     0.00000     0.00000     0.00000     0.00000     0.00000     0.00000     0.00000     0.00000     0.00000     0.00000     0.00000     0.00000     0.00000     0.00000     0.00000     0.00000     0.00000     0.00000     0.00000     0.00000     0.00000     0.00000     0.00000     0.00000     0.00000     0.00000     0.00000     0.00000     0.00000     0.00000     0.00000     0.00000     0.00000     0.00000     0.00000     0.00000     0.00000     0.00000     0.00000     0.00000     0.00000     0.00000     0.00000     0.00000     0.00000     0.00000     0.00000     0.00000     0.00000     0.00000     0.00000     0.00000     0.00000     0.00000     0.00000     0.00000     0.00000     0.00000     0.00000     0.00000     0.00000     0.00000     0.00000     0.00000     0.00000     0.00000     0.00000     0.00000   -62.30683   -62.29976   -62.29269   -62.28561   -62.27854   -62.27147   -62.26440   -62.25733   -62.25026   -62.24319   -62.23612   -62.22905   -62.22197   -62.21490   -62.20783     0.00000     0.00000     0.00000     0.00000     0.00000     0.00000     0.00000     0.00000     0.00000     0.00000     0.00000     0.00000     0.00000     0.00000     0.00000     0.00000     0.00000     0.00000     0.00000     0.00000     0.00000     0.00000     0.00000     0.00000     0.00000     0.00000     0.00000     0.00000     0.00000     0.00000     0.00000     0.00000     0.00000     0.00000     0.00000     0.00000     0.00000     0.00000     0.00000     0.00000     0.00000     0.00000     0.00000     0.00000     0.00000     0.00000     0.00000     0.00000     0.00000     0.00000     0.00000     0.00000     0.00000     0.00000     0.00000     0.00000     0.00000     0.00000     0.00000     0.00000     0.00000     0.00000     0.00000     0.00000     0.00000     0.00000     0.00000     0.00000     0.00000     0.00000     0.00000     0.00000     0.00000     0.00000     0.00000     0.00000     0.00000     0.00000     0.00000     0.00000     0.00000     0.00000     0.00000     0.00000     0.00000     0.00000     0.00000     0.00000     0.00000     0.00000     0.00000     0.00000     0.00000     0.00000     0.00000     0.00000     0.00000     0.00000     0.00000     0.00000     0.00000     0.00000     0.00000     0.00000     0.00000     0.00000     0.00000
     0.00000     0.00000     0.00000     0.00000     0.00000     0.00000     0.00000     0.00000     0.00000     0.00000     0.00000     0.00000     0.00000     0.00000     0.00000     0.00000     0.00000     0.00000     0.00000     0.00000     0.00000     0.00000     0.00000     0.00000     0.00000     0.00000     0.00000     0.00000     0.00000     0.00000     0.00000     0.00000     0.00000     0.00000     0.00000     0.00000     0.00000     0.00000     0.00000     0.00000     0.00000     0.00000     0.00000     0.00000     0.00000     0.00000     0.00000     0.00000     0.00000     0.00000     0.00000     0.00000     0.00000     0.00000     0.00000     0.00000     0.00000     0.00000     0.00000     0.00000     0.00000     0.00000     0.00000     0.00000     0.00000     0.00000     0.00000     0.00000     0.00000     0.00000     0.00000     0.00000     0.00000     0.00000     0.00000     0.00000     0.00000     0.00000     0.00000     0.00000     0.00000     0.00000     0.00000     0.00000     0.00000     0.00000     0.00000     0.00000     0.00000     0.00000     0.00000     0.00000     0.00000     0.00000     0.00000     0.00000     0.00000     0.00000     0.00000     0.00000     0.00000     0.00000     0.00000     0.00000     0.00000     0.00000   -62.30683   -62.29976   -62.29269   -62.28561   -62.27854   -62.27147   -62.26440   -62.25733   -62.25026   -62.24319   -62.23612   -62.22905   -62.22197   -62.21490   -62.20783   -62.20076   -62.19369     0.00000     0.00000     0.00000     0.00000     0.00000     0.00000     0.00000     0.00000     0.00000     0.00000     0.00000     0.00000     0.00000     0.00000     0.00000     0.00000     0.00000     0.00000     0.00000     0.00000     0.00000     0.00000     0.00000     0.00000     0.00000     0.00000     0.00000     0.00000     0.00000     0.00000     0.00000     0.00000     0.00000     0.00000     0.00000     0.00000     0.00000     0.00000     0.00000     0.00000     0.00000     0.00000     0.00000     0.00000     0.00000     0.00000     0.00000     0.00000     0.00000     0.00000     0.00000     0.00000     0.00000     0.00000     0.00000     0.00000     0.00000     0.00000     0.00000     0.00000     0.00000     0.00000     0.00000     0.00000     0.00000     0.00000     0.00000     0.00000     0.00000     0.00000     0.00000     0.00000     0.00000     0.00000     0.00000     0.00000     0.00000     0.00000     0.00000     0.00000     0.00000     0.00000     0.00000     0.00000     0.00000     0.00000     0.00000     0.00000     0.00000     0.00000     0.00000     0.00000     0.00000     0.00000     0.00000     0.00000     0.00000     0.00000     0.00000     0.00000     0.00000     0.00000     0.00000     0.00000     0.00000     0.00000
     0.00000     0.00000     0.00000     0.00000     0.00000     0.00000     0.00000     0.00000     0.00000     0.00000     0.00000     0.00000     0.00000     0.00000     0.00000     0.00000     0.00000     0.00000     0.00000     0.00000     0.00000     0.00000     0.00000     0.00000     0.00000     0.00000     0.00000     0.00000     0.00000     0.00000     0.00000     0.00000     0.00000     0.00000     0.00000     0.00000     0.00000     0.00000     0.00000     0.00000     0.00000     0.00000     0.00000     0.00000     0.00000     0.00000     0.00000     0.00000     0.00000     0.00000     0.00000     0.00000     0.00000     0.00000     0.00000     0.00000     0.00000     0.00000     0.00000     0.00000     0.00000     0.00000     0.00000     0.00000     0.00000     0.00000     0.00000     0.00000     0.00000     0.00000     0.00000     0.00000     0.00000     0.00000     0.00000     0.00000     0.00000     0.00000     0.00000     0.00000     0.00000     0.00000     0.00000     0.00000     0.00000     0.00000     0.00000     0.00000     0.00000     0.00000     0.00000     0.00000     0.00000     0.00000     0.00000     0.00000     0.00000     0.00000     0.00000     0.00000     0.00000     0.00000     0.00000     0.00000     0.00000   -62.30683   -62.29976   -62.29269   -62.28561   -62.27854   -62.27147   -62.26440   -62.25733   -62.25026   -62.24319   -62.23612   -62.22905   -62.22197   -62.21490   -62.20783   -62.20076   -62.19369   -62.18662   -62.17955     0.00000     0.00000     0.00000     0.00000     0.00000     0.00000     0.00000     0.00000     0.00000     0.00000     0.00000     0.00000     0.00000     0.00000     0.00000     0.00000     0.00000     0.00000     0.00000     0.00000     0.00000     0.00000     0.00000     0.00000     0.00000     0.00000     0.00000     0.00000     0.00000     0.00000     0.00000     0.00000     0.00000     0.00000     0.00000     0.00000     0.00000     0.00000     0.00000     0.00000     0.00000     0.00000     0.00000     0.00000     0.00000     0.00000     0.00000     0.00000     0.00000     0.00000     0.00000     0.00000     0.00000     0.00000     0.00000     0.00000     0.00000     0.00000     0.00000     0.00000     0.00000     0.00000     0.00000     0.00000     0.00000     0.00000     0.00000     0.00000     0.00000     0.00000     0.00000     0.00000     0.00000     0.00000     0.00000     0.00000     0.00000     0.00000     0.00000     0.00000     0.00000     0.00000     0.00000     0.00000     0.00000     0.00000     0.00000     0.00000     0.00000     0.00000     0.00000     0.00000     0.00000     0.00000     0.00000     0.00000     0.00000     0.00000     0.00000     0.00000     0.00000     0.00000     0.00000     0.00000     0.00000
     0.00000     0.00000     0.00000     0.00000     0.00000     0.00000     0.00000     0.00000     0.00000     0.00000     0.00000     0.00000     0.00000     0.00000     0.00000     0.00000     0.00000     0.00000     0.00000     0.00000     0.00000     0.00000     0.00000     0.00000     0.00000     0.00000     0.00000     0.00000     0.00000     0.00000     0.00000     0.00000     0.00000     0.00000     0.00000     0.00000     0.00000     0.00000     0.00000     0.00000     0.00000     0.00000     0.00000     0.00000     0.00000     0.00000     0.00000     0.00000     0.00000     0.00000     0.00000     0.00000     0.00000     0.00000     0.00000     0.00000     0.00000     0.00000     0.00000     0.00000     0.00000     0.00000     0.00000     0.00000     0.00000     0.00000     0.00000     0.00000     0.00000     0.00000     0.00000     0.00000     0.00000     0.00000     0.00000     0.00000     0.00000     0.00000     0.00000     0.00000     0.00000     0.00000     0.00000     0.00000     0.00000     0.00000     0.00000     0.00000     0.00000     0.00000     0.00000     0.00000     0.00000     0.00000     0.00000     0.00000     0.00000     0.00000     0.00000     0.00000     0.00000     0.00000     0.00000     0.00000   -62.30683   -62.29976   -62.29269   -62.28561   -62.27854   -62.27147   -62.26440   -62.25733   -62.25026   -62.24319   -62.23612   -62.22905   -62.22197   -62.21490   -62.20783   -62.20076   -62.19369   -62.18662   -62.17955   -62.17248   -62.16541     0.00000     0.00000     0.00000     0.00000     0.00000     0.00000     0.00000     0.00000     0.00000     0.00000     0.00000     0.00000     0.00000     0.00000     0.00000     0.00000     0.00000     0.00000     0.00000     0.00000     0.00000     0.00000     0.00000     0.00000     0.00000     0.00000     0.00000     0.00000     0.00000     0.00000     0.00000     0.00000     0.00000     0.00000     0.00000     0.00000     0.00000     0.00000     0.00000     0.00000     0.00000     0.00000     0.00000     0.00000     0.00000     0.00000     0.00000     0.00000     0.00000     0.00000     0.00000     0.00000     0.00000     0.00000     0.00000     0.00000     0.00000     0.00000     0.00000     0.00000     0.00000     0.00000     0.00000     0.00000     0.00000     0.00000     0.00000     0.00000     0.00000     0.00000     0.00000     0.00000     0.00000     0.00000     0.00000     0.00000     0.00000     0.00000     0.00000     0.00000     0.00000     0.00000     0.00000     0.00000     0.00000     0.00000     0.00000     0.00000     0.00000     0.00000     0.00000     0.00000     0.00000     0.00000     0.00000     0.00000     0.00000     0.00000     0.00000     0.00000     0.00000     0.00000     0.00000     0.00000
     0.00000     0.00000     0.00000     0.00000     0.00000     0.00000     0.00000     0.00000     0.00000     0.00000     0.00000     0.00000     0.00000     0.00000     0.00000     0.00000     0.00000     0.00000     0.00000     0.00000     0.00000     0.00000     0.00000     0.00000     0.00000     0.00000     0.00000     0.00000     0.00000     0.00000     0.00000     0.00000     0.00000     0.00000     0.00000     0.00000     0.00000     0.00000     0.00000     0.00000     0.00000     0.00000     0.00000     0.00000     0.00000     0.00000     0.00000     0.00000     0.00000     0.00000     0.00000     0.00000     0.00000     0.00000     0.00000     0.00000     0.00000     0.00000     0.00000     0.00000     0.00000     0.00000     0.00000     0.00000     0.00000     0.00000     0.00000     0.00000     0.00000     0.00000     0.00000     0.00000     0.00000     0.00000     0.00000     0.00000     0.00000     0.00000     0.00000     0.00000     0.00000     0.00000     0.00000     0.00000     0.00000     0.00000     0.00000     0.00000     0.00000     0.00000     0.00000     0.00000     0.00000     0.00000     0.00000     0.00000     0.00000     0.00000     0.00000     0.00000     0.00000     0.00000     0.00000   -62.30683   -62.29976   -62.29269   -62.28561   -62.27854   -62.27147   -62.26440   -62.25733   -62.25026   -62.24319   -62.23612   -62.22905   -62.22197   -62.21490   -62.20783   -62.20076   -62.19369   -62.18662   -62.17955   -62.17248   -62.16541   -62.15834   -62.15126     0.00000     0.00000     0.00000     0.00000     0.00000     0.00000     0.00000     0.00000     0.00000     0.00000     0.00000     0.00000     0.00000     0.00000     0.00000     0.00000     0.00000     0.00000     0.00000     0.00000     0.00000     0.00000     0.00000     0.00000     0.00000     0.00000     0.00000     0.00000     0.00000     0.00000     0.00000     0.00000     0.00000     0.00000     0.00000     0.00000     0.00000     0.00000     0.00000     0.00000     0.00000     0.00000     0.00000     0.00000     0.00000     0.00000     0.00000     0.00000     0.00000     0.00000     0.00000     0.00000     0.00000     0.00000     0.00000     0.00000     0.00000     0.00000     0.00000     0.00000     0.00000     0.00000     0.00000     0.00000     0.00000     0.00000     0.00000     0.00000     0.00000     0.00000     0.00000     0.00000     0.00000     0.00000     0.00000     0.00000     0.00000     0.00000     0.00000     0.00000     0.00000     0.00000     0.00000     0.00000     0.00000     0.00000     0.00000     0.00000     0.00000     0.00000     0.00000     0.00000     0.00000     0.00000     0.00000     0.00000     0.00000     0.00000     0.00000     0.00000     0.00000     0.00000     0.00000
     0.00000     0.00000     0.00000     0.00000     0.00000     0.00000     0.00000     0.00000     0.00000     0.00000     0.00000     0.00000     0.00000     0.00000     0.00000     0.00000     0.00000     0.00000     0.00000     0.00000     0.00000     0.00000     0.00000     0.00000     0.00000     0.00000     0.00000     0.00000     0.00000     0.00000     0.00000     0.00000     0.00000     0.00000     0.00000     0.00000     0.00000     0.00000     0.00000     0.00000     0.00000     0.00000     0.00000     0.00000     0.00000     0.00000     0.00000     0.00000     0.00000     0.00000     0.00000     0.00000     0.00000     0.00000     0.00000     0.00000     0.00000     0.00000     0.00000     0.00000     0.00000     0.00000     0.00000     0.00000     0.00000     0.00000     0.00000     0.00000     0.00000     0.00000     0.00000     0.00000     0.00000     0.00000     0.00000     0.00000     0.00000     0.00000     0.00000     0.00000     0.00000     0.00000     0.00000     0.00000     0.00000     0.00000     0.00000     0.00000     0.00000     0.00000     0.00000     0.00000     0.00000     0.00000     0.00000     0.00000     0.00000     0.00000     0.00000     0.00000     0.00000     0.00000   -62.30683   -62.29976   -62.29269   -62.28561   -62.27854   -62.27147   -62.26440   -62.25733   -62.25026   -62.24319   -62.23612   -62.22905   -62.22197   -62.21490   -62.20783   -62.20076   -62.19369   -62.18662   -62.17955   -62.17248   -62.16541   -62.15834   -62.15126   -62.14419   -62.13712     0.00000     0.00000     0.00000     0.00000     0.00000     0.00000     0.00000     0.00000     0.00000     0.00000     0.00000     0.00000     0.00000     0.00000     0.00000     0.00000     0.00000     0.00000     0.00000     0.00000     0.00000     0.00000     0.00000     0.00000     0.00000     0.00000     0.00000     0.00000     0.00000     0.00000     0.00000     0.00000     0.00000     0.00000     0.00000     0.00000     0.00000     0.00000     0.00000     0.00000     0.00000     0.00000     0.00000     0.00000     0.00000     0.00000     0.00000     0.00000     0.00000     0.00000     0.00000     0.00000     0.00000     0.00000     0.00000     0.00000     0.00000     0.00000     0.00000     0.00000     0.00000     0.00000     0.00000     0.00000     0.00000     0.00000     0.00000     0.00000     0.00000     0.00000     0.00000     0.00000     0.00000     0.00000     0.00000     0.00000     0.00000     0.00000     0.00000     0.00000     0.00000     0.00000     0.00000     0.00000     0.00000     0.00000     0.00000     0.00000     0.00000     0.00000     0.00000     0.00000     0.00000     0.00000     0.00000     0.00000     0.00000     0.00000     0.00000     0.00000     0.00000     0.00000
     0.00000     0.00000     0.00000     0.00000     0.00000     0.00000     0.00000     0.00000     0.00000     0.00000     0.00000     0.00000     0.00000     0.00000     0.00000     0.00000     0.00000     0.00000     0.00000     0.00000     0.00000     0.00000     0.00000     0.00000     0.00000     0.00000     0.00000     0.00000     0.00000     0.00000     0.00000     0.00000     0.00000     0.00000     0.00000     0.00000     0.00000     0.00000     0.00000     0.00000     0.00000     0.00000     0.00000     0.00000     0.00000     0.00000     0.00000     0.00000     0.00000     0.00000     0.00000     0.00000     0.00000     0.00000     0.00000     0.00000     0.00000     0.00000     0.00000     0.00000     0.00000     0.00000     0.00000     0.00000     0.00000     0.00000     0.00000     0.00000     0.00000     0.00000     0.00000     0.00000     0.00000     0.00000     0.00000     0.00000     0.00000     0.00000     0.00000     0.00000     0.00000     0.00000     0.00000     0.00000     0.00000     0.00000     0.00000     0.00000     0.00000     0.00000     0.00000     0.00000     0.00000     0.00000     0.00000     0.00000     0.00000     0.00000     0.00000     0.00000     0.00000   -62.30683   -62.29976   -62.29269   -62.28561   -62.27854   -62.27147   -62.26440   -62.25733   -62.25026   -62.24319   -62.23612   -62.22905   -62.22197   -62.21490   -62.20783   -62.20076   -62.19369   -62.18662   -62.17955   -62.17248   -62.16541   -62.15834   -62.15126   -62.14419   -62.13712   -62.13005   -62.12298     0.00000     0.00000     0.00000     0.00000     0.00000     0.00000     0.00000     0.00000     0.00000     0.00000     0.00000     0.00000     0.00000     0.00000     0.00000     0.00000     0.00000     0.00000     0.00000     0.00000     0.00000     0.00000     0.00000     0.00000     0.00000     0.00000     0.00000     0.00000     0.00000     0.00000     0.00000     0.00000     0.00000     0.00000     0.00000     0.00000     0.00000     0.00000     0.00000     0.00000     0.00000     0.00000     0.00000     0.00000     0.00000     0.00000     0.00000     0.00000     0.00000     0.00000     0.00000     0.00000     0.00000     0.00000     0.00000     0.00000     0.00000     0.00000     0.00000     0.00000     0.00000     0.00000     0.00000     0.00000     0.00000     0.00000     0.00000     0.00000     0.00000     0.00000     0.00000     0.00000     0.00000     0.00000     0.00000     0.00000     0.00000     0.00000     0.00000     0.00000     0.00000     0.00000     0.00000     0.00000     0.00000     0.00000     0.00000     0.00000     0.00000     0.00000     0.00000     0.00000     0.00000     0.00000     0.00000     0.00000     0.00000     0.00000     0.00000     0.00000     0.00000
     0.00000     0.00000     0.00000     0.00000     0.00000     0.00000     0.00000     0.00000     0.00000     0.00000     0.00000     0.00000     0.00000     0.00000     0.00000     0.00000     0.00000     0.00000     0.00000     0.00000     0.00000     0.00000     0.00000     0.00000     0.00000     0.00000     0.00000     0.00000     0.00000     0.00000     0.00000     0.00000     0.00000     0.00000     0.00000     0.00000     0.00000     0.00000     0.00000     0.00000     0.00000     0.00000     0.00000     0.00000     0.00000     0.00000     0.00000     0.00000     0.00000     0.00000     0.00000     0.00000     0.00000     0.00000     0.00000     0.00000     0.00000     0.00000     0.00000     0.00000     0.00000     0.00000     0.00000     0.00000     0.00000     0.00000     0.00000     0.00000     0.00000     0.00000     0.00000     0.00000     0.00000     0.00000     0.00000     0.00000     0.00000     0.00000     0.00000     0.00000     0.00000     0.00000     0.00000     0.00000     0.00000     0.00000     0.00000     0.00000     0.00000     0.00000     0.00000     0.00000     0.00000     0.00000     0.00000     0.00000     0.00000     0.00000     0.00000     0.00000   -62.30683   -62.29976   -62.29269   -62.28561   -62.27854   -62.27147   -62.26440   -62.25733   -62.25026   -62.24319   -62.23612   -62.22905   -62.22197   -62.21490   -62.20783   -62.20076   -62.19369   -62.18662   -62.17955   -62.17248   -62.16541   -62.15834   -62.15126   -62.14419   -62.13712   -62.13005   -62.12298   -62.11591   -62.10884     0.00000     0.00000     0.00000     0.00000     0.00000     0.00000     0.00000     0.00000     0.00000     0.00000     0.00000     0.00000     0.00000     0.00000     0.00000     0.00000     0.00000     0.00000     0.00000     0.00000     0.00000     0.00000     0.00000     0.00000     0.00000     0.00000     0.00000     0.00000     0.00000     0.00000     0.00000     0.00000     0.00000     0.00000     0.00000     0.00000     0.00000     0.00000     0.00000     0.00000     0.00000     0.00000     0.00000     0.00000     0.00000     0.00000     0.00000     0.00000     0.00000     0.00000     0.00000     0.00000     0.00000     0.00000     0.00000     0.00000     0.00000     0.00000     0.00000     0.00000     0.00000     0.00000     0.00000     0.00000     0.00000     0.00000     0.00000     0.00000     0.00000     0.00000     0.00000     0.00000     0.00000     0.00000     0.00000     0.00000     0.00000     0.00000     0.00000     0.00000     0.00000     0.00000     0.00000     0.00000     0.00000     0.00000     0.00000     0.00000     0.00000     0.00000     0.00000     0.00000     0.00000     0.00000     0.00000     0.00000     0.00000     0.00000     0.00000     0.00000
     0.00000     0.00000     0.00000     0.00000     0.00000     0.00000     0.00000     0.00000     0.00000     0.00000     0.00000     0.00000     0.00000     0.00000     0.00000     0.00000     0.00000     0.00000     0.00000     0.00000     0.00000     0.00000     0.00000     0.00000     0.00000     0.00000     0.00000     0.00000     0.00000     0.00000     0.00000     0.00000     0.00000     0.00000     0.00000     0.00000     0.00000     0.00000     0.00000     0.00000     0.00000     0.00000     0.00000     0.00000     0.00000     0.00000     0.00000     0.00000     0.00000     0.00000     0.00000     0.00000     0.00000     0.00000     0.00000     0.00000     0.00000     0.00000     0.00000     0.00000     0.00000     0.00000     0.00000     0.00000     0.00000     0.00000     0.00000     0.00000     0.00000     0.00000     0.00000     0.00000     0.00000     0.00000     0.00000     0.00000     0.00000     0.00000     0.00000     0.00000     0.00000     0.00000     0.00000     0.00000     0.00000     0.00000     0.00000     0.00000     0.00000     0.00000     0.00000     0.00000     0.00000     0.00000     0.00000     0.00000     0.00000     0.00000     0.00000   -62.30683   -62.29976   -62.29269   -62.28561   -62.27854   -62.27147   -62.26440   -62.25733   -62.25026   -62.24319   -62.23612   -62.22905   -62.22197   -62.21490   -62.20783   -62.20076   -62.19369   -62.18662   -62.17955   -62.17248   -62.16541   -62.15834   -62.15126   -62.14419   -62.13712   -62.13005   -62.12298   -62.11591   -62.10884   -62.10176   -62.09470     0.00000     0.00000     0.00000     0.00000     0.00000     0.00000     0.00000     0.00000     0.00000     0.00000     0.00000     0.00000     0.00000     0.00000     0.00000     0.00000     0.00000     0.00000     0.00000     0.00000     0.00000     0.00000     0.00000     0.00000     0.00000     0.00000     0.00000     0.00000     0.00000     0.00000     0.00000     0.00000     0.00000     0.00000     0.00000     0.00000     0.00000     0.00000     0.00000     0.00000     0.00000     0.00000     0.00000     0.00000     0.00000     0.00000     0.00000     0.00000     0.00000     0.00000     0.00000     0.00000     0.00000     0.00000     0.00000     0.00000     0.00000     0.00000     0.00000     0.00000     0.00000     0.00000     0.00000     0.00000     0.00000     0.00000     0.00000     0.00000     0.00000     0.00000     0.00000     0.00000     0.00000     0.00000     0.00000     0.00000     0.00000     0.00000     0.00000     0.00000     0.00000     0.00000     0.00000     0.00000     0.00000     0.00000     0.00000     0.00000     0.00000     0.00000     0.00000     0.00000     0.00000     0.00000     0.00000     0.00000     0.00000     0.00000     0.00000
     0.00000     0.00000     0.00000     0.00000     0.00000     0.00000     0.00000     0.00000     0.00000     0.00000     0.00000     0.00000     0.00000     0.00000     0.00000     0.00000     0.00000     0.00000     0.00000     0.00000     0.00000     0.00000     0.00000     0.00000     0.00000     0.00000     0.00000     0.00000     0.00000     0.00000     0.00000     0.00000     0.00000     0.00000     0.00000     0.00000     0.00000     0.00000     0.00000     0.00000     0.00000     0.00000     0.00000     0.00000     0.00000     0.00000     0.00000     0.00000     0.00000     0.00000     0.00000     0.00000     0.00000     0.00000     0.00000     0.00000     0.00000     0.00000     0.00000     0.00000     0.00000     0.00000     0.00000     0.00000     0.00000     0.00000     0.00000     0.00000     0.00000     0.00000     0.00000     0.00000     0.00000     0.00000     0.00000     0.00000     0.00000     0.00000     0.00000     0.00000     0.00000     0.00000     0.00000     0.00000     0.00000     0.00000     0.00000     0.00000     0.00000     0.00000     0.00000     0.00000     0.00000     0.00000     0.00000     0.00000     0.00000     0.00000   -62.30683   -62.29976   -62.29269   -62.28561   -62.27854   -62.27147   -62.26440   -62.25733   -62.25026   -62.24319   -62.23612   -62.22905   -62.22197   -62.21490   -62.20783   -62.20076   -62.19369   -62.18662   -62.17955   -62.17248   -62.16541   -62.15834   -62.15126   -62.14419   -62.13712   -62.13005   -62.12298   -62.11591   -62.10884   -62.10176   -62.09470   -62.08762   -62.08055     0.00000     0.00000     0.00000     0.00000     0.00000     0.00000     0.00000     0.00000     0.00000     0.00000     0.00000     0.00000     0.00000     0.00000     0.00000     0.00000     0.00000     0.00000     0.00000     0.00000     0.00000     0.00000     0.00000     0.00000     0.00000     0.00000     0.00000     0.00000     0.00000     0.00000     0.00000     0.00000     0.00000     0.00000     0.00000     0.00000     0.00000     0.00000     0.00000     0.00000     0.00000     0.00000     0.00000     0.00000     0.00000     0.00000     0.00000     0.00000     0.00000     0.00000     0.00000     0.00000     0.00000     0.00000     0.00000     0.00000     0.00000     0.00000     0.00000     0.00000     0.00000     0.00000     0.00000     0.00000     0.00000     0.00000     0.00000     0.00000     0.00000     0.00000     0.00000     0.00000     0.00000     0.00000     0.00000     0.00000     0.00000     0.00000     0.00000     0.00000     0.00000     0.00000     0.00000     0.00000     0.00000     0.00000     0.00000     0.00000     0.00000     0.00000     0.00000     0.00000     0.00000     0.00000     0.00000     0.00000     0.00000     0.00000
     0.00000     0.00000     0.00000     0.00000     0.00000     0.00000     0.00000     0.00000     0.00000     0.00000     0.00000     0.00000     0.00000     0.00000     0.00000     0.00000     0.00000     0.00000     0.00000     0.00000     0.00000     0.00000     0.00000     0.00000     0.00000     0.00000     0.00000     0.00000     0.00000     0.00000     0.00000     0.00000     0.00000     0.00000     0.00000     0.00000     0.00000     0.00000     0.00000     0.00000     0.00000     0.00000     0.00000     0.00000     0.00000     0.00000     0.00000     0.00000     0.00000     0.00000     0.00000     0.00000     0.00000     0.00000     0.00000     0.00000     0.00000     0.00000     0.00000     0.00000     0.00000     0.00000     0.00000     0.00000     0.00000     0.00000     0.00000     0.00000     0.00000     0.00000     0.00000     0.00000     0.00000     0.00000     0.00000     0.00000     0.00000     0.00000     0.00000     0.00000     0.00000     0.00000     0.00000     0.00000     0.00000     0.00000     0.00000     0.00000     0.00000     0.00000     0.00000     0.00000     0.00000     0.00000     0.00000     0.00000     0.00000   -62.30683   -62.29976   -62.29269   -62.28561   -62.27854   -62.27147   -62.26440   -62.25733   -62.25026   -62.24319   -62.23612   -62.22905   -62.22197   -62.21490   -62.20783   -62.20076   -62.19369   -62.18662   -62.17955   -62.17248   -62.16541   -62.15834   -62.15126   -62.14419   -62.13712   -62.13005   -62.12298   -62.11591   -62.10884   -62.10176   -62.09470   -62.08762   -62.08055   -62.07348   -62.06641     0.00000     0.00000     0.00000     0.00000     0.00000     0.00000     0.00000     0.00000     0.00000     0.00000     0.00000     0.00000     0.00000     0.00000     0.00000     0.00000     0.00000     0.00000     0.00000     0.00000     0.00000     0.00000     0.00000     0.00000     0.00000     0.00000     0.00000     0.00000     0.00000     0.00000     0.00000     0.00000     0.00000     0.00000     0.00000     0.00000     0.00000     0.00000     0.00000     0.00000     0.00000     0.00000     0.00000     0.00000     0.00000     0.00000     0.00000     0.00000     0.00000     0.00000     0.00000     0.00000     0.00000     0.00000     0.00000     0.00000     0.00000     0.00000     0.00000     0.00000     0.00000     0.00000     0.00000     0.00000     0.00000     0.00000     0.00000     0.00000     0.00000     0.00000     0.00000     0.00000     0.00000     0.00000     0.00000     0.00000     0.00000     0.00000     0.00000     0.00000     0.00000     0.00000     0.00000     0.00000     0.00000     0.00000     0.00000     0.00000     0.00000     0.00000     0.00000     0.00000     0.00000     0.00000     0.00000     0.00000     0.00000
     0.00000     0.00000     0.00000     0.00000     0.00000     0.00000     0.00000     0.00000     0.00000     0.00000     0.00000     0.00000     0.00000     0.00000     0.00000     0.00000     0.00000     0.00000     0.00000     0.00000     0.00000     0.00000     0.00000     0.00000     0.00000     0.00000     0.00000     0.00000     0.00000     0.00000     0.00000     0.00000     0.00000     0.00000     0.00000     0.00000     0.00000     0.00000     0.00000     0.00000     0.00000     0.00000     0.00000     0.00000     0.00000     0.00000     0.00000     0.00000     0.00000     0.00000     0.00000     0.00000     0.00000     0.00000     0.00000     0.00000     0.00000     0.00000     0.00000     0.00000     0.00000     0.00000     0.00000     0.00000     0.00000     0.00000     0.00000     0.00000     0.00000     0.00000     0.00000     0.00000     0.00000     0.00000     0.00000     0.00000     0.00000     0.00000     0.00000     0.00000     0.00000     0.00000     0.00000     0.00000     0.00000     0.00000     0.00000     0.00000     0.00000     0.00000     0.00000     0.00000     0.00000     0.00000     0.00000     0.00000   -62.30683   -62.29976   -62.29269   -62.28561   -62.27854   -62.27147   -62.26440   -62.25733   -62.25026   -62.24319   -62.23612   -62.22905   -62.22197   -62.21490   -62.20783   -62.20076   -62.19369   -62.18662   -62.17955   -62.17248   -62.16541   -62.15834   -62.15126   -62.14419   -62.13712   -62.13005   -62.12298   -62.11591   -62.10884   -62.10176   -62.09470   -62.08762   -62.08055   -62.07348   -62.06641   -62.05934   -62.05227     0.00000     0.00000     0.00000     0.00000     0.00000     0.00000     0.00000     0.00000     0.00000     0.00000     0.00000     0.00000     0.00000     0.00000     0.00000     0.00000     0.00000     0.00000     0.00000     0.00000     0.00000     0.00000     0.00000     0.00000     0.00000     0.00000     0.00000     0.00000     0.00000     0.00000     0.00000     0.00000     0.00000     0.00000     0.00000     0.00000     0.00000     0.00000     0.00000     0.00000     0.00000     0.00000     0.00000     0.00000     0.00000     0.00000     0.00000     0.00000     0.00000     0.00000     0.00000     0.00000     0.00000     0.00000     0.00000     0.00000     0.00000     0.00000     0.00000     0.00000     0.00000     0.00000     0.00000     0.00000     0.00000     0.00000     0.00000     0.00000     0.00000     0.00000     0.00000     0.00000     0.00000     0.00000     0.00000     0.00000     0.00000     0.00000     0.00000     0.00000     0.00000     0.00000     0.00000     0.00000     0.00000     0.00000     0.00000     0.00000     0.00000     0.00000     0.00000     0.00000     0.00000     0.00000     0.00000     0.00000
     0.00000     0.00000     0.00000     0.00000     0.00000     0.00000     0.00000     0.00000     0.00000     0.00000     0.00000     0.00000     0.00000     0.00000     0.00000     0.00000     0.00000     0.00000     0.00000     0.00000     0.00000     0.00000     0.00000     0.00000     0.00000     0.00000     0.00000     0.00000     0.00000     0.00000     0.00000     0.00000     0.00000     0.00000     0.00000     0.00000     0.00000     0.00000     0.00000     0.00000     0.00000     0.00000     0.00000     0.00000     0.00000     0.00000     0.00000     0.00000     0.00000     0.00000     0.00000     0.00000     0.00000     0.00000     0.00000     0.00000     0.00000     0.00000     0.00000     0.00000     0.00000     0.00000     0.00000     0.00000     0.00000     0.00000     0.00000     0.00000     0.00000     0.00000     0.00000     0.00000     0.00000     0.00000     0.00000     0.00000     0.00000     0.00000     0.00000     0.00000     0.00000     0.00000     0.00000     0.00000     0.00000     0.00000     0.00000     0.00000     0.00000     0.00000     0.00000     0.00000     0.00000     0.00000     0.00000   -62.30683   -62.29976   -62.29269   -62.28561   -62.27854   -62.27147   -62.26440   -62.25733   -62.25026   -62.24319   -62.23612   -62.22905   -62.22197   -62.21490   -62.20783   -62.20076   -62.19369   -62.18662   -62.17955   -62.17248   -62.16541   -62.15834   -62.15126   -62.14419   -62.13712   -62.13005   -62.12298   -62.11591   -62.10884   -62.10176   -62.09470   -62.08762   -62.08055   -62.07348   -62.06641   -62.05934   -62.05227   -62.04520   -62.03813     0.00000     0.00000     0.00000     0.00000     0.00000     0.00000     0.00000     0.00000     0.00000     0.00000     0.00000     0.00000     0.00000     0.00000     0.00000     0.00000     0.00000     0.00000     0.00000     0.00000     0.00000     0.00000     0.00000     0.00000     0.00000     0.00000     0.00000     0.00000     0.00000     0.00000     0.00000     0.00000     0.00000     0.00000     0.00000     0.00000     0.00000     0.00000     0.00000     0.00000     0.00000     0.00000     0.00000     0.00000     0.00000     0.00000     0.00000     0.00000     0.00000     0.00000     0.00000     0.00000     0.00000     0.00000     0.00000     0.00000     0.00000     0.00000     0.00000     0.00000     0.00000     0.00000     0.00000     0.00000     0.00000     0.00000     0.00000     0.00000     0.00000     0.00000     0.00000     0.00000     0.00000     0.00000     0.00000     0.00000     0.00000     0.00000     0.00000     0.00000     0.00000     0.00000     0.00000     0.00000     0.00000     0.00000     0.00000     0.00000     0.00000     0.00000     0.00000     0.00000     0.00000     0.00000     0.00000
     0.00000     0.00000     0.00000     0.00000     0.00000     0.00000     0.00000     0.00000     0.00000     0.00000     0.00000     0.00000     0.00000     0.00000     0.00000     0.00000     0.00000     0.00000     0.00000     0.00000     0.00000     0.00000     0.00000     0.00000     0.00000     0.00000     0.00000     0.00000     0.00000     0.00000     0.00000     0.00000     0.00000     0.00000     0.00000     0.00000     0.00000     0.00000     0.00000     0.00000     0.00000     0.00000     0.00000     0.00000     0.00000     0.00000     0.00000     0.00000     0.00000     0.00000     0.00000     0.00000     0.00000     0.00000     0.00000     0.00000     0.00000     0.00000     0.00000     0.00000     0.00000     0.00000     0.00000     0.00000     0.00000     0.00000     0.00000     0.00000     0.00000     0.00000     0.00000     0.00000     0.00000     0.00000     0.00000     0.00000     0.00000     0.00000     0.00000     0.00000     0.00000     0.00000     0.00000     0.00000     0.00000     0.00000     0.00000     0.00000     0.00000     0.00000     0.00000     0.00000     0.00000     0.00000   -62.30683   -62.29976   -62.29269   -62.28561   -62.27854   -62.27147   -62.26440   -62.25733   -62.25026   -62.24319   -62.23612   -62.22905   -62.22197   -62.21490   -62.20783   -62.20076   -62.19369   -62.18662   -62.17955   -62.17248   -62.16541   -62.15834   -62.15126   -62.14419   -62.13712   -62.13005   -62.12298   -62.11591   -62.10884   -62.10176   -62.09470   -62.08762   -62.08055   -62.07348   -62.06641   -62.05934   -62.05227   -62.04520   -62.03813   -62.03106   -62.02398     0.00000     0.00000     0.00000     0.00000     0.00000     0.00000     0.00000     0.00000     0.00000     0.00000     0.00000     0.00000     0.00000     0.00000     0.00000     0.00000     0.00000     0.00000     0.00000     0.00000     0.00000     0.00000     0.00000     0.00000     0.00000     0.00000     0.00000     0.00000     0.00000     0.00000     0.00000     0.00000     0.00000     0.00000     0.00000     0.00000     0.00000     0.00000     0.00000     0.00000     0.00000     0.00000     0.00000     0.00000     0.00000     0.00000     0.00000     0.00000     0.00000     0.00000     0.00000     0.00000     0.00000     0.00000     0.00000     0.00000     0.00000     0.00000     0.00000     0.00000     0.00000     0.00000     0.00000     0.00000     0.00000     0.00000     0.00000     0.00000     0.00000     0.00000     0.00000     0.00000     0.00000     0.00000     0.00000     0.00000     0.00000     0.00000     0.00000     0.00000     0.00000     0.00000     0.00000     0.00000     0.00000     0.00000     0.00000     0.00000     0.00000     0.00000     0.00000     0.00000     0.00000     0.00000
     0.00000     0.00000     0.00000     0.00000     0.00000     0.00000     0.00000     0.00000     0.00000     0.00000     0.00000     0.00000     0.00000     0.00000     0.00000     0.00000     0.00000     0.00000     0.00000     0.00000     0.00000     0.00000     0.00000     0.00000     0.00000     0.00000     0.00000     0.00000     0.00000     0.00000     0.00000     0.00000     0.00000     0.00000     0.00000     0.00000     0.00000     0.00000     0.00000     0.00000     0.00000     0.00000     0.00000     0.00000     0.00000     0.00000     0.00000     0.00000     0.00000     0.00000     0.00000     0.00000     0.00000     0.00000     0.00000     0.00000     0.00000     0.00000     0.00000     0.00000     0.00000     0.00000     0.00000     0.00000     0.00000     0.00000     0.00000     0.00000     0.00000     0.00000     0.00000     0.00000     0.00000     0.00000     0.00000     0.00000     0.00000     0.00000     0.00000     0.00000     0.00000     0.00000     0.00000     0.00000     0.00000     0.00000     0.00000     0.00000     0.00000     0.00000     0.00000     0.00000     0.00000   -62.30683   -62.29976   -62.29269   -62.28561   -62.27854   -62.27147   -62.26440   -62.25733   -62.25026   -62.24319   -62.23612   -62.22905   -62.22197   -62.21490   -62.20783   -62.20076   -62.19369   -62.18662   -62.17955   -62.17248   -62.16541   -62.15834   -62.15126   -62.14419   -62.13712   -62.13005   -62.12298   -62.11591   -62.10884   -62.10176   -62.09470   -62.08762   -62.08055   -62.07348   -62.06641   -62.05934   -62.05227   -62.04520   -62.03813   -62.03106   -62.02398   -62.01691   -62.00984     0.00000     0.00000     0.00000     0.00000     0.00000     0.00000     0.00000     0.00000     0.00000     0.00000     0.00000     0.00000     0.00000     0.00000     0.00000     0.00000     0.00000     0.00000     0.00000     0.00000     0.00000     0.00000     0.00000     0.00000     0.00000     0.00000     0.00000     0.00000     0.00000     0.00000     0.00000     0.00000     0.00000     0.00000     0.00000     0.00000     0.00000     0.00000     0.00000     0.00000     0.00000     0.00000     0.00000     0.00000     0.00000     0.00000     0.00000     0.00000     0.00000     0.00000     0.00000     0.00000     0.00000     0.00000     0.00000     0.00000     0.00000     0.00000     0.00000     0.00000     0.00000     0.00000     0.00000     0.00000     0.00000     0.00000     0.00000     0.00000     0.00000     0.00000     0.00000     0.00000     0.00000     0.00000     0.00000     0.00000     0.00000     0.00000     0.00000     0.00000     0.00000     0.00000     0.00000     0.00000     0.00000     0.00000     0.00000     0.00000     0.00000     0.00000     0.00000     0.00000     0.00000
     0.00000     0.00000     0.00000     0.00000     0.00000     0.00000     0.00000     0.00000     0.00000     0.00000     0.00000     0.00000     0.00000     0.00000     0.00000     0.00000     0.00000     0.00000     0.00000     0.00000     0.00000     0.00000     0.00000     0.00000     0.00000     0.00000     0.00000     0.00000     0.00000     0.00000     0.00000     0.00000     0.00000     0.00000     0.00000     0.00000     0.00000     0.00000     0.00000     0.00000     0.00000     0.00000     0.00000     0.00000     0.00000     0.00000     0.00000     0.00000     0.00000     0.00000     0.00000     0.00000     0.00000     0.00000     0.00000     0.00000     0.00000     0.00000     0.00000     0.00000     0.00000     0.00000     0.00000     0.00000     0.00000     0.00000     0.00000     0.00000     0.00000     0.00000     0.00000     0.00000     0.00000     0.00000     0.00000     0.00000     0.00000     0.00000     0.00000     0.00000     0.00000     0.00000     0.00000     0.00000     0.00000     0.00000     0.00000     0.00000     0.00000     0.00000     0.00000     0.00000   -62.30683   -62.29976   -62.29269   -62.28561   -62.27854   -62.27147   -62.26440   -62.25733   -62.25026   -62.24319   -62.23612   -62.22905   -62.22197   -62.21490   -62.20783   -62.20076   -62.19369   -62.18662   -62.17955   -62.17248   -62.16541   -62.15834   -62.15126   -62.14419   -62.13712   -62.13005   -62.12298   -62.11591   -62.10884   -62.10176   -62.09470   -62.08762   -62.08055   -62.07348   -62.06641   -62.05934   -62.05227   -62.04520   -62.03813   -62.03106   -62.02398   -62.01691   -62.00984   -62.00277   541.91083     0.00000     0.00000     0.00000     0.00000     0.00000     0.00000     0.00000     0.00000     0.00000     0.00000     0.00000     0.00000     0.00000     0.00000     0.00000     0.00000     0.00000     0.00000     0.00000     0.00000     0.00000     0.00000     0.00000     0.00000     0.00000     0.00000     0.00000     0.00000     0.00000     0.00000     0.00000     0.00000     0.00000     0.00000     0.00000     0.00000     0.00000     0.00000     0.00000     0.00000     0.00000     0.00000     0.00000     0.00000     0.00000     0.00000     0.00000     0.00000     0.00000     0.00000     0.00000     0.00000     0.00000     0.00000     0.00000     0.00000     0.00000     0.00000     0.00000     0.00000     0.00000     0.00000     0.00000     0.00000     0.00000     0.00000     0.00000     0.00000     0.00000     0.00000     0.00000     0.00000     0.00000     0.00000     0.00000     0.00000     0.00000     0.00000     0.00000     0.00000     0.00000     0.00000     0.00000     0.00000     0.00000     0.00000     0.00000     0.00000     0.00000     0.00000     0.00000     0.00000
     0.00000     0.00000     0.00000     0.00000     0.00000     0.00000     0.00000     0.00000     0.00000     0.00000     0.00000     0.00000     0.00000     0.00000     0.00000     0.00000     0.00000     0.00000     0.00000     0.00000     0.00000     0.00000     0.00000     0.00000     0.00000     0.00000     0.00000     0.00000     0.00000     0.00000     0.00000     0.00000     0.00000     0.00000     0.00000     0.00000     0.00000     0.00000     0.00000     0.00000     0.00000     0.00000     0.00000     0.00000     0.00000     0.00000     0.00000     0.00000     0.00000     0.00000     0.00000     0.00000     0.00000     0.00000     0.00000     0.00000     0.00000     0.00000     0.00000     0.00000     0.00000     0.00000     0.00000     0.00000     0.00000     0.00000     0.00000     0.00000     0.00000     0.00000     0.00000     0.00000     0.00000     0.00000     0.00000     0.00000     0.00000     0.00000     0.00000     0.00000     0.00000     0.00000     0.00000     0.00000     0.00000     0.00000     0.00000     0.00000     0.00000     0.00000     0.00000   -62.30683   -62.29976   -62.29269   -62.28561   -62.27854   -62.27147   -62.26440   -62.25733   -62.25026   -62.24319   -62.23612   -62.22905   -62.22197   -62.21490   -62.20783   -62.20076   -62.19369   -62.18662   -62.17955   -62.17248   -62.16541   -62.15834   -62.15126   -62.14419   -62.13712   -62.13005   -62.12298   -62.11591   -62.10884   -62.10176   -62.09470   -62.08762   -62.08055   -62.07348   -62.06641   -62.05934   -62.05227   -62.04520   -62.03813   -62.03106   -62.02398   -62.01691   -62.00984   -62.00277   534.83978   539.78949   544.73926     0.00000     0.00000     0.00000     0.00000     0.00000     0.00000     0.00000     0.00000     0.00000     0.00000     0.00000     0.00000     0.00000     0.00000     0.00000     0.00000     0.00000     0.00000     0.00000     0.00000     0.00000     0.00000     0.00000     0.00000     0.00000     0.00000     0.00000     0.00000     0.00000     0.00000     0.00000     0.00000     0.00000     0.00000     0.00000     0.00000     0.00000     0.00000     0.00000     0.00000     0.00000     0.00000     0.00000     0.00000     0.00000     0.00000     0.00000     0.00000     0.00000     0.00000     0.00000     0.00000     0.00000     0.00000     0.00000     0.00000     0.00000     0.00000     0.00000     0.00000     0.00000     0.00000     0.00000     0.00000     0.00000     0.00000     0.00000     0.00000     0.00000     0.00000     0.00000     0.00000     0.00000     0.00000     0.00000     0.00000     0.00000     0.00000     0.00000     0.00000     0.00000     0.00000     0.00000     0.00000     0.00000     0.00000     0.00000     0.00000     0.00000     0.00000     0.00000
     0.00000     0.00000     0.00000     0.00000     0.00000     0.00000     0.00000     0.00000     0.00000     0.00000     0.00000     0.00000     0.00000     0.00000     0.00000     0.00000     0.00000     0.00000     0.00000     0.00000     0.00000     0.00000     0.00000     0.00000     0.00000     0.00000     0.00000     0.00000     0.00000     0.00000     0.00000     0.00000     0.00000     0.00000     0.00000     0.00000     0.00000     0.00000     0.00000     0.00000     0.00000     0.00000     0.00000     0.00000     0.00000     0.00000     0.00000     0.00000     0.00000     0.00000     0.00000     0.00000     0.00000     0.00000     0.00000     0.00000     0.00000     0.00000     0.00000     0.00000     0.00000     0.00000     0.00000     0.00000     0.00000     0.00000     0.00000     0.00000     0.00000     0.00000     0.00000     0.00000     0.00000     0.00000     0.00000     0.00000     0.00000     0.00000     0.00000     0.00000     0.00000     0.00000     0.00000     0.00000     0.00000     0.00000     0.00000     0.00000     0.00000     0.00000   -62.30683   -62.29976   -62.29269   -62.28561   -62.27854   -62.27147   -62.26440   -62.25733   -62.25026   -62.24319   -62.23612   -62.22905   -62.22197   -62.21490   -62.20783   -62.20076   -62.19369   -62.18662   -62.17955   -62.17248   -62.16541   -62.15834   -62.15126   -62.14419   -62.13712   -62.13005   -62.12298   -62.11591   -62.10884   -62.10176   -62.09470   -62.08762   -62.08055   -62.07348   -62.06641   -62.05934   -62.05227   -62.04520   -62.03813   -62.03106   -62.02398   -62.01691   -62.00984   -62.00277   527.76868   532.71838   537.66821   542.61792   547.56763     0.00000     0.00000     0.00000     0.00000     0.00000     0.00000     0.00000     0.00000     0.00000     0.00000     0.00000     0.00000     0.00000     0.00000     0.00000     0.00000     0.00000     0.00000     0.00000     0.00000     0.00000     0.00000     0.00000     0.00000     0.00000     0.00000     0.00000     0.00000     0.00000     0.00000     0.00000     0.00000     0.00000     0.00000     0.00000     0.00000     0.00000     0.00000     0.00000     0.00000     0.00000     0.00000     0.00000     0.00000     0.00000     0.00000     0.00000     0.00000     0.00000     0.00000     0.00000     0.00000     0.00000     0.00000     0.00000     0.00000     0.00000     0.00000     0.00000     0.00000     0.00000     0.00000     0.00000     0.00000     0.00000     0.00000     0.00000     0.00000     0.00000     0.00000     0.00000     0.00000     0.00000     0.00000     0.00000     0.00000     0.00000     0.00000     0.00000     0.00000     0.00000     0.00000     0.00000     0.00000     0.00000     0.00000     0.00000     0.00000     0.00000     0.00000
     0.00000     0.00000     0.00000     0.00000     0.00000     0.00000     0.00000     0.00000     0.00000     0.00000     0.00000     0.00000     0.00000     0.00000     0.00000     0.00000     0.00000     0.00000     0.00000     0.00000     0.00000     0.00000     0.00000     0.00000     0.00000     0.00000     0.00000     0.00000     0.00000     0.00000     0.00000     0.00000     0.00000     0.00000     0.00000     0.00000     0.00000     0.00000     0.00000     0.00000     0.00000     0.00000     0.00000     0.00000     0.00000     0.00000     0.00000     0.00000     0.00000     0.00000     0.00000     0.00000     0.00000     0.00000     0.00000     0.00000     0.00000     0.00000     0.00000     0.00000     0.00000     0.00000     0.00000     0.00000     0.00000     0.00000     0.00000     0.00000     0.00000     0.00000     0.00000     0.00000     0.00000     0.00000     0.00000     0.00000     0.00000     0.00000     0.00000     0.00000     0.00000     0.00000     0.00000     0.00000     0.00000     0.00000     0.00000     0.00000     0.00000   -62.30683   -62.29976   -62.29269   -62.28561   -62.27854   -62.27147   -62.26440   -62.25733   -62.25026   -62.24319   -62.23612   -62.22905   -62.22197   -62.21490   -62.20783   -62.20076   -62.19369   -62.18662   -62.17955   -62.17248   -62.16541   -62.15834   -62.15126   -62.14419   -62.13712   -62.13005   -62.12298   -62.11591   -62.10884   -62.10176   -62.09470   -62.08762   -62.08055   -62.07348   -62.06641   -62.05934   -62.05227   -62.04520   -62.03813   -62.03106   -62.02398   -62.01691   -62.00984   -62.00277   520.69763   525.64734   530.59705   535.54681   540.49658   545.44635   550.39612     0.00000     0.00000     0.00000     0.00000     0.00000     0.00000     0.00000     0.00000     0.00000     0.00000     0.00000     0.00000     0.00000     0.00000     0.00000     0.00000     0.00000     0.00000     0.00000     0.00000     0.00000     0.00000     0.00000     0.00000     0.00000     0.00000     0.00000     0.00000     0.00000     0.00000     0.00000     0.00000     0.00000     0.00000     0.00000     0.00000     0.00000     0.00000     0.00000     0.00000     0.00000     0.00000     0.00000     0.00000     0.00000     0.00000     0.00000     0.00000     0.00000     0.00000     0.00000     0.00000     0.00000     0.00000     0.00000     0.00000     0.00000     0.00000     0.00000     0.00000     0.00000     0.00000     0.00000     0.00000     0.00000     0.00000     0.00000     0.00000     0.00000     0.00000     0.00000     0.00000     0.00000     0.00000     0.00000     0.00000     0.00000     0.00000     0.00000     0.00000     0.00000     0.00000     0.00000     0.00000     0.00000     0.00000     0.00000     0.00000     0.00000
     0.00000     0.00000     0.00000     0.00000     0.00000     0.00000     0.00000     0.00000     0.00000     0.00000     0.00000     0.00000     0.00000     0.00000     0.00000     0.00000     0.00000     0.00000     0.00000     0.00000     0.00000     0.00000     0.00000     0.00000     0.00000     0.00000     0.00000     0.00000     0.00000     0.00000     0.00000     0.00000     0.00000     0.00000     0.00000     0.00000     0.00000     0.00000     0.00000     0.00000     0.00000     0.00000     0.00000     0.00000     0.00000     0.00000     0.00000     0.00000     0.00000     0.00000     0.00000     0.00000     0.00000     0.00000     0.00000     0.00000     0.00000     0.00000     0.00000     0.00000     0.00000     0.00000     0.00000     0.00000     0.00000     0.00000     0.00000     0.00000     0.00000     0.00000     0.00000     0.00000     0.00000     0.00000     0.00000     0.00000     0.00000     0.00000     0.00000     0.00000     0.00000     0.00000     0.00000     0.00000     0.00000     0.00000     0.00000     0.00000   -62.30683   -62.29976   -62.29269   -62.28561   -62.27854   -62.27147   -62.26440   -62.25733   -62.25026   -62.24319   -62.23612   -62.22905   -62.22197   -62.21490   -62.20783   -62.20076   -62.19369   -62.18662   -62.17955   -62.17248   -62.16541   -62.15834   -62.15126   -62.14419   -62.13712   -62.13005   -62.12298   -62.11591   -62.10884   -62.10176   -62.09470   -62.08762   -62.08055   -62.07348   -62.06641   -62.05934   -62.05227   -62.04520   -62.03813   -62.03106   -62.02398   -62.01691   -62.00984   -62.00277   513.62653   518.57629   523.52600   528.47577   533.42554   538.37524   543.32507   548.27478   553.22449     0.00000     0.00000     0.00000     0.00000     0.00000     0.00000     0.00000     0.00000     0.00000     0.00000     0.00000     0.00000     0.00000     0.00000     0.00000     0.00000     0.00000     0.00000     0.00000     0.00000     0.00000     0.00000     0.00000     0.00000     0.00000     0.00000     0.00000     0.00000     0.00000     0.00000     0.00000     0.00000     0.00000     0.00000     0.00000     0.00000     0.00000     0.00000     0.00000     0.00000     0.00000     0.00000     0.00000     0.00000     0.00000     0.00000     0.00000     0.00000     0.00000     0.00000     0.00000     0.00000     0.00000     0.00000     0.00000     0.00000     0.00000     0.00000     0.00000     0.00000     0.00000     0.00000     0.00000     0.00000     0.00000     0.00000     0.00000     0.00000     0.00000     0.00000     0.00000     0.00000     0.00000     0.00000     0.00000     0.00000     0.00000     0.00000     0.00000     0.00000     0.00000     0.00000     0.00000     0.00000     0.00000     0.00000     0.00000     0.00000
     0.00000     0.00000     0.00000     0.00000     0.00000     0.00000     0.00000     0.00000     0.00000     0.00000     0.00000     0.00000     0.00000     0.00000     0.00000     0.00000     0.00000     0.00000     0.00000     0.00000     0.00000     0.00000     0.00000     0.00000     0.00000     0.00000     0.00000     0.00000     0.00000     0.00000     0.00000     0.00000     0.00000     0.00000     0.00000     0.00000     0.00000     0.00000     0.00000     0.00000     0.00000     0.00000     0.00000     0.00000     0.00000     0.00000     0.00000     0.00000     0.00000     0.00000     0.00000     0.00000     0.00000     0.00000     0.00000     0.00000     0.00000     0.00000     0.00000     0.00000     0.00000     0.00000     0.00000     0.00000     0.00000     0.00000     0.00000     0.00000     0.00000     0.00000     0.00000     0.00000     0.00000     0.00000     0.00000     0.00000     0.00000     0.00000     0.00000     0.00000     0.00000     0.00000     0.00000     0.00000     0.00000     0.00000     0.00000   -62.30683   -62.29976   -62.29269   -62.28561   -62.27854   -62.27147   -62.26440   -62.25733   -62.25026   -62.24319   -62.23612   -62.22905   -62.22197   -62.21490   -62.20783   -62.20076   -62.19369   -62.18662   -62.17955   -62.17248   -62.16541   -62.15834   -62.15126   -62.14419   -62.13712   -62.13005   -62.12298   -62.11591   -62.10884   -62.10176   -62.09470   -62.08762   -62.08055   -62.07348   -62.06641   -62.05934   -62.05227   -62.04520   -62.03813   -62.03106   -62.02398   -62.01691   -62.00984   -62.00277   506.55548   511.50519   516.45496   521.40472   526.35449   531.30420   536.25391   541.20367   546.15344   551.10321   556.05298     0.00000     0.00000     0.00000     0.00000     0.00000     0.00000     0.00000     0.00000     0.00000     0.00000     0.00000     0.00000     0.00000     0.00000     0.00000     0.00000     0.00000     0.00000     0.00000     0.00000     0.00000     0.00000     0.00000     0.00000     0.00000     0.00000     0.00000     0.00000     0.00000     0.00000     0.00000     0.00000     0.00000     0.00000     0.00000     0.00000     0.00000     0.00000     0.00000     0.00000     0.00000     0.00000     0.00000     0.00000     0.00000     0.00000     0.00000     0.00000     0.00000     0.00000     0.00000     0.00000     0.00000     0.00000     0.00000     0.00000     0.00000     0.00000     0.00000     0.00000     0.00000     0.00000     0.00000     0.00000     0.00000     0.00000     0.00000     0.00000     0.00000     0.00000     0.00000     0.00000     0.00000     0.00000     0.00000     0.00000     0.00000     0.00000     0.00000     0.00000     0.00000     0.00000     0.00000     0.00000     0.00000     0.00000     0.00000
     0.00000     0.00000     0.00000     0.00000     0.00000     0.00000     0.00000     0.00000     0.00000     0.00000     0.00000     0.00000     0.00000     0.00000     0.00000     0.00000     0.00000     0.00000     0.00000     0.00000     0.00000     0.00000     0.00000     0.00000     0.00000     0.00000     0.00000     0.00000     0.00000     0.00000     0.00000     0.00000     0.00000     0.00000     0.00000     0.00000     0.00000     0.00000     0.00000     0.00000     0.00000     0.00000     0.00000     0.00000     0.00000     0.00000     0.00000     0.00000     0.00000     0.00000     0.00000     0.00000     0.00000     0.00000     0.00000     0.00000     0.00000     0.00000     0.00000     0.00000     0.00000     0.00000     0.00000     0.00000     0.00000     0.00000     0.00000     0.00000     0.00000     0.00000     0.00000     0.00000     0.00000     0.00000     0.00000     0.00000     0.00000     0.00000     0.00000     0.00000     0.00000     0.00000     0.00000     0.00000     0.00000     0.00000   -62.30683   -62.29976   -62.29269   -62.28561   -62.27854   -62.27147   -62.26440   -62.25733   -62.25026   -62.24319   -62.23612   -62.22905   -62.22197   -62.21490   -62.20783   -62.20076   -62.19369   -62.18662   -62.17955   -62.17248   -62.16541   -62.15834   -62.15126   -62.14419   -62.13712   -62.13005   -62.12298   -62.11591   -62.10884   -62.10176   -62.09470   -62.08762   -62.08055   -62.07348   -62.06641   -62.05934   -62.05227   -62.04520   -62.03813   -62.03106   -62.02398   -62.01691   -62.00984   -62.00277   499.48444   504.43414   509.38388   514.33362   519.28333   524.23315   529.18286   534.13263   539.08240   544.03210   548.98193   553.93164   558.88135     0.00000     0.00000     0.00000     0.00000     0.00000     0.00000     0.00000     0.00000     0.00000     0.00000     0.00000     0.00000     0.00000     0.00000     0.00000     0.00000     0.00000     0.00000     0.00000     0.00000     0.00000     0.00000     0.00000     0.00000     0.00000     0.00000     0.00000     0.00000     0.00000     0.00000     0.00000     0.00000     0.00000     0.00000     0.00000     0.00000     0.00000     0.00000     0.00000     0.00000     0.00000     0.00000     0.00000     0.00000     0.00000     0.00000     0.00000     0.00000     0.00000     0.00000     0.00000     0.00000     0.00000     0.00000     0.00000     0.00000     0.00000     0.00000     0.00000     0.00000     0.00000     0.00000     0.00000     0.00000     0.00000     0.00000     0.00000     0.00000     0.00000     0.00000     0.00000     0.00000     0.00000     0.00000     0.00000     0.00000     0.00000     0.00000     0.00000     0.00000     0.00000     0.00000     0.00000     0.00000     0.00000     0.00000
     0.00000     0.00000     0.00000     0.00000     0.00000     0.00000     0.00000     0.00000     0.00000     0.00000     0.00000     0.00000     0.00000     0.00000     0.00000     0.00000     0.00000     0.00000     0.00000     0.00000     0.00000     0.00000     0.00000     0.00000     0.00000     0.00000     0.00000     0.00000     0.00000     0.00000     0.00000     0.00000     0.00000     0.00000     0.00000     0.00000     0.00000     0.00000     0.00000     0.00000     0.00000     0.00000     0.00000     0.00000     0.00000     0.00000     0.00000     0.00000     0.00000     0.00000     0.00000     0.00000     0.00000     0.00000     0.00000     0.00000     0.00000     0.00000     0.00000     0.00000     0.00000     0.00000     0.00000     0.00000     0.00000     0.00000     0.00000     0.00000     0.00000     0.00000     0.00000     0.00000     0.00000     0.00000     0.00000     0.00000     0.00000     0.00000     0.00000     0.00000     0.00000     0.00000     0.00000     0.00000     0.00000   -62.30683   -62.29976   -62.29269   -62.28561   -62.27854   -62.27147   -62.26440   -62.25733   -62.25026   -62.24319   -62.23612   -62.22905   -62.22197   -62.21490   -62.20783   -62.20076   -62.19369   -62.18662   -62.17955   -62.17248   -62.16541   -62.15834   -62.15126   -62.14419   -62.13712   -62.13005   -62.12298   -62.11591   -62.10884   -62.10176   -62.09470   -62.08762   -62.08055   -62.07348   -62.06641   -62.05934   -62.05227   -62.04520   -62.03813   -62.03106   -62.02398   -62.01691   -62.00984   -62.00277   492.41333   497.36304   502.31284   507.26257   512.21228   517.16205   522.11182   527.06158   532.01135   536.96106   541.91077   546.86053   551.81030   556.76007   561.70984     0.00000     0.00000     0.00000     0.00000     0.00000     0.00000     0.00000     0.00000     0.00000     0.00000     0.00000     0.00000     0.00000     0.00000     0.00000     0.00000     0.00000     0.00000     0.00000     0.00000     0.00000     0.00000     0.00000     0.00000     0.00000     0.00000     0.00000     0.00000     0.00000     0.00000     0.00000     0.00000     0.00000     0.00000     0.00000     0.00000     0.00000     0.00000     0.00000     0.00000     0.00000     0.00000     0.00000     0.00000     0.00000     0.00000     0.00000     0.00000     0.00000     0.00000     0.00000     0.00000     0.00000     0.00000     0.00000     0.00000     0.00000     0.00000     0.00000     0.00000     0.00000     0.00000     0.00000     0.00000     0.00000     0.00000     0.00000     0.00000     0.00000     0.00000     0.00000     0.00000     0.00000     0.00000     0.00000     0.00000     0.00000     0.00000     0.00000     0.00000     0.00000     0.00000     0.00000     0.00000     0.00000
     0.00000     0.00000     0.00000     0.00000     0.00000     0.00000     0.00000     0.00000     0.00000     0.00000     0.00000     0.00000     0.00000     0.00000     0.00000     0.00000     0.00000     0.00000     0.00000     0.00000     0.00000     0.00000     0.00000     0.00000     0.00000     0.00000     0.00000     0.00000     0.00000     0.00000     0.00000     0.00000     0.00000     0.00000     0.00000     0.00000     0.00000     0.00000     0.00000     0.00000     0.00000     0.00000     0.00000     0.00000     0.00000     0.00000     0.00000     0.00000     0.00000     0.00000     0.00000     0.00000     0.00000     0.00000     0.00000     0.00000     0.00000     0.00000     0.00000     0.00000     0.00000     0.00000     0.00000     0.00000     0.00000     0.00000     0.00000     0.00000     0.00000     0.00000     0.00000     0.00000     0.00000     0.00000     0.00000     0.00000     0.00000     0.00000     0.00000     0.00000     0.00000     0.00000     0.00000     0.00000   -62.30683   -62.29976   -62.29269   -62.28561   -62.27854   -62.27147   -62.26440   -62.25733   -62.25026   -62.24319   -62.23612   -62.22905   -62.22197   -62.21490   -62.20783   -62.20076   -62.19369   -62.18662   -62.17955   -62.17248   -62.16541   -62.15834   -62.15126   -62.14419   -62.13712   -62.13005   -62.12298   -62.11591   -62.10884   -62.10176   -62.09470   -62.08762   -62.08055   -62.07348   -62.06641   -62.05934   -62.05227   -62.04520   -62.03813   -62.03106   -62.02398   -62.01691   -62.00984   -62.00277   485.34229   490.29199   495.24173   500.19147   505.14127   510.09100   515.04077   519.99048   524.94019   529.89001   534.83972   539.78949   544.73926   549.68896   554.63879   559.58850   564.53821     0.00000     0.00000     0.00000     0.00000     0.00000     0.00000     0.00000     0.00000     0.00000     0.00000     0.00000     0.00000     0.00000     0.00000     0.00000     0.00000     0.00000     0.00000     0.00000     0.00000     0.00000     0.00000     0.00000     0.00000     0.00000     0.00000     0.00000     0.00000     0.00000     0.00000     0.00000     0.00000     0.00000     0.00000     0.00000     0.00000     0.00000     0.00000     0.00000     0.00000     0.00000     0.00000     0.00000     0.00000     0.00000     0.00000     0.00000     0.00000     0.00000     0.00000     0.00000     0.00000     0.00000     0.00000     0.00000     0.00000     0.00000     0.00000     0.00000     0.00000     0.00000     0.00000     0.00000     0.00000     0.00000     0.00000     0.00000     0.00000     0.00000     0.00000     0.00000     0.00000     0.00000     0.00000     0.00000     0.00000     0.00000     0.00000     0.00000     0.00000     0.00000     0.00000     0.00000     0.00000
     0.00000     0.00000     0.00000     0.00000     0.00000     0.00000     0.00000     0.00000     0.00000     0.00000     0.00000     0.00000     0.00000     0.00000     0.00000     0.00000     0.00000     0.00000     0.00000     0.00000     0.00000     0.00000     0.00000     0.00000     0.00000     0.00000     0.00000     0.00000     0.00000     0.00000     0.00000     0.00000     0.00000     0.00000     0.00000     0.00000     0.00000     0.00000     0.00000     0.00000     0.00000     0.00000     0.00000     0.00000     0.00000     0.00000     0.00000     0.00000     0.00000     0.00000     0.00000     0.00000     0.00000     0.00000     0.00000     0.00000     0.00000     0.00000     0.00000     0.00000     0.00000     0.00000     0.00000     0.00000     0.00000     0.00000     0.00000     0.00000     0.00000     0.00000     0.00000     0.00000     0.00000     0.00000     0.00000     0.00000     0.00000     0.00000     0.00000     0.00000     0.00000     0.00000     0.00000   -62.30683   -62.29976   -62.29269   -62.28561   -62.27854   -62.27147   -62.26440   -62.25733   -62.25026   -62.24319   -62.23612   -62.22905   -62.22197   -62.21490   -62.20783   -62.20076   -62.19369   -62.18662   -62.17955   -62.17248   -62.16541   -62.15834   -62.15126   -62.14419   -62.13712   -62.13005   -62.12298   -62.11591   -62.10884   -62.10176   -62.09470   -62.08762   -62.08055   -62.07348   -62.06641   -62.05934   -62.05227   -62.04520   -62.03813   -62.03106   -62.02398   -62.01691   -62.00984   -62.00277   478.27124   483.22095   488.17068   493.12042   498.07016   503.01990   507.96970   512.91943   517.86914   522.81891   527.76868   532.71844   537.66821   542.61792   547.56763   552.51740   557.46716   562.41693   567.36664     0.00000     0.00000     0.00000     0.00000     0.00000     0.00000     0.00000     0.00000     0.00000     0.00000     0.00000     0.00000     0.00000     0.00000     0.00000     0.00000     0.00000     0.00000     0.00000     0.00000     0.00000     0.00000     0.00000     0.00000     0.00000     0.00000     0.00000     0.00000     0.00000     0.00000     0.00000     0.00000     0.00000     0.00000     0.00000     0.00000     0.00000     0.00000     0.00000     0.00000     0.00000     0.00000     0.00000     0.00000     0.00000     0.00000     0.00000     0.00000     0.00000     0.00000     0.00000     0.00000     0.00000     0.00000     0.00000     0.00000     0.00000     0.00000     0.00000     0.00000     0.00000     0.00000     0.00000     0.00000     0.00000     0.00000     0.00000     0.00000     0.00000     0.00000     0.00000     0.00000     0.00000     0.00000     0.00000     0.00000     0.00000     0.00000     0.00000     0.00000     0.00000     0.00000     0.00000
     0.00000     0.00000     0.00000     0.00000     0.00000     0.00000     0.00000     0.00000     0.00000     0.00000     0.00000     0.00000     0.00000     0.00000     0.00000     0.00000     0.00000     0.00000     0.00000     0.00000     0.00000     0.00000     0.00000     0.00000     0.00000     0.00000     0.00000     0.00000     0.00000     0.00000     0.00000     0.00000     0.00000     0.00000     0.00000     0.00000     0.00000     0.00000     0.00000     0.00000     0.00000     0.00000     0.00000     0.00000     0.00000     0.00000     0.00000     0.00000     0.00000     0.00000     0.00000     0.00000     0.00000     0.00000     0.00000     0.00000     0.00000     0.00000     0.00000     0.00000     0.00000     0.00000     0.00000     0.00000     0.00000     0.00000     0.00000     0.00000     0.00000     0.00000     0.00000     0.00000     0.00000     0.00000     0.00000     0.00000     0.00000     0.00000     0.00000     0.00000     0.00000     0.00000   -62.30683   -62.29976   -62.29269   -62.28561   -62.27854   -62.27147   -62.26440   -62.25733   -62.25026   -62.24319   -62.23612   -62.22905   -62.22197   -62.21490   -62.20783   -62.20076   -62.19369   -62.18662   -62.17955   -62.17248   -62.16541   -62.15834   -62.15126   -62.14419   -62.13712   -62.13005   -62.12298   -62.11591   -62.10884   -62.10176   -62.09470   -62.08762   -62.08055   -62.07348   -62.06641   -62.05934   -62.05227   -62.04520   -62.03813   -62.03106   -62.02398   -62.01691   -62.00984   -62.00277   471.20013   476.14984   481.09964   486.04938   490.99911   495.94885   500.89859   505.84833   510.79813   515.74786   520.69763   525.64734   530.59705   535.54688   540.49658   545.44635   550.39606   555.34583   560.29559   565.24536   570.19507     0.00000     0.00000     0.00000     0.00000     0.00000     0.00000     0.00000     0.00000     0.00000     0.00000     0.00000     0.00000     0.00000     0.00000     0.00000     0.00000     0.00000     0.00000     0.00000     0.00000     0.00000     0.00000     0.00000     0.00000     0.00000     0.00000     0.00000     0.00000     0.00000     0.00000     0.00000     0.00000     0.00000     0.00000     0.00000     0.00000     0.00000     0.00000     0.00000     0.00000     0.00000     0.00000     0.00000     0.00000     0.00000     0.00000     0.00000     0.00000     0.00000     0.00000     0.00000     0.00000     0.00000     0.00000     0.00000     0.00000     0.00000     0.00000     0.00000     0.00000     0.00000     0.00000     0.00000     0.00000     0.00000     0.00000     0.00000     0.00000     0.00000     0.00000     0.00000     0.00000     0.00000     0.00000     0.00000     0.00000     0.00000     0.00000     0.00000     0.00000     0.00000     0.00000
     0.00000     0.00000     0.00000     0.00000     0.00000     0.00000     0.00000     0.00000     0.00000     0.00000     0.00000     0.00000     0.00000     0.00000     0.00000     0.00000     0.00000     0.00000     0.00000     0.00000     0.00000     0.00000     0.00000     0.00000     0.00000     0.00000     0.00000     0.00000     0.00000     0.00000     0.00000     0.00000     0.00000     0.00000     0.00000     0.00000     0.00000     0.00000     0.00000     0.00000     0.00000     0.00000     0.00000     0.00000     0.00000     0.00000     0.00000     0.00000     0.00000     0.00000     0.00000     0.00000     0.00000     0.00000     0.00000     0.00000     0.00000     0.00000     0.00000     0.00000     0.00000     0.00000     0.00000     0.00000     0.00000     0.00000     0.00000     0.00000     0.00000     0.00000     0.00000     0.00000     0.00000     0.00000     0.00000     0.00000     0.00000     0.00000     0.00000     0.00000     0.00000   -62.30683   -62.29976   -62.29269   -62.28561   -62.27854   -62.27147   -62.26440   -62.25733   -62.25026   -62.24319   -62.23612   -62.22905   -62.22197   -62.21490   -62.20783   -62.20076   -62.19369   -62.18662   -62.17955   -62.17248   -62.16541   -62.15834   -62.15126   -62.14419   -62.13712   -62.13005   -62.12298   -62.11591   -62.10884   -62.10176   -62.09470   -62.08762   -62.08055   -62.07348   -62.06641   -62.05934   -62.05227   -62.04520   -62.03813   -62.03106   -62.02398   -62.01691   -62.00984   -62.00277   464.12909   469.07880   474.02853   478.97827   483.92807   488.87781   493.82755   498.77728   503.72702   508.67676   513.62659   518.57629   523.52600   528.47577   533.42554   538.37531   543.32501   548.27478   553.22449   558.17426   563.12402   568.07373   573.02350     0.00000     0.00000     0.00000     0.00000     0.00000     0.00000     0.00000     0.00000     0.00000     0.00000     0.00000     0.00000     0.00000     0.00000     0.00000     0.00000     0.00000     0.00000     0.00000     0.00000     0.00000     0.00000     0.00000     0.00000     0.00000     0.00000     0.00000     0.00000     0.00000     0.00000     0.00000     0.00000     0.00000     0.00000     0.00000     0.00000     0.00000     0.00000     0.00000     0.00000     0.00000     0.00000     0.00000     0.00000     0.00000     0.00000     0.00000     0.00000     0.00000     0.00000     0.00000     0.00000     0.00000     0.00000     0.00000     0.00000     0.00000     0.00000     0.00000     0.00000     0.00000     0.00000     0.00000     0.00000     0.00000     0.00000     0.00000     0.00000     0.00000     0.00000     0.00000     0.00000     0.00000     0.00000     0.00000     0.00000     0.00000     0.00000     0.00000     0.00000     0.00000
     0.00000     0.00000     0.00000     0.00000     0.00000     0.00000     0.00000     0.00000     0.00000     0.00000     0.00000     0.00000     0.00000     0.00000     0.00000     0.00000     0.00000     0.00000     0.00000     0.00000     0.00000     0.00000     0.00000     0.00000     0.00000     0.00000     0.00000     0.00000     0.00000     0.00000     0.00000     0.00000     0.00000     0.00000     0.00000     0.00000     0.00000     0.00000     0.00000     0.00000     0.00000     0.00000     0.00000     0.00000     0.00000     0.00000     0.00000     0.00000     0.00000     0.00000     0.00000     0.00000     0.00000     0.00000     0.00000     0.00000     0.00000     0.00000     0.00000     0.00000     0.00000     0.00000     0.00000     0.00000     0.00000     0.00000     0.00000     0.00000     0.00000     0.00000     0.00000     0.00000     0.00000     0.00000     0.00000     0.00000     0.00000     0.00000     0.00000     0.00000   -62.30683   -62.29976   -62.29269   -62.28561   -62.27854   -62.27147   -62.26440   -62.25733   -62.25026   -62.24319   -62.23612   -62.22905   -62.22197   -62.21490   -62.20783   -62.20076   -62.19369   -62.18662   -62.17955   -62.17248   -62.16541   -62.15834   -62.15126   -62.14419   -62.13712   -62.13005   -62.12298   -62.11591   -62.10884   -62.10176   -62.09470   -62.08762   -62.08055   -62.07348   -62.06641   -62.05934   -62.05227   -62.04520   -62.03813   -62.03106   -62.02398   -62.01691   -62.00984   -62.00277   457.05798   462.00775   466.95749   471.90723   476.85696   481.80670   486.75650   491.70624   496.65598   501.60571   506.55545   511.50519   516.45496   521.40472   526.35449   531.30420   536.25391   541.20374   546.15344   551.10321   556.05292   561.00269   565.95245   570.90222   575.85193     0.00000     0.00000     0.00000     0.00000     0.00000     0.00000     0.00000     0.00000     0.00000     0.00000     0.00000     0.00000     0.00000     0.00000     0.00000     0.00000     0.00000     0.00000     0.00000     0.00000     0.00000     0.00000     0.00000     0.00000     0.00000     0.00000     0.00000     0.00000     0.00000     0.00000     0.00000     0.00000     0.00000     0.00000     0.00000     0.00000     0.00000     0.00000     0.00000     0.00000     0.00000     0.00000     0.00000     0.00000     0.00000     0.00000     0.00000     0.00000     0.00000     0.00000     0.00000     0.00000     0.00000     0.00000     0.00000     0.00000     0.00000     0.00000     0.00000     0.00000     0.00000     0.00000     0.00000     0.00000     0.00000     0.00000     0.00000     0.00000     0.00000     0.00000     0.00000     0.00000     0.00000     0.00000     0.00000     0.00000     0.00000     0.00000     0.00000     0.00000
     0.00000     0.00000     0.00000     0.00000     0.00000     0.00000     0.00000     0.00000     0.00000     0.00000     0.00000     0.00000     0.00000     0.00000     0.00000     0.00000     0.00000     0.00000     0.00000     0.00000     0.00000     0.00000     0.00000     0.00000     0.00000     0.00000     0.00000     0.00000     0.00000     0.00000     0.00000     0.00000     0.00000     0.00000     0.00000     0.00000     0.00000     0.00000     0.00000     0.00000     0.00000     0.00000     0.00000     0.00000     0.00000     0.00000     0.00000     0.00000     0.00000     0.00000     0.00000     0.00000     0.00000     0.00000     0.00000     0.00000     0.00000     0.00000     0.00000     0.00000     0.00000     0.00000     0.00000     0.00000     0.00000     0.00000     0.00000     0.00000     0.00000     0.00000     0.00000     0.00000     0.00000     0.00000     0.00000     0.00000     0.00000     0.00000     0.00000   -62.30683   -62.29976   -62.29269   -62.28561   -62.27854   -62.27147   -62.26440   -62.25733   -62.25026   -62.24319   -62.23612   -62.22905   -62.22197   -62.21490   -62.20783   -62.20076   -62.19369   -62.18662   -62.17955   -62.17248   -62.16541   -62.15834   -62.15126   -62.14419   -62.13712   -62.13005   -62.12298   -62.11591   -62.10884   -62.10176   -62.09470   -62.08762   -62.08055   -62.07348   -62.06641   -62.05934   -62.05227   -62.04520   -62.03813   -62.03106   -62.02398   -62.01691   -62.00984   -62.00277   449.98694   454.93665   459.88638   464.83618   469.78592   474.73566   479.68539   484.63513   489.58493   494.53467   499.48441   504.43414   509.38388   514.33362   519.28345   524.23315   529.18286   534.13263   539.08234   544.03217   548.98187   553.93164   558.88135   563.83105   568.78088   573.73059   578.68036     0.00000     0.00000     0.00000     0.00000     0.00000     0.00000     0.00000     0.00000     0.00000     0.00000     0.00000     0.00000     0.00000     0.00000     0.00000     0.00000     0.00000     0.00000     0.00000     0.00000     0.00000     0.00000     0.00000     0.00000     0.00000     0.00000     0.00000     0.00000     0.00000     0.00000     0.00000     0.00000     0.00000     0.00000     0.00000     0.00000     0.00000     0.00000     0.00000     0.00000     0.00000     0.00000     0.00000     0.00000     0.00000     0.00000     0.00000     0.00000     0.00000     0.00000     0.00000     0.00000     0.00000     0.00000     0.00000     0.00000     0.00000     0.00000     0.00000     0.00000     0.00000     0.00000     0.00000     0.00000     0.00000     0.00000     0.00000     0.00000     0.00000     0.00000     0.00000     0.00000     0.00000     0.00000     0.00000     0.00000     0.00000     0.00000     0.00000
     0.00000     0.00000     0.00000     0.00000     0.00000     0.00000     0.00000     0.00000     0.00000     0.00000     0.00000     0.00000     0.00000     0.00000     0.00000     0.00000     0.00000     0.00000     0.00000     0.00000     0.00000     0.00000     0.00000     0.00000     0.00000     0.00000     0.00000     0.00000     0.00000     0.00000     0.00000     0.00000     0.00000     0.00000     0.00000     0.00000     0.00000     0.00000     0.00000     0.00000     0.00000     0.00000     0.00000     0.00000     0.00000     0.00000     0.00000     0.00000     0.00000     0.00000     0.00000     0.00000     0.00000     0.00000     0.00000     0.00000     0.00000     0.00000     0.00000     0.00000     0.00000     0.00000     0.00000     0.00000     0.00000     0.00000     0.00000     0.00000     0.00000     0.00000     0.00000     0.00000     0.00000     0.00000     0.00000     0.00000     0.00000     0.00000   -62.30683   -62.29976   -62.29269   -62.28561   -62.27854   -62.27147   -62.26440   -62.25733   -62.25026   -62.24319   -62.23612   -62.22905   -62.22197   -62.21490   -62.20783   -62.20076   -62.19369   -62.18662   -62.17955   -62.17248   -62.16541   -62.15834   -62.15126   -62.14419   -62.13712   -62.13005   -62.12298   -62.11591   -62.10884   -62.10176   -62.09470   -62.08762   -62.08055   -62.07348   -62.06641   -62.05934   -62.05227   -62.04520   -62.03813   -62.03106   -62.02398   -62.01691   -62.00984   -62.00277   442.91589   447.86560   452.81534   457.76508   462.71481   467.66461   472.61435   477.56409   482.51382   487.46356   492.41336   497.36310   502.31284   507.26257   512.21228   517.16205   522.11182   527.06158   532.01129   536.96106   541.91077   546.86060   551.81030   556.76001   561.70978   566.65955   571.60931   576.55908   581.50879     0.00000     0.00000     0.00000     0.00000     0.00000     0.00000     0.00000     0.00000     0.00000     0.00000     0.00000     0.00000     0.00000     0.00000     0.00000     0.00000     0.00000     0.00000     0.00000     0.00000     0.00000     0.00000     0.00000     0.00000     0.00000     0.00000     0.00000     0.00000     0.00000     0.00000     0.00000     0.00000     0.00000     0.00000     0.00000     0.00000     0.00000     0.00000     0.00000     0.00000     0.00000     0.00000     0.00000     0.00000     0.00000     0.00000     0.00000     0.00000     0.00000     0.00000     0.00000     0.00000     0.00000     0.00000     0.00000     0.00000     0.00000     0.00000     0.00000     0.00000     0.00000     0.00000     0.00000     0.00000     0.00000     0.00000     0.00000     0.00000     0.00000     0.00000     0.00000     0.00000     0.00000     0.00000     0.00000     0.00000     0.00000     0.00000
     0.00000     0.00000     0.00000     0.00000     0.00000     0.00000     0.00000     0.00000     0.00000     0.00000     0.00000     0.00000     0.00000     0.00000     0.00000     0.00000     0.00000     0.00000     0.00000     0.00000     0.00000     0.00000     0.00000     0.00000     0.00000     0.00000     0.00000     0.00000     0.00000     0.00000     0.00000     0.00000     0.00000     0.00000     0.00000     0.00000     0.00000     0.00000     0.00000     0.00000     0.00000     0.00000     0.00000     0.00000     0.00000     0.00000     0.00000     0.00000     0.00000     0.00000     0.00000     0.00000     0.00000     0.00000     0.00000     0.00000     0.00000     0.00000     0.00000     0.00000     0.00000     0.00000     0.00000     0.00000     0.00000     0.00000     0.00000     0.00000     0.00000     0.00000     0.00000     0.00000     0.00000     0.00000     0.00000     0.00000     0.00000   -62.30683   -62.29976   -62.29269   -62.28561   -62.27854   -62.27147   -62.26440   -62.25733   -62.25026   -62.24319   -62.23612   -62.22905   -62.22197   -62.21490   -62.20783   -62.20076   -62.19369   -62.18662   -62.17955   -62.17248   -62.16541   -62.15834   -62.15126   -62.14419   -62.13712   -62.13005   -62.12298   -62.11591   -62.10884   -62.10176   -62.09470   -62.08762   -62.08055   -62.07348   -62.06641   -62.05934   -62.05227   -62.04520   -62.03813   -62.03106   -62.02398   -62.01691   -62.00984   -62.00277   435.84479   440.79449   445.74429   450.69403   455.64377   460.59351   465.54324   470.49304   475.44278   480.39252   485.34225   490.29199   495.24179   500.19153   505.14127   510.09100   515.04071   519.99048   524.94025   529.89001   534.83972   539.78943   544.73920   549.68896   554.63873   559.58850   564.53821   569.48792   574.43774   579.38745   584.33722     0.00000     0.00000     0.00000     0.00000     0.00000     0.00000     0.00000     0.00000     0.00000     0.00000     0.00000     0.00000     0.00000     0.00000     0.00000     0.00000     0.00000     0.00000     0.00000     0.00000     0.00000     0.00000     0.00000     0.00000     0.00000     0.00000     0.00000     0.00000     0.00000     0.00000     0.00000     0.00000     0.00000     0.00000     0.00000     0.00000     0.00000     0.00000     0.00000     0.00000     0.00000     0.00000     0.00000     0.00000     0.00000     0.00000     0.00000     0.00000     0.00000     0.00000     0.00000     0.00000     0.00000     0.00000     0.00000     0.00000     0.00000     0.00000     0.00000     0.00000     0.00000     0.00000     0.00000     0.00000     0.00000     0.00000     0.00000     0.00000     0.00000     0.00000     0.00000     0.00000     0.00000     0.00000     0.00000     0.00000     0.00000
     0.00000     0.00000     0.00000     0.00000     0.00000     0.00000     0.00000     0.00000     0.00000     0.00000     0.00000     0.00000     0.00000     0.00000     0.00000     0.00000     0.00000     0.00000     0.00000     0.00000     0.00000     0.00000     0.00000     0.00000     0.00000     0.00000     0.00000     0.00000     0.00000     0.00000     0.00000     0.00000     0.00000     0.00000     0.00000     0.00000     0.00000     0.00000     0.00000     0.00000     0.00000     0.00000     0.00000     0.00000     0.00000     0.00000     0.00000     0.00000     0.00000     0.00000     0.00000     0.00000     0.00000     0.00000     0.00000     0.00000     0.00000     0.00000     0.00000     0.00000     0.00000     0.00000     0.00000     0.00000     0.00000     0.00000     0.00000     0.00000     0.00000     0.00000     0.00000     0.00000     0.00000     0.00000     0.00000     0.00000   -62.30683   -62.29976   -62.29269   -62.28561   -62.27854   -62.27147   -62.26440   -62.25733   -62.25026   -62.24319   -62.23612   -62.22905   -62.22197   -62.21490   -62.20783   -62.20076   -62.19369   -62.18662   -62.17955   -62.17248   -62.16541   -62.15834   -62.15126   -62.14419   -62.13712   -62.13005   -62.12298   -62.11591   -62.10884   -62.10176   -62.09470   -62.08762   -62.08055   -62.07348   -62.06641   -62.05934   -62.05227   -62.04520   -62.03813   -62.03106   -62.02398   -62.01691   -62.00984   -62.00277   428.77374   433.72345   438.67319   443.62292   448.57272   453.52246   458.47220   463.42194   468.37167   473.32147   478.27121   483.22095   488.17068   493.12042   498.07022   503.01996   507.96967   512.91943   517.86914   522.81891   527.76868   532.71838   537.66815   542.61792   547.56763   552.51746   557.46716   562.41687   567.36664   572.31641   577.26617   582.21594   587.16565     0.00000     0.00000     0.00000     0.00000     0.00000     0.00000     0.00000     0.00000     0.00000     0.00000     0.00000     0.00000     0.00000     0.00000     0.00000     0.00000     0.00000     0.00000     0.00000     0.00000     0.00000     0.00000     0.00000     0.00000     0.00000     0.00000     0.00000     0.00000     0.00000     0.00000     0.00000     0.00000     0.00000     0.00000     0.00000     0.00000     0.00000     0.00000     0.00000     0.00000     0.00000     0.00000     0.00000     0.00000     0.00000     0.00000     0.00000     0.00000     0.00000     0.00000     0.00000     0.00000     0.00000     0.00000     0.00000     0.00000     0.00000     0.00000     0.00000     0.00000     0.00000     0.00000     0.00000     0.00000     0.00000     0.00000     0.00000     0.00000     0.00000     0.00000     0.00000     0.00000     0.00000     0.00000     0.00000     0.00000
     0.00000     0.00000     0.00000     0.00000     0.00000     0.00000     0.00000     0.00000     0.00000     0.00000     0.00000     0.00000     0.00000     0.00000     0.00000     0.00000     0.00000     0.00000     0.00000     0.00000     0.00000     0.00000     0.00000     0.00000     0.00000     0.00000     0.00000     0.00000     0.00000     0.00000     0.00000     0.00000     0.00000     0.00000     0.00000     0.00000     0.00000     0.00000     0.00000     0.00000     0.00000     0.00000     0.00000     0.00000     0.00000     0.00000     0.00000     0.00000     0.00000     0.00000     0.00000     0.00000     0.00000     0.00000     0.00000     0.00000     0.00000     0.00000     0.00000     0.00000     0.00000     0.00000     0.00000     0.00000     0.00000     0.00000     0.00000     0.00000     0.00000     0.00000     0.00000     0.00000     0.00000     0.00000     0.00000   -62.30683   -62.29976   -62.29269   -62.28561   -62.27854   -62.27147   -62.26440   -62.25733   -62.25026   -62.24319   -62.23612   -62.22905   -62.22197   -62.21490   -62.20783   -62.20076   -62.19369   -62.18662   -62.17955   -62.17248   -62.16541   -62.15834   -62.15126   -62.14419   -62.13712   -62.13005   -62.12298   -62.11591   -62.10884   -62.10176   -62.09470   -62.08762   -62.08055   -62.07348   -62.06641   -62.05934   -62.05227   -62.04520   -62.03813   -62.03106   -62.02398   -62.01691   -62.00984   -62.00277   421.70270   426.65240   431.60214   436.55188   441.50162   446.45135   451.40115   456.35089   461.30063   466.25037   471.20010   476.14990   481.09964   486.04938   490.99911   495.94885   500.89862   505.84839   510.79810   515.74786   520.69757   525.64734   530.59711   535.54688   540.49658   545.44629   550.39606   555.34583   560.29559   565.24536   570.19507   575.14478   580.09460   585.04431   589.99408     0.00000     0.00000     0.00000     0.00000     0.00000     0.00000     0.00000     0.00000     0.00000     0.00000     0.00000     0.00000     0.00000     0.00000     0.00000     0.00000     0.00000     0.00000     0.00000     0.00000     0.00000     0.00000     0.00000     0.00000     0.00000     0.00000     0.00000     0.00000     0.00000     0.00000     0.00000     0.00000     0.00000     0.00000     0.00000     0.00000     0.00000     0.00000     0.00000     0.00000     0.00000     0.00000     0.00000     0.00000     0.00000     0.00000     0.00000     0.00000     0.00000     0.00000     0.00000     0.00000     0.00000     0.00000     0.00000     0.00000     0.00000     0.00000     0.00000     0.00000     0.00000     0.00000     0.00000     0.00000     0.00000     0.00000     0.00000     0.00000     0.00000     0.00000     0.00000     0.00000     0.00000     0.00000     0.00000
     0.00000     0.00000     0.00000     0.00000     0.00000     0.00000     0.00000     0.00000     0.00000     0.00000     0.00000     0.00000     0.00000     0.00000     0.00000     0.00000     0.00000     0.00000     0.00000     0.00000     0.00000     0.00000     0.00000     0.00000     0.00000     0.00000     0.00000     0.00000     0.00000     0.00000     0.00000     0.00000     0.00000     0.00000     0.00000     0.00000     0.00000     0.00000     0.00000     0.00000     0.00000     0.00000     0.00000     0.00000     0.00000     0.00000     0.00000     0.00000     0.00000     0.00000     0.00000     0.00000     0.00000     0.00000     0.00000     0.00000     0.00000     0.00000     0.00000     0.00000     0.00000     0.00000     0.00000     0.00000     0.00000     0.00000     0.00000     0.00000     0.00000     0.00000     0.00000     0.00000     0.00000     0.00000   -62.30683   -62.29976   -62.29269   -62.28561   -62.27854   -62.27147   -62.26440   -62.25733   -62.25026   -62.24319   -62.23612   -62.22905   -62.22197   -62.21490   -62.20783   -62.20076   -62.19369   -62.18662   -62.17955   -62.17248   -62.16541   -62.15834   -62.15126   -62.14419   -62.13712   -62.13005   -62.12298   -62.11591   -62.10884   -62.10176   -62.09470   -62.08762   -62.08055   -62.07348   -62.06641   -62.05934   -62.05227   -62.04520   -62.03813   -62.03106   -62.02398   -62.01691   -62.00984   -62.00277   414.63159   419.58130   424.53110   429.48083   434.43057   439.38031   444.33005   449.27979   454.22958   459.17932   464.12906   469.07880   474.02853   478.97833   483.92807   488.87781   493.82751   498.77728   503.72705   508.67682   513.62653   518.57629   523.52600   528.47571   533.42554   538.37524   543.32501   548.27478   553.22449   558.17432   563.12402   568.07373   573.02350   577.97327   582.92303   587.87280   592.82251     0.00000     0.00000     0.00000     0.00000     0.00000     0.00000     0.00000     0.00000     0.00000     0.00000     0.00000     0.00000     0.00000     0.00000     0.00000     0.00000     0.00000     0.00000     0.00000     0.00000     0.00000     0.00000     0.00000     0.00000     0.00000     0.00000     0.00000     0.00000     0.00000     0.00000     0.00000     0.00000     0.00000     0.00000     0.00000     0.00000     0.00000     0.00000     0.00000     0.00000     0.00000     0.00000     0.00000     0.00000     0.00000     0.00000     0.00000     0.00000     0.00000     0.00000     0.00000     0.00000     0.00000     0.00000     0.00000     0.00000     0.00000     0.00000     0.00000     0.00000     0.00000     0.00000     0.00000     0.00000     0.00000     0.00000     0.00000     0.00000     0.00000     0.00000     0.00000     0.00000     0.00000     0.00000
     0.00000     0.00000     0.00000     0.00000     0.00000     0.00000     0.00000     0.00000     0.00000     0.00000     0.00000     0.00000     0.00000     0.00000     0.00000     0.00000     0.00000     0.00000     0.00000     0.00000     0.00000     0.00000     0.00000     0.00000     0.00000     0.00000     0.00000     0.00000     0.00000     0.00000     0.00000     0.00000     0.00000     0.00000     0.00000     0.00000     0.00000     0.00000     0.00000     0.00000     0.00000     0.00000     0.00000     0.00000     0.00000     0.00000     0.00000     0.00000     0.00000     0.00000     0.00000     0.00000     0.00000     0.00000     0.00000     0.00000     0.00000     0.00000     0.00000     0.00000     0.00000     0.00000     0.00000     0.00000     0.00000     0.00000     0.00000     0.00000     0.00000     0.00000     0.00000     0.00000     0.00000   -62.30683   -62.29976   -62.29269   -62.28561   -62.27854   -62.27147   -62.26440   -62.25733   -62.25026   -62.24319   -62.23612   -62.22905   -62.22197   -62.21490   -62.20783   -62.20076   -62.19369   -62.18662   -62.17955   -62.17248   -62.16541   -62.15834   -62.15126   -62.14419   -62.13712   -62.13005   -62.12298   -62.11591   -62.10884   -62.10176   -62.09470   -62.08762   -62.08055   -62.07348   -62.06641   -62.05934   -62.05227   -62.04520   -62.03813   -62.03106   -62.02398   -62.01691   -62.00984   -62.00277   407.56055   412.51025   417.45999   422.40973   427.35953   432.30927   437.25900   442.20874   447.15848   452.10822   457.05801   462.00775   466.95749   471.90723   476.85696   481.80676   486.75647   491.70624   496.65594   501.60571   506.55548   511.50522   516.45496   521.40466   526.35443   531.30420   536.25397   541.20374   546.15344   551.10315   556.05292   561.00269   565.95245   570.90222   575.85193   580.80164   585.75146   590.70117   595.65094     0.00000     0.00000     0.00000     0.00000     0.00000     0.00000     0.00000     0.00000     0.00000     0.00000     0.00000     0.00000     0.00000     0.00000     0.00000     0.00000     0.00000     0.00000     0.00000     0.00000     0.00000     0.00000     0.00000     0.00000     0.00000     0.00000     0.00000     0.00000     0.00000     0.00000     0.00000     0.00000     0.00000     0.00000     0.00000     0.00000     0.00000     0.00000     0.00000     0.00000     0.00000     0.00000     0.00000     0.00000     0.00000     0.00000     0.00000     0.00000     0.00000     0.00000     0.00000     0.00000     0.00000     0.00000     0.00000     0.00000     0.00000     0.00000     0.00000     0.00000     0.00000     0.00000     0.00000     0.00000     0.00000     0.00000     0.00000     0.00000     0.00000     0.00000     0.00000     0.00000     0.00000
     0.00000     0.00000     0.00000     0.00000     0.00000     0.00000     0.00000     0.00000     0.00000     0.00000     0.00000     0.00000     0.00000     0.00000     0.00000     0.00000     0.00000     0.00000     0.00000     0.00000     0.00000     0.00000     0.00000     0.00000     0.00000     0.00000     0.00000     0.00000     0.00000     0.00000     0.00000     0.00000     0.00000     0.00000     0.00000     0.00000     0.00000     0.00000     0.00000     0.00000     0.00000     0.00000     0.00000     0.00000     0.00000     0.00000     0.00000     0.00000     0.00000     0.00000     0.00000     0.00000     0.00000     0.00000     0.00000     0.00000     0.00000     0.00000     0.00000     0.00000     0.00000     0.00000     0.00000     0.00000     0.00000     0.00000     0.00000     0.00000     0.00000     0.00000     0.00000     0.00000   -62.30683   -62.29976   -62.29269   -62.28561   -62.27854   -62.27147   -62.26440   -62.25733   -62.25026   -62.24319   -62.23612   -62.22905   -62.22197   -62.21490   -62.20783   -62.20076   -62.19369   -62.18662   -62.17955   -62.17248   -62.16541   -62.15834   -62.15126   -62.14419   -62.13712   -62.13005   -62.12298   -62.11591   -62.10884   -62.10176   -62.09470   -62.08762   -62.08055   -62.07348   -62.06641   -62.05934   -62.05227   -62.04520   -62.03813   -62.03106   -62.02398   -62.01691   -62.00984   -62.00277   400.48944   405.43921   410.38895   415.33868   420.28842   425.23816   430.18796   435.13770   440.08743   445.03717   449.98691   454.93665   459.88644   464.83618   469.78592   474.73566   479.68536   484.63519   489.58490   494.53467   499.48438   504.43411   509.38391   514.33362   519.28339   524.23315   529.18286   534.13257   539.08240   544.03210   548.98187   553.93164   558.88135   563.83118   568.78088   573.73059   578.68036   583.63007   588.57990   593.52960   598.47937     0.00000     0.00000     0.00000     0.00000     0.00000     0.00000     0.00000     0.00000     0.00000     0.00000     0.00000     0.00000     0.00000     0.00000     0.00000     0.00000     0.00000     0.00000     0.00000     0.00000     0.00000     0.00000     0.00000     0.00000     0.00000     0.00000     0.00000     0.00000     0.00000     0.00000     0.00000     0.00000     0.00000     0.00000     0.00000     0.00000     0.00000     0.00000     0.00000     0.00000     0.00000     0.00000     0.00000     0.00000     0.00000     0.00000     0.00000     0.00000     0.00000     0.00000     0.00000     0.00000     0.00000     0.00000     0.00000     0.00000     0.00000     0.00000     0.00000     0.00000     0.00000     0.00000     0.00000     0.00000     0.00000     0.00000     0.00000     0.00000     0.00000     0.00000     0.00000     0.00000
     0.00000     0.00000     0.00000     0.00000     0.00000     0.00000     0.00000     0.00000     0.00000     0.00000     0.00000     0.00000     0.00000     0.00000     0.00000     0.00000     0.00000     0.00000     0.00000     0.00000     0.00000     0.00000     0.00000     0.00000     0.00000     0.00000     0.00000     0.00000     0.00000     0.00000     0.00000     0.00000     0.00000     0.00000     0.00000     0.00000     0.00000     0.00000     0.00000     0.00000     0.00000     0.00000     0.00000     0.00000     0.00000     0.00000     0.00000     0.00000     0.00000     0.00000     0.00000     0.00000     0.00000     0.00000     0.00000     0.00000     0.00000     0.00000     0.00000     0.00000     0.00000     0.00000     0.00000     0.00000     0.00000     0.00000     0.00000     0.00000     0.00000     0.00000     0.00000   -62.30683   -62.29976   -62.29269   -62.28561   -62.27854   -62.27147   -62.26440   -62.25733   -62.25026   -62.24319   -62.23612   -62.22905   -62.22197   -62.21490   -62.20783   -62.20076   -62.19369   -62.18662   -62.17955   -62.17248   -62.16541   -62.15834   -62.15126   -62.14419   -62.13712   -62.13005   -62.12298   -62.11591   -62.10884   -62.10176   -62.09470   -62.08762   -62.08055   -62.07348   -62.06641   -62.05934   -62.05227   -62.04520   -62.03813   -62.03106   -62.02398   -62.01691   -62.00984   -62.00277   393.41840   398.36810   403.31784   408.26764   413.21738   418.16711   423.11685   428.06659   433.01639   437.96613   442.91586   447.86560   452.81534   457.76508   462.71487   467.66461   472.61432   477.56409   482.51379   487.46362   492.41333   497.36307   502.31281   507.26254   512.21234   517.16211   522.11182   527.06152   532.01129   536.96106   541.91083   546.86060   551.81030   556.76001   561.70978   566.65955   571.60931   576.55902   581.50879   586.45850   591.40833   596.35803   601.30774     0.00000     0.00000     0.00000     0.00000     0.00000     0.00000     0.00000     0.00000     0.00000     0.00000     0.00000     0.00000     0.00000     0.00000     0.00000     0.00000     0.00000     0.00000     0.00000     0.00000     0.00000     0.00000     0.00000     0.00000     0.00000     0.00000     0.00000     0.00000     0.00000     0.00000     0.00000     0.00000     0.00000     0.00000     0.00000     0.00000     0.00000     0.00000     0.00000     0.00000     0.00000     0.00000     0.00000     0.00000     0.00000     0.00000     0.00000     0.00000     0.00000     0.00000     0.00000     0.00000     0.00000     0.00000     0.00000     0.00000     0.00000     0.00000     0.00000     0.00000     0.00000     0.00000     0.00000     0.00000     0.00000     0.00000     0.00000     0.00000     0.00000     0.00000     0.00000
     0.00000     0.00000     0.00000     0.00000     0.00000     0.00000     0.00000     0.00000     0.00000     0.00000     0.00000     0.00000     0.00000     0.00000     0.00000     0.00000     0.00000     0.00000     0.00000     0.00000     0.00000     0.00000     0.00000     0.00000     0.00000     0.00000     0.00000     0.00000     0.00000     0.00000     0.00000     0.00000     0.00000     0.00000     0.00000     0.00000     0.00000     0.00000     0.00000     0.00000     0.00000     0.00000     0.00000     0.00000     0.00000     0.00000     0.00000     0.00000     0.00000     0.00000     0.00000     0.00000     0.00000     0.00000     0.00000     0.00000     0.00000     0.00000     0.00000     0.00000     0.00000     0.00000     0.00000     0.00000     0.00000     0.00000     0.00000     0.00000     0.00000     0.00000   -62.30683   -62.29976   -62.29269   -62.28561   -62.27854   -62.27147   -62.26440   -62.25733   -62.25026   -62.24319   -62.23612   -62.22905   -62.22197   -62.21490   -62.20783   -62.20076   -62.19369   -62.18662   -62.17955   -62.17248   -62.16541   -62.15834   -62.15126   -62.14419   -62.13712   -62.13005   -62.12298   -62.11591   -62.10884   -62.10176   -62.09470   -62.08762   -62.08055   -62.07348   -62.06641   -62.05934   -62.05227   -62.04520   -62.03813   -62.03106   -62.02398   -62.01691   -62.00984   -62.00277   386.34735   391.29706   396.24680   401.19653   406.14627   411.09607   416.04581   420.99554   425.94528   430.89502   435.84482   440.79456   445.74429   450.69403   455.64377   460.59351   465.54327   470.49304   475.44275   480.39252   485.34222   490.29202   495.24176   500.19150   505.14124   510.09097   515.04077   519.99048   524.94025   529.89001   534.83972   539.78943   544.73926   549.68896   554.63873   559.58850   564.53821   569.48798   574.43774   579.38745   584.33722   589.28693   594.23669   599.18646   604.13623     0.00000     0.00000     0.00000     0.00000     0.00000     0.00000     0.00000     0.00000     0.00000     0.00000     0.00000     0.00000     0.00000     0.00000     0.00000     0.00000     0.00000     0.00000     0.00000     0.00000     0.00000     0.00000     0.00000     0.00000     0.00000     0.00000     0.00000     0.00000     0.00000     0.00000     0.00000     0.00000     0.00000     0.00000     0.00000     0.00000     0.00000     0.00000     0.00000     0.00000     0.00000     0.00000     0.00000     0.00000     0.00000     0.00000     0.00000     0.00000     0.00000     0.00000     0.00000     0.00000     0.00000     0.00000     0.00000     0.00000     0.00000     0.00000     0.00000     0.00000     0.00000     0.00000     0.00000     0.00000     0.00000     0.00000     0.00000     0.00000     0.00000     0.00000
     0.00000     0.00000     0.00000     0.00000     0.00000     0.00000     0.00000     0.00000     0.00000     0.00000     0.00000     0.00000     0.00000     0.00000     0.00000     0.00000     0.00000     0.00000     0.00000     0.00000     0.00000     0.00000     0.00000     0.00000     0.00000     0.00000     0.00000     0.00000     0.00000     0.00000     0.00000     0.00000     0.00000     0.00000     0.00000     0.00000     0.00000     0.00000     0.00000     0.00000     0.00000     0.00000     0.00000     0.00000     0.00000     0.00000     0.00000     0.00000     0.00000     0.00000     0.00000     0.00000     0.00000     0.00000     0.00000     0.00000     0.00000     0.00000     0.00000     0.00000     0.00000     0.00000     0.00000     0.00000     0.00000     0.00000     0.00000     0.00000     0.00000   -62.30683   -62.29976   -62.29269   -62.28561   -62.27854   -62.27147   -62.26440   -62.25733   -62.25026   -62.24319   -62.23612   -62.22905   -62.22197   -62.21490   -62.20783   -62.20076   -62.19369   -62.18662   -62.17955   -62.17248   -62.16541   -62.15834   -62.15126   -62.14419   -62.13712   -62.13005   -62.12298   -62.11591   -62.10884   -62.10176   -62.09470   -62.08762   -62.08055   -62.07348   -62.06641   -62.05934   -62.05227   -62.04520   -62.03813   -62.03106   -62.02398   -62.01691   -62.00984   -62.00277   379.27625   384.22595   389.17575   394.12549   399.07523   404.02496   408.97470   413.92450   418.87424   423.82397   428.77371   433.72345   438.67325   443.62299   448.57272   453.52246   458.47217   463.42194   468.37170   473.32147   478.27118   483.22092   488.17065   493.12045   498.07019   503.01993   507.96967   512.91943   517.86920   522.81897   527.76868   532.71838   537.66815   542.61792   547.56769   552.51746   557.46716   562.41687   567.36664   572.31641   577.26617   582.21588   587.16565   592.11536   597.06519   602.01489   606.96460     0.00000     0.00000     0.00000     0.00000     0.00000     0.00000     0.00000     0.00000     0.00000     0.00000     0.00000     0.00000     0.00000     0.00000     0.00000     0.00000     0.00000     0.00000     0.00000     0.00000     0.00000     0.00000     0.00000     0.00000     0.00000     0.00000     0.00000     0.00000     0.00000     0.00000     0.00000     0.00000     0.00000     0.00000     0.00000     0.00000     0.00000     0.00000     0.00000     0.00000     0.00000     0.00000     0.00000     0.00000     0.00000     0.00000     0.00000     0.00000     0.00000     0.00000     0.00000     0.00000     0.00000     0.00000     0.00000     0.00000     0.00000     0.00000     0.00000     0.00000     0.00000     0.00000     0.00000     0.00000     0.00000     0.00000     0.00000     0.00000     0.00000
     0.00000     0.00000     0.00000     0.00000     0.00000     0.00000     0.00000     0.00000     0.00000     0.00000     0.00000     0.00000     0.00000     0.00000     0.00000     0.00000     0.00000     0.00000     0.00000     0.00000     0.00000     0.00000     0.00000     0.00000     0.00000     0.00000     0.00000     0.00000     0.00000     0.00000     0.00000     0.00000     0.00000     0.00000     0.00000     0.00000     0.00000     0.00000     0.00000     0.00000     0.00000     0.00000     0.00000     0.00000     0.00000     0.00000     0.00000     0.00000     0.00000     0.00000     0.00000     0.00000     0.00000     0.00000     0.00000     0.00000     0.00000     0.00000     0.00000     0.00000     0.00000     0.00000     0.00000     0.00000     0.00000     0.00000     0.00000     0.00000   -62.30683   -62.29976   -62.29269   -62.28561   -62.27854   -62.27147   -62.26440   -62.25733   -62.25026   -62.24319   -62.23612   -62.22905   -62.22197   -62.21490   -62.20783   -62.20076   -62.19369   -62.18662   -62.17955   -62.17248   -62.16541   -62.15834   -62.15126   -62.14419   -62.13712   -62.13005   -62.12298   -62.11591   -62.10884   -62.10176   -62.09470   -62.08762   -62.08055   -62.07348   -62.06641   -62.05934   -62.05227   -62.04520   -62.03813   -62.03106   -62.02398   -62.01691   -62.00984   -62.00277   372.20520   377.15491   382.10464   387.05438   392.00418   396.95392   401.90366   406.85339   411.80313   416.75293   421.70267   426.65240   431.60214   436.55188   441.50168   446.45142   451.40112   456.35089   461.30060   466.25037   471.20013   476.14987   481.09961   486.04935   490.99908   495.94888   500.89862   505.84836   510.79810   515.74780   520.69763   525.64734   530.59711   535.54688   540.49658   545.44629   550.39612   555.34583   560.29559   565.24530   570.19507   575.14484   580.09460   585.04431   589.99402   594.94379   599.89355   604.84332   609.79309     0.00000     0.00000     0.00000     0.00000     0.00000     0.00000     0.00000     0.00000     0.00000     0.00000     0.00000     0.00000     0.00000     0.00000     0.00000     0.00000     0.00000     0.00000     0.00000     0.00000     0.00000     0.00000     0.00000     0.00000     0.00000     0.00000     0.00000     0.00000     0.00000     0.00000     0.00000     0.00000     0.00000     0.00000     0.00000     0.00000     0.00000     0.00000     0.00000     0.00000     0.00000     0.00000     0.00000     0.00000     0.00000     0.00000     0.00000     0.00000     0.00000     0.00000     0.00000     0.00000     0.00000     0.00000     0.00000     0.00000     0.00000     0.00000     0.00000     0.00000     0.00000     0.00000     0.00000     0.00000     0.00000     0.00000     0.00000     0.00000
     0.00000     0.00000     0.00000     0.00000     0.00000     0.00000     0.00000     0.00000     0.00000     0.00000     0.00000     0.00000     0.00000     0.00000     0.00000     0.00000     0.00000     0.00000     0.00000     0.00000     0.00000     0.00000     0.00000     0.00000     0.00000     0.00000     0.00000     0.00000     0.00000     0.00000     0.00000     0.00000     0.00000     0.00000     0.00000     0.00000     0.00000     0.00000     0.00000     0.00000     0.00000     0.00000     0.00000     0.00000     0.00000     0.00000     0.00000     0.00000     0.00000     0.00000     0.00000     0.00000     0.00000     0.00000     0.00000     0.00000     0.00000     0.00000     0.00000     0.00000     0.00000     0.00000     0.00000     0.00000     0.00000     0.00000     0.00000   -62.30683   -62.29976   -62.29269   -62.28561   -62.27854   -62.27147   -62.26440   -62.25733   -62.25026   -62.24319   -62.23612   -62.22905   -62.22197   -62.21490   -62.20783   -62.20076   -62.19369   -62.18662   -62.17955   -62.17248   -62.16541   -62.15834   -62.15126   -62.14419   -62.13712   -62.13005   -62.12298   -62.11591   -62.10884   -62.10176   -62.09470   -62.08762   -62.08055   -62.07348   -62.06641   -62.05934   -62.05227   -62.04520   -62.03813   -62.03106   -62.02398   -62.01691   -62.00984   -62.00277   365.13416   370.08386   375.03360   379.98334   384.93307   389.88281   394.83261   399.78235   404.73209   409.68182   414.63156   419.58136   424.53110   429.48083   434.43057   439.38031   444.33008   449.27985   454.22955   459.17932   464.12903   469.07877   474.02856   478.97830   483.92804   488.87778   493.82751   498.77731   503.72705   508.67679   513.62653   518.57629   523.52606   528.47583   533.42554   538.37524   543.32501   548.27472   553.22455   558.17426   563.12402   568.07373   573.02344   577.97327   582.92297   587.87274   592.82251   597.77222   602.72205   607.67175   612.62146     0.00000     0.00000     0.00000     0.00000     0.00000     0.00000     0.00000     0.00000     0.00000     0.00000     0.00000     0.00000     0.00000     0.00000     0.00000     0.00000     0.00000     0.00000     0.00000     0.00000     0.00000     0.00000     0.00000     0.00000     0.00000     0.00000     0.00000     0.00000     0.00000     0.00000     0.00000     0.00000     0.00000     0.00000     0.00000     0.00000     0.00000     0.00000     0.00000     0.00000     0.00000     0.00000     0.00000     0.00000     0.00000     0.00000     0.00000     0.00000     0.00000     0.00000     0.00000     0.00000     0.00000     0.00000     0.00000     0.00000     0.00000     0.00000     0.00000     0.00000     0.00000     0.00000     0.00000     0.00000     0.00000     0.00000     0.00000
     0.00000     0.00000     0.00000     0.00000     0.00000     0.00000     0.00000     0.00000     0.00000     0.00000     0.00000     0.00000     0.00000     0.00000     0.00000     0.00000     0.00000     0.00000     0.00000     0.00000     0.00000     0.00000     0.00000     0.00000     0.00000     0.00000     0.00000     0.00000     0.00000     0.00000     0.00000     0.00000     0.00000     0.00000     0.00000     0.00000     0.00000     0.00000     0.00000     0.00000     0.00000     0.00000     0.00000     0.00000     0.00000     0.00000     0.00000     0.00000     0.00000     0.00000     0.00000     0.00000     0.00000     0.00000     0.00000     0.00000     0.00000     0.00000     0.00000     0.00000     0.00000     0.00000     0.00000     0.00000     0.00000     0.00000   -62.30683   -62.29976   -62.29269   -62.28561   -62.27854   -62.27147   -62.26440   -62.25733   -62.25026   -62.24319   -62.23612   -62.22905   -62.22197   -62.21490   -62.20783   -62.20076   -62.19369   -62.18662   -62.17955   -62.17248   -62.16541   -62.15834   -62.15126   -62.14419   -62.13712   -62.13005   -62.12298   -62.11591   -62.10884   -62.10176   -62.09470   -62.08762   -62.08055   -62.07348   -62.06641   -62.05934   -62.05227   -62.04520   -62.03813   -62.03106   -62.02398   -62.01691   -62.00984   -62.00277   358.06305   363.01276   367.96255   372.91229   377.86203   382.81177   387.76151   392.71124   397.66104   402.61078   407.56052   412.51025   417.45999   422.40979   427.35953   432.30927   437.25897   442.20874   447.15851   452.10828   457.05798   462.00772   466.95746   471.90720   476.85699   481.80673   486.75647   491.70621   496.65594   501.60574   506.55548   511.50522   516.45496   521.40466   526.35449   531.30420   536.25397   541.20367   546.15344   551.10315   556.05298   561.00269   565.95239   570.90216   575.85193   580.80170   585.75146   590.70117   595.65088   600.60065   605.55042   610.50018   615.44995     0.00000     0.00000     0.00000     0.00000     0.00000     0.00000     0.00000     0.00000     0.00000     0.00000     0.00000     0.00000     0.00000     0.00000     0.00000     0.00000     0.00000     0.00000     0.00000     0.00000     0.00000     0.00000     0.00000     0.00000     0.00000     0.00000     0.00000     0.00000     0.00000     0.00000     0.00000     0.00000     0.00000     0.00000     0.00000     0.00000     0.00000     0.00000     0.00000     0.00000     0.00000     0.00000     0.00000     0.00000     0.00000     0.00000     0.00000     0.00000     0.00000     0.00000     0.00000     0.00000     0.00000     0.00000     0.00000     0.00000     0.00000     0.00000     0.00000     0.00000     0.00000     0.00000     0.00000     0.00000     0.00000     0.00000
     0.00000     0.00000     0.00000     0.00000     0.00000     0.00000     0.00000     0.00000     0.00000     0.00000     0.00000     0.00000     0.00000     0.00000     0.00000     0.00000     0.00000     0.00000     0.00000     0.00000     0.00000     0.00000     0.00000     0.00000     0.00000     0.00000     0.00000     0.00000     0.00000     0.00000     0.00000     0.00000     0.00000     0.00000     0.00000     0.00000     0.00000     0.00000     0.00000     0.00000     0.00000     0.00000     0.00000     0.00000     0.00000     0.00000     0.00000     0.00000     0.00000     0.00000     0.00000     0.00000     0.00000     0.00000     0.00000     0.00000     0.00000     0.00000     0.00000     0.00000     0.00000     0.00000     0.00000     0.00000     0.00000   -62.30683   -62.29976   -62.29269   -62.28561   -62.27854   -62.27147   -62.26440   -62.25733   -62.25026   -62.24319   -62.23612   -62.22905   -62.22197   -62.21490   -62.20783   -62.20076   -62.19369   -62.18662   -62.17955   -62.17248   -62.16541   -62.15834   -62.15126   -62.14419   -62.13712   -62.13005   -62.12298   -62.11591   -62.10884   -62.10176   -62.09470   -62.08762   -62.08055   -62.07348   -62.06641   -62.05934   -62.05227   -62.04520   -62.03813   -62.03106   -62.02398   -62.01691   -62.00984   -62.00277   350.99200   355.94171   360.89145   365.84119   370.79099   375.74072   380.69046   385.64020   390.58994   395.53967   400.48947   405.43921   410.38895   415.33868   420.28842   425.23822   430.18793   435.13770   440.08740   445.03717   449.98694   454.93668   459.88641   464.83615   469.78589   474.73563   479.68542   484.63516   489.58490   494.53464   499.48438   504.43417   509.38391   514.33362   519.28339   524.23315   529.18292   534.13263   539.08240   544.03210   548.98187   553.93158   558.88135   563.83112   568.78088   573.73059   578.68030   583.63013   588.57983   593.52960   598.47937   603.42908   608.37891   613.32861   618.27832     0.00000     0.00000     0.00000     0.00000     0.00000     0.00000     0.00000     0.00000     0.00000     0.00000     0.00000     0.00000     0.00000     0.00000     0.00000     0.00000     0.00000     0.00000     0.00000     0.00000     0.00000     0.00000     0.00000     0.00000     0.00000     0.00000     0.00000     0.00000     0.00000     0.00000     0.00000     0.00000     0.00000     0.00000     0.00000     0.00000     0.00000     0.00000     0.00000     0.00000     0.00000     0.00000     0.00000     0.00000     0.00000     0.00000     0.00000     0.00000     0.00000     0.00000     0.00000     0.00000     0.00000     0.00000     0.00000     0.00000     0.00000     0.00000     0.00000     0.00000     0.00000     0.00000     0.00000     0.00000     0.00000
     0.00000     0.00000     0.00000     0.00000     0.00000     0.00000     0.00000     0.00000     0.00000     0.00000     0.00000     0.00000     0.00000     0.00000     0.00000     0.00000     0.00000     0.00000     0.00000     0.00000     0.00000     0.00000     0.00000     0.00000     0.00000     0.00000     0.00000     0.00000     0.00000     0.00000     0.00000     0.00000     0.00000     0.00000     0.00000     0.00000     0.00000     0.00000     0.00000     0.00000     0.00000     0.00000     0.00000     0.00000     0.00000     0.00000     0.00000     0.00000     0.00000     0.00000     0.00000     0.00000     0.00000     0.00000     0.00000     0.00000     0.00000     0.00000     0.00000     0.00000     0.00000     0.00000     0.00000     0.00000   -62.30683   -62.29976   -62.29269   -62.28561   -62.27854   -62.27147   -62.26440   -62.25733   -62.25026   -62.24319   -62.23612   -62.22905   -62.22197   -62.21490   -62.20783   -62.20076   -62.19369   -62.18662   -62.17955   -62.17248   -62.16541   -62.15834   -62.15126   -62.14419   -62.13712   -62.13005   -62.12298   -62.11591   -62.10884   -62.10176   -62.09470   -62.08762   -62.08055   -62.07348   -62.06641   -62.05934   -62.05227   -62.04520   -62.03813   -62.03106   -62.02398   -62.01691   -62.00984   -62.00277   343.92090   348.87067   353.82040   358.77014   363.71988   368.66962   373.61942   378.56915   383.51889   388.46863   393.41837   398.36810   403.31790   408.26764   413.21738   418.16711   423.11682   428.06665   433.01636   437.96613   442.91583   447.86557   452.81537   457.76511   462.71484   467.66458   472.61432   477.56406   482.51385   487.46359   492.41333   497.36307   502.31281   507.26260   512.21234   517.16211   522.11182   527.06152   532.01135   536.96106   541.91083   546.86053   551.81030   556.76001   561.70984   566.65955   571.60925   576.55902   581.50879   586.45856   591.40833   596.35803   601.30774   606.25751   611.20728   616.15704   621.10675     0.00000     0.00000     0.00000     0.00000     0.00000     0.00000     0.00000     0.00000     0.00000     0.00000     0.00000     0.00000     0.00000     0.00000     0.00000     0.00000     0.00000     0.00000     0.00000     0.00000     0.00000     0.00000     0.00000     0.00000     0.00000     0.00000     0.00000     0.00000     0.00000     0.00000     0.00000     0.00000     0.00000     0.00000     0.00000     0.00000     0.00000     0.00000     0.00000     0.00000     0.00000     0.00000     0.00000     0.00000     0.00000     0.00000     0.00000     0.00000     0.00000     0.00000     0.00000     0.00000     0.00000     0.00000     0.00000     0.00000     0.00000     0.00000     0.00000     0.00000     0.00000     0.00000     0.00000     0.00000
     0.00000     0.00000     0.00000     0.00000     0.00000     0.00000     0.00000     0.00000     0.00000     0.00000     0.00000     0.00000     0.00000     0.00000     0.00000     0.00000     0.00000     0.00000     0.00000     0.00000     0.00000     0.00000     0.00000     0.00000     0.00000     0.00000     0.00000     0.00000     0.00000     0.00000     0.00000     0.00000     0.00000     0.00000     0.00000     0.00000     0.00000     0.00000     0.00000     0.00000     0.00000     0.00000     0.00000     0.00000     0.00000     0.00000     0.00000     0.00000     0.00000     0.00000     0.00000     0.00000     0.00000     0.00000     0.00000     0.00000     0.00000     0.00000     0.00000     0.00000     0.00000     0.00000     0.00000   -62.30683   -62.29976   -62.29269   -62.28561   -62.27854   -62.27147   -62.26440   -62.25733   -62.25026   -62.24319   -62.23612   -62.22905   -62.22197   -62.21490   -62.20783   -62.20076   -62.19369   -62.18662   -62.17955   -62.17248   -62.16541   -62.15834   -62.15126   -62.14419   -62.13712   -62.13005   -62.12298   -62.11591   -62.10884   -62.10176   -62.09470   -62.08762   -62.08055   -62.07348   -62.06641   -62.05934   -62.05227   -62.04520   -62.03813   -62.03106   -62.02398   -62.01691   -62.00984   -62.00277   336.84985   341.79956   346.74930   351.69910   356.64883   361.59857   366.54831   371.49805   376.44785   381.39758   386.34732   391.29706   396.24680   401.19653   406.14633   411.09607   416.04578   420.99554   425.94525   430.89508   435.84479   440.79453   445.74426   450.69400   455.64380   460.59354   465.54327   470.49301   475.44275   480.39249   485.34229   490.29202   495.24176   500.19150   505.14124   510.09103   515.04077   519.99048   524.94025   529.88995   534.83978   539.78949   544.73926   549.68896   554.63867   559.58844   564.53821   569.48798   574.43774   579.38745   584.33716   589.28699   594.23669   599.18646   604.13623   609.08594   614.03571   618.98547   623.93518     0.00000     0.00000     0.00000     0.00000     0.00000     0.00000     0.00000     0.00000     0.00000     0.00000     0.00000     0.00000     0.00000     0.00000     0.00000     0.00000     0.00000     0.00000     0.00000     0.00000     0.00000     0.00000     0.00000     0.00000     0.00000     0.00000     0.00000     0.00000     0.00000     0.00000     0.00000     0.00000     0.00000     0.00000     0.00000     0.00000     0.00000     0.00000     0.00000     0.00000     0.00000     0.00000     0.00000     0.00000     0.00000     0.00000     0.00000     0.00000     0.00000     0.00000     0.00000     0.00000     0.00000     0.00000     0.00000     0.00000     0.00000     0.00000     0.00000     0.00000     0.00000     0.00000     0.00000
     0.00000     0.00000     0.00000     0.00000     0.00000     0.00000     0.00000     0.00000     0.00000     0.00000     0.00000     0.00000     0.00000     0.00000     0.00000     0.00000     0.00000     0.00000     0.00000     0.00000     0.00000     0.00000     0.00000     0.00000     0.00000     0.00000     0.00000     0.00000     0.00000     0.00000     0.00000     0.00000     0.00000     0.00000     0.00000     0.00000     0.00000     0.00000     0.00000     0.00000     0.00000     0.00000     0.00000     0.00000     0.00000     0.00000     0.00000     0.00000     0.00000     0.00000     0.00000     0.00000     0.00000     0.00000     0.00000     0.00000     0.00000     0.00000     0.00000     0.00000     0.00000     0.00000   -62.30683   -62.29976   -62.29269   -62.28561   -62.27854   -62.27147   -62.26440   -62.25733   -62.25026   -62.24319   -62.23612   -62.22905   -62.22197   -62.21490   -62.20783   -62.20076   -62.19369   -62.18662   -62.17955   -62.17248   -62.16541   -62.15834   -62.15126   -62.14419   -62.13712   -62.13005   -62.12298   -62.11591   -62.10884   -62.10176   -62.09470   -62.08762   -62.08055   -62.07348   -62.06641   -62.05934   -62.05227   -62.04520   -62.03813   -62.03106   -62.02398   -62.01691   -62.00984   -62.00277   329.77881   334.72852   339.67825   344.62799   349.57773   354.52753   359.47726   364.42700   369.37674   374.32648   379.27628   384.22601   389.17575   394.12549   399.07523   404.02496   408.97473   413.92450   418.87421   423.82397   428.77368   433.72348   438.67322   443.62296   448.57269   453.52243   458.47223   463.42197   468.37170   473.32144   478.27118   483.22092   488.17072   493.12045   498.07019   503.01993   507.96967   512.91943   517.86920   522.81891   527.76868   532.71838   537.66821   542.61792   547.56763   552.51740   557.46716   562.41687   567.36670   572.31641   577.26611   582.21588   587.16565   592.11542   597.06519   602.01489   606.96460   611.91437   616.86414   621.81390   626.76361     0.00000     0.00000     0.00000     0.00000     0.00000     0.00000     0.00000     0.00000     0.00000     0.00000     0.00000     0.00000     0.00000     0.00000     0.00000     0.00000     0.00000     0.00000     0.00000     0.00000     0.00000     0.00000     0.00000     0.00000     0.00000     0.00000     0.00000     0.00000     0.00000     0.00000     0.00000     0.00000     0.00000     0.00000     0.00000     0.00000     0.00000     0.00000     0.00000     0.00000     0.00000     0.00000     0.00000     0.00000     0.00000     0.00000     0.00000     0.00000     0.00000     0.00000     0.00000     0.00000     0.00000     0.00000     0.00000     0.00000     0.00000     0.00000     0.00000     0.00000     0.00000     0.00000
     0.00000     0.00000     0.00000     0.00000     0.00000     0.00000     0.00000     0.00000     0.00000     0.00000     0.00000     0.00000     0.00000     0.00000     0.00000     0.00000     0.00000     0.00000     0.00000     0.00000     0.00000     0.00000     0.00000     0.00000     0.00000     0.00000     0.00000     0.00000     0.00000     0.00000     0.00000     0.00000     0.00000     0.00000     0.00000     0.00000     0.00000     0.00000     0.00000     0.00000     0.00000     0.00000     0.00000     0.00000     0.00000     0.00000     0.00000     0.00000     0.00000     0.00000     0.00000     0.00000     0.00000     0.00000     0.00000     0.00000     0.00000     0.00000     0.00000     0.00000     0.00000   -62.30683   -62.29976   -62.29269   -62.28561   -62.27854   -62.27147   -62.26440   -62.25733   -62.25026   -62.24319   -62.23612   -62.22905   -62.22197   -62.21490   -62.20783   -62.20076   -62.19369   -62.18662   -62.17955   -62.17248   -62.16541   -62.15834   -62.15126   -62.14419   -62.13712   -62.13005   -62.12298   -62.11591   -62.10884   -62.10176   -62.09470   -62.08762   -62.08055   -62.07348   -62.06641   -62.05934   -62.05227   -62.04520   -62.03813   -62.03106   -62.02398   -62.01691   -62.00984   -62.00277   322.70770   327.65747   332.60721   337.55695   342.50668   347.45642   352.40616   357.35596   362.30569   367.25543   372.20517   377.15491   382.10471   387.05444   392.00418   396.95392   401.90363   406.85339   411.80316   416.75293   421.70264   426.65237   431.60211   436.55191   441.50165   446.45139   451.40112   456.35086   461.30066   466.25040   471.20013   476.14987   481.09961   486.04935   490.99915   495.94888   500.89862   505.84833   510.79810   515.74786   520.69763   525.64734   530.59705   535.54681   540.49658   545.44635   550.39612   555.34583   560.29553   565.24530   570.19507   575.14484   580.09460   585.04431   589.99402   594.94385   599.89355   604.84332   609.79303   614.74280   619.69257   624.64233   629.59204     0.00000     0.00000     0.00000     0.00000     0.00000     0.00000     0.00000     0.00000     0.00000     0.00000     0.00000     0.00000     0.00000     0.00000     0.00000     0.00000     0.00000     0.00000     0.00000     0.00000     0.00000     0.00000     0.00000     0.00000     0.00000     0.00000     0.00000     0.00000     0.00000     0.00000     0.00000     0.00000     0.00000     0.00000     0.00000     0.00000     0.00000     0.00000     0.00000     0.00000     0.00000     0.00000     0.00000     0.00000     0.00000     0.00000     0.00000     0.00000     0.00000     0.00000     0.00000     0.00000     0.00000     0.00000     0.00000     0.00000     0.00000     0.00000     0.00000     0.00000     0.00000
     0.00000     0.00000     0.00000     0.00000     0.00000     0.00000     0.00000     0.00000     0.00000     0.00000     0.00000     0.00000     0.00000     0.00000     0.00000     0.00000     0.00000     0.00000     0.00000     0.00000     0.00000     0.00000     0.00000     0.00000     0.00000     0.00000     0.00000     0.00000     0.00000     0.00000     0.00000     0.00000     0.00000     0.00000     0.00000     0.00000     0.00000     0.00000     0.00000     0.00000     0.00000     0.00000     0.00000     0.00000     0.00000     0.00000     0.00000     0.00000     0.00000     0.00000     0.00000     0.00000     0.00000     0.00000     0.00000     0.00000     0.00000     0.00000     0.00000     0.00000   -62.30683   -62.29976   -62.29269   -62.28561   -62.27854   -62.27147   -62.26440   -62.25733   -62.25026   -62.24319   -62.23612   -62.22905   -62.22197   -62.21490   -62.20783   -62.20076   -62.19369   -62.18662   -62.17955   -62.17248   -62.16541   -62.15834   -62.15126   -62.14419   -62.13712   -62.13005   -62.12298   -62.11591   -62.10884   -62.10176   -62.09470   -62.08762   -62.08055   -62.07348   -62.06641   -62.05934   -62.05227   -62.04520   -62.03813   -62.03106   -62.02398   -62.01691   -62.00984   -62.00277   315.63666   320.58636   325.53610   330.48590   335.43564   340.38538   345.33511   350.28485   355.23459   360.18439   365.13412   370.08386   375.03360   379.98334   384.93314   389.88287   394.83258   399.78235   404.73206   409.68182   414.63159   419.58133   424.53107   429.48080   434.43054   439.38034   444.33008   449.27982   454.22955   459.17929   464.12909   469.07883   474.02856   478.97830   483.92804   488.87778   493.82758   498.77728   503.72705   508.67676   513.62653   518.57629   523.52600   528.47577   533.42554   538.37524   543.32507   548.27478   553.22449   558.17426   563.12402   568.07373   573.02356   577.97327   582.92297   587.87274   592.82245   597.77228   602.72198   607.67175   612.62146   617.57123   622.52100   627.47076   632.42047     0.00000     0.00000     0.00000     0.00000     0.00000     0.00000     0.00000     0.00000     0.00000     0.00000     0.00000     0.00000     0.00000     0.00000     0.00000     0.00000     0.00000     0.00000     0.00000     0.00000     0.00000     0.00000     0.00000     0.00000     0.00000     0.00000     0.00000     0.00000     0.00000     0.00000     0.00000     0.00000     0.00000     0.00000     0.00000     0.00000     0.00000     0.00000     0.00000     0.00000     0.00000     0.00000     0.00000     0.00000     0.00000     0.00000     0.00000     0.00000     0.00000     0.00000     0.00000     0.00000     0.00000     0.00000     0.00000     0.00000     0.00000     0.00000     0.00000     0.00000
     0.00000     0.00000     0.00000     0.00000     0.00000     0.00000     0.00000     0.00000     0.00000     0.00000     0.00000     0.00000     0.00000     0.00000     0.00000     0.00000     0.00000     0.00000     0.00000     0.00000     0.00000     0.00000     0.00000     0.00000     0.00000     0.00000     0.00000     0.00000     0.00000     0.00000     0.00000     0.00000     0.00000     0.00000     0.00000     0.00000     0.00000     0.00000     0.00000     0.00000     0.00000     0.00000     0.00000     0.00000     0.00000     0.00000     0.00000     0.00000     0.00000     0.00000     0.00000     0.00000     0.00000     0.00000     0.00000     0.00000     0.00000     0.00000     0.00000   -62.30683   -62.29976   -62.29269   -62.28561   -62.27854   -62.27147   -62.26440   -62.25733   -62.25026   -62.24319   -62.23612   -62.22905   -62.22197   -62.21490   -62.20783   -62.20076   -62.19369   -62.18662   -62.17955   -62.17248   -62.16541   -62.15834   -62.15126   -62.14419   -62.13712   -62.13005   -62.12298   -62.11591   -62.10884   -62.10176   -62.09470   -62.08762   -62.08055   -62.07348   -62.06641   -62.05934   -62.05227   -62.04520   -62.03813   -62.03106   -62.02398   -62.01691   -62.00984   -62.00277   308.56561   313.51532   318.46506   323.41479   328.36453   333.31433   338.26407   343.21381   348.16354   353.11328   358.06302   363.01282   367.96255   372.91229   377.86203   382.81177   387.76154   392.71130   397.66101   402.61078   407.56049   412.51022   417.46002   422.40976   427.35950   432.30923   437.25897   442.20877   447.15851   452.10825   457.05798   462.00772   466.95752   471.90726   476.85699   481.80673   486.75647   491.70618   496.65601   501.60571   506.55548   511.50519   516.45496   521.40472   526.35449   531.30420   536.25391   541.20367   546.15344   551.10321   556.05298   561.00269   565.95239   570.90216   575.85193   580.80170   585.75140   590.70117   595.65088   600.60071   605.55042   610.50018   615.44989   620.39966   625.34943   630.29919   635.24890     0.00000     0.00000     0.00000     0.00000     0.00000     0.00000     0.00000     0.00000     0.00000     0.00000     0.00000     0.00000     0.00000     0.00000     0.00000     0.00000     0.00000     0.00000     0.00000     0.00000     0.00000     0.00000     0.00000     0.00000     0.00000     0.00000     0.00000     0.00000     0.00000     0.00000     0.00000     0.00000     0.00000     0.00000     0.00000     0.00000     0.00000     0.00000     0.00000     0.00000     0.00000     0.00000     0.00000     0.00000     0.00000     0.00000     0.00000     0.00000     0.00000     0.00000     0.00000     0.00000     0.00000     0.00000     0.00000     0.00000     0.00000     0.00000     0.00000
     0.00000     0.00000     0.00000     0.00000     0.00000     0.00000     0.00000     0.00000     0.00000     0.00000     0.00000     0.00000     0.00000     0.00000     0.00000     0.00000     0.00000     0.00000     0.00000     0.00000     0.00000     0.00000     0.00000     0.00000     0.00000     0.00000     0.00000     0.00000     0.00000     0.00000     0.00000     0.00000     0.00000     0.00000     0.00000     0.00000     0.00000     0.00000     0.00000     0.00000     0.00000     0.00000     0.00000     0.00000     0.00000     0.00000     0.00000     0.00000     0.00000     0.00000     0.00000     0.00000     0.00000     0.00000     0.00000     0.00000     0.00000     0.00000   -62.30683   -62.29976   -62.29269   -62.28561   -62.27854   -62.27147   -62.26440   -62.25733   -62.25026   -62.24319   -62.23612   -62.22905   -62.22197   -62.21490   -62.20783   -62.20076   -62.19369   -62.18662   -62.17955   -62.17248   -62.16541   -62.15834   -62.15126   -62.14419   -62.13712   -62.13005   -62.12298   -62.11591   -62.10884   -62.10176   -62.09470   -62.08762   -62.08055   -62.07348   -62.06641   -62.05934   -62.05227   -62.04520   -62.03813   -62.03106   -62.02398   -62.01691   -62.00984   -62.00277   301.49451   306.44421   311.39401   316.34375   321.29349   326.24323   331.19296   336.14276   341.09250   346.04224   350.99197   355.94171   360.89145   365.84125   370.79099   375.74072   380.69043   385.64020   390.58997   395.53973   400.48944   405.43918   410.38892   415.33865   420.28845   425.23819   430.18793   435.13766   440.08740   445.03720   449.98694   454.93668   459.88641   464.83615   469.78595   474.73569   479.68542   484.63513   489.58490   494.53461   499.48444   504.43414   509.38388   514.33362   519.28333   524.23315   529.18286   534.13263   539.08240   544.03210   548.98193   553.93164   558.88135   563.83112   568.78088   573.73059   578.68036   583.63013   588.57983   593.52960   598.47931   603.42914   608.37885   613.32861   618.27832   623.22803   628.17786   633.12756   638.07733     0.00000     0.00000     0.00000     0.00000     0.00000     0.00000     0.00000     0.00000     0.00000     0.00000     0.00000     0.00000     0.00000     0.00000     0.00000     0.00000     0.00000     0.00000     0.00000     0.00000     0.00000     0.00000     0.00000     0.00000     0.00000     0.00000     0.00000     0.00000     0.00000     0.00000     0.00000     0.00000     0.00000     0.00000     0.00000     0.00000     0.00000     0.00000     0.00000     0.00000     0.00000     0.00000     0.00000     0.00000     0.00000     0.00000     0.00000     0.00000     0.00000     0.00000     0.00000     0.00000     0.00000     0.00000     0.00000     0.00000     0.00000     0.00000
     0.00000     0.00000     0.00000     0.00000     0.00000     0.00000     0.00000     0.00000     0.00000     0.00000     0.00000     0.00000     0.00000     0.00000     0.00000     0.00000     0.00000     0.00000     0.00000     0.00000     0.00000     0.00000     0.00000     0.00000     0.00000     0.00000     0.00000     0.00000     0.00000     0.00000     0.00000     0.00000     0.00000     0.00000     0.00000     0.00000     0.00000     0.00000     0.00000     0.00000     0.00000     0.00000     0.00000     0.00000     0.00000     0.00000     0.00000     0.00000     0.00000     0.00000     0.00000     0.00000     0.00000     0.00000     0.00000     0.00000     0.00000   -62.30683   -62.29976   -62.29269   -62.28561   -62.27854   -62.27147   -62.26440   -62.25733   -62.25026   -62.24319   -62.23612   -62.22905   -62.22197   -62.21490   -62.20783   -62.20076   -62.19369   -62.18662   -62.17955   -62.17248   -62.16541   -62.15834   -62.15126   -62.14419   -62.13712   -62.13005   -62.12298   -62.11591   -62.10884   -62.10176   -62.09470   -62.08762   -62.08055   -62.07348   -62.06641   -62.05934   -62.05227   -62.04520   -62.03813   -62.03106   -62.02398   -62.01691   -62.00984   -62.00277   294.42346   299.37317   304.32291   309.27264   314.22244   319.17218   324.12192   329.07166   334.02139   338.97119   343.92093   348.87067   353.82040   358.77014   363.71988   368.66968   373.61938   378.56915   383.51886   388.46863   393.41840   398.36813   403.31787   408.26761   413.21735   418.16708   423.11688   428.06662   433.01636   437.96609   442.91583   447.86563   452.81537   457.76511   462.71484   467.66458   472.61438   477.56409   482.51385   487.46356   492.41333   497.36304   502.31284   507.26257   512.21228   517.16205   522.11182   527.06158   532.01135   536.96106   541.91077   546.86053   551.81030   556.76007   561.70984   566.65955   571.60925   576.55902   581.50879   586.45856   591.40826   596.35803   601.30774   606.25757   611.20728   616.15698   621.10675   626.05652   631.00629   635.95605   640.90576     0.00000     0.00000     0.00000     0.00000     0.00000     0.00000     0.00000     0.00000     0.00000     0.00000     0.00000     0.00000     0.00000     0.00000     0.00000     0.00000     0.00000     0.00000     0.00000     0.00000     0.00000     0.00000     0.00000     0.00000     0.00000     0.00000     0.00000     0.00000     0.00000     0.00000     0.00000     0.00000     0.00000     0.00000     0.00000     0.00000     0.00000     0.00000     0.00000     0.00000     0.00000     0.00000     0.00000     0.00000     0.00000     0.00000     0.00000     0.00000     0.00000     0.00000     0.00000     0.00000     0.00000     0.00000     0.00000     0.00000     0.00000
     0.00000     0.00000     0.00000     0.00000     0.00000     0.00000     0.00000     0.00000     0.00000     0.00000     0.00000     0.00000     0.00000     0.00000     0.00000     0.00000     0.00000     0.00000     0.00000     0.00000     0.00000     0.00000     0.00000     0.00000     0.00000     0.00000     0.00000     0.00000     0.00000     0.00000     0.00000     0.00000     0.00000     0.00000     0.00000     0.00000     0.00000     0.00000     0.00000     0.00000     0.00000     0.00000     0.00000     0.00000     0.00000     0.00000     0.00000     0.00000     0.00000     0.00000     0.00000     0.00000     0.00000     0.00000     0.00000     0.00000   -62.30683   -62.29976   -62.29269   -62.28561   -62.27854   -62.27147   -62.26440   -62.25733   -62.25026   -62.24319   -62.23612   -62.22905   -62.22197   -62.21490   -62.20783   -62.20076   -62.19369   -62.18662   -62.17955   -62.17248   -62.16541   -62.15834   -62.15126   -62.14419   -62.13712   -62.13005   -62.12298   -62.11591   -62.10884   -62.10176   -62.09470   -62.08762   -62.08055   -62.07348   -62.06641   -62.05934   -62.05227   -62.04520   -62.03813   -62.03106   -62.02398   -62.01691   -62.00984   -62.00277   287.35236   292.30212   297.25186   302.20160   307.15134   312.10107   317.05087   322.00061   326.95035   331.90009   336.84982   341.79962   346.74936   351.69910   356.64883   361.59857   366.54828   371.49811   376.44781   381.39758   386.34729   391.29703   396.24683   401.19656   406.14630   411.09604   416.04578   420.99551   425.94531   430.89505   435.84479   440.79453   445.74426   450.69406   455.64380   460.59354   465.54327   470.49298   475.44281   480.39252   485.34229   490.29199   495.24173   500.19147   505.14127   510.09100   515.04077   519.99048   524.94019   529.89001   534.83972   539.78949   544.73926   549.68896   554.63879   559.58850   564.53821   569.48798   574.43768   579.38745   584.33722   589.28699   594.23669   599.18646   604.13617   609.08594   614.03571   618.98547   623.93518   628.88489   633.83472   638.78442   643.73419     0.00000     0.00000     0.00000     0.00000     0.00000     0.00000     0.00000     0.00000     0.00000     0.00000     0.00000     0.00000     0.00000     0.00000     0.00000     0.00000     0.00000     0.00000     0.00000     0.00000     0.00000     0.00000     0.00000     0.00000     0.00000     0.00000     0.00000     0.00000     0.00000     0.00000     0.00000     0.00000     0.00000     0.00000     0.00000     0.00000     0.00000     0.00000     0.00000     0.00000     0.00000     0.00000     0.00000     0.00000     0.00000     0.00000     0.00000     0.00000     0.00000     0.00000     0.00000     0.00000     0.00000     0.00000     0.00000     0.00000
     0.00000     0.00000     0.00000     0.00000     0.00000     0.00000     0.00000     0.00000     0.00000     0.00000     0.00000     0.00000     0.00000     0.00000     0.00000     0.00000     0.00000     0.00000     0.00000     0.00000     0.00000     0.00000     0.00000     0.00000     0.00000     0.00000     0.00000     0.00000     0.00000     0.00000     0.00000     0.00000     0.00000     0.00000     0.00000     0.00000     0.00000     0.00000     0.00000     0.00000     0.00000     0.00000     0.00000     0.00000     0.00000     0.00000     0.00000     0.00000     0.00000     0.00000     0.00000     0.00000     0.00000     0.00000     0.00000   -62.30683   -62.29976   -62.29269   -62.28561   -62.27854   -62.27147   -62.26440   -62.25733   -62.25026   -62.24319   -62.23612   -62.22905   -62.22197   -62.21490   -62.20783   -62.20076   -62.19369   -62.18662   -62.17955   -62.17248   -62.16541   -62.15834   -62.15126   -62.14419   -62.13712   -62.13005   -62.12298   -62.11591   -62.10884   -62.10176   -62.09470   -62.08762   -62.08055   -62.07348   -62.06641   -62.05934   -62.05227   -62.04520   -62.03813   -62.03106   -62.02398   -62.01691   -62.00984   -62.00277   280.28131   285.23102   290.18076   295.13055   300.08029   305.03003   309.97977   314.92950   319.87930   324.82904   329.77878   334.72852   339.67825   344.62805   349.57779   354.52753   359.47723   364.42700   369.37671   374.32654   379.27625   384.22598   389.17572   394.12546   399.07526   404.02499   408.97473   413.92447   418.87421   423.82394   428.77374   433.72348   438.67322   443.62296   448.57269   453.52249   458.47223   463.42194   468.37170   473.32141   478.27124   483.22095   488.17068   493.12042   498.07016   503.01990   507.96970   512.91943   517.86914   522.81891   527.76868   532.71844   537.66821   542.61792   547.56763   552.51740   557.46716   562.41693   567.36664   572.31641   577.26611   582.21588   587.16565   592.11542   597.06512   602.01489   606.96460   611.91443   616.86414   621.81384   626.76361   631.71338   636.66315   641.61292   646.56262     0.00000     0.00000     0.00000     0.00000     0.00000     0.00000     0.00000     0.00000     0.00000     0.00000     0.00000     0.00000     0.00000     0.00000     0.00000     0.00000     0.00000     0.00000     0.00000     0.00000     0.00000     0.00000     0.00000     0.00000     0.00000     0.00000     0.00000     0.00000     0.00000     0.00000     0.00000     0.00000     0.00000     0.00000     0.00000     0.00000     0.00000     0.00000     0.00000     0.00000     0.00000     0.00000     0.00000     0.00000     0.00000     0.00000     0.00000     0.00000     0.00000     0.00000     0.00000     0.00000     0.00000     0.00000     0.00000
     0.00000     0.00000     0.00000     0.00000     0.00000     0.00000     0.00000     0.00000     0.00000     0.00000     0.00000     0.00000     0.00000     0.00000     0.00000     0.00000     0.00000     0.00000     0.00000     0.00000     0.00000     0.00000     0.00000     0.00000     0.00000     0.00000     0.00000     0.00000     0.00000     0.00000     0.00000     0.00000     0.00000     0.00000     0.00000     0.00000     0.00000     0.00000     0.00000     0.00000     0.00000     0.00000     0.00000     0.00000     0.00000     0.00000     0.00000     0.00000     0.00000     0.00000     0.00000     0.00000     0.00000     0.00000   -62.30683   -62.29976   -62.29269   -62.28561   -62.27854   -62.27147   -62.26440   -62.25733   -62.25026   -62.24319   -62.23612   -62.22905   -62.22197   -62.21490   -62.20783   -62.20076   -62.19369   -62.18662   -62.17955   -62.17248   -62.16541   -62.15834   -62.15126   -62.14419   -62.13712   -62.13005   -62.12298   -62.11591   -62.10884   -62.10176   -62.09470   -62.08762   -62.08055   -62.07348   -62.06641   -62.05934   -62.05227   -62.04520   -62.03813   -62.03106   -62.02398   -62.01691   -62.00984   -62.00277   273.21027   278.15997   283.10971   288.05945   293.00919   297.95898   302.90872   307.85846   312.80820   317.75793   322.70773   327.65747   332.60721   337.55695   342.50668   347.45648   352.40619   357.35596   362.30566   367.25543   372.20514   377.15494   382.10468   387.05441   392.00415   396.95389   401.90369   406.85342   411.80316   416.75290   421.70264   426.65237   431.60217   436.55191   441.50165   446.45139   451.40112   456.35089   461.30066   466.25037   471.20013   476.14984   481.09964   486.04938   490.99911   495.94885   500.89859   505.84833   510.79813   515.74786   520.69763   525.64734   530.59705   535.54688   540.49658   545.44635   550.39606   555.34583   560.29559   565.24536   570.19507   575.14484   580.09454   585.04431   589.99408   594.94385   599.89355   604.84326   609.79303   614.74280   619.69257   624.64233   629.59204   634.54175   639.49158   644.44128   649.39105     0.00000     0.00000     0.00000     0.00000     0.00000     0.00000     0.00000     0.00000     0.00000     0.00000     0.00000     0.00000     0.00000     0.00000     0.00000     0.00000     0.00000     0.00000     0.00000     0.00000     0.00000     0.00000     0.00000     0.00000     0.00000     0.00000     0.00000     0.00000     0.00000     0.00000     0.00000     0.00000     0.00000     0.00000     0.00000     0.00000     0.00000     0.00000     0.00000     0.00000     0.00000     0.00000     0.00000     0.00000     0.00000     0.00000     0.00000     0.00000     0.00000     0.00000     0.00000     0.00000     0.00000     0.00000
     0.00000     0.00000     0.00000     0.00000     0.00000     0.00000     0.00000     0.00000     0.00000     0.00000     0.00000     0.00000     0.00000     0.00000     0.00000     0.00000     0.00000     0.00000     0.00000     0.00000     0.00000     0.00000     0.00000     0.00000     0.00000     0.00000     0.00000     0.00000     0.00000     0.00000     0.00000     0.00000     0.00000     0.00000     0.00000     0.00000     0.00000     0.00000     0.00000     0.00000     0.00000     0.00000     0.00000     0.00000     0.00000     0.00000     0.00000     0.00000     0.00000     0.00000     0.00000     0.00000     0.00000   -62.30683   -62.29976   -62.29269   -62.28561   -62.27854   -62.27147   -62.26440   -62.25733   -62.25026   -62.24319   -62.23612   -62.22905   -62.22197   -62.21490   -62.20783   -62.20076   -62.19369   -62.18662   -62.17955   -62.17248   -62.16541   -62.15834   -62.15126   -62.14419   -62.13712   -62.13005   -62.12298   -62.11591   -62.10884   -62.10176   -62.09470   -62.08762   -62.08055   -62.07348   -62.06641   -62.05934   -62.05227   -62.04520   -62.03813   -62.03106   -62.02398   -62.01691   -62.00984   -62.00277   266.13916   271.08893   276.03867   280.98840   285.93814   290.88788   295.83762   300.78741   305.73715   310.68689   315.63663   320.58636   325.53616   330.48590   335.43564   340.38538   345.33508   350.28491   355.23462   360.18439   365.13409   370.08383   375.03357   379.98337   384.93311   389.88284   394.83258   399.78232   404.73212   409.68185   414.63159   419.58133   424.53107   429.48080   434.43060   439.38034   444.33008   449.27979   454.22955   459.17932   464.12909   469.07880   474.02853   478.97827   483.92807   488.87781   493.82755   498.77728   503.72702   508.67676   513.62659   518.57629   523.52600   528.47577   533.42554   538.37531   543.32501   548.27478   553.22449   558.17426   563.12402   568.07379   573.02350   577.97327   582.92297   587.87268   592.82251   597.77222   602.72198   607.67175   612.62146   617.57129   622.52100   627.47070   632.42047   637.37024   642.32001   647.26971   652.21948     0.00000     0.00000     0.00000     0.00000     0.00000     0.00000     0.00000     0.00000     0.00000     0.00000     0.00000     0.00000     0.00000     0.00000     0.00000     0.00000     0.00000     0.00000     0.00000     0.00000     0.00000     0.00000     0.00000     0.00000     0.00000     0.00000     0.00000     0.00000     0.00000     0.00000     0.00000     0.00000     0.00000     0.00000     0.00000     0.00000     0.00000     0.00000     0.00000     0.00000     0.00000     0.00000     0.00000     0.00000     0.00000     0.00000     0.00000     0.00000     0.00000     0.00000     0.00000     0.00000     0.00000
     0.00000     0.00000     0.00000     0.00000     0.00000     0.00000     0.00000     0.00000     0.00000     0.00000     0.00000     0.00000     0.00000     0.00000     0.00000     0.00000     0.00000     0.00000     0.00000     0.00000     0.00000     0.00000     0.00000     0.00000     0.00000     0.00000     0.00000     0.00000     0.00000     0.00000     0.00000     0.00000     0.00000     0.00000     0.00000     0.00000     0.00000     0.00000     0.00000     0.00000     0.00000     0.00000     0.00000     0.00000     0.00000     0.00000     0.00000     0.00000     0.00000     0.00000     0.00000     0.00000   -62.30683   -62.29976   -62.29269   -62.28561   -62.27854   -62.27147   -62.26440   -62.25733   -62.25026   -62.24319   -62.23612   -62.22905   -62.22197   -62.21490   -62.20783   -62.20076   -62.19369   -62.18662   -62.17955   -62.17248   -62.16541   -62.15834   -62.15126   -62.14419   -62.13712   -62.13005   -62.12298   -62.11591   -62.10884   -62.10176   -62.09470   -62.08762   -62.08055   -62.07348   -62.06641   -62.05934   -62.05227   -62.04520   -62.03813   -62.03106   -62.02398   -62.01691   -62.00984   -62.00277   259.06812   264.01782   268.96756   273.91736   278.86710   283.81683   288.76657   293.71631   298.66605   303.61584   308.56558   313.51532   318.46506   323.41479   328.36459   333.31433   338.26404   343.21381   348.16351   353.11334   358.06305   363.01279   367.96252   372.91226   377.86200   382.81180   387.76154   392.71127   397.66101   402.61075   407.56055   412.51028   417.46002   422.40976   427.35950   432.30923   437.25903   442.20874   447.15851   452.10822   457.05798   462.00775   466.95749   471.90723   476.85696   481.80670   486.75650   491.70624   496.65598   501.60571   506.55545   511.50519   516.45496   521.40472   526.35449   531.30420   536.25391   541.20374   546.15344   551.10321   556.05292   561.00269   565.95245   570.90222   575.85193   580.80164   585.75140   590.70117   595.65094   600.60071   605.55042   610.50012   615.44989   620.39966   625.34943   630.29919   635.24890   640.19861   645.14844   650.09814   655.04791     0.00000     0.00000     0.00000     0.00000     0.00000     0.00000     0.00000     0.00000     0.00000     0.00000     0.00000     0.00000     0.00000     0.00000     0.00000     0.00000     0.00000     0.00000     0.00000     0.00000     0.00000     0.00000     0.00000     0.00000     0.00000     0.00000     0.00000     0.00000     0.00000     0.00000     0.00000     0.00000     0.00000     0.00000     0.00000     0.00000     0.00000     0.00000     0.00000     0.00000     0.00000     0.00000     0.00000     0.00000     0.00000     0.00000     0.00000     0.00000     0.00000     0.00000     0.00000     0.00000
     0.00000     0.00000     0.00000     0.00000     0.00000     0.00000     0.00000     0.00000     0.00000     0.00000     0.00000     0.00000     0.00000     0.00000     0.00000     0.00000     0.00000     0.00000     0.00000     0.00000     0.00000     0.00000     0.00000     0.00000     0.00000     0.00000     0.00000     0.00000     0.00000     0.00000     0.00000     0.00000     0.00000     0.00000     0.00000     0.00000     0.00000     0.00000     0.00000     0.00000     0.00000     0.00000     0.00000     0.00000     0.00000     0.00000     0.00000     0.00000     0.00000     0.00000     0.00000   -62.30683   -62.29976   -62.29269   -62.28561   -62.27854   -62.27147   -62.26440   -62.25733   -62.25026   -62.24319   -62.23612   -62.22905   -62.22197   -62.21490   -62.20783   -62.20076   -62.19369   -62.18662   -62.17955   -62.17248   -62.16541   -62.15834   -62.15126   -62.14419   -62.13712   -62.13005   -62.12298   -62.11591   -62.10884   -62.10176   -62.09470   -62.08762   -62.08055   -62.07348   -62.06641   -62.05934   -62.05227   -62.04520   -62.03813   -62.03106   -62.02398   -62.01691   -62.00984   -62.00277   251.99706   256.94678   261.89651   266.84625   271.79599   276.74579   281.69553   286.64526   291.59500   296.54474   301.49448   306.44427   311.39401   316.34375   321.29349   326.24323   331.19299   336.14276   341.09247   346.04224   350.99194   355.94174   360.89148   365.84122   370.79095   375.74069   380.69043   385.64023   390.58997   395.53970   400.48944   405.43918   410.38898   415.33871   420.28845   425.23819   430.18793   435.13763   440.08746   445.03717   449.98694   454.93665   459.88638   464.83618   469.78592   474.73566   479.68539   484.63513   489.58493   494.53467   499.48441   504.43414   509.38388   514.33362   519.28345   524.23315   529.18286   534.13263   539.08234   544.03217   548.98187   553.93164   558.88135   563.83112   568.78088   573.73059   578.68036   583.63013   588.57983   593.52954   598.47937   603.42908   608.37885   613.32861   618.27832   623.22815   628.17786   633.12756   638.07733   643.02704   647.97687   652.92657   657.87634     0.00000     0.00000     0.00000     0.00000     0.00000     0.00000     0.00000     0.00000     0.00000     0.00000     0.00000     0.00000     0.00000     0.00000     0.00000     0.00000     0.00000     0.00000     0.00000     0.00000     0.00000     0.00000     0.00000     0.00000     0.00000     0.00000     0.00000     0.00000     0.00000     0.00000     0.00000     0.00000     0.00000     0.00000     0.00000     0.00000     0.00000     0.00000     0.00000     0.00000     0.00000     0.00000     0.00000     0.00000     0.00000     0.00000     0.00000     0.00000     0.00000     0.00000     0.00000
     0.00000     0.00000     0.00000     0.00000     0.00000     0.00000     0.00000     0.00000     0.00000     0.00000     0.00000     0.00000     0.00000     0.00000     0.00000     0.00000     0.00000     0.00000     0.00000     0.00000     0.00000     0.00000     0.00000     0.00000     0.00000     0.00000     0.00000     0.00000     0.00000     0.00000     0.00000     0.00000     0.00000     0.00000     0.00000     0.00000     0.00000     0.00000     0.00000     0.00000     0.00000     0.00000     0.00000     0.00000     0.00000     0.00000     0.00000     0.00000     0.00000     0.00000   -62.30683   -62.29976   -62.29269   -62.28561   -62.27854   -62.27147   -62.26440   -62.25733   -62.25026   -62.24319   -62.23612   -62.22905   -62.22197   -62.21490   -62.20783   -62.20076   -62.19369   -62.18662   -62.17955   -62.17248   -62.16541   -62.15834   -62.15126   -62.14419   -62.13712   -62.13005   -62.12298   -62.11591   -62.10884   -62.10176   -62.09470   -62.08762   -62.08055   -62.07348   -62.06641   -62.05934   -62.05227   -62.04520   -62.03813   -62.03106   -62.02398   -62.01691   -62.00984   -62.00277   244.92595   249.87567   254.82547   259.77521   264.72495   269.67468   274.62442   279.57422   284.52396   289.47369   294.42343   299.37317   304.32291   309.27271   314.22244   319.17218   324.12189   329.07166   334.02142   338.97119   343.92090   348.87064   353.82037   358.77017   363.71991   368.66965   373.61938   378.56912   383.51886   388.46866   393.41840   398.36813   403.31787   408.26761   413.21741   418.16714   423.11688   428.06659   433.01636   437.96606   442.91589   447.86560   452.81534   457.76508   462.71481   467.66461   472.61435   477.56409   482.51382   487.46356   492.41336   497.36310   502.31284   507.26257   512.21228   517.16205   522.11182   527.06158   532.01129   536.96106   541.91077   546.86060   551.81030   556.76007   561.70978   566.65955   571.60931   576.55908   581.50879   586.45850   591.40826   596.35803   601.30780   606.25757   611.20728   616.15698   621.10675   626.05652   631.00629   635.95599   640.90576   645.85547   650.80530   655.75500   660.70477     0.00000     0.00000     0.00000     0.00000     0.00000     0.00000     0.00000     0.00000     0.00000     0.00000     0.00000     0.00000     0.00000     0.00000     0.00000     0.00000     0.00000     0.00000     0.00000     0.00000     0.00000     0.00000     0.00000     0.00000     0.00000     0.00000     0.00000     0.00000     0.00000     0.00000     0.00000     0.00000     0.00000     0.00000     0.00000     0.00000     0.00000     0.00000     0.00000     0.00000     0.00000     0.00000     0.00000     0.00000     0.00000     0.00000     0.00000     0.00000     0.00000     0.00000
     0.00000     0.00000     0.00000     0.00000     0.00000     0.00000     0.00000     0.00000     0.00000     0.00000     0.00000     0.00000     0.00000     0.00000     0.00000     0.00000     0.00000     0.00000     0.00000     0.00000     0.00000     0.00000     0.00000     0.00000     0.00000     0.00000     0.00000     0.00000     0.00000     0.00000     0.00000     0.00000     0.00000     0.00000     0.00000     0.00000     0.00000     0.00000     0.00000     0.00000     0.00000     0.00000     0.00000     0.00000     0.00000     0.00000     0.00000     0.00000     0.00000   -62.30683   -62.29976   -62.29269   -62.28561   -62.27854   -62.27147   -62.26440   -62.25733   -62.25026   -62.24319   -62.23612   -62.22905   -62.22197   -62.21490   -62.20783   -62.20076   -62.19369   -62.18662   -62.17955   -62.17248   -62.16541   -62.15834   -62.15126   -62.14419   -62.13712   -62.13005   -62.12298   -62.11591   -62.10884   -62.10176   -62.09470   -62.08762   -62.08055   -62.07348   -62.06641   -62.05934   -62.05227   -62.04520   -62.03813   -62.03106   -62.02398   -62.01691   -62.00984   -62.00277   237.85490   242.80463   247.75436   252.70410   257.65390   262.60364   267.55338   272.50311   277.45285   282.40265   287.35239   292.30212   297.25186   302.20160   307.15134   312.10114   317.05084   322.00061   326.95032   331.90009   336.84985   341.79959   346.74933   351.69907   356.64880   361.59860   366.54834   371.49808   376.44781   381.39755   386.34729   391.29709   396.24683   401.19656   406.14630   411.09604   416.04584   420.99554   425.94531   430.89502   435.84479   440.79449   445.74429   450.69403   455.64377   460.59351   465.54324   470.49304   475.44278   480.39252   485.34225   490.29199   495.24179   500.19153   505.14127   510.09100   515.04071   519.99048   524.94025   529.89001   534.83972   539.78949   544.73920   549.68903   554.63873   559.58850   564.53821   569.48792   574.43774   579.38745   584.33722   589.28699   594.23669   599.18640   604.13623   609.08594   614.03571   618.98541   623.93518   628.88495   633.83472   638.78442   643.73419   648.68390   653.63373   658.58344   663.53320     0.00000     0.00000     0.00000     0.00000     0.00000     0.00000     0.00000     0.00000     0.00000     0.00000     0.00000     0.00000     0.00000     0.00000     0.00000     0.00000     0.00000     0.00000     0.00000     0.00000     0.00000     0.00000     0.00000     0.00000     0.00000     0.00000     0.00000     0.00000     0.00000     0.00000     0.00000     0.00000     0.00000     0.00000     0.00000     0.00000     0.00000     0.00000     0.00000     0.00000     0.00000     0.00000     0.00000     0.00000     0.00000     0.00000     0.00000     0.00000     0.00000
     0.00000     0.00000     0.00000     0.00000     0.00000     0.00000     0.00000     0.00000     0.00000     0.00000     0.00000     0.00000     0.00000     0.00000     0.00000     0.00000     0.00000     0.00000     0.00000     0.00000     0.00000     0.00000     0.00000     0.00000     0.00000     0.00000     0.00000     0.00000     0.00000     0.00000     0.00000     0.00000     0.00000     0.00000     0.00000     0.00000     0.00000     0.00000     0.00000     0.00000     0.00000     0.00000     0.00000     0.00000     0.00000     0.00000     0.00000     0.00000   -62.30683   -62.29976   -62.29269   -62.28561   -62.27854   -62.27147   -62.26440   -62.25733   -62.25026   -62.24319   -62.23612   -62.22905   -62.22197   -62.21490   -62.20783   -62.20076   -62.19369   -62.18662   -62.17955   -62.17248   -62.16541   -62.15834   -62.15126   -62.14419   -62.13712   -62.13005   -62.12298   -62.11591   -62.10884   -62.10176   -62.09470   -62.08762   -62.08055   -62.07348   -62.06641   -62.05934   -62.05227   -62.04520   -62.03813   -62.03106   -62.02398   -62.01691   -62.00984   -62.00277   230.78383   235.73355   240.68332   245.63306   250.58279   255.53253   260.48233   265.43207   270.38181   275.33154   280.28128   285.23108   290.18082   295.13055   300.08029   305.03003   309.97974   314.92957   319.87927   324.82904   329.77875   334.72849   339.67828   344.62802   349.57776   354.52750   359.47723   364.42703   369.37677   374.32651   379.27625   384.22598   389.17572   394.12552   399.07526   404.02499   408.97473   413.92444   418.87427   423.82397   428.77374   433.72345   438.67319   443.62292   448.57272   453.52246   458.47220   463.42194   468.37167   473.32147   478.27121   483.22095   488.17068   493.12042   498.07022   503.01996   507.96967   512.91943   517.86914   522.81891   527.76868   532.71844   537.66815   542.61792   547.56763   552.51746   557.46716   562.41687   567.36664   572.31641   577.26617   582.21594   587.16565   592.11536   597.06512   602.01489   606.96466   611.91437   616.86414   621.81384   626.76361   631.71338   636.66315   641.61285   646.56262   651.51233   656.46216   661.41187   666.36157     0.00000     0.00000     0.00000     0.00000     0.00000     0.00000     0.00000     0.00000     0.00000     0.00000     0.00000     0.00000     0.00000     0.00000     0.00000     0.00000     0.00000     0.00000     0.00000     0.00000     0.00000     0.00000     0.00000     0.00000     0.00000     0.00000     0.00000     0.00000     0.00000     0.00000     0.00000     0.00000     0.00000     0.00000     0.00000     0.00000     0.00000     0.00000     0.00000     0.00000     0.00000     0.00000     0.00000     0.00000     0.00000     0.00000     0.00000     0.00000
     0.00000     0.00000     0.00000     0.00000     0.00000     0.00000     0.00000     0.00000     0.00000     0.00000     0.00000     0.00000     0.00000     0.00000     0.00000     0.00000     0.00000     0.00000     0.00000     0.00000     0.00000     0.00000     0.00000     0.00000     0.00000     0.00000     0.00000     0.00000     0.00000     0.00000     0.00000     0.00000     0.00000     0.00000     0.00000     0.00000     0.00000     0.00000     0.00000     0.00000     0.00000     0.00000     0.00000     0.00000     0.00000     0.00000     0.00000   -62.30683   -62.29976   -62.29269   -62.28561   -62.27854   -62.27147   -62.26440   -62.25733   -62.25026   -62.24319   -62.23612   -62.22905   -62.22197   -62.21490   -62.20783   -62.20076   -62.19369   -62.18662   -62.17955   -62.17248   -62.16541   -62.15834   -62.15126   -62.14419   -62.13712   -62.13005   -62.12298   -62.11591   -62.10884   -62.10176   -62.09470   -62.08762   -62.08055   -62.07348   -62.06641   -62.05934   -62.05227   -62.04520   -62.03813   -62.03106   -62.02398   -62.01691   -62.00984   -62.00277   223.71275   228.66251   233.61224   238.56198   243.51175   248.46149   253.41122   258.36096   263.31076   268.26050   273.21024   278.15997   283.10971   288.05951   293.00925   297.95898   302.90869   307.85846   312.80817   317.75800   322.70770   327.65744   332.60718   337.55692   342.50671   347.45645   352.40619   357.35593   362.30566   367.25546   372.20520   377.15494   382.10468   387.05441   392.00415   396.95395   401.90369   406.85339   411.80316   416.75287   421.70270   426.65240   431.60214   436.55188   441.50162   446.45135   451.40115   456.35089   461.30063   466.25037   471.20010   476.14990   481.09964   486.04938   490.99911   495.94885   500.89862   505.84839   510.79810   515.74786   520.69757   525.64734   530.59711   535.54688   540.49658   545.44629   550.39606   555.34583   560.29559   565.24536   570.19507   575.14478   580.09460   585.04431   589.99408   594.94385   599.89355   604.84326   609.79309   614.74280   619.69257   624.64227   629.59204   634.54181   639.49158   644.44128   649.39099   654.34076   659.29053   664.24030   669.19006     0.00000     0.00000     0.00000     0.00000     0.00000     0.00000     0.00000     0.00000     0.00000     0.00000     0.00000     0.00000     0.00000     0.00000     0.00000     0.00000     0.00000     0.00000     0.00000     0.00000     0.00000     0.00000     0.00000     0.00000     0.00000     0.00000     0.00000     0.00000     0.00000     0.00000     0.00000     0.00000     0.00000     0.00000     0.00000     0.00000     0.00000     0.00000     0.00000     0.00000     0.00000     0.00000     0.00000     0.00000     0.00000     0.00000     0.00000
     0.00000     0.00000     0.00000     0.00000     0.00000     0.00000     0.00000     0.00000     0.00000     0.00000     0.00000     0.00000     0.00000     0.00000     0.00000     0.00000     0.00000     0.00000     0.00000     0.00000     0.00000     0.00000     0.00000     0.00000     0.00000     0.00000     0.00000     0.00000     0.00000     0.00000     0.00000     0.00000     0.00000     0.00000     0.00000     0.00000     0.00000     0.00000     0.00000     0.00000     0.00000     0.00000     0.00000     0.00000     0.00000     0.00000   -62.30683   -62.29976   -62.29269   -62.28561   -62.27854   -62.27147   -62.26440   -62.25733   -62.25026   -62.24319   -62.23612   -62.22905   -62.22197   -62.21490   -62.20783   -62.20076   -62.19369   -62.18662   -62.17955   -62.17248   -62.16541   -62.15834   -62.15126   -62.14419   -62.13712   -62.13005   -62.12298   -62.11591   -62.10884   -62.10176   -62.09470   -62.08762   -62.08055   -62.07348   -62.06641   -62.05934   -62.05227   -62.04520   -62.03813   -62.03106   -62.02398   -62.01691   -62.00984   -62.00277   216.64168   221.59143   226.54117   231.49094   236.44067   241.39041   246.34018   251.28992   256.23965   261.18939   266.13919   271.08893   276.03867   280.98840   285.93814   290.88794   295.83765   300.78741   305.73712   310.68689   315.63660   320.58640   325.53613   330.48587   335.43561   340.38535   345.33514   350.28488   355.23462   360.18436   365.13409   370.08389   375.03363   379.98337   384.93311   389.88284   394.83258   399.78235   404.73212   409.68182   414.63159   419.58130   424.53110   429.48083   434.43057   439.38031   444.33005   449.27979   454.22958   459.17932   464.12906   469.07880   474.02853   478.97833   483.92807   488.87781   493.82751   498.77728   503.72705   508.67682   513.62653   518.57629   523.52600   528.47577   533.42554   538.37524   543.32501   548.27478   553.22449   558.17432   563.12402   568.07373   573.02350   577.97327   582.92303   587.87280   592.82251   597.77222   602.72198   607.67169   612.62152   617.57123   622.52100   627.47070   632.42047   637.37024   642.31995   647.26971   652.21948   657.16919   662.11902   667.06873   672.01843     0.00000     0.00000     0.00000     0.00000     0.00000     0.00000     0.00000     0.00000     0.00000     0.00000     0.00000     0.00000     0.00000     0.00000     0.00000     0.00000     0.00000     0.00000     0.00000     0.00000     0.00000     0.00000     0.00000     0.00000     0.00000     0.00000     0.00000     0.00000     0.00000     0.00000     0.00000     0.00000     0.00000     0.00000     0.00000     0.00000     0.00000     0.00000     0.00000     0.00000     0.00000     0.00000     0.00000     0.00000     0.00000     0.00000
     0.00000     0.00000     0.00000     0.00000     0.00000     0.00000     0.00000     0.00000     0.00000     0.00000     0.00000     0.00000     0.00000     0.00000     0.00000     0.00000     0.00000     0.00000     0.00000     0.00000     0.00000     0.00000     0.00000     0.00000     0.00000     0.00000     0.00000     0.00000     0.00000     0.00000     0.00000     0.00000     0.00000     0.00000     0.00000     0.00000     0.00000     0.00000     0.00000     0.00000     0.00000     0.00000     0.00000     0.00000     0.00000   -62.30683   -62.29976   -62.29269   -62.28561   -62.27854   -62.27147   -62.26440   -62.25733   -62.25026   -62.24319   -62.23612   -62.22905   -62.22197   -62.21490   -62.20783   -62.20076   -62.19369   -62.18662   -62.17955   -62.17248   -62.16541   -62.15834   -62.15126   -62.14419   -62.13712   -62.13005   -62.12298   -62.11591   -62.10884   -62.10176   -62.09470   -62.08762   -62.08055   -62.07348   -62.06641   -62.05934   -62.05227   -62.04520   -62.03813   -62.03106   -62.02398   -62.01691   -62.00984   -62.00277   209.57063   214.52036   219.47009   224.41986   229.36960   234.31937   239.26910   244.21884   249.16861   254.11835   259.06808   264.01782   268.96762   273.91736   278.86710   283.81683   288.76654   293.71637   298.66608   303.61584   308.56555   313.51529   318.46503   323.41483   328.36456   333.31430   338.26404   343.21378   348.16357   353.11331   358.06305   363.01279   367.96252   372.91232   377.86206   382.81180   387.76154   392.71124   397.66101   402.61078   407.56055   412.51025   417.45999   422.40973   427.35953   432.30927   437.25900   442.20874   447.15848   452.10822   457.05801   462.00775   466.95749   471.90723   476.85696   481.80676   486.75647   491.70624   496.65594   501.60571   506.55548   511.50525   516.45496   521.40472   526.35443   531.30420   536.25397   541.20374   546.15344   551.10315   556.05292   561.00269   565.95245   570.90222   575.85193   580.80164   585.75146   590.70117   595.65094   600.60065   605.55042   610.50012   615.44995   620.39966   625.34943   630.29913   635.24890   640.19867   645.14844   650.09814   655.04785   659.99762   664.94739   669.89716   674.84692     0.00000     0.00000     0.00000     0.00000     0.00000     0.00000     0.00000     0.00000     0.00000     0.00000     0.00000     0.00000     0.00000     0.00000     0.00000     0.00000     0.00000     0.00000     0.00000     0.00000     0.00000     0.00000     0.00000     0.00000     0.00000     0.00000     0.00000     0.00000     0.00000     0.00000     0.00000     0.00000     0.00000     0.00000     0.00000     0.00000     0.00000     0.00000     0.00000     0.00000     0.00000     0.00000     0.00000     0.00000     0.00000
     0.00000     0.00000     0.00000     0.00000     0.00000     0.00000     0.00000     0.00000     0.00000     0.00000     0.00000     0.00000     0.00000     0.00000     0.00000     0.00000     0.00000     0.00000     0.00000     0.00000     0.00000     0.00000     0.00000     0.00000     0.00000     0.00000     0.00000     0.00000     0.00000     0.00000     0.00000     0.00000     0.00000     0.00000     0.00000     0.00000     0.00000     0.00000     0.00000     0.00000     0.00000     0.00000     0.00000     0.00000   -62.30683   -62.29976   -62.29269   -62.28561   -62.27854   -62.27147   -62.26440   -62.25733   -62.25026   -62.24319   -62.23612   -62.22905   -62.22197   -62.21490   -62.20783   -62.20076   -62.19369   -62.18662   -62.17955   -62.17248   -62.16541   -62.15834   -62.15126   -62.14419   -62.13712   -62.13005   -62.12298   -62.11591   -62.10884   -62.10176   -62.09470   -62.08762   -62.08055   -62.07348   -62.06641   -62.05934   -62.05227   -62.04520   -62.03813   -62.03106   -62.02398   -62.01691   -62.00984   -62.00277   202.49956   207.44928   212.39905   217.34879   222.29852   227.24829   232.19803   237.14780   242.09753   247.04727   251.99704   256.94678   261.89651   266.84625   271.79605   276.74579   281.69550   286.64526   291.59497   296.54480   301.49451   306.44424   311.39398   316.34372   321.29346   326.24326   331.19299   336.14273   341.09247   346.04221   350.99200   355.94174   360.89148   365.84122   370.79095   375.74075   380.69049   385.64020   390.58997   395.53967   400.48944   405.43921   410.38895   415.33868   420.28842   425.23816   430.18796   435.13770   440.08743   445.03717   449.98691   454.93665   459.88644   464.83618   469.78592   474.73566   479.68536   484.63519   489.58490   494.53467   499.48438   504.43414   509.38391   514.33368   519.28339   524.23315   529.18286   534.13257   539.08240   544.03210   548.98187   553.93164   558.88135   563.83118   568.78088   573.73059   578.68036   583.63007   588.57990   593.52960   598.47937   603.42908   608.37885   613.32855   618.27838   623.22809   628.17786   633.12756   638.07727   643.02710   647.97681   652.92657   657.87634   662.82605   667.77588   672.72559   677.67529     0.00000     0.00000     0.00000     0.00000     0.00000     0.00000     0.00000     0.00000     0.00000     0.00000     0.00000     0.00000     0.00000     0.00000     0.00000     0.00000     0.00000     0.00000     0.00000     0.00000     0.00000     0.00000     0.00000     0.00000     0.00000     0.00000     0.00000     0.00000     0.00000     0.00000     0.00000     0.00000     0.00000     0.00000     0.00000     0.00000     0.00000     0.00000     0.00000     0.00000     0.00000     0.00000     0.00000     0.00000
     0.00000     0.00000     0.00000     0.00000     0.00000     0.00000     0.00000     0.00000     0.00000     0.00000     0.00000     0.00000     0.00000     0.00000     0.00000     0.00000     0.00000     0.00000     0.00000     0.00000     0.00000     0.00000     0.00000     0.00000     0.00000     0.00000     0.00000     0.00000     0.00000     0.00000     0.00000     0.00000     0.00000     0.00000     0.00000     0.00000     0.00000     0.00000     0.00000     0.00000     0.00000     0.00000     0.00000   -62.30683   -62.29976   -62.29269   -62.28561   -62.27854   -62.27147   -62.26440   -62.25733   -62.25026   -62.24319   -62.23612   -62.22905   -62.22197   -62.21490   -62.20783   -62.20076   -62.19369   -62.18662   -62.17955   -62.17248   -62.16541   -62.15834   -62.15126   -62.14419   -62.13712   -62.13005   -62.12298   -62.11591   -62.10884   -62.10176   -62.09470   -62.08762   -62.08055   -62.07348   -62.06641   -62.05934   -62.05227   -62.04520   -62.03813   -62.03106   -62.02398   -62.01691   -62.00984   -62.00277   195.42848   200.37823   205.32797   210.27771   215.22748   220.17722   225.12695   230.07672   235.02646   239.97623   244.92596   249.87570   254.82547   259.77521   264.72495   269.67468   274.62445   279.57422   284.52393   289.47369   294.42340   299.37320   304.32294   309.27267   314.22241   319.17215   324.12189   329.07169   334.02142   338.97116   343.92090   348.87064   353.82043   358.77017   363.71991   368.66965   373.61938   378.56915   383.51892   388.46863   393.41840   398.36810   403.31784   408.26764   413.21738   418.16711   423.11685   428.06659   433.01639   437.96613   442.91586   447.86560   452.81534   457.76508   462.71487   467.66461   472.61432   477.56409   482.51379   487.46362   492.41333   497.36310   502.31281   507.26257   512.21234   517.16211   522.11182   527.06152   532.01129   536.96106   541.91083   546.86060   551.81030   556.76001   561.70978   566.65955   571.60931   576.55902   581.50879   586.45850   591.40833   596.35803   601.30780   606.25751   611.20728   616.15698   621.10681   626.05652   631.00623   635.95599   640.90576   645.85553   650.80530   655.75500   660.70471   665.65448   670.60425   675.55402   680.50372     0.00000     0.00000     0.00000     0.00000     0.00000     0.00000     0.00000     0.00000     0.00000     0.00000     0.00000     0.00000     0.00000     0.00000     0.00000     0.00000     0.00000     0.00000     0.00000     0.00000     0.00000     0.00000     0.00000     0.00000     0.00000     0.00000     0.00000     0.00000     0.00000     0.00000     0.00000     0.00000     0.00000     0.00000     0.00000     0.00000     0.00000     0.00000     0.00000     0.00000     0.00000     0.00000     0.00000
     0.00000     0.00000     0.00000     0.00000     0.00000     0.00000     0.00000     0.00000     0.00000     0.00000     0.00000     0.00000     0.00000     0.00000     0.00000     0.00000     0.00000     0.00000     0.00000     0.00000     0.00000     0.00000     0.00000     0.00000     0.00000     0.00000     0.00000     0.00000     0.00000     0.00000     0.00000     0.00000     0.00000     0.00000     0.00000     0.00000     0.00000     0.00000     0.00000     0.00000     0.00000     0.00000   -62.30683   -62.29976   -62.29269   -62.28561   -62.27854   -62.27147   -62.26440   -62.25733   -62.25026   -62.24319   -62.23612   -62.22905   -62.22197   -62.21490   -62.20783   -62.20076   -62.19369   -62.18662   -62.17955   -62.17248   -62.16541   -62.15834   -62.15126   -62.14419   -62.13712   -62.13005   -62.12298   -62.11591   -62.10884   -62.10176   -62.09470   -62.08762   -62.08055   -62.07348   -62.06641   -62.05934   -62.05227   -62.04520   -62.03813   -62.03106   -62.02398   -62.01691   -62.00984   -62.00277   188.35741   193.30716   198.25690   203.20667   208.15640   213.10614   218.05591   223.00565   227.95538   232.90515   237.85489   242.80466   247.75439   252.70413   257.65390   262.60364   267.55334   272.50311   277.45288   282.40265   287.35236   292.30209   297.25183   302.20163   307.15137   312.10110   317.05084   322.00058   326.95032   331.90012   336.84985   341.79959   346.74933   351.69907   356.64886   361.59860   366.54834   371.49805   376.44781   381.39758   386.34735   391.29706   396.24680   401.19653   406.14627   411.09607   416.04581   420.99554   425.94528   430.89502   435.84482   440.79456   445.74429   450.69403   455.64377   460.59351   465.54327   470.49304   475.44275   480.39252   485.34222   490.29205   495.24176   500.19153   505.14124   510.09097   515.04077   519.99048   524.94025   529.89001   534.83972   539.78943   544.73926   549.68896   554.63873   559.58850   564.53821   569.48798   574.43774   579.38745   584.33722   589.28693   594.23676   599.18646   604.13623   609.08594   614.03564   618.98541   623.93518   628.88495   633.83472   638.78442   643.73413   648.68396   653.63367   658.58344   663.53320   668.48291   673.43268   678.38245   683.33215     0.00000     0.00000     0.00000     0.00000     0.00000     0.00000     0.00000     0.00000     0.00000     0.00000     0.00000     0.00000     0.00000     0.00000     0.00000     0.00000     0.00000     0.00000     0.00000     0.00000     0.00000     0.00000     0.00000     0.00000     0.00000     0.00000     0.00000     0.00000     0.00000     0.00000     0.00000     0.00000     0.00000     0.00000     0.00000     0.00000     0.00000     0.00000     0.00000     0.00000     0.00000     0.00000
     0.00000     0.00000     0.00000     0.00000     0.00000     0.00000     0.00000     0.00000     0.00000     0.00000     0.00000     0.00000     0.00000     0.00000     0.00000     0.00000     0.00000     0.00000     0.00000     0.00000     0.00000     0.00000     0.00000     0.00000     0.00000     0.00000     0.00000     0.00000     0.00000     0.00000     0.00000     0.00000     0.00000     0.00000     0.00000     0.00000     0.00000     0.00000     0.00000     0.00000     0.00000   -62.30683   -62.29976   -62.29269   -62.28561   -62.27854   -62.27147   -62.26440   -62.25733   -62.25026   -62.24319   -62.23612   -62.22905   -62.22197   -62.21490   -62.20783   -62.20076   -62.19369   -62.18662   -62.17955   -62.17248   -62.16541   -62.15834   -62.15126   -62.14419   -62.13712   -62.13005   -62.12298   -62.11591   -62.10884   -62.10176   -62.09470   -62.08762   -62.08055   -62.07348   -62.06641   -62.05934   -62.05227   -62.04520   -62.03813   -62.03106   -62.02398   -62.01691   -62.00984   -62.00277   181.28636   186.23608   191.18582   196.13559   201.08533   206.03510   210.98483   215.93457   220.88434   225.83408   230.78381   235.73358   240.68332   245.63309   250.58282   255.53256   260.48230   265.43207   270.38177   275.33154   280.28131   285.23105   290.18079   295.13052   300.08026   305.03006   309.97980   314.92953   319.87927   324.82901   329.77875   334.72855   339.67828   344.62802   349.57776   354.52750   359.47729   364.42700   369.37677   374.32648   379.27625   384.22601   389.17575   394.12549   399.07523   404.02496   408.97470   413.92450   418.87424   423.82397   428.77371   433.72345   438.67325   443.62299   448.57272   453.52246   458.47217   463.42194   468.37170   473.32147   478.27118   483.22095   488.17065   493.12048   498.07019   503.01993   507.96967   512.91943   517.86920   522.81897   527.76868   532.71838   537.66815   542.61792   547.56769   552.51746   557.46716   562.41687   567.36664   572.31641   577.26617   582.21588   587.16565   592.11536   597.06519   602.01489   606.96460   611.91437   616.86414   621.81384   626.76367   631.71338   636.66309   641.61285   646.56262   651.51239   656.46216   661.41187   666.36157   671.31134   676.26111   681.21088   686.16058     0.00000     0.00000     0.00000     0.00000     0.00000     0.00000     0.00000     0.00000     0.00000     0.00000     0.00000     0.00000     0.00000     0.00000     0.00000     0.00000     0.00000     0.00000     0.00000     0.00000     0.00000     0.00000     0.00000     0.00000     0.00000     0.00000     0.00000     0.00000     0.00000     0.00000     0.00000     0.00000     0.00000     0.00000     0.00000     0.00000     0.00000     0.00000     0.00000     0.00000     0.00000
     0.00000     0.00000     0.00000     0.00000     0.00000     0.00000     0.00000     0.00000     0.00000     0.00000     0.00000     0.00000     0.00000     0.00000     0.00000     0.00000     0.00000     0.00000     0.00000     0.00000     0.00000     0.00000     0.00000     0.00000     0.00000     0.00000     0.00000     0.00000     0.00000     0.00000     0.00000     0.00000     0.00000     0.00000     0.00000     0.00000     0.00000     0.00000     0.00000     0.00000   -62.30683   -62.29976   -62.29269   -62.28561   -62.27854   -62.27147   -62.26440   -62.25733   -62.25026   -62.24319   -62.23612   -62.22905   -62.22197   -62.21490   -62.20783   -62.20076   -62.19369   -62.18662   -62.17955   -62.17248   -62.16541   -62.15834   -62.15126   -62.14419   -62.13712   -62.13005   -62.12298   -62.11591   -62.10884   -62.10176   -62.09470   -62.08762   -62.08055   -62.07348   -62.06641   -62.05934   -62.05227   -62.04520   -62.03813   -62.03106   -62.02398   -62.01691   -62.00984   -62.00277   174.21529   179.16501   184.11478   189.06451   194.01425   198.96402   203.91376   208.86353   213.81326   218.76300   223.71277   228.66251   233.61224   238.56201   243.51175   248.46152   253.41124   258.36096   263.31073   268.26050   273.21021   278.15994   283.10974   288.05948   293.00922   297.95895   302.90869   307.85849   312.80823   317.75797   322.70770   327.65744   332.60718   337.55698   342.50671   347.45645   352.40619   357.35590   362.30573   367.25543   372.20520   377.15491   382.10464   387.05444   392.00418   396.95392   401.90366   406.85339   411.80313   416.75293   421.70267   426.65240   431.60214   436.55188   441.50168   446.45142   451.40112   456.35089   461.30060   466.25037   471.20013   476.14990   481.09961   486.04938   490.99908   495.94888   500.89862   505.84836   510.79810   515.74780   520.69763   525.64734   530.59711   535.54688   540.49658   545.44629   550.39612   555.34583   560.29559   565.24530   570.19507   575.14484   580.09460   585.04431   589.99408   594.94379   599.89355   604.84332   609.79309   614.74280   619.69250   624.64227   629.59204   634.54181   639.49158   644.44128   649.39099   654.34082   659.29053   664.24030   669.19000   674.13977   679.08954   684.03931   688.98901     0.00000     0.00000     0.00000     0.00000     0.00000     0.00000     0.00000     0.00000     0.00000     0.00000     0.00000     0.00000     0.00000     0.00000     0.00000     0.00000     0.00000     0.00000     0.00000     0.00000     0.00000     0.00000     0.00000     0.00000     0.00000     0.00000     0.00000     0.00000     0.00000     0.00000     0.00000     0.00000     0.00000     0.00000     0.00000     0.00000     0.00000     0.00000     0.00000     0.00000
     0.00000     0.00000     0.00000     0.00000     0.00000     0.00000     0.00000     0.00000     0.00000     0.00000     0.00000     0.00000     0.00000     0.00000     0.00000     0.00000     0.00000     0.00000     0.00000     0.00000     0.00000     0.00000     0.00000     0.00000     0.00000     0.00000     0.00000     0.00000     0.00000     0.00000     0.00000     0.00000     0.00000     0.00000     0.00000     0.00000     0.00000     0.00000     0.00000   -62.30683   -62.29976   -62.29269   -62.28561   -62.27854   -62.27147   -62.26440   -62.25733   -62.25026   -62.24319   -62.23612   -62.22905   -62.22197   -62.21490   -62.20783   -62.20076   -62.19369   -62.18662   -62.17955   -62.17248   -62.16541   -62.15834   -62.15126   -62.14419   -62.13712   -62.13005   -62.12298   -62.11591   -62.10884   -62.10176   -62.09470   -62.08762   -62.08055   -62.07348   -62.06641   -62.05934   -62.05227   -62.04520   -62.03813   -62.03106   -62.02398   -62.01691   -62.00984   -62.00277   167.14421   172.09396   177.04370   181.99344   186.94321   191.89294   196.84268   201.79245   206.74219   211.69196   216.64169   221.59143   226.54120   231.49094   236.44067   241.39044   246.34016   251.28993   256.23969   261.18939   266.13916   271.08890   276.03864   280.98837   285.93817   290.88791   295.83765   300.78738   305.73712   310.68692   315.63666   320.58640   325.53613   330.48587   335.43561   340.38541   345.33514   350.28485   355.23462   360.18433   365.13416   370.08386   375.03360   379.98334   384.93307   389.88287   394.83261   399.78235   404.73209   409.68182   414.63156   419.58136   424.53110   429.48083   434.43057   439.38031   444.33008   449.27985   454.22955   459.17932   464.12903   469.07880   474.02856   478.97833   483.92804   488.87778   493.82751   498.77731   503.72705   508.67679   513.62653   518.57629   523.52606   528.47583   533.42554   538.37524   543.32501   548.27472   553.22455   558.17426   563.12402   568.07373   573.02350   577.97327   582.92303   587.87274   592.82251   597.77222   602.72205   607.67175   612.62146   617.57123   622.52100   627.47070   632.42053   637.37024   642.31995   647.26971   652.21942   657.16925   662.11896   667.06873   672.01843   676.96820   681.91797   686.86774   691.81744     0.00000     0.00000     0.00000     0.00000     0.00000     0.00000     0.00000     0.00000     0.00000     0.00000     0.00000     0.00000     0.00000     0.00000     0.00000     0.00000     0.00000     0.00000     0.00000     0.00000     0.00000     0.00000     0.00000     0.00000     0.00000     0.00000     0.00000     0.00000     0.00000     0.00000     0.00000     0.00000     0.00000     0.00000     0.00000     0.00000     0.00000     0.00000     0.00000
     0.00000     0.00000     0.00000     0.00000     0.00000     0.00000     0.00000     0.00000     0.00000     0.00000     0.00000     0.00000     0.00000     0.00000     0.00000     0.00000     0.00000     0.00000     0.00000     0.00000     0.00000     0.00000     0.00000     0.00000     0.00000     0.00000     0.00000     0.00000     0.00000     0.00000     0.00000     0.00000     0.00000     0.00000     0.00000     0.00000     0.00000     0.00000   -62.30683   -62.29976   -62.29269   -62.28561   -62.27854   -62.27147   -62.26440   -62.25733   -62.25026   -62.24319   -62.23612   -62.22905   -62.22197   -62.21490   -62.20783   -62.20076   -62.19369   -62.18662   -62.17955   -62.17248   -62.16541   -62.15834   -62.15126   -62.14419   -62.13712   -62.13005   -62.12298   -62.11591   -62.10884   -62.10176   -62.09470   -62.08762   -62.08055   -62.07348   -62.06641   -62.05934   -62.05227   -62.04520   -62.03813   -62.03106   -62.02398   -62.01691   -62.00984   -62.00277   160.07314   165.02289   169.97263   174.92239   179.87213   184.82187   189.77164   194.72137   199.67111   204.62088   209.57062   214.52039   219.47012   224.41986   229.36963   234.31937   239.26909   244.21886   249.16859   254.11836   259.06812   264.01782   268.96759   273.91733   278.86707   283.81680   288.76660   293.71634   298.66608   303.61581   308.56555   313.51535   318.46509   323.41483   328.36456   333.31430   338.26404   343.21381   348.16357   353.11328   358.06305   363.01276   367.96255   372.91229   377.86203   382.81177   387.76151   392.71130   397.66104   402.61078   407.56052   412.51025   417.45999   422.40979   427.35953   432.30927   437.25897   442.20874   447.15851   452.10828   457.05798   462.00775   466.95746   471.90723   476.85699   481.80673   486.75647   491.70621   496.65594   501.60574   506.55548   511.50522   516.45496   521.40466   526.35449   531.30420   536.25397   541.20367   546.15344   551.10315   556.05298   561.00269   565.95245   570.90216   575.85193   580.80170   585.75146   590.70117   595.65088   600.60065   605.55042   610.50018   615.44995   620.39966   625.34937   630.29913   635.24890   640.19867   645.14838   650.09814   655.04785   659.99768   664.94739   669.89716   674.84686   679.79663   684.74640   689.69617   694.64587     0.00000     0.00000     0.00000     0.00000     0.00000     0.00000     0.00000     0.00000     0.00000     0.00000     0.00000     0.00000     0.00000     0.00000     0.00000     0.00000     0.00000     0.00000     0.00000     0.00000     0.00000     0.00000     0.00000     0.00000     0.00000     0.00000     0.00000     0.00000     0.00000     0.00000     0.00000     0.00000     0.00000     0.00000     0.00000     0.00000     0.00000     0.00000
     0.00000     0.00000     0.00000     0.00000     0.00000     0.00000     0.00000     0.00000     0.00000     0.00000     0.00000     0.00000     0.00000     0.00000     0.00000     0.00000     0.00000     0.00000     0.00000     0.00000     0.00000     0.00000     0.00000     0.00000     0.00000     0.00000     0.00000     0.00000     0.00000     0.00000     0.00000     0.00000     0.00000     0.00000     0.00000     0.00000     0.00000   -62.30683   -62.29976   -62.29269   -62.28561   -62.27854   -62.27147   -62.26440   -62.25733   -62.25026   -62.24319   -62.23612   -62.22905   -62.22197   -62.21490   -62.20783   -62.20076   -62.19369   -62.18662   -62.17955   -62.17248   -62.16541   -62.15834   -62.15126   -62.14419   -62.13712   -62.13005   -62.12298   -62.11591   -62.10884   -62.10176   -62.09470   -62.08762   -62.08055   -62.07348   -62.06641   -62.05934   -62.05227   -62.04520   -62.03813   -62.03106   -62.02398   -62.01691   -62.00984   -62.00277   153.00209   157.95181   162.90155   167.85132   172.80106   177.75082   182.70056   187.65030   192.60007   197.54980   202.49954   207.44931   212.39905   217.34882   222.29855   227.24829   232.19804   237.14778   242.09752   247.04729   251.99702   256.94678   261.89651   266.84625   271.79602   276.74576   281.69550   286.64523   291.59503   296.54477   301.49451   306.44424   311.39398   316.34378   321.29352   326.24326   331.19299   336.14270   341.09247   346.04224   350.99200   355.94171   360.89145   365.84119   370.79099   375.74072   380.69046   385.64020   390.58994   395.53973   400.48947   405.43921   410.38895   415.33868   420.28842   425.23822   430.18793   435.13770   440.08740   445.03717   449.98694   454.93671   459.88641   464.83618   469.78589   474.73563   479.68542   484.63516   489.58490   494.53464   499.48438   504.43417   509.38391   514.33362   519.28339   524.23315   529.18292   534.13263   539.08240   544.03210   548.98187   553.93158   558.88141   563.83112   568.78088   573.73059   578.68030   583.63013   588.57983   593.52960   598.47937   603.42908   608.37891   613.32861   618.27832   623.22809   628.17786   633.12756   638.07733   643.02710   647.97681   652.92657   657.87628   662.82611   667.77582   672.72559   677.67529   682.62500   687.57483   692.52454   697.47430     0.00000     0.00000     0.00000     0.00000     0.00000     0.00000     0.00000     0.00000     0.00000     0.00000     0.00000     0.00000     0.00000     0.00000     0.00000     0.00000     0.00000     0.00000     0.00000     0.00000     0.00000     0.00000     0.00000     0.00000     0.00000     0.00000     0.00000     0.00000     0.00000     0.00000     0.00000     0.00000     0.00000     0.00000     0.00000     0.00000     0.00000
     0.00000     0.00000     0.00000     0.00000     0.00000     0.00000     0.00000     0.00000     0.00000     0.00000     0.00000     0.00000     0.00000     0.00000     0.00000     0.00000     0.00000     0.00000     0.00000     0.00000     0.00000     0.00000     0.00000     0.00000     0.00000     0.00000     0.00000     0.00000     0.00000     0.00000     0.00000     0.00000     0.00000     0.00000     0.00000     0.00000   -62.30683   -62.29976   -62.29269   -62.28561   -62.27854   -62.27147   -62.26440   -62.25733   -62.25026   -62.24319   -62.23612   -62.22905   -62.22197   -62.21490   -62.20783   -62.20076   -62.19369   -62.18662   -62.17955   -62.17248   -62.16541   -62.15834   -62.15126   -62.14419   -62.13712   -62.13005   -62.12298   -62.11591   -62.10884   -62.10176   -62.09470   -62.08762   -62.08055   -62.07348   -62.06641   -62.05934   -62.05227   -62.04520   -62.03813   -62.03106   -62.02398   -62.01691   -62.00984   -62.00277   145.93102   150.88074   155.83051   160.78024   165.72998   170.67975   175.62949   180.57925   185.52899   190.47873   195.42850   200.37823   205.32797   210.27774   215.22748   220.17725   225.12697   230.07671   235.02647   239.97621   244.92595   249.87570   254.82544   259.77521   264.72495   269.67468   274.62445   279.57419   284.52393   289.47366   294.42346   299.37320   304.32294   309.27267   314.22241   319.17221   324.12195   329.07166   334.02142   338.97113   343.92090   348.87067   353.82040   358.77014   363.71988   368.66962   373.61942   378.56915   383.51889   388.46863   393.41837   398.36816   403.31790   408.26764   413.21738   418.16711   423.11682   428.06665   433.01636   437.96613   442.91583   447.86560   452.81537   457.76514   462.71484   467.66458   472.61432   477.56406   482.51385   487.46359   492.41333   497.36307   502.31281   507.26260   512.21234   517.16211   522.11182   527.06152   532.01135   536.96106   541.91083   546.86053   551.81030   556.76001   561.70984   566.65955   571.60925   576.55902   581.50879   586.45856   591.40833   596.35803   601.30774   606.25751   611.20728   616.15704   621.10681   626.05652   631.00623   635.95599   640.90576   645.85553   650.80524   655.75500   660.70471   665.65454   670.60425   675.55396   680.50372   685.45349   690.40326   695.35303   700.30273     0.00000     0.00000     0.00000     0.00000     0.00000     0.00000     0.00000     0.00000     0.00000     0.00000     0.00000     0.00000     0.00000     0.00000     0.00000     0.00000     0.00000     0.00000     0.00000     0.00000     0.00000     0.00000     0.00000     0.00000     0.00000     0.00000     0.00000     0.00000     0.00000     0.00000     0.00000     0.00000     0.00000     0.00000     0.00000     0.00000
     0.00000     0.00000     0.00000     0.00000     0.00000     0.00000     0.00000     0.00000     0.00000     0.00000     0.00000     0.00000     0.00000     0.00000     0.00000     0.00000     0.00000     0.00000     0.00000     0.00000     0.00000     0.00000     0.00000     0.00000     0.00000     0.00000     0.00000     0.00000     0.00000     0.00000     0.00000     0.00000     0.00000     0.00000     0.00000   -62.30683   -62.29976   -62.29269   -62.28561   -62.27854   -62.27147   -62.26440   -62.25733   -62.25026   -62.24319   -62.23612   -62.22905   -62.22197   -62.21490   -62.20783   -62.20076   -62.19369   -62.18662   -62.17955   -62.17248   -62.16541   -62.15834   -62.15126   -62.14419   -62.13712   -62.13005   -62.12298   -62.11591   -62.10884   -62.10176   -62.09470   -62.08762   -62.08055   -62.07348   -62.06641   -62.05934   -62.05227   -62.04520   -62.03813   -62.03106   -62.02398   -62.01691   -62.00984   -62.00277   138.86000   143.80969   148.75943   153.70917   158.65894   163.60867   168.55841   173.50818   178.45792   183.40768   188.35742   193.30716   198.25693   203.20667   208.15640   213.10617   218.05589   223.00566   227.95540   232.90514   237.85490   242.80463   247.75436   252.70413   257.65387   262.60364   267.55338   272.50311   277.45288   282.40262   287.35236   292.30209   297.25189   302.20163   307.15137   312.10110   317.05084   322.00061   326.95038   331.90009   336.84985   341.79956   346.74930   351.69910   356.64883   361.59857   366.54831   371.49805   376.44785   381.39758   386.34732   391.29706   396.24680   401.19659   406.14633   411.09607   416.04578   420.99554   425.94525   430.89508   435.84479   440.79456   445.74426   450.69403   455.64380   460.59354   465.54327   470.49301   475.44275   480.39249   485.34229   490.29202   495.24176   500.19150   505.14124   510.09103   515.04077   519.99048   524.94025   529.88995   534.83978   539.78949   544.73926   549.68896   554.63873   559.58844   564.53821   569.48798   574.43774   579.38745   584.33716   589.28699   594.23669   599.18646   604.13623   609.08594   614.03577   618.98547   623.93518   628.88495   633.83466   638.78442   643.73419   648.68396   653.63367   658.58344   663.53314   668.48291   673.43268   678.38245   683.33215   688.28186   693.23169   698.18140   703.13116     0.00000     0.00000     0.00000     0.00000     0.00000     0.00000     0.00000     0.00000     0.00000     0.00000     0.00000     0.00000     0.00000     0.00000     0.00000     0.00000     0.00000     0.00000     0.00000     0.00000     0.00000     0.00000     0.00000     0.00000     0.00000     0.00000     0.00000     0.00000     0.00000     0.00000     0.00000     0.00000     0.00000     0.00000     0.00000
     0.00000     0.00000     0.00000     0.00000     0.00000     0.00000     0.00000     0.00000     0.00000     0.00000     0.00000     0.00000     0.00000     0.00000     0.00000     0.00000     0.00000     0.00000     0.00000     0.00000     0.00000     0.00000     0.00000     0.00000     0.00000     0.00000     0.00000     0.00000     0.00000     0.00000     0.00000     0.00000     0.00000     0.00000   -62.30683   -62.29976   -62.29269   -62.28561   -62.27854   -62.27147   -62.26440   -62.25733   -62.25026   -62.24319   -62.23612   -62.22905   -62.22197   -62.21490   -62.20783   -62.20076   -62.19369   -62.18662   -62.17955   -62.17248   -62.16541   -62.15834   -62.15126   -62.14419   -62.13712   -62.13005   -62.12298   -62.11591   -62.10884   -62.10176   -62.09470   -62.08762   -62.08055   -62.07348   -62.06641   -62.05934   -62.05227   -62.04520   -62.03813   -62.03106   -62.02398   -62.01691   -62.00984   -62.00277   145.93108   143.80972   141.68842   146.63812   151.58786   156.53760   161.48737   166.43710   171.38684   176.33661   181.28635   186.23611   191.18585   196.13559   201.08536   206.03510   210.98482   215.93459   220.88432   225.83409   230.78383   235.73355   240.68332   245.63306   250.58279   255.53256   260.48230   265.43207   270.38181   275.33154   280.28131   285.23105   290.18079   295.13052   300.08032   305.03006   309.97980   314.92950   319.87927   324.82904   329.77881   334.72852   339.67825   344.62799   349.57773   354.52753   359.47726   364.42700   369.37674   374.32648   379.27628   384.22601   389.17575   394.12549   399.07523   404.02502   408.97473   413.92450   418.87421   423.82397   428.77368   433.72351   438.67322   443.62299   448.57269   453.52243   458.47223   463.42197   468.37170   473.32144   478.27118   483.22092   488.17072   493.12045   498.07019   503.01993   507.96967   512.91943   517.86920   522.81891   527.76868   532.71838   537.66821   542.61792   547.56769   552.51740   557.46716   562.41687   567.36670   572.31641   577.26611   582.21588   587.16565   592.11542   597.06519   602.01489   606.96460   611.91437   616.86414   621.81390   626.76361   631.71338   636.66309   641.61285   646.56262   651.51239   656.46210   661.41187   666.36157   671.31140   676.26111   681.21082   686.16058   691.11035   696.06012   701.00989   705.95959     0.00000     0.00000     0.00000     0.00000     0.00000     0.00000     0.00000     0.00000     0.00000     0.00000     0.00000     0.00000     0.00000     0.00000     0.00000     0.00000     0.00000     0.00000     0.00000     0.00000     0.00000     0.00000     0.00000     0.00000     0.00000     0.00000     0.00000     0.00000     0.00000     0.00000     0.00000     0.00000     0.00000     0.00000
     0.00000     0.00000     0.00000     0.00000     0.00000     0.00000     0.00000     0.00000     0.00000     0.00000     0.00000     0.00000     0.00000     0.00000     0.00000     0.00000     0.00000     0.00000     0.00000     0.00000     0.00000     0.00000     0.00000     0.00000     0.00000     0.00000     0.00000     0.00000     0.00000     0.00000     0.00000     0.00000     0.00000   -62.30683   -62.29976   -62.29269   -62.28561   -62.27854   -62.27147   -62.26440   -62.25733   -62.25026   -62.24319   -62.23612   -62.22905   -62.22197   -62.21490   -62.20783   -62.20076   -62.19369   -62.18662   -62.17955   -62.17248   -62.16541   -62.15834   -62.15126   -62.14419   -62.13712   -62.13005   -62.12298   -62.11591   -62.10884   -62.10176   -62.09470   -62.08762   -62.08055   -62.07348   -62.06641   -62.05934   -62.05227   -62.04520   -62.03813   -62.03106   -62.02398   -62.01691   -62.00984   -62.00277   153.00212   150.88080   148.75949   146.63815   144.51685   149.46655   154.41629   159.36603   164.31580   169.26553   174.21527   179.16504   184.11478   189.06454   194.01428   198.96402   203.91377   208.86351   213.81325   218.76302   223.71275   228.66251   233.61224   238.56198   243.51175   248.46149   253.41122   258.36099   263.31073   268.26050   273.21024   278.15997   283.10974   288.05948   293.00922   297.95895   302.90875   307.85846   312.80823   317.75793   322.70770   327.65747   332.60721   337.55695   342.50668   347.45642   352.40616   357.35596   362.30569   367.25543   372.20517   377.15491   382.10471   387.05444   392.00418   396.95392   401.90363   406.85345   411.80316   416.75293   421.70264   426.65240   431.60211   436.55194   441.50165   446.45139   451.40112   456.35086   461.30066   466.25040   471.20013   476.14987   481.09961   486.04935   490.99915   495.94888   500.89862   505.84833   510.79810   515.74786   520.69763   525.64734   530.59711   535.54681   540.49664   545.44635   550.39612   555.34583   560.29553   565.24530   570.19507   575.14484   580.09460   585.04431   589.99402   594.94385   599.89355   604.84332   609.79303   614.74280   619.69257   624.64233   629.59204   634.54181   639.49152   644.44128   649.39105   654.34082   659.29053   664.24023   669.19000   674.13977   679.08954   684.03931   688.98901   693.93872   698.88855   703.83826   708.78802     0.00000     0.00000     0.00000     0.00000     0.00000     0.00000     0.00000     0.00000     0.00000     0.00000     0.00000     0.00000     0.00000     0.00000     0.00000     0.00000     0.00000     0.00000     0.00000     0.00000     0.00000     0.00000     0.00000     0.00000     0.00000     0.00000     0.00000     0.00000     0.00000     0.00000     0.00000     0.00000     0.00000
     0.00000     0.00000     0.00000     0.00000     0.00000     0.00000     0.00000     0.00000     0.00000     0.00000     0.00000     0.00000     0.00000     0.00000     0.00000     0.00000     0.00000     0.00000     0.00000     0.00000     0.00000     0.00000     0.00000     0.00000     0.00000     0.00000     0.00000     0.00000     0.00000     0.00000     0.00000     0.00000   -62.30683   -62.29976   -62.29269   -62.28561   -62.27854   -62.27147   -62.26440   -62.25733   -62.25026   -62.24319   -62.23612   -62.22905   -62.22197   -62.21490   -62.20783   -62.20076   -62.19369   -62.18662   -62.17955   -62.17248   -62.16541   -62.15834   -62.15126   -62.14419   -62.13712   -62.13005   -62.12298   -62.11591   -62.10884   -62.10176   -62.09470   -62.08762   -62.08055   -62.07348   -62.06641   -62.05934   -62.05227   -62.04520   -62.03813   -62.03106   -62.02398   -62.01691   -62.00984   -62.00277   160.07320   157.95187   155.83054   153.70923   151.58792   149.46658   147.34528   152.29498   157.24472   162.19446   167.14423   172.09396   177.04370   181.99347   186.94321   191.89297   196.84270   201.79243   206.74220   211.69194   216.64168   221.59143   226.54117   231.49094   236.44067   241.39041   246.34018   251.28992   256.23965   261.18942   266.13916   271.08893   276.03867   280.98840   285.93817   290.88791   295.83765   300.78735   305.73718   310.68689   315.63666   320.58636   325.53610   330.48590   335.43564   340.38538   345.33511   350.28485   355.23459   360.18439   365.13412   370.08386   375.03360   379.98334   384.93314   389.88287   394.83258   399.78235   404.73206   409.68188   414.63159   419.58136   424.53107   429.48083   434.43054   439.38034   444.33008   449.27982   454.22955   459.17929   464.12909   469.07883   474.02856   478.97830   483.92804   488.87778   493.82758   498.77728   503.72705   508.67676   513.62653   518.57629   523.52606   528.47577   533.42554   538.37524   543.32507   548.27478   553.22449   558.17426   563.12402   568.07373   573.02356   577.97327   582.92297   587.87274   592.82251   597.77228   602.72198   607.67175   612.62146   617.57123   622.52100   627.47076   632.42047   637.37024   642.31995   647.26965   652.21948   657.16919   662.11896   667.06873   672.01843   676.96826   681.91797   686.86768   691.81744   696.76721   701.71698   706.66669   711.61646     0.00000     0.00000     0.00000     0.00000     0.00000     0.00000     0.00000     0.00000     0.00000     0.00000     0.00000     0.00000     0.00000     0.00000     0.00000     0.00000     0.00000     0.00000     0.00000     0.00000     0.00000     0.00000     0.00000     0.00000     0.00000     0.00000     0.00000     0.00000     0.00000     0.00000     0.00000     0.00000
     0.00000     0.00000     0.00000     0.00000     0.00000     0.00000     0.00000     0.00000     0.00000     0.00000     0.00000     0.00000     0.00000     0.00000     0.00000     0.00000     0.00000     0.00000     0.00000     0.00000     0.00000     0.00000     0.00000     0.00000     0.00000     0.00000     0.00000     0.00000     0.00000     0.00000     0.00000   -62.30683   -62.29976   -62.29269   -62.28561   -62.27854   -62.27147   -62.26440   -62.25733   -62.25026   -62.24319   -62.23612   -62.22905   -62.22197   -62.21490   -62.20783   -62.20076   -62.19369   -62.18662   -62.17955   -62.17248   -62.16541   -62.15834   -62.15126   -62.14419   -62.13712   -62.13005   -62.12298   -62.11591   -62.10884   -62.10176   -62.09470   -62.08762   -62.08055   -62.07348   -62.06641   -62.05934   -62.05227   -62.04520   -62.03813   -62.03106   -62.02398   -62.01691   -62.00984   -62.00277   167.14427   165.02292   162.90161   160.78030   158.65897   156.53766   154.41635   152.29501   150.17371   155.12341   160.07315   165.02289   169.97266   174.92239   179.87213   184.82190   189.77162   194.72139   199.67113   204.62086   209.57063   214.52036   219.47009   224.41986   229.36960   234.31937   239.26910   244.21884   249.16861   254.11835   259.06808   264.01785   268.96759   273.91736   278.86710   283.81683   288.76660   293.71631   298.66608   303.61578   308.56561   313.51532   318.46506   323.41479   328.36453   333.31433   338.26407   343.21381   348.16354   353.11328   358.06302   363.01282   367.96255   372.91229   377.86203   382.81177   387.76154   392.71130   397.66101   402.61078   407.56049   412.51031   417.46002   422.40979   427.35950   432.30923   437.25897   442.20877   447.15851   452.10825   457.05798   462.00772   466.95752   471.90726   476.85699   481.80673   486.75647   491.70618   496.65601   501.60571   506.55548   511.50519   516.45496   521.40472   526.35449   531.30420   536.25391   541.20367   546.15344   551.10321   556.05298   561.00269   565.95239   570.90216   575.85193   580.80170   585.75146   590.70117   595.65088   600.60071   605.55042   610.50018   615.44989   620.39966   625.34943   630.29919   635.24890   640.19861   645.14838   650.09814   655.04791   659.99768   664.94739   669.89709   674.84686   679.79663   684.74640   689.69617   694.64587   699.59558   704.54541   709.49512   714.44489     0.00000     0.00000     0.00000     0.00000     0.00000     0.00000     0.00000     0.00000     0.00000     0.00000     0.00000     0.00000     0.00000     0.00000     0.00000     0.00000     0.00000     0.00000     0.00000     0.00000     0.00000     0.00000     0.00000     0.00000     0.00000     0.00000     0.00000     0.00000     0.00000     0.00000     0.00000
     0.00000     0.00000     0.00000     0.00000     0.00000     0.00000     0.00000     0.00000     0.00000     0.00000     0.00000     0.00000     0.00000     0.00000     0.00000     0.00000     0.00000     0.00000     0.00000     0.00000     0.00000     0.00000     0.00000     0.00000     0.00000     0.00000     0.00000     0.00000     0.00000     0.00000   -62.30683   -62.29976   -62.29269   -62.28561   -62.27854   -62.27147   -62.26440   -62.25733   -62.25026   -62.24319   -62.23612   -62.22905   -62.22197   -62.21490   -62.20783   -62.20076   -62.19369   -62.18662   -62.17955   -62.17248   -62.16541   -62.15834   -62.15126   -62.14419   -62.13712   -62.13005   -62.12298   -62.11591   -62.10884   -62.10176   -62.09470   -62.08762   -62.08055   -62.07348   -62.06641   -62.05934   -62.05227   -62.04520   -62.03813   -62.03106   -62.02398   -62.01691   -62.00984   -62.00277   174.21532   172.09399   169.97269   167.85135   165.73004   163.60873   161.48740   159.36609   157.24478   155.12344   153.00214   157.95184   162.90158   167.85132   172.80109   177.75082   182.70055   187.65031   192.60005   197.54982   202.49956   207.44928   212.39905   217.34879   222.29852   227.24829   232.19803   237.14780   242.09753   247.04727   251.99704   256.94678   261.89651   266.84628   271.79602   276.74579   281.69553   286.64526   291.59503   296.54474   301.49451   306.44421   311.39401   316.34375   321.29349   326.24323   331.19296   336.14276   341.09250   346.04224   350.99197   355.94171   360.89145   365.84125   370.79099   375.74072   380.69043   385.64020   390.58997   395.53973   400.48944   405.43921   410.38892   415.33875   420.28845   425.23819   430.18793   435.13766   440.08740   445.03720   449.98694   454.93668   459.88641   464.83615   469.78595   474.73569   479.68542   484.63513   489.58490   494.53461   499.48444   504.43414   509.38391   514.33362   519.28339   524.23315   529.18286   534.13263   539.08240   544.03210   548.98193   553.93164   558.88135   563.83112   568.78088   573.73059   578.68042   583.63013   588.57983   593.52960   598.47931   603.42914   608.37885   613.32861   618.27832   623.22809   628.17786   633.12756   638.07733   643.02710   647.97681   652.92651   657.87634   662.82605   667.77582   672.72559   677.67529   682.62512   687.57483   692.52454   697.47430   702.42401   707.37384   712.32355   717.27332     0.00000     0.00000     0.00000     0.00000     0.00000     0.00000     0.00000     0.00000     0.00000     0.00000     0.00000     0.00000     0.00000     0.00000     0.00000     0.00000     0.00000     0.00000     0.00000     0.00000     0.00000     0.00000     0.00000     0.00000     0.00000     0.00000     0.00000     0.00000     0.00000     0.00000
     0.00000     0.00000     0.00000     0.00000     0.00000     0.00000     0.00000     0.00000     0.00000     0.00000     0.00000     0.00000     0.00000     0.00000     0.00000     0.00000     0.00000     0.00000     0.00000     0.00000     0.00000     0.00000     0.00000     0.00000     0.00000     0.00000     0.00000     0.00000     0.00000   -62.30683   -62.29976   -62.29269   -62.28561   -62.27854   -62.27147   -62.26440   -62.25733   -62.25026   -62.24319   -62.23612   -62.22905   -62.22197   -62.21490   -62.20783   -62.20076   -62.19369   -62.18662   -62.17955   -62.17248   -62.16541   -62.15834   -62.15126   -62.14419   -62.13712   -62.13005   -62.12298   -62.11591   -62.10884   -62.10176   -62.09470   -62.08762   -62.08055   -62.07348   -62.06641   -62.05934   -62.05227   -62.04520   -62.03813   -62.03106   -62.02398   -62.01691   -62.00984   -62.00277   181.28639   179.16507   177.04373   174.92242   172.80112   170.67978   168.55847   166.43716   164.31583   162.19452   160.07321   157.95187   155.83057   160.78027   165.73001   170.67975   175.62950   180.57924   185.52898   190.47874   195.42848   200.37823   205.32797   210.27771   215.22748   220.17722   225.12695   230.07672   235.02646   239.97623   244.92596   249.87570   254.82547   259.77521   264.72495   269.67471   274.62445   279.57422   284.52393   289.47369   294.42346   299.37317   304.32291   309.27264   314.22244   319.17218   324.12192   329.07166   334.02139   338.97119   343.92093   348.87067   353.82040   358.77014   363.71988   368.66968   373.61938   378.56915   383.51886   388.46863   393.41840   398.36816   403.31787   408.26764   413.21735   418.16714   423.11688   428.06662   433.01636   437.96609   442.91583   447.86563   452.81537   457.76511   462.71484   467.66458   472.61438   477.56409   482.51385   487.46356   492.41333   497.36304   502.31287   507.26257   512.21234   517.16205   522.11182   527.06158   532.01135   536.96106   541.91077   546.86053   551.81030   556.76007   561.70984   566.65955   571.60925   576.55902   581.50879   586.45856   591.40826   596.35803   601.30774   606.25757   611.20728   616.15704   621.10675   626.05652   631.00629   635.95605   640.90576   645.85547   650.80524   655.75500   660.70477   665.65454   670.60425   675.55396   680.50372   685.45349   690.40326   695.35297   700.30273   705.25244   710.20227   715.15198   720.10175     0.00000     0.00000     0.00000     0.00000     0.00000     0.00000     0.00000     0.00000     0.00000     0.00000     0.00000     0.00000     0.00000     0.00000     0.00000     0.00000     0.00000     0.00000     0.00000     0.00000     0.00000     0.00000     0.00000     0.00000     0.00000     0.00000     0.00000     0.00000     0.00000
     0.00000     0.00000     0.00000     0.00000     0.00000     0.00000     0.00000     0.00000     0.00000     0.00000     0.00000     0.00000     0.00000     0.00000     0.00000     0.00000     0.00000     0.00000     0.00000     0.00000     0.00000     0.00000     0.00000     0.00000     0.00000     0.00000     0.00000     0.00000   -62.30683   -62.29976   -62.29269   -62.28561   -62.27854   -62.27147   -62.26440   -62.25733   -62.25026   -62.24319   -62.23612   -62.22905   -62.22197   -62.21490   -62.20783   -62.20076   -62.19369   -62.18662   -62.17955   -62.17248   -62.16541   -62.15834   -62.15126   -62.14419   -62.13712   -62.13005   -62.12298   -62.11591   -62.10884   -62.10176   -62.09470   -62.08762   -62.08055   -62.07348   -62.06641   -62.05934   -62.05227   -62.04520   -62.03813   -62.03106   -62.02398   -62.01691   -62.00984   -62.00277   188.35747   186.23615   184.11481   181.99350   179.87216   177.75085   175.62955   173.50821   171.38690   169.26559   167.14426   165.02295   162.90164   160.78030   158.65900   163.60870   168.55843   173.50816   178.45793   183.40767   188.35741   193.30716   198.25690   203.20667   208.15640   213.10614   218.05591   223.00565   227.95538   232.90515   237.85489   242.80466   247.75439   252.70413   257.65390   262.60364   267.55338   272.50311   277.45288   282.40265   287.35236   292.30212   297.25186   302.20160   307.15134   312.10107   317.05087   322.00061   326.95035   331.90009   336.84982   341.79962   346.74936   351.69910   356.64883   361.59857   366.54828   371.49811   376.44781   381.39758   386.34729   391.29706   396.24683   401.19659   406.14630   411.09604   416.04578   420.99557   425.94531   430.89505   435.84479   440.79453   445.74426   450.69406   455.64380   460.59354   465.54327   470.49298   475.44281   480.39252   485.34229   490.29199   495.24176   500.19147   505.14130   510.09100   515.04077   519.99048   524.94019   529.89001   534.83972   539.78949   544.73926   549.68896   554.63879   559.58850   564.53821   569.48798   574.43768   579.38745   584.33722   589.28699   594.23669   599.18646   604.13617   609.08600   614.03571   618.98547   623.93518   628.88489   633.83472   638.78442   643.73419   648.68396   653.63367   658.58337   663.53320   668.48291   673.43268   678.38239   683.33215   688.28192   693.23169   698.18140   703.13116   708.08087   713.03070   717.98041   722.93018     0.00000     0.00000     0.00000     0.00000     0.00000     0.00000     0.00000     0.00000     0.00000     0.00000     0.00000     0.00000     0.00000     0.00000     0.00000     0.00000     0.00000     0.00000     0.00000     0.00000     0.00000     0.00000     0.00000     0.00000     0.00000     0.00000     0.00000     0.00000
     0.00000     0.00000     0.00000     0.00000     0.00000     0.00000     0.00000     0.00000     0.00000     0.00000     0.00000     0.00000     0.00000     0.00000     0.00000     0.00000     0.00000     0.00000     0.00000     0.00000     0.00000     0.00000     0.00000     0.00000     0.00000     0.00000     0.00000   -62.30683   -62.29976   -62.29269   -62.28561   -62.27854   -62.27147   -62.26440   -62.25733   -62.25026   -62.24319   -62.23612   -62.22905   -62.22197   -62.21490   -62.20783   -62.20076   -62.19369   -62.18662   -62.17955   -62.17248   -62.16541   -62.15834   -62.15126   -62.14419   -62.13712   -62.13005   -62.12298   -62.11591   -62.10884   -62.10176   -62.09470   -62.08762   -62.08055   -62.07348   -62.06641   -62.05934   -62.05227   -62.04520   -62.03813   -62.03106   -62.02398   -62.01691   -62.00984   -62.00277   195.42854   193.30719   191.18588   189.06458   186.94324   184.82193   182.70059   180.57928   178.45798   176.33664   174.21533   172.09402   169.97269   167.85138   165.73007   163.60873   161.48741   166.43712   171.38686   176.33659   181.28636   186.23608   191.18582   196.13559   201.08533   206.03510   210.98483   215.93457   220.88434   225.83408   230.78381   235.73358   240.68332   245.63309   250.58282   255.53256   260.48233   265.43207   270.38177   275.33154   280.28131   285.23108   290.18079   295.13052   300.08029   305.03003   309.97977   314.92950   319.87930   324.82904   329.77878   334.72852   339.67825   344.62805   349.57779   354.52753   359.47723   364.42700   369.37671   374.32654   379.27625   384.22601   389.17572   394.12549   399.07526   404.02499   408.97473   413.92447   418.87421   423.82401   428.77374   433.72348   438.67322   443.62296   448.57269   453.52249   458.47223   463.42194   468.37170   473.32141   478.27124   483.22095   488.17072   493.12042   498.07019   503.01990   507.96970   512.91943   517.86914   522.81891   527.76868   532.71844   537.66821   542.61792   547.56763   552.51740   557.46716   562.41693   567.36664   572.31641   577.26611   582.21588   587.16565   592.11542   597.06512   602.01489   606.96460   611.91443   616.86414   621.81384   626.76361   631.71338   636.66315   641.61292   646.56262   651.51233   656.46210   661.41187   666.36163   671.31134   676.26111   681.21082   686.16058   691.11035   696.06012   701.00983   705.95959   710.90930   715.85913   720.80884   725.75854     0.00000     0.00000     0.00000     0.00000     0.00000     0.00000     0.00000     0.00000     0.00000     0.00000     0.00000     0.00000     0.00000     0.00000     0.00000     0.00000     0.00000     0.00000     0.00000     0.00000     0.00000     0.00000     0.00000     0.00000     0.00000     0.00000     0.00000
     0.00000     0.00000     0.00000     0.00000     0.00000     0.00000     0.00000     0.00000     0.00000     0.00000     0.00000     0.00000     0.00000     0.00000     0.00000     0.00000     0.00000     0.00000     0.00000     0.00000     0.00000     0.00000     0.00000     0.00000     0.00000     0.00000   -62.30683   -62.29976   -62.29269   -62.28561   -62.27854   -62.27147   -62.26440   -62.25733   -62.25026   -62.24319   -62.23612   -62.22905   -62.22197   -62.21490   -62.20783   -62.20076   -62.19369   -62.18662   -62.17955   -62.17248   -62.16541   -62.15834   -62.15126   -62.14419   -62.13712   -62.13005   -62.12298   -62.11591   -62.10884   -62.10176   -62.09470   -62.08762   -62.08055   -62.07348   -62.06641   -62.05934   -62.05227   -62.04520   -62.03813   -62.03106   -62.02398   -62.01691   -62.00984   -62.00277   202.49959   200.37827   198.25696   196.13562   194.01431   191.89301   189.77167   187.65036   185.52902   183.40771   181.28641   179.16507   177.04376   174.92245   172.80112   170.67981   168.55849   166.43715   164.31584   169.26555   174.21529   179.16501   184.11478   189.06451   194.01425   198.96402   203.91376   208.86353   213.81326   218.76300   223.71277   228.66251   233.61224   238.56201   243.51175   248.46152   253.41125   258.36096   263.31073   268.26050   273.21021   278.15997   283.10971   288.05948   293.00922   297.95895   302.90872   307.85846   312.80820   317.75793   322.70773   327.65747   332.60721   337.55695   342.50668   347.45648   352.40619   357.35596   362.30566   367.25543   372.20514   377.15497   382.10468   387.05444   392.00415   396.95389   401.90369   406.85342   411.80316   416.75290   421.70264   426.65244   431.60217   436.55191   441.50165   446.45139   451.40112   456.35089   461.30066   466.25037   471.20013   476.14984   481.09967   486.04938   490.99915   495.94885   500.89859   505.84833   510.79813   515.74786   520.69763   525.64734   530.59705   535.54688   540.49658   545.44635   550.39612   555.34583   560.29559   565.24536   570.19507   575.14484   580.09454   585.04431   589.99408   594.94385   599.89355   604.84326   609.79303   614.74280   619.69257   624.64233   629.59204   634.54175   639.49158   644.44128   649.39105   654.34082   659.29053   664.24023   669.19006   674.13977   679.08954   684.03925   688.98901   693.93878   698.88855   703.83826   708.78796   713.73773   718.68750   723.63727   728.58704     0.00000     0.00000     0.00000     0.00000     0.00000     0.00000     0.00000     0.00000     0.00000     0.00000     0.00000     0.00000     0.00000     0.00000     0.00000     0.00000     0.00000     0.00000     0.00000     0.00000     0.00000     0.00000     0.00000     0.00000     0.00000     0.00000
     0.00000     0.00000     0.00000     0.00000     0.00000     0.00000     0.00000     0.00000     0.00000     0.00000     0.00000     0.00000     0.00000     0.00000     0.00000     0.00000     0.00000     0.00000     0.00000     0.00000     0.00000     0.00000     0.00000     0.00000     0.00000   -62.30683   -62.29976   -62.29269   -62.28561   -62.27854   -62.27147   -62.26440   -62.25733   -62.25026   -62.24319   -62.23612   -62.22905   -62.22197   -62.21490   -62.20783   -62.20076   -62.19369   -62.18662   -62.17955   -62.17248   -62.16541   -62.15834   -62.15126   -62.14419   -62.13712   -62.13005   -62.12298   -62.11591   -62.10884   -62.10176   -62.09470   -62.08762   -62.08055   -62.07348   -62.06641   -62.05934   -62.05227   -62.04520   -62.03813   -62.03106   -62.02398   -62.01691   -62.00984   -62.00277   209.57066   207.44934   205.32800   203.20670   201.08539   198.96405   196.84274   194.72144   192.60010   190.47879   188.35745   186.23615   184.11484   181.99350   179.87219   177.75089   175.62953   173.50822   171.38692   169.26558   167.14427   172.09396   177.04370   181.99344   186.94321   191.89294   196.84268   201.79245   206.74219   211.69196   216.64169   221.59143   226.54120   231.49094   236.44067   241.39044   246.34018   251.28993   256.23969   261.18939   266.13916   271.08893   276.03864   280.98840   285.93814   290.88791   295.83765   300.78738   305.73715   310.68689   315.63663   320.58636   325.53616   330.48590   335.43564   340.38538   345.33508   350.28491   355.23462   360.18439   365.13409   370.08386   375.03357   379.98340   384.93311   389.88284   394.83258   399.78232   404.73212   409.68185   414.63159   419.58133   424.53107   429.48087   434.43060   439.38034   444.33008   449.27979   454.22955   459.17932   464.12909   469.07880   474.02856   478.97827   483.92810   488.87781   493.82755   498.77728   503.72702   508.67676   513.62659   518.57629   523.52600   528.47577   533.42554   538.37531   543.32507   548.27478   553.22449   558.17426   563.12402   568.07379   573.02350   577.97327   582.92297   587.87274   592.82251   597.77222   602.72198   607.67175   612.62146   617.57129   622.52100   627.47070   632.42047   637.37024   642.32001   647.26978   652.21948   657.16919   662.11896   667.06866   672.01849   676.96820   681.91797   686.86768   691.81744   696.76721   701.71692   706.66669   711.61646   716.56616   721.51599   726.46570   731.41541     0.00000     0.00000     0.00000     0.00000     0.00000     0.00000     0.00000     0.00000     0.00000     0.00000     0.00000     0.00000     0.00000     0.00000     0.00000     0.00000     0.00000     0.00000     0.00000     0.00000     0.00000     0.00000     0.00000     0.00000     0.00000
     0.00000     0.00000     0.00000     0.00000     0.00000     0.00000     0.00000     0.00000     0.00000     0.00000     0.00000     0.00000     0.00000     0.00000     0.00000     0.00000     0.00000     0.00000     0.00000     0.00000     0.00000     0.00000     0.00000     0.00000   -62.30683   -62.29976   -62.29269   -62.28561   -62.27854   -62.27147   -62.26440   -62.25733   -62.25026   -62.24319   -62.23612   -62.22905   -62.22197   -62.21490   -62.20783   -62.20076   -62.19369   -62.18662   -62.17955   -62.17248   -62.16541   -62.15834   -62.15126   -62.14419   -62.13712   -62.13005   -62.12298   -62.11591   -62.10884   -62.10176   -62.09470   -62.08762   -62.08055   -62.07348   -62.06641   -62.05934   -62.05227   -62.04520   -62.03813   -62.03106   -62.02398   -62.01691   -62.00984   -62.00277   216.64174   214.52042   212.39908   210.27777   208.15643   206.03513   203.91382   201.79248   199.67117   197.54987   195.42853   193.30722   191.18588   189.06458   186.94327   184.82193   182.70061   180.57930   178.45796   176.33665   174.21535   172.09399   169.97269   174.92239   179.87213   184.82187   189.77164   194.72137   199.67111   204.62088   209.57062   214.52039   219.47012   224.41986   229.36963   234.31937   239.26910   244.21886   249.16859   254.11836   259.06812   264.01782   268.96759   273.91733   278.86707   283.81683   288.76657   293.71634   298.66608   303.61581   308.56558   313.51532   318.46506   323.41479   328.36459   333.31433   338.26404   343.21381   348.16351   353.11334   358.06305   363.01282   367.96252   372.91229   377.86200   382.81180   387.76154   392.71127   397.66101   402.61075   407.56055   412.51028   417.46002   422.40976   427.35950   432.30930   437.25903   442.20874   447.15851   452.10822   457.05798   462.00775   466.95752   471.90723   476.85699   481.80670   486.75650   491.70624   496.65598   501.60571   506.55545   511.50519   516.45496   521.40472   526.35449   531.30420   536.25391   541.20374   546.15344   551.10321   556.05292   561.00269   565.95245   570.90222   575.85193   580.80170   585.75140   590.70117   595.65094   600.60071   605.55042   610.50012   615.44989   620.39966   625.34943   630.29919   635.24890   640.19861   645.14844   650.09814   655.04791   659.99762   664.94739   669.89709   674.84692   679.79663   684.74640   689.69611   694.64587   699.59564   704.54541   709.49512   714.44482   719.39459   724.34436   729.29413   734.24390     0.00000     0.00000     0.00000     0.00000     0.00000     0.00000     0.00000     0.00000     0.00000     0.00000     0.00000     0.00000     0.00000     0.00000     0.00000     0.00000     0.00000     0.00000     0.00000     0.00000     0.00000     0.00000     0.00000     0.00000
     0.00000     0.00000     0.00000     0.00000     0.00000     0.00000     0.00000     0.00000     0.00000     0.00000     0.00000     0.00000     0.00000     0.00000     0.00000     0.00000     0.00000     0.00000     0.00000     0.00000     0.00000     0.00000     0.00000   -62.30683   -62.29976   -62.29269   -62.28561   -62.27854   -62.27147   -62.26440   -62.25733   -62.25026   -62.24319   -62.23612   -62.22905   -62.22197   -62.21490   -62.20783   -62.20076   -62.19369   -62.18662   -62.17955   -62.17248   -62.16541   -62.15834   -62.15126   -62.14419   -62.13712   -62.13005   -62.12298   -62.11591   -62.10884   -62.10176   -62.09470   -62.08762   -62.08055   -62.07348   -62.06641   -62.05934   -62.05227   -62.04520   -62.03813   -62.03106   -62.02398   -62.01691   -62.00984   -62.00277   223.71281   221.59146   219.47015   217.34885   215.22751   213.10620   210.98486   208.86356   206.74225   204.62091   202.49960   200.37830   198.25696   196.13565   194.01431   191.89301   189.77168   187.65034   185.52904   183.40773   181.28639   179.16507   177.04376   174.92242   172.80112   177.75082   182.70056   187.65030   192.60007   197.54980   202.49954   207.44931   212.39905   217.34882   222.29855   227.24829   232.19806   237.14778   242.09752   247.04729   251.99702   256.94678   261.89651   266.84625   271.79602   276.74576   281.69550   286.64526   291.59500   296.54477   301.49451   306.44424   311.39401   316.34375   321.29349   326.24323   331.19299   336.14276   341.09247   346.04224   350.99194   355.94177   360.89148   365.84125   370.79095   375.74069   380.69043   385.64023   390.58997   395.53970   400.48944   405.43918   410.38898   415.33871   420.28845   425.23819   430.18793   435.13770   440.08746   445.03717   449.98694   454.93665   459.88641   464.83618   469.78595   474.73566   479.68539   484.63513   489.58493   494.53467   499.48441   504.43414   509.38388   514.33362   519.28345   524.23315   529.18286   534.13263   539.08234   544.03217   548.98187   553.93164   558.88135   563.83112   568.78088   573.73065   578.68036   583.63013   588.57983   593.52954   598.47937   603.42908   608.37885   613.32861   618.27832   623.22815   628.17786   633.12756   638.07733   643.02704   647.97687   652.92657   657.87634   662.82605   667.77582   672.72552   677.67535   682.62506   687.57483   692.52454   697.47424   702.42407   707.37378   712.32355   717.27332   722.22302   727.17285   732.12256   737.07227     0.00000     0.00000     0.00000     0.00000     0.00000     0.00000     0.00000     0.00000     0.00000     0.00000     0.00000     0.00000     0.00000     0.00000     0.00000     0.00000     0.00000     0.00000     0.00000     0.00000     0.00000     0.00000     0.00000
     0.00000     0.00000     0.00000     0.00000     0.00000     0.00000     0.00000     0.00000     0.00000     0.00000     0.00000     0.00000     0.00000     0.00000     0.00000     0.00000     0.00000     0.00000     0.00000     0.00000     0.00000     0.00000   -62.30683   -62.29976   -62.29269   -62.28561   -62.27854   -62.27147   -62.26440   -62.25733   -62.25026   -62.24319   -62.23612   -62.22905   -62.22197   -62.21490   -62.20783   -62.20076   -62.19369   -62.18662   -62.17955   -62.17248   -62.16541   -62.15834   -62.15126   -62.14419   -62.13712   -62.13005   -62.12298   -62.11591   -62.10884   -62.10176   -62.09470   -62.08762   -62.08055   -62.07348   -62.06641   -62.05934   -62.05227   -62.04520   -62.03813   -62.03106   -62.02398   -62.01691   -62.00984   -62.00277   230.78386   228.66254   226.54123   224.41989   222.29858   220.17728   218.05594   215.93463   213.81329   211.69199   209.57068   207.44934   205.32803   203.20673   201.08539   198.96408   196.84273   194.72142   192.60011   190.47878   188.35747   186.23615   184.11481   181.99350   179.87219   177.75085   175.62955   180.57925   185.52899   190.47873   195.42850   200.37823   205.32797   210.27774   215.22748   220.17725   225.12698   230.07671   235.02647   239.97621   244.92595   249.87572   254.82544   259.77521   264.72495   269.67468   274.62445   279.57419   284.52393   289.47369   294.42343   299.37320   304.32294   309.27267   314.22244   319.17218   324.12189   329.07166   334.02142   338.97119   343.92090   348.87067   353.82037   358.77020   363.71991   368.66965   373.61938   378.56912   383.51886   388.46866   393.41840   398.36813   403.31787   408.26761   413.21741   418.16714   423.11688   428.06659   433.01636   437.96613   442.91589   447.86560   452.81537   457.76508   462.71484   467.66461   472.61435   477.56409   482.51382   487.46356   492.41336   497.36310   502.31284   507.26257   512.21228   517.16205   522.11182   527.06158   532.01129   536.96106   541.91077   546.86060   551.81030   556.76007   561.70978   566.65955   571.60931   576.55908   581.50879   586.45850   591.40826   596.35803   601.30780   606.25757   611.20728   616.15698   621.10675   626.05652   631.00629   635.95599   640.90576   645.85547   650.80530   655.75500   660.70477   665.65448   670.60425   675.55396   680.50378   685.45349   690.40320   695.35297   700.30273   705.25250   710.20227   715.15198   720.10168   725.05145   730.00122   734.95099   739.90076     0.00000     0.00000     0.00000     0.00000     0.00000     0.00000     0.00000     0.00000     0.00000     0.00000     0.00000     0.00000     0.00000     0.00000     0.00000     0.00000     0.00000     0.00000     0.00000     0.00000     0.00000     0.00000
     0.00000     0.00000     0.00000     0.00000     0.00000     0.00000     0.00000     0.00000     0.00000     0.00000     0.00000     0.00000     0.00000     0.00000     0.00000     0.00000     0.00000     0.00000     0.00000     0.00000     0.00000   -62.30683   -62.29976   -62.29269   -62.28561   -62.27854   -62.27147   -62.26440   -62.25733   -62.25026   -62.24319   -62.23612   -62.22905   -62.22197   -62.21490   -62.20783   -62.20076   -62.19369   -62.18662   -62.17955   -62.17248   -62.16541   -62.15834   -62.15126   -62.14419   -62.13712   -62.13005   -62.12298   -62.11591   -62.10884   -62.10176   -62.09470   -62.08762   -62.08055   -62.07348   -62.06641   -62.05934   -62.05227   -62.04520   -62.03813   -62.03106   -62.02398   -62.01691   -62.00984   -62.00277   237.85493   235.73361   233.61227   231.49097   229.36966   227.24832   225.12701   223.00571   220.88437   218.76306   216.64172   214.52042   212.39911   210.27777   208.15646   206.03516   203.91380   201.79250   199.67116   197.54985   195.42854   193.30719   191.18588   189.06458   186.94324   184.82193   182.70062   180.57928   178.45798   183.40768   188.35742   193.30716   198.25693   203.20667   208.15640   213.10617   218.05591   223.00566   227.95540   232.90514   237.85490   242.80464   247.75436   252.70413   257.65387   262.60364   267.55338   272.50311   277.45288   282.40262   287.35236   292.30212   297.25186   302.20163   307.15137   312.10107   317.05084   322.00061   326.95032   331.90009   336.84985   341.79962   346.74933   351.69910   356.64880   361.59860   366.54834   371.49808   376.44781   381.39755   386.34729   391.29709   396.24683   401.19656   406.14630   411.09604   416.04584   420.99554   425.94531   430.89502   435.84479   440.79456   445.74432   450.69403   455.64380   460.59351   465.54324   470.49304   475.44278   480.39252   485.34225   490.29199   495.24179   500.19153   505.14127   510.09100   515.04077   519.99048   524.94025   529.89001   534.83972   539.78949   544.73920   549.68903   554.63873   559.58850   564.53821   569.48792   574.43774   579.38745   584.33722   589.28699   594.23669   599.18640   604.13623   609.08594   614.03571   618.98547   623.93518   628.88495   633.83472   638.78442   643.73419   648.68390   653.63373   658.58344   663.53320   668.48291   673.43262   678.38239   683.33215   688.28192   693.23169   698.18140   703.13110   708.08093   713.03064   717.98041   722.93018   727.87988   732.82971   737.77942   742.72913     0.00000     0.00000     0.00000     0.00000     0.00000     0.00000     0.00000     0.00000     0.00000     0.00000     0.00000     0.00000     0.00000     0.00000     0.00000     0.00000     0.00000     0.00000     0.00000     0.00000     0.00000
     0.00000     0.00000     0.00000     0.00000     0.00000     0.00000     0.00000     0.00000     0.00000     0.00000     0.00000     0.00000     0.00000     0.00000     0.00000     0.00000     0.00000     0.00000     0.00000     0.00000   -62.30683   -62.29976   -62.29269   -62.28561   -62.27854   -62.27147   -62.26440   -62.25733   -62.25026   -62.24319   -62.23612   -62.22905   -62.22197   -62.21490   -62.20783   -62.20076   -62.19369   -62.18662   -62.17955   -62.17248   -62.16541   -62.15834   -62.15126   -62.14419   -62.13712   -62.13005   -62.12298   -62.11591   -62.10884   -62.10176   -62.09470   -62.08762   -62.08055   -62.07348   -62.06641   -62.05934   -62.05227   -62.04520   -62.03813   -62.03106   -62.02398   -62.01691   -62.00984   -62.00277   244.92601   242.80469   240.68335   238.56204   236.44070   234.31940   232.19809   230.07675   227.95544   225.83414   223.71280   221.59149   219.47015   217.34885   215.22754   213.10620   210.98488   208.86357   206.74223   204.62093   202.49959   200.37827   198.25696   196.13562   194.01431   191.89301   189.77167   187.65036   185.52905   183.40771   181.28641   186.23611   191.18585   196.13559   201.08536   206.03510   210.98483   215.93459   220.88432   225.83409   230.78383   235.73357   240.68332   245.63306   250.58279   255.53256   260.48230   265.43207   270.38181   275.33154   280.28131   285.23105   290.18079   295.13055   300.08029   305.03003   309.97980   314.92950   319.87927   324.82904   329.77875   334.72852   339.67828   344.62805   349.57776   354.52750   359.47723   364.42703   369.37677   374.32651   379.27625   384.22598   389.17572   394.12552   399.07526   404.02499   408.97473   413.92444   418.87427   423.82397   428.77374   433.72345   438.67322   443.62299   448.57275   453.52246   458.47220   463.42194   468.37167   473.32147   478.27121   483.22095   488.17068   493.12042   498.07022   503.01996   507.96970   512.91943   517.86914   522.81891   527.76868   532.71844   537.66815   542.61792   547.56763   552.51746   557.46716   562.41687   567.36664   572.31641   577.26617   582.21594   587.16565   592.11536   597.06512   602.01489   606.96466   611.91443   616.86414   621.81384   626.76361   631.71338   636.66315   641.61285   646.56262   651.51233   656.46216   661.41187   666.36157   671.31134   676.26111   681.21082   686.16064   691.11035   696.06006   701.00983   705.95959   710.90936   715.85913   720.80884   725.75854   730.70831   735.65808   740.60785   745.55756     0.00000     0.00000     0.00000     0.00000     0.00000     0.00000     0.00000     0.00000     0.00000     0.00000     0.00000     0.00000     0.00000     0.00000     0.00000     0.00000     0.00000     0.00000     0.00000     0.00000
     0.00000     0.00000     0.00000     0.00000     0.00000     0.00000     0.00000     0.00000     0.00000     0.00000     0.00000     0.00000     0.00000     0.00000     0.00000     0.00000     0.00000     0.00000     0.00000   -62.30683   -62.29976   -62.29269   -62.28561   -62.27854   -62.27147   -62.26440   -62.25733   -62.25026   -62.24319   -62.23612   -62.22905   -62.22197   -62.21490   -62.20783   -62.20076   -62.19369   -62.18662   -62.17955   -62.17248   -62.16541   -62.15834   -62.15126   -62.14419   -62.13712   -62.13005   -62.12298   -62.11591   -62.10884   -62.10176   -62.09470   -62.08762   -62.08055   -62.07348   -62.06641   -62.05934   -62.05227   -62.04520   -62.03813   -62.03106   -62.02398   -62.01691   -62.00984   -62.00277   251.99709   249.87573   247.75443   245.63312   243.51178   241.39047   239.26913   237.14783   235.02652   232.90518   230.78387   228.66257   226.54123   224.41992   222.29858   220.17728   218.05595   215.93462   213.81331   211.69200   209.57066   207.44934   205.32800   203.20670   201.08539   198.96405   196.84274   194.72144   192.60010   190.47879   188.35748   186.23615   184.11484   189.06454   194.01428   198.96402   203.91379   208.86351   213.81325   218.76302   223.71275   228.66252   233.61224   238.56198   243.51175   248.46149   253.41122   258.36099   263.31073   268.26050   273.21024   278.15997   283.10974   288.05948   293.00922   297.95898   302.90869   307.85846   312.80823   317.75793   322.70770   327.65747   332.60718   337.55695   342.50671   347.45645   352.40619   357.35593   362.30566   367.25546   372.20520   377.15494   382.10468   387.05441   392.00415   396.95395   401.90369   406.85339   411.80316   416.75287   421.70270   426.65240   431.60217   436.55188   441.50165   446.45142   451.40115   456.35089   461.30063   466.25037   471.20010   476.14990   481.09964   486.04938   490.99911   495.94885   500.89865   505.84839   510.79810   515.74786   520.69757   525.64734   530.59711   535.54688   540.49658   545.44635   550.39606   555.34583   560.29559   565.24536   570.19507   575.14478   580.09460   585.04431   589.99408   594.94385   599.89355   604.84326   609.79309   614.74280   619.69257   624.64227   629.59204   634.54181   639.49158   644.44128   649.39105   654.34076   659.29053   664.24030   669.19006   674.13977   679.08948   684.03925   688.98901   693.93878   698.88855   703.83826   708.78796   713.73779   718.68750   723.63727   728.58704   733.53674   738.48651   743.43628   748.38599     0.00000     0.00000     0.00000     0.00000     0.00000     0.00000     0.00000     0.00000     0.00000     0.00000     0.00000     0.00000     0.00000     0.00000     0.00000     0.00000     0.00000     0.00000     0.00000
     0.00000     0.00000     0.00000     0.00000     0.00000     0.00000     0.00000     0.00000     0.00000     0.00000     0.00000     0.00000     0.00000     0.00000     0.00000     0.00000     0.00000     0.00000   -62.30683   -62.29976   -62.29269   -62.28561   -62.27854   -62.27147   -62.26440   -62.25733   -62.25026   -62.24319   -62.23612   -62.22905   -62.22197   -62.21490   -62.20783   -62.20076   -62.19369   -62.18662   -62.17955   -62.17248   -62.16541   -62.15834   -62.15126   -62.14419   -62.13712   -62.13005   -62.12298   -62.11591   -62.10884   -62.10176   -62.09470   -62.08762   -62.08055   -62.07348   -62.06641   -62.05934   -62.05227   -62.04520   -62.03813   -62.03106   -62.02398   -62.01691   -62.00984   -62.00277   259.06812   256.94681   254.82550   252.70416   250.58286   248.46155   246.34021   244.21890   242.09756   239.97626   237.85495   235.73361   233.61230   231.49100   229.36966   227.24835   225.12700   223.00569   220.88438   218.76305   216.64174   214.52042   212.39908   210.27777   208.15643   206.03513   203.91382   201.79248   199.67117   197.54987   195.42853   193.30722   191.18591   189.06458   186.94327   191.89297   196.84271   201.79243   206.74220   211.69194   216.64168   221.59145   226.54117   231.49094   236.44067   241.39041   246.34018   251.28992   256.23965   261.18942   266.13916   271.08893   276.03867   280.98840   285.93817   290.88788   295.83765   300.78741   305.73712   310.68689   315.63666   320.58636   325.53613   330.48590   335.43561   340.38535   345.33514   350.28488   355.23462   360.18436   365.13409   370.08389   375.03363   379.98337   384.93311   389.88284   394.83258   399.78235   404.73212   409.68182   414.63159   419.58130   424.53113   429.48083   434.43060   439.38031   444.33005   449.27985   454.22958   459.17932   464.12906   469.07880   474.02853   478.97833   483.92807   488.87781   493.82755   498.77728   503.72705   508.67682   513.62653   518.57629   523.52600   528.47577   533.42554   538.37531   543.32501   548.27478   553.22449   558.17432   563.12402   568.07373   573.02350   577.97327   582.92303   587.87280   592.82251   597.77222   602.72198   607.67169   612.62152   617.57123   622.52100   627.47070   632.42047   637.37024   642.32001   647.26971   652.21948   657.16919   662.11902   667.06873   672.01843   676.96820   681.91797   686.86768   691.81750   696.76721   701.71692   706.66669   711.61646   716.56622   721.51599   726.46570   731.41541   736.36511   741.31494   746.26465   751.21442     0.00000     0.00000     0.00000     0.00000     0.00000     0.00000     0.00000     0.00000     0.00000     0.00000     0.00000     0.00000     0.00000     0.00000     0.00000     0.00000     0.00000     0.00000
     0.00000     0.00000     0.00000     0.00000     0.00000     0.00000     0.00000     0.00000     0.00000     0.00000     0.00000     0.00000     0.00000     0.00000     0.00000     0.00000     0.00000   -62.30683   -62.29976   -62.29269   -62.28561   -62.27854   -62.27147   -62.26440   -62.25733   -62.25026   -62.24319   -62.23612   -62.22905   -62.22197   -62.21490   -62.20783   -62.20076   -62.19369   -62.18662   -62.17955   -62.17248   -62.16541   -62.15834   -62.15126   -62.14419   -62.13712   -62.13005   -62.12298   -62.11591   -62.10884   -62.10176   -62.09470   -62.08762   -62.08055   -62.07348   -62.06641   -62.05934   -62.05227   -62.04520   -62.03813   -62.03106   -62.02398   -62.01691   -62.00984   -62.00277   266.13922   264.01788   261.89655   259.77524   257.65393   255.53259   253.41129   251.28998   249.16864   247.04733   244.92599   242.80469   240.68338   238.56204   236.44073   234.31943   232.19807   230.07677   227.95543   225.83412   223.71281   221.59146   219.47015   217.34885   215.22751   213.10620   210.98486   208.86356   206.74225   204.62091   202.49960   200.37830   198.25696   196.13565   194.01434   191.89301   189.77170   194.72139   199.67113   204.62086   209.57063   214.52037   219.47009   224.41986   229.36960   234.31937   239.26910   244.21884   249.16861   254.11835   259.06808   264.01785   268.96759   273.91736   278.86710   283.81683   288.76660   293.71631   298.66608   303.61584   308.56555   313.51532   318.46509   323.41479   328.36456   333.31430   338.26404   343.21378   348.16357   353.11331   358.06305   363.01279   367.96252   372.91232   377.86206   382.81180   387.76154   392.71124   397.66101   402.61078   407.56055   412.51025   417.46002   422.40973   427.35956   432.30927   437.25900   442.20874   447.15848   452.10828   457.05801   462.00775   466.95749   471.90723   476.85696   481.80676   486.75650   491.70624   496.65594   501.60571   506.55548   511.50525   516.45496   521.40472   526.35443   531.30420   536.25397   541.20374   546.15344   551.10315   556.05292   561.00269   565.95245   570.90222   575.85193   580.80164   585.75146   590.70117   595.65094   600.60065   605.55042   610.50012   615.44995   620.39966   625.34943   630.29913   635.24890   640.19867   645.14844   650.09814   655.04785   659.99762   664.94739   669.89716   674.84692   679.79663   684.74634   689.69611   694.64587   699.59564   704.54541   709.49512   714.44482   719.39465   724.34436   729.29407   734.24384   739.19360   744.14337   749.09314   754.04285     0.00000     0.00000     0.00000     0.00000     0.00000     0.00000     0.00000     0.00000     0.00000     0.00000     0.00000     0.00000     0.00000     0.00000     0.00000     0.00000     0.00000
     0.00000     0.00000     0.00000     0.00000     0.00000     0.00000     0.00000     0.00000     0.00000     0.00000     0.00000     0.00000     0.00000     0.00000     0.00000     0.00000   -62.30683   -62.29976   -62.29269   -62.28561   -62.27854   -62.27147   -62.26440   -62.25733   -62.25026   -62.24319   -62.23612   -62.22905   -62.22197   -62.21490   -62.20783   -62.20076   -62.19369   -62.18662   -62.17955   -62.17248   -62.16541   -62.15834   -62.15126   -62.14419   -62.13712   -62.13005   -62.12298   -62.11591   -62.10884   -62.10176   -62.09470   -62.08762   -62.08055   -62.07348   -62.06641   -62.05934   -62.05227   -62.04520   -62.03813   -62.03106   -62.02398   -62.01691   -62.00984   -62.00277   273.21027   271.08896   268.96762   266.84631   264.72498   262.60367   260.48236   258.36102   256.23972   254.11841   251.99707   249.87576   247.75443   245.63312   243.51181   241.39047   239.26915   237.14784   235.02650   232.90520   230.78386   228.66254   226.54123   224.41989   222.29858   220.17728   218.05594   215.93463   213.81329   211.69199   209.57068   207.44934   205.32803   203.20673   201.08539   198.96408   196.84277   194.72142   192.60011   197.54982   202.49956   207.44930   212.39905   217.34879   222.29852   227.24829   232.19803   237.14780   242.09753   247.04727   251.99704   256.94678   261.89651   266.84628   271.79602   276.74579   281.69550   286.64526   291.59503   296.54474   301.49451   306.44427   311.39398   316.34375   321.29352   326.24323   331.19299   336.14273   341.09247   346.04221   350.99200   355.94174   360.89148   365.84122   370.79095   375.74075   380.69049   385.64020   390.58997   395.53967   400.48944   405.43921   410.38898   415.33868   420.28845   425.23816   430.18796   435.13770   440.08743   445.03717   449.98691   454.93671   459.88644   464.83618   469.78592   474.73566   479.68539   484.63519   489.58490   494.53467   499.48438   504.43414   509.38391   514.33368   519.28339   524.23315   529.18286   534.13257   539.08240   544.03210   548.98187   553.93164   558.88135   563.83118   568.78088   573.73059   578.68036   583.63013   588.57990   593.52960   598.47937   603.42908   608.37885   613.32855   618.27838   623.22809   628.17786   633.12756   638.07727   643.02710   647.97681   652.92657   657.87634   662.82605   667.77588   672.72559   677.67529   682.62506   687.57483   692.52454   697.47437   702.42407   707.37378   712.32355   717.27325   722.22302   727.17279   732.12256   737.07227   742.02197   746.97180   751.92151   756.87128     0.00000     0.00000     0.00000     0.00000     0.00000     0.00000     0.00000     0.00000     0.00000     0.00000     0.00000     0.00000     0.00000     0.00000     0.00000     0.00000
     0.00000     0.00000     0.00000     0.00000     0.00000     0.00000     0.00000     0.00000     0.00000     0.00000     0.00000     0.00000     0.00000     0.00000     0.00000   -62.30683   -62.29976   -62.29269   -62.28561   -62.27854   -62.27147   -62.26440   -62.25733   -62.25026   -62.24319   -62.23612   -62.22905   -62.22197   -62.21490   -62.20783   -62.20076   -62.19369   -62.18662   -62.17955   -62.17248   -62.16541   -62.15834   -62.15126   -62.14419   -62.13712   -62.13005   -62.12298   -62.11591   -62.10884   -62.10176   -62.09470   -62.08762   -62.08055   -62.07348   -62.06641   -62.05934   -62.05227   -62.04520   -62.03813   -62.03106   -62.02398   -62.01691   -62.00984   -62.00277   280.28137   278.16000   276.03870   273.91739   271.79605   269.67474   267.55341   265.43210   263.31079   261.18945   259.06815   256.94684   254.82550   252.70419   250.58286   248.46155   246.34023   244.21889   242.09758   239.97627   237.85493   235.73361   233.61227   231.49097   229.36966   227.24832   225.12701   223.00571   220.88437   218.76306   216.64172   214.52042   212.39911   210.27777   208.15646   206.03516   203.91382   201.79250   199.67119   197.54985   195.42854   200.37825   205.32797   210.27771   215.22748   220.17722   225.12695   230.07672   235.02646   239.97623   244.92596   249.87570   254.82547   259.77521   264.72495   269.67468   274.62445   279.57422   284.52393   289.47369   294.42346   299.37317   304.32294   309.27271   314.22241   319.17218   324.12192   329.07166   334.02142   338.97116   343.92090   348.87064   353.82043   358.77017   363.71991   368.66965   373.61938   378.56915   383.51892   388.46863   393.41840   398.36810   403.31787   408.26764   413.21741   418.16711   423.11685   428.06659   433.01639   437.96613   442.91586   447.86560   452.81534   457.76514   462.71487   467.66461   472.61435   477.56409   482.51379   487.46362   492.41333   497.36310   502.31281   507.26257   512.21234   517.16211   522.11182   527.06152   532.01129   536.96106   541.91083   546.86060   551.81030   556.76001   561.70978   566.65955   571.60931   576.55908   581.50879   586.45850   591.40833   596.35803   601.30780   606.25751   611.20728   616.15698   621.10681   626.05652   631.00623   635.95599   640.90576   645.85553   650.80530   655.75500   660.70471   665.65448   670.60425   675.55402   680.50378   685.45349   690.40320   695.35297   700.30273   705.25250   710.20221   715.15198   720.10168   725.05151   730.00122   734.95093   739.90070   744.85046   749.80023   754.75000   759.69971     0.00000     0.00000     0.00000     0.00000     0.00000     0.00000     0.00000     0.00000     0.00000     0.00000     0.00000     0.00000     0.00000     0.00000     0.00000
     0.00000     0.00000     0.00000     0.00000     0.00000     0.00000     0.00000     0.00000     0.00000     0.00000     0.00000     0.00000     0.00000     0.00000   -62.30683   -62.29976   -62.29269   -62.28561   -62.27854   -62.27147   -62.26440   -62.25733   -62.25026   -62.24319   -62.23612   -62.22905   -62.22197   -62.21490   -62.20783   -62.20076   -62.19369   -62.18662   -62.17955   -62.17248   -62.16541   -62.15834   -62.15126   -62.14419   -62.13712   -62.13005   -62.12298   -62.11591   -62.10884   -62.10176   -62.09470   -62.08762   -62.08055   -62.07348   -62.06641   -62.05934   -62.05227   -62.04520   -62.03813   -62.03106   -62.02398   -62.01691   -62.00984   -62.00277   287.35242   285.23108   283.10977   280.98843   278.86713   276.74582   274.62448   272.50317   270.38184   268.26053   266.13922   264.01788   261.89658   259.77527   257.65393   255.53262   253.41127   251.28996   249.16866   247.04732   244.92601   242.80469   240.68335   238.56204   236.44070   234.31940   232.19809   230.07675   227.95544   225.83414   223.71280   221.59149   219.47015   217.34885   215.22754   213.10620   210.98489   208.86357   206.74223   204.62093   202.49962   200.37828   198.25696   203.20667   208.15640   213.10614   218.05591   223.00565   227.95538   232.90515   237.85489   242.80466   247.75439   252.70413   257.65390   262.60364   267.55334   272.50311   277.45288   282.40265   287.35236   292.30212   297.25189   302.20160   307.15137   312.10110   317.05084   322.00061   326.95035   331.90009   336.84985   341.79959   346.74933   351.69907   356.64886   361.59860   366.54834   371.49805   376.44781   381.39758   386.34735   391.29706   396.24683   401.19653   406.14630   411.09607   416.04581   420.99554   425.94528   430.89502   435.84482   440.79456   445.74429   450.69403   455.64377   460.59357   465.54330   470.49304   475.44275   480.39252   485.34222   490.29205   495.24176   500.19153   505.14124   510.09100   515.04077   519.99048   524.94025   529.89001   534.83972   539.78943   544.73926   549.68896   554.63873   559.58850   564.53821   569.48804   574.43774   579.38745   584.33722   589.28693   594.23676   599.18646   604.13623   609.08594   614.03571   618.98541   623.93518   628.88495   633.83472   638.78442   643.73413   648.68396   653.63367   658.58344   663.53320   668.48291   673.43274   678.38245   683.33215   688.28192   693.23169   698.18140   703.13116   708.08093   713.03064   717.98035   722.93011   727.87988   732.82965   737.77942   742.72913   747.67883   752.62866   757.57837   762.52814     0.00000     0.00000     0.00000     0.00000     0.00000     0.00000     0.00000     0.00000     0.00000     0.00000     0.00000     0.00000     0.00000     0.00000
     0.00000     0.00000     0.00000     0.00000     0.00000     0.00000     0.00000     0.00000     0.00000     0.00000     0.00000     0.00000     0.00000   -62.30683   -62.29976   -62.29269   -62.28561   -62.27854   -62.27147   -62.26440   -62.25733   -62.25026   -62.24319   -62.23612   -62.22905   -62.22197   -62.21490   -62.20783   -62.20076   -62.19369   -62.18662   -62.17955   -62.17248   -62.16541   -62.15834   -62.15126   -62.14419   -62.13712   -62.13005   -62.12298   -62.11591   -62.10884   -62.10176   -62.09470   -62.08762   -62.08055   -62.07348   -62.06641   -62.05934   -62.05227   -62.04520   -62.03813   -62.03106   -62.02398   -62.01691   -62.00984   -62.00277   294.42346   292.30215   290.18082   288.05951   285.93820   283.81686   281.69556   279.57425   277.45291   275.33160   273.21027   271.08896   268.96765   266.84631   264.72501   262.60370   260.48236   258.36102   256.23969   254.11839   251.99709   249.87573   247.75443   245.63312   243.51178   241.39047   239.26913   237.14783   235.02652   232.90518   230.78387   228.66257   226.54123   224.41992   222.29858   220.17728   218.05597   215.93462   213.81331   211.69200   209.57066   207.44936   205.32803   203.20670   201.08539   206.03510   210.98483   215.93457   220.88434   225.83408   230.78381   235.73358   240.68332   245.63309   250.58282   255.53255   260.48230   265.43207   270.38177   275.33154   280.28131   285.23108   290.18079   295.13055   300.08032   305.03003   309.97977   314.92953   319.87927   324.82904   329.77878   334.72852   339.67828   344.62802   349.57776   354.52750   359.47729   364.42700   369.37677   374.32648   379.27625   384.22601   389.17578   394.12549   399.07526   404.02496   408.97470   413.92450   418.87424   423.82397   428.77371   433.72345   438.67325   443.62299   448.57272   453.52246   458.47220   463.42200   468.37170   473.32147   478.27118   483.22095   488.17065   493.12048   498.07019   503.01996   507.96967   512.91943   517.86920   522.81897   527.76868   532.71838   537.66815   542.61792   547.56769   552.51746   557.46716   562.41687   567.36664   572.31641   577.26617   582.21588   587.16565   592.11536   597.06519   602.01489   606.96466   611.91437   616.86414   621.81384   626.76367   631.71338   636.66309   641.61285   646.56262   651.51239   656.46216   661.41187   666.36157   671.31134   676.26111   681.21088   686.16064   691.11035   696.06006   701.00977   705.95959   710.90930   715.85907   720.80884   725.75854   730.70837   735.65808   740.60779   745.55756   750.50732   755.45709   760.40686   765.35657     0.00000     0.00000     0.00000     0.00000     0.00000     0.00000     0.00000     0.00000     0.00000     0.00000     0.00000     0.00000     0.00000
     0.00000     0.00000     0.00000     0.00000     0.00000     0.00000     0.00000     0.00000     0.00000     0.00000     0.00000     0.00000   -62.30683   -62.29976   -62.29269   -62.28561   -62.27854   -62.27147   -62.26440   -62.25733   -62.25026   -62.24319   -62.23612   -62.22905   -62.22197   -62.21490   -62.20783   -62.20076   -62.19369   -62.18662   -62.17955   -62.17248   -62.16541   -62.15834   -62.15126   -62.14419   -62.13712   -62.13005   -62.12298   -62.11591   -62.10884   -62.10176   -62.09470   -62.08762   -62.08055   -62.07348   -62.06641   -62.05934   -62.05227   -62.04520   -62.03813   -62.03106   -62.02398   -62.01691   -62.00984   -62.00277   301.49457   299.37323   297.25189   295.13058   293.00925   290.88794   288.76663   286.64529   284.52399   282.40268   280.28134   278.16003   276.03870   273.91739   271.79608   269.67474   267.55341   265.43213   263.31079   261.18945   259.06812   256.94681   254.82550   252.70416   250.58286   248.46155   246.34021   244.21890   242.09756   239.97626   237.85495   235.73361   233.61230   231.49100   229.36966   227.24835   225.12701   223.00569   220.88438   218.76305   216.64174   214.52043   212.39908   210.27777   208.15646   206.03513   203.91382   208.86353   213.81326   218.76300   223.71277   228.66251   233.61224   238.56201   243.51175   248.46150   253.41124   258.36096   263.31073   268.26050   273.21021   278.15997   283.10974   288.05951   293.00922   297.95895   302.90872   307.85846   312.80820   317.75797   322.70770   327.65747   332.60721   337.55695   342.50671   347.45645   352.40619   357.35590   362.30573   367.25543   372.20520   377.15491   382.10468   387.05444   392.00421   396.95392   401.90366   406.85339   411.80313   416.75293   421.70267   426.65240   431.60214   436.55188   441.50168   446.45142   451.40115   456.35089   461.30060   466.25043   471.20013   476.14990   481.09961   486.04938   490.99908   495.94891   500.89862   505.84836   510.79810   515.74780   520.69763   525.64734   530.59711   535.54688   540.49658   545.44629   550.39612   555.34583   560.29559   565.24530   570.19507   575.14484   580.09460   585.04431   589.99408   594.94379   599.89362   604.84332   609.79309   614.74280   619.69250   624.64227   629.59204   634.54181   639.49158   644.44128   649.39099   654.34082   659.29053   664.24030   669.19006   674.13977   679.08960   684.03931   688.98901   693.93872   698.88849   703.83826   708.78802   713.73779   718.68750   723.63721   728.58698   733.53674   738.48651   743.43628   748.38599   753.33569   758.28552   763.23523   768.18500     0.00000     0.00000     0.00000     0.00000     0.00000     0.00000     0.00000     0.00000     0.00000     0.00000     0.00000     0.00000
     0.00000     0.00000     0.00000     0.00000     0.00000     0.00000     0.00000     0.00000     0.00000     0.00000     0.00000   -62.30683   -62.29976   -62.29269   -62.28561   -62.27854   -62.27147   -62.26440   -62.25733   -62.25026   -62.24319   -62.23612   -62.22905   -62.22197   -62.21490   -62.20783   -62.20076   -62.19369   -62.18662   -62.17955   -62.17248   -62.16541   -62.15834   -62.15126   -62.14419   -62.13712   -62.13005   -62.12298   -62.11591   -62.10884   -62.10176   -62.09470   -62.08762   -62.08055   -62.07348   -62.06641   -62.05934   -62.05227   -62.04520   -62.03813   -62.03106   -62.02398   -62.01691   -62.00984   -62.00277   308.56561   306.44427   304.32297   302.20166   300.08032   297.95901   295.83768   293.71637   291.59506   289.47372   287.35242   285.23111   283.10977   280.98846   278.86713   276.74582   274.62451   272.50317   270.38184   268.26056   266.13922   264.01788   261.89655   259.77524   257.65393   255.53259   253.41129   251.28998   249.16864   247.04733   244.92599   242.80469   240.68338   238.56204   236.44073   234.31943   232.19809   230.07677   227.95543   225.83412   223.71281   221.59148   219.47015   217.34885   215.22751   213.10620   210.98489   208.86356   206.74225   211.69196   216.64169   221.59143   226.54120   231.49094   236.44067   241.39043   246.34016   251.28993   256.23969   261.18939   266.13916   271.08893   276.03864   280.98840   285.93817   290.88791   295.83765   300.78738   305.73715   310.68689   315.63663   320.58640   325.53613   330.48590   335.43564   340.38538   345.33514   350.28485   355.23462   360.18433   365.13416   370.08386   375.03363   379.98334   384.93311   389.88287   394.83261   399.78235   404.73209   409.68182   414.63156   419.58136   424.53110   429.48083   434.43057   439.38031   444.33011   449.27985   454.22955   459.17932   464.12903   469.07886   474.02856   478.97833   483.92804   488.87781   493.82751   498.77731   503.72705   508.67679   513.62653   518.57629   523.52606   528.47583   533.42554   538.37524   543.32501   548.27478   553.22455   558.17426   563.12402   568.07373   573.02350   577.97327   582.92303   587.87274   592.82251   597.77222   602.72205   607.67175   612.62146   617.57123   622.52100   627.47070   632.42053   637.37024   642.31995   647.26971   652.21948   657.16925   662.11902   667.06873   672.01843   676.96820   681.91797   686.86768   691.81744   696.76721   701.71692   706.66663   711.61646   716.56616   721.51593   726.46570   731.41541   736.36523   741.31494   746.26465   751.21442   756.16418   761.11395   766.06372   771.01343     0.00000     0.00000     0.00000     0.00000     0.00000     0.00000     0.00000     0.00000     0.00000     0.00000     0.00000
     0.00000     0.00000     0.00000     0.00000     0.00000     0.00000     0.00000     0.00000     0.00000     0.00000   -62.30683   -62.29976   -62.29269   -62.28561   -62.27854   -62.27147   -62.26440   -62.25733   -62.25026   -62.24319   -62.23612   -62.22905   -62.22197   -62.21490   -62.20783   -62.20076   -62.19369   -62.18662   -62.17955   -62.17248   -62.16541   -62.15834   -62.15126   -62.14419   -62.13712   -62.13005   -62.12298   -62.11591   -62.10884   -62.10176   -62.09470   -62.08762   -62.08055   -62.07348   -62.06641   -62.05934   -62.05227   -62.04520   -62.03813   -62.03106   -62.02398   -62.01691   -62.00984   -62.00277   315.63669   313.51535   311.39404   309.27271   307.15140   305.03009   302.90875   300.78745   298.66611   296.54480   294.42349   292.30215   290.18085   288.05954   285.93820   283.81689   281.69556   279.57422   277.45294   275.33160   273.21027   271.08896   268.96762   266.84631   264.72498   262.60367   260.48236   258.36102   256.23972   254.11841   251.99707   249.87576   247.75443   245.63312   243.51181   241.39047   239.26917   237.14784   235.02650   232.90520   230.78386   228.66255   226.54123   224.41989   222.29858   220.17728   218.05594   215.93463   213.81332   211.69199   209.57068   214.52039   219.47012   224.41986   229.36963   234.31935   239.26909   244.21886   249.16859   254.11836   259.06812   264.01782   268.96759   273.91736   278.86707   283.81683   288.76657   293.71634   298.66608   303.61581   308.56558   313.51532   318.46506   323.41483   328.36456   333.31433   338.26404   343.21381   348.16357   353.11328   358.06305   363.01276   367.96259   372.91229   377.86206   382.81177   387.76151   392.71130   397.66104   402.61078   407.56052   412.51025   417.45999   422.40979   427.35953   432.30927   437.25900   442.20874   447.15851   452.10828   457.05798   462.00775   466.95746   471.90729   476.85699   481.80676   486.75647   491.70621   496.65594   501.60574   506.55548   511.50522   516.45496   521.40466   526.35449   531.30420   536.25397   541.20374   546.15344   551.10315   556.05298   561.00269   565.95245   570.90216   575.85193   580.80170   585.75146   590.70117   595.65088   600.60065   605.55042   610.50018   615.44995   620.39966   625.34937   630.29913   635.24890   640.19867   645.14844   650.09814   655.04785   659.99768   664.94739   669.89716   674.84686   679.79663   684.74640   689.69617   694.64587   699.59558   704.54535   709.49512   714.44489   719.39465   724.34436   729.29407   734.24384   739.19360   744.14337   749.09314   754.04285   758.99255   763.94238   768.89209   773.84186     0.00000     0.00000     0.00000     0.00000     0.00000     0.00000     0.00000     0.00000     0.00000     0.00000
     0.00000     0.00000     0.00000     0.00000     0.00000     0.00000     0.00000     0.00000     0.00000   -62.30683   -62.29976   -62.29269   -62.28561   -62.27854   -62.27147   -62.26440   -62.25733   -62.25026   -62.24319   -62.23612   -62.22905   -62.22197   -62.21490   -62.20783   -62.20076   -62.19369   -62.18662   -62.17955   -62.17248   -62.16541   -62.15834   -62.15126   -62.14419   -62.13712   -62.13005   -62.12298   -62.11591   -62.10884   -62.10176   -62.09470   -62.08762   -62.08055   -62.07348   -62.06641   -62.05934   -62.05227   -62.04520   -62.03813   -62.03106   -62.02398   -62.01691   -62.00984   -62.00277   322.70776   320.58643   318.46509   316.34378   314.22247   312.10114   309.97983   307.85852   305.73718   303.61588   301.49454   299.37323   297.25192   295.13058   293.00928   290.88797   288.76660   286.64532   284.52399   282.40265   280.28137   278.16000   276.03870   273.91739   271.79605   269.67474   267.55341   265.43210   263.31079   261.18945   259.06815   256.94684   254.82550   252.70419   250.58286   248.46155   246.34024   244.21889   242.09758   239.97627   237.85493   235.73363   233.61227   231.49097   229.36966   227.24832   225.12701   223.00571   220.88437   218.76306   216.64175   214.52042   212.39911   217.34882   222.29855   227.24828   232.19804   237.14778   242.09752   247.04729   251.99702   256.94678   261.89655   266.84625   271.79602   276.74576   281.69550   286.64526   291.59500   296.54477   301.49451   306.44424   311.39401   316.34375   321.29349   326.24326   331.19299   336.14276   341.09247   346.04224   350.99200   355.94171   360.89148   365.84119   370.79102   375.74072   380.69046   385.64020   390.58994   395.53973   400.48947   405.43921   410.38895   415.33868   420.28842   425.23822   430.18796   435.13770   440.08740   445.03717   449.98694   454.93671   459.88641   464.83618   469.78589   474.73572   479.68542   484.63516   489.58490   494.53464   499.48438   504.43417   509.38391   514.33362   519.28339   524.23315   529.18292   534.13269   539.08240   544.03210   548.98187   553.93158   558.88141   563.83112   568.78088   573.73059   578.68036   583.63013   588.57983   593.52960   598.47937   603.42908   608.37891   613.32861   618.27832   623.22809   628.17786   633.12756   638.07739   643.02710   647.97681   652.92657   657.87634   662.82611   667.77582   672.72559   677.67529   682.62500   687.57483   692.52454   697.47430   702.42407   707.37378   712.32349   717.27332   722.22302   727.17279   732.12256   737.07227   742.02209   746.97180   751.92151   756.87128   761.82104   766.77081   771.72052   776.67029     0.00000     0.00000     0.00000     0.00000     0.00000     0.00000     0.00000     0.00000     0.00000
     0.00000     0.00000     0.00000     0.00000     0.00000     0.00000     0.00000     0.00000   -62.30683   -62.29976   -62.29269   -62.28561   -62.27854   -62.27147   -62.26440   -62.25733   -62.25026   -62.24319   -62.23612   -62.22905   -62.22197   -62.21490   -62.20783   -62.20076   -62.19369   -62.18662   -62.17955   -62.17248   -62.16541   -62.15834   -62.15126   -62.14419   -62.13712   -62.13005   -62.12298   -62.11591   -62.10884   -62.10176   -62.09470   -62.08762   -62.08055   -62.07348   -62.06641   -62.05934   -62.05227   -62.04520   -62.03813   -62.03106   -62.02398   -62.01691   -62.00984   -62.00277   329.77881   327.65747   325.53616   323.41486   321.29352   319.17221   317.05090   314.92957   312.80826   310.68695   308.56561   306.44431   304.32297   302.20166   300.08035   297.95901   295.83771   293.71637   291.59503   289.47375   287.35242   285.23108   283.10977   280.98843   278.86713   276.74582   274.62448   272.50317   270.38184   268.26053   266.13922   264.01788   261.89658   259.77527   257.65393   255.53262   253.41129   251.28996   249.16866   247.04732   244.92601   242.80470   240.68335   238.56204   236.44070   234.31940   232.19809   230.07675   227.95544   225.83414   223.71280   221.59149   219.47018   217.34885   215.22754   220.17723   225.12697   230.07671   235.02647   239.97621   244.92595   249.87572   254.82545   259.77521   264.72498   269.67468   274.62445   279.57419   284.52393   289.47369   294.42343   299.37320   304.32294   309.27267   314.22244   319.17218   324.12189   329.07166   334.02142   338.97119   343.92090   348.87067   353.82043   358.77014   363.71991   368.66962   373.61942   378.56915   383.51889   388.46863   393.41837   398.36816   403.31790   408.26764   413.21738   418.16711   423.11685   428.06665   433.01636   437.96613   442.91583   447.86560   452.81537   457.76514   462.71484   467.66461   472.61432   477.56412   482.51385   487.46359   492.41333   497.36307   502.31281   507.26260   512.21234   517.16211   522.11182   527.06152   532.01135   536.96106   541.91083   546.86053   551.81030   556.76001   561.70984   566.65955   571.60931   576.55902   581.50879   586.45856   591.40833   596.35803   601.30774   606.25751   611.20728   616.15704   621.10681   626.05652   631.00623   635.95599   640.90576   645.85553   650.80530   655.75500   660.70471   665.65454   670.60425   675.55396   680.50372   685.45349   690.40326   695.35303   700.30273   705.25244   710.20221   715.15198   720.10175   725.05151   730.00122   734.95093   739.90070   744.85046   749.80023   754.75000   759.69971   764.64941   769.59924   774.54895   779.49866     0.00000     0.00000     0.00000     0.00000     0.00000     0.00000     0.00000     0.00000
     0.00000     0.00000     0.00000     0.00000     0.00000     0.00000     0.00000   -62.30683   -62.29976   -62.29269   -62.28561   -62.27854   -62.27147   -62.26440   -62.25733   -62.25026   -62.24319   -62.23612   -62.22905   -62.22197   -62.21490   -62.20783   -62.20076   -62.19369   -62.18662   -62.17955   -62.17248   -62.16541   -62.15834   -62.15126   -62.14419   -62.13712   -62.13005   -62.12298   -62.11591   -62.10884   -62.10176   -62.09470   -62.08762   -62.08055   -62.07348   -62.06641   -62.05934   -62.05227   -62.04520   -62.03813   -62.03106   -62.02398   -62.01691   -62.00984   -62.00277   336.84988   334.72858   332.60724   330.48590   328.36459   326.24329   324.12195   322.00064   319.87933   317.75800   315.63669   313.51538   311.39404   309.27274   307.15140   305.03009   302.90875   300.78741   298.66614   296.54480   294.42346   292.30215   290.18082   288.05951   285.93820   283.81686   281.69556   279.57425   277.45291   275.33160   273.21027   271.08896   268.96765   266.84631   264.72501   262.60370   260.48236   258.36102   256.23969   254.11839   251.99709   249.87575   247.75443   245.63312   243.51178   241.39047   239.26913   237.14783   235.02652   232.90518   230.78387   228.66257   226.54123   224.41992   222.29861   220.17726   218.05595   223.00566   227.95540   232.90514   237.85490   242.80464   247.75438   252.70415   257.65387   262.60364   267.55338   272.50311   277.45288   282.40262   287.35236   292.30212   297.25186   302.20163   307.15137   312.10110   317.05084   322.00061   326.95032   331.90009   336.84985   341.79962   346.74933   351.69907   356.64886   361.59857   366.54831   371.49805   376.44785   381.39758   386.34732   391.29706   396.24680   401.19659   406.14633   411.09607   416.04581   420.99554   425.94525   430.89508   435.84479   440.79456   445.74426   450.69403   455.64380   460.59357   465.54327   470.49301   475.44275   480.39255   485.34229   490.29202   495.24176   500.19150   505.14124   510.09103   515.04077   519.99048   524.94025   529.88995   534.83978   539.78949   544.73926   549.68896   554.63873   559.58844   564.53827   569.48798   574.43774   579.38745   584.33716   589.28699   594.23669   599.18646   604.13623   609.08594   614.03577   618.98547   623.93518   628.88495   633.83472   638.78442   643.73425   648.68396   653.63367   658.58337   663.53314   668.48291   673.43268   678.38245   683.33215   688.28186   693.23169   698.18140   703.13116   708.08093   713.03064   717.98035   722.93018   727.87988   732.82965   737.77942   742.72913   747.67896   752.62866   757.57837   762.52808   767.47784   772.42761   777.37738   782.32715     0.00000     0.00000     0.00000     0.00000     0.00000     0.00000     0.00000
     0.00000     0.00000     0.00000     0.00000     0.00000     0.00000   -62.30683   -62.29976   -62.29269   -62.28561   -62.27854   -62.27147   -62.26440   -62.25733   -62.25026   -62.24319   -62.23612   -62.22905   -62.22197   -62.21490   -62.20783   -62.20076   -62.19369   -62.18662   -62.17955   -62.17248   -62.16541   -62.15834   -62.15126   -62.14419   -62.13712   -62.13005   -62.12298   -62.11591   -62.10884   -62.10176   -62.09470   -62.08762   -62.08055   -62.07348   -62.06641   -62.05934   -62.05227   -62.04520   -62.03813   -62.03106   -62.02398   -62.01691   -62.00984   -62.00277   343.92096   341.79962   339.67828   337.55701   335.43567   333.31433   331.19302   329.07172   326.95038   324.82907   322.70776   320.58643   318.46512   316.34381   314.22247   312.10117   309.97980   307.85852   305.73718   303.61584   301.49457   299.37323   297.25189   295.13058   293.00925   290.88794   288.76663   286.64529   284.52399   282.40268   280.28134   278.16003   276.03870   273.91739   271.79608   269.67474   267.55344   265.43213   263.31079   261.18945   259.06812   256.94684   254.82550   252.70416   250.58286   248.46155   246.34021   244.21890   242.09756   239.97626   237.85495   235.73361   233.61230   231.49100   229.36966   227.24834   225.12703   223.00569   220.88438   225.83409   230.78383   235.73357   240.68333   245.63307   250.58281   255.53256   260.48230   265.43207   270.38181   275.33154   280.28131   285.23105   290.18079   295.13055   300.08029   305.03006   309.97980   314.92950   319.87927   324.82904   329.77875   334.72852   339.67828   344.62802   349.57779   354.52750   359.47726   364.42700   369.37674   374.32648   379.27628   384.22601   389.17575   394.12549   399.07523   404.02502   408.97476   413.92450   418.87421   423.82397   428.77368   433.72351   438.67322   443.62299   448.57269   453.52246   458.47223   463.42197   468.37170   473.32144   478.27118   483.22098   488.17072   493.12045   498.07019   503.01993   507.96967   512.91943   517.86920   522.81891   527.76868   532.71838   537.66821   542.61792   547.56769   552.51740   557.46716   562.41687   567.36670   572.31641   577.26611   582.21588   587.16565   592.11542   597.06519   602.01489   606.96460   611.91437   616.86414   621.81390   626.76367   631.71338   636.66309   641.61285   646.56262   651.51233   656.46210   661.41187   666.36157   671.31140   676.26111   681.21082   686.16058   691.11035   696.06012   701.00989   705.95959   710.90930   715.85907   720.80884   725.75861   730.70837   735.65808   740.60779   745.55756   750.50732   755.45703   760.40680   765.35657   770.30627   775.25610   780.20581   785.15552     0.00000     0.00000     0.00000     0.00000     0.00000     0.00000
     0.00000     0.00000     0.00000     0.00000     0.00000   -62.30683   -62.29976   -62.29269   -62.28561   -62.27854   -62.27147   -62.26440   -62.25733   -62.25026   -62.24319   -62.23612   -62.22905   -62.22197   -62.21490   -62.20783   -62.20076   -62.19369   -62.18662   -62.17955   -62.17248   -62.16541   -62.15834   -62.15126   -62.14419   -62.13712   -62.13005   -62.12298   -62.11591   -62.10884   -62.10176   -62.09470   -62.08762   -62.08055   -62.07348   -62.06641   -62.05934   -62.05227   -62.04520   -62.03813   -62.03106   -62.02398   -62.01691   -62.00984   -62.00277   350.99200   348.87070   346.74939   344.62805   342.50671   340.38544   338.26410   336.14276   334.02145   331.90015   329.77881   327.65750   325.53619   323.41486   321.29355   319.17224   317.05090   314.92957   312.80823   310.68695   308.56561   306.44427   304.32297   302.20166   300.08032   297.95901   295.83768   293.71637   291.59506   289.47372   287.35242   285.23111   283.10977   280.98846   278.86713   276.74582   274.62451   272.50317   270.38184   268.26056   266.13922   264.01788   261.89655   259.77524   257.65393   255.53259   253.41129   251.28998   249.16864   247.04733   244.92599   242.80469   240.68338   238.56204   236.44073   234.31941   232.19807   230.07677   227.95546   225.83412   223.71281   228.66252   233.61226   238.56200   243.51176   248.46149   253.41122   258.36099   263.31073   268.26050   273.21024   278.15997   283.10974   288.05948   293.00922   297.95898   302.90869   307.85846   312.80823   317.75793   322.70770   327.65747   332.60718   337.55695   342.50671   347.45645   352.40619   357.35593   362.30569   367.25543   372.20517   377.15491   382.10471   387.05444   392.00418   396.95392   401.90366   406.85345   411.80316   416.75293   421.70264   426.65240   431.60211   436.55194   441.50165   446.45142   451.40112   456.35086   461.30066   466.25040   471.20013   476.14987   481.09961   486.04941   490.99915   495.94888   500.89862   505.84836   510.79810   515.74786   520.69763   525.64734   530.59711   535.54681   540.49664   545.44635   550.39612   555.34583   560.29553   565.24530   570.19507   575.14484   580.09460   585.04431   589.99402   594.94385   599.89355   604.84332   609.79309   614.74280   619.69263   624.64233   629.59204   634.54181   639.49152   644.44128   649.39105   654.34082   659.29053   664.24023   669.19000   674.13977   679.08954   684.03931   688.98901   693.93872   698.88855   703.83826   708.78802   713.73779   718.68750   723.63721   728.58704   733.53674   738.48651   743.43622   748.38599   753.33575   758.28552   763.23523   768.18494   773.13470   778.08447   783.03424   787.98401     0.00000     0.00000     0.00000     0.00000     0.00000
     0.00000     0.00000     0.00000     0.00000   -62.30683   -62.29976   -62.29269   -62.28561   -62.27854   -62.27147   -62.26440   -62.25733   -62.25026   -62.24319   -62.23612   -62.22905   -62.22197   -62.21490   -62.20783   -62.20076   -62.19369   -62.18662   -62.17955   -62.17248   -62.16541   -62.15834   -62.15126   -62.14419   -62.13712   -62.13005   -62.12298   -62.11591   -62.10884   -62.10176   -62.09470   -62.08762   -62.08055   -62.07348   -62.06641   -62.05934   -62.05227   -62.04520   -62.03813   -62.03106   -62.02398   -62.01691   -62.00984   -62.00277   358.06311   355.94177   353.82043   351.69913   349.57782   347.45648   345.33514   343.21387   341.09253   338.97119   336.84988   334.72858   332.60724   330.48593   328.36462   326.24329   324.12195   322.00064   319.87933   317.75800   315.63666   313.51535   311.39404   309.27271   307.15140   305.03009   302.90875   300.78745   298.66611   296.54480   294.42349   292.30215   290.18085   288.05954   285.93820   283.81689   281.69556   279.57422   277.45294   275.33160   273.21027   271.08899   268.96762   266.84631   264.72498   262.60367   260.48236   258.36102   256.23972   254.11841   251.99707   249.87576   247.75443   245.63312   243.51181   241.39046   239.26915   237.14784   235.02650   232.90520   230.78389   228.66255   226.54124   231.49095   236.44069   241.39041   246.34018   251.28992   256.23965   261.18942   266.13916   271.08893   276.03867   280.98840   285.93817   290.88791   295.83765   300.78741   305.73712   310.68689   315.63666   320.58636   325.53613   330.48587   335.43564   340.38538   345.33511   350.28488   355.23462   360.18436   365.13412   370.08386   375.03360   379.98334   384.93314   389.88287   394.83261   399.78235   404.73206   409.68188   414.63159   419.58136   424.53107   429.48083   434.43054   439.38037   444.33008   449.27982   454.22955   459.17929   464.12909   469.07883   474.02856   478.97830   483.92804   488.87784   493.82758   498.77731   503.72705   508.67676   513.62653   518.57629   523.52606   528.47577   533.42554   538.37524   543.32507   548.27478   553.22449   558.17426   563.12402   568.07373   573.02356   577.97327   582.92297   587.87274   592.82251   597.77228   602.72205   607.67175   612.62146   617.57123   622.52100   627.47076   632.42047   637.37024   642.31995   647.26965   652.21948   657.16919   662.11896   667.06873   672.01843   676.96826   681.91797   686.86768   691.81744   696.76721   701.71698   706.66675   711.61646   716.56616   721.51593   726.46570   731.41547   736.36517   741.31494   746.26465   751.21436   756.16418   761.11389   766.06366   771.01343   775.96313   780.91296   785.86267   790.81238     0.00000     0.00000     0.00000     0.00000
     0.00000     0.00000     0.00000   -62.30683   -62.29976   -62.29269   -62.28561   -62.27854   -62.27147   -62.26440   -62.25733   -62.25026   -62.24319   -62.23612   -62.22905   -62.22197   -62.21490   -62.20783   -62.20076   -62.19369   -62.18662   -62.17955   -62.17248   -62.16541   -62.15834   -62.15126   -62.14419   -62.13712   -62.13005   -62.12298   -62.11591   -62.10884   -62.10176   -62.09470   -62.08762   -62.08055   -62.07348   -62.06641   -62.05934   -62.05227   -62.04520   -62.03813   -62.03106   -62.02398   -62.01691   -62.00984   -62.00277   365.13416   363.01282   360.89151   358.77020   356.64886   354.52756   352.40625   350.28491   348.16357   346.04230   343.92096   341.79962   339.67831   337.55701   335.43567   333.31436   331.19302   329.07172   326.95038   324.82907   322.70776   320.58643   318.46509   316.34378   314.22247   312.10114   309.97983   307.85852   305.73718   303.61588   301.49454   299.37323   297.25192   295.13058   293.00928   290.88797   288.76663   286.64532   284.52399   282.40265   280.28137   278.16003   276.03870   273.91739   271.79605   269.67474   267.55341   265.43210   263.31079   261.18945   259.06815   256.94684   254.82550   252.70419   250.58286   248.46153   246.34023   244.21889   242.09758   239.97627   237.85493   235.73363   233.61232   231.49098   229.36967   234.31937   239.26910   244.21884   249.16861   254.11835   259.06808   264.01785   268.96759   273.91736   278.86710   283.81683   288.76660   293.71631   298.66608   303.61584   308.56555   313.51532   318.46509   323.41479   328.36459   333.31430   338.26404   343.21381   348.16354   353.11331   358.06305   363.01279   367.96255   372.91229   377.86203   382.81177   387.76157   392.71130   397.66101   402.61078   407.56049   412.51031   417.46002   422.40979   427.35950   432.30927   437.25897   442.20877   447.15851   452.10825   457.05798   462.00772   466.95752   471.90726   476.85699   481.80673   486.75647   491.70627   496.65601   501.60571   506.55548   511.50519   516.45496   521.40472   526.35449   531.30420   536.25397   541.20367   546.15344   551.10321   556.05298   561.00269   565.95239   570.90216   575.85193   580.80170   585.75146   590.70117   595.65088   600.60071   605.55042   610.50018   615.44995   620.39966   625.34943   630.29919   635.24890   640.19861   645.14838   650.09814   655.04791   659.99768   664.94739   669.89709   674.84686   679.79663   684.74640   689.69617   694.64587   699.59558   704.54541   709.49512   714.44489   719.39465   724.34436   729.29407   734.24390   739.19360   744.14331   749.09308   754.04285   758.99261   763.94238   768.89209   773.84180   778.79156   783.74133   788.69110   793.64087     0.00000     0.00000     0.00000
     0.00000     0.00000   -62.30683   -62.29976   -62.29269   -62.28561   -62.27854   -62.27147   -62.26440   -62.25733   -62.25026   -62.24319   -62.23612   -62.22905   -62.22197   -62.21490   -62.20783   -62.20076   -62.19369   -62.18662   -62.17955   -62.17248   -62.16541   -62.15834   -62.15126   -62.14419   -62.13712   -62.13005   -62.12298   -62.11591   -62.10884   -62.10176   -62.09470   -62.08762   -62.08055   -62.07348   -62.06641   -62.05934   -62.05227   -62.04520   -62.03813   -62.03106   -62.02398   -62.01691   -62.00984   -62.00277   372.20523   370.08389   367.96259   365.84125   363.71994   361.59863   359.47729   357.35599   355.23468   353.11334   350.99200   348.87073   346.74939   344.62805   342.50674   340.38544   338.26410   336.14276   334.02145   331.90015   329.77881   327.65747   325.53616   323.41486   321.29352   319.17221   317.05090   314.92957   312.80826   310.68695   308.56561   306.44431   304.32297   302.20166   300.08035   297.95901   295.83771   293.71637   291.59503   289.47375   287.35242   285.23108   283.10977   280.98843   278.86713   276.74582   274.62448   272.50317   270.38184   268.26053   266.13922   264.01788   261.89658   259.77527   257.65393   255.53261   253.41127   251.28996   249.16866   247.04732   244.92601   242.80470   240.68336   238.56206   236.44075   234.31940   232.19809   237.14780   242.09753   247.04727   251.99704   256.94678   261.89651   266.84628   271.79602   276.74579   281.69550   286.64526   291.59503   296.54474   301.49451   306.44427   311.39398   316.34375   321.29352   326.24323   331.19299   336.14273   341.09247   346.04224   350.99197   355.94174   360.89148   365.84122   370.79099   375.74072   380.69046   385.64020   390.58997   395.53973   400.48944   405.43921   410.38892   415.33875   420.28845   425.23822   430.18793   435.13766   440.08740   445.03720   449.98694   454.93668   459.88641   464.83615   469.78595   474.73569   479.68542   484.63516   489.58490   494.53467   499.48444   504.43414   509.38391   514.33362   519.28339   524.23315   529.18292   534.13263   539.08240   544.03210   548.98193   553.93164   558.88135   563.83112   568.78088   573.73059   578.68042   583.63013   588.57983   593.52960   598.47937   603.42914   608.37891   613.32861   618.27832   623.22803   628.17786   633.12756   638.07733   643.02710   647.97681   652.92651   657.87634   662.82605   667.77582   672.72559   677.67529   682.62512   687.57483   692.52454   697.47430   702.42407   707.37384   712.32361   717.27332   722.22302   727.17273   732.12250   737.07227   742.02203   746.97180   751.92151   756.87122   761.82104   766.77075   771.72052   776.67029   781.62000   786.56982   791.51953   796.46924     0.00000     0.00000
     0.00000   -62.30683   -62.29976   -62.29269   -62.28561   -62.27854   -62.27147   -62.26440   -62.25733   -62.25026   -62.24319   -62.23612   -62.22905   -62.22197   -62.21490   -62.20783   -62.20076   -62.19369   -62.18662   -62.17955   -62.17248   -62.16541   -62.15834   -62.15126   -62.14419   -62.13712   -62.13005   -62.12298   -62.11591   -62.10884   -62.10176   -62.09470   -62.08762   -62.08055   -62.07348   -62.06641   -62.05934   -62.05227   -62.04520   -62.03813   -62.03106   -62.02398   -62.01691   -62.00984   -62.00277   379.27631   377.15497   375.03363   372.91232   370.79102   368.66968   366.54837   364.42706   362.30573   360.18442   358.06311   355.94177   353.82043   351.69916   349.57782   347.45648   345.33514   343.21387   341.09253   338.97119   336.84988   334.72858   332.60724   330.48590   328.36459   326.24329   324.12195   322.00064   319.87933   317.75800   315.63669   313.51538   311.39404   309.27274   307.15140   305.03009   302.90878   300.78741   298.66614   296.54480   294.42346   292.30219   290.18082   288.05951   285.93820   283.81686   281.69556   279.57425   277.45291   275.33160   273.21027   271.08896   268.96765   266.84631   264.72501   262.60370   260.48236   258.36102   256.23969   254.11839   251.99709   249.87575   247.75444   245.63313   243.51180   241.39047   239.26917   237.14783   235.02652   239.97623   244.92596   249.87570   254.82547   259.77521   264.72495   269.67471   274.62445   279.57422   284.52393   289.47369   294.42346   299.37317   304.32294   309.27267   314.22244   319.17218   324.12192   329.07166   334.02142   338.97116   343.92090   348.87067   353.82040   358.77017   363.71991   368.66965   373.61942   378.56915   383.51886   388.46863   393.41840   398.36816   403.31787   408.26764   413.21735   418.16718   423.11688   428.06662   433.01636   437.96609   442.91583   447.86563   452.81537   457.76511   462.71484   467.66458   472.61438   477.56412   482.51385   487.46356   492.41333   497.36310   502.31287   507.26257   512.21234   517.16205   522.11182   527.06158   532.01135   536.96106   541.91077   546.86053   551.81030   556.76007   561.70984   566.65955   571.60925   576.55902   581.50879   586.45856   591.40833   596.35803   601.30774   606.25757   611.20728   616.15698   621.10675   626.05652   631.00629   635.95605   640.90576   645.85547   650.80524   655.75500   660.70477   665.65454   670.60425   675.55396   680.50372   685.45349   690.40326   695.35303   700.30273   705.25244   710.20227   715.15198   720.10168   725.05145   730.00122   734.95093   739.90076   744.85046   749.80017   754.74994   759.69971   764.64948   769.59924   774.54895   779.49866   784.44843   789.39819   794.34790   799.29761     0.00000
   -62.30683   -62.29976   -62.29269   -62.28561   -62.27854   -62.27147   -62.26440   -62.25733   -62.25026   -62.24319   -62.23612   -62.22905   -62.22197   -62.21490   -62.20783   -62.20076   -62.19369   -62.18662   -62.17955   -62.17248   -62.16541   -62.15834   -62.15126   -62.14419   -62.13712   -62.13005   -62.12298   -62.11591   -62.10884   -62.10176   -62.09470   -62.08762   -62.08055   -62.07348   -62.06641   -62.05934   -62.05227   -62.04520   -62.03813   -62.03106   -62.02398   -62.01691   -62.00984   -62.00277   386.34735   384.22601   382.10471   379.98340   377.86206   375.74075   373.61945   371.49811   369.37680   367.25549   365.13416   363.01285   360.89154   358.77020   356.64886   354.52759   352.40625   350.28491   348.16357   346.04230   343.92096   341.79962   339.67828   337.55701   335.43567   333.31433   331.19302   329.07172   326.95038   324.82907   322.70776   320.58643   318.46512   316.34381   314.22247   312.10117   309.97983   307.85852   305.73718   303.61584   301.49457   299.37323   297.25189   295.13058   293.00925   290.88794   288.76663   286.64529   284.52399   282.40268   280.28134   278.16003   276.03870   273.91739   271.79608   269.67474   267.55341   265.43213   263.31079   261.18945   259.06812   256.94684   254.82552   252.70418   250.58287   248.46155   246.34021   244.21890   242.09760   239.97626   237.85495   242.80466   247.75439   252.70413   257.65390   262.60364   267.55334   272.50311   277.45288   282.40265   287.35236   292.30212   297.25189   302.20160   307.15137   312.10110   317.05084   322.00061   326.95035   331.90009   336.84985   341.79959   346.74933   351.69910   356.64883   361.59860   366.54834   371.49808   376.44781   381.39758   386.34729   391.29706   396.24683   401.19659   406.14630   411.09607   416.04578   420.99557   425.94531   430.89505   435.84479   440.79453   445.74426   450.69406   455.64380   460.59354   465.54327   470.49301   475.44281   480.39252   485.34229   490.29199   495.24176   500.19153   505.14130   510.09100   515.04077   519.99048   524.94019   529.89001   534.83972   539.78949   544.73926   549.68896   554.63879   559.58850   564.53821   569.48798   574.43774   579.38745   584.33728   589.28699   594.23669   599.18646   604.13617   609.08594   614.03571   618.98547   623.93518   628.88489   633.83472   638.78442   643.73419   648.68396   653.63367   658.58337   663.53320   668.48291   673.43268   678.38245   683.33215   688.28198   693.23169   698.18140   703.13116   708.08087   713.03064   717.98041   722.93018   727.87988   732.82959   737.77936   742.72913   747.67889   752.62866   757.57837   762.52808   767.47791   772.42761   777.37738   782.32715   787.27686   792.22656   797.17633   802.12610
     0.00000   -62.29269   -62.28561   -62.27854   -62.27147   -62.26440   -62.25733   -62.25026   -62.24319   -62.23612   -62.22905   -62.22197   -62.21490   -62.20783   -62.20076   -62.19369   -62.18662   -62.17955   -62.17248   -62.16541   -62.15834   -62.15126   -62.14419   -62.13712   -62.13005   -62.12298   -62.11591   -62.10884   -62.10176   -62.09470   -62.08762   -62.08055   -62.07348   -62.06641   -62.05934   -62.05227   -62.04520   -62.03813   -62.03106   -62.02398   -62.01691   -62.00984   -62.00277   393.41843   391.29709   389.17578   387.05444   384.93314   382.81183   380.69049   378.56918   376.44788   374.32654   372.20523   370.08392   367.96259   365.84128   363.71997   361.59863   359.47729   357.35599   355.23468   353.11334   350.99200   348.87070   346.74939   344.62805   342.50671   340.38544   338.26410   336.14276   334.02145   331.90015   329.77881   327.65750   325.53619   323.41486   321.29355   319.17224   317.05090   314.92957   312.80823   310.68695   308.56561   306.44427   304.32297   302.20166   300.08032   297.95901   295.83768   293.71637   291.59506   289.47372   287.35242   285.23111   283.10977   280.98846   278.86713   276.74579   274.62451   272.50317   270.38184   268.26056   266.13922   264.01788   261.89655   259.77527   257.65393   255.53259   253.41129   251.28998   249.16864   247.04733   244.92603   242.80469   240.68338   245.63309   250.58282   255.53256   260.48230   265.43207   270.38177   275.33154   280.28131   285.23108   290.18079   295.13052   300.08032   305.03003   309.97977   314.92953   319.87927   324.82904   329.77878   334.72852   339.67828   344.62802   349.57776   354.52753   359.47726   364.42703   369.37674   374.32651   379.27625   384.22601   389.17572   394.12549   399.07526   404.02502   408.97473   413.92447   418.87421   423.82401   428.77374   433.72348   438.67322   443.62296   448.57269   453.52249   458.47223   463.42197   468.37170   473.32141   478.27124   483.22095   488.17072   493.12042   498.07019   503.01996   507.96973   512.91943   517.86914   522.81891   527.76868   532.71844   537.66821   542.61792   547.56763   552.51740   557.46716   562.41693   567.36670   572.31641   577.26611   582.21588   587.16565   592.11542   597.06512   602.01489   606.96460   611.91443   616.86414   621.81384   626.76361   631.71338   636.66315   641.61292   646.56262   651.51233   656.46210   661.41187   666.36163   671.31140   676.26111   681.21082   686.16058   691.11035   696.06012   701.00983   705.95959   710.90930   715.85913   720.80884   725.75854   730.70831   735.65808   740.60779   745.55762   750.50732   755.45703   760.40680   765.35657   770.30634   775.25610   780.20581   785.15552   790.10529   795.05505     0.00000
     0.00000     0.00000   -62.27854   -62.27147   -62.26440   -62.25733   -62.25026   -62.24319   -62.23612   -62.22905   -62.22197   -62.21490   -62.20783   -62.20076   -62.19369   -62.18662   -62.17955   -62.17248   -62.16541   -62.15834   -62.15126   -62.14419   -62.13712   -62.13005   -62.12298   -62.11591   -62.10884   -62.10176   -62.09470   -62.08762   -62.08055   -62.07348   -62.06641   -62.05934   -62.05227   -62.04520   -62.03813   -62.03106   -62.02398   -62.01691   -62.00984   -62.00277   400.48950   398.36816   396.24683   394.12552   392.00421   389.88287   387.76157   385.64026   383.51892   381.39761   379.27631   377.15497   375.03366   372.91235   370.79102   368.66971   366.54837   364.42706   362.30573   360.18442   358.06311   355.94177   353.82043   351.69913   349.57782   347.45648   345.33514   343.21387   341.09253   338.97119   336.84988   334.72858   332.60724   330.48593   328.36462   326.24329   324.12198   322.00067   319.87933   317.75800   315.63666   313.51538   311.39404   309.27271   307.15140   305.03009   302.90875   300.78745   298.66611   296.54480   294.42349   292.30215   290.18085   288.05954   285.93820   283.81689   281.69556   279.57422   277.45294   275.33160   273.21027   271.08899   268.96765   266.84631   264.72498   262.60367   260.48236   258.36102   256.23972   254.11841   251.99707   249.87576   247.75446   245.63312   243.51181   248.46152   253.41124   258.36096   263.31073   268.26050   273.21021   278.15997   283.10974   288.05948   293.00925   297.95895   302.90872   307.85846   312.80820   317.75797   322.70770   327.65747   332.60721   337.55695   342.50671   347.45645   352.40619   357.35596   362.30566   367.25546   372.20517   377.15494   382.10468   387.05444   392.00415   396.95392   401.90369   406.85342   411.80316   416.75290   421.70264   426.65244   431.60217   436.55191   441.50165   446.45139   451.40112   456.35092   461.30066   466.25037   471.20013   476.14984   481.09967   486.04938   490.99915   495.94885   500.89862   505.84839   510.79813   515.74786   520.69763   525.64734   530.59705   535.54688   540.49658   545.44635   550.39612   555.34583   560.29565   565.24536   570.19507   575.14484   580.09460   585.04431   589.99408   594.94385   599.89355   604.84326   609.79303   614.74280   619.69257   624.64233   629.59204   634.54175   639.49158   644.44128   649.39105   654.34082   659.29053   664.24023   669.19006   674.13977   679.08954   684.03931   688.98901   693.93878   698.88855   703.83826   708.78796   713.73773   718.68750   723.63727   728.58704   733.53674   738.48645   743.43622   748.38599   753.33575   758.28552   763.23523   768.18494   773.13477   778.08447   783.03424   787.98401     0.00000     0.00000
     0.00000     0.00000     0.00000   -62.26440   -62.25733   -62.25026   -62.24319   -62.23612   -62.22905   -62.22197   -62.21490   -62.20783   -62.20076   -62.19369   -62.18662   -62.17955   -62.17248   -62.16541   -62.15834   -62.15126   -62.14419   -62.13712   -62.13005   -62.12298   -62.11591   -62.10884   -62.10176   -62.09470   -62.08762   -62.08055   -62.07348   -62.06641   -62.05934   -62.05227   -62.04520   -62.03813   -62.03106   -62.02398   -62.01691   -62.00984   -62.00277   407.56055   405.43921   403.31790   401.19659   399.07526   396.95395   394.83264   392.71130   390.59000   388.46869   386.34735   384.22604   382.10474   379.98340   377.86209   375.74078   373.61945   371.49811   369.37680   367.25549   365.13416   363.01282   360.89151   358.77020   356.64886   354.52756   352.40625   350.28491   348.16357   346.04230   343.92096   341.79962   339.67831   337.55701   335.43567   333.31436   331.19305   329.07172   326.95038   324.82910   322.70776   320.58643   318.46509   316.34378   314.22247   312.10114   309.97983   307.85852   305.73718   303.61588   301.49454   299.37323   297.25192   295.13058   293.00928   290.88794   288.76660   286.64532   284.52399   282.40265   280.28137   278.16003   276.03870   273.91742   271.79608   269.67474   267.55341   265.43210   263.31079   261.18945   259.06815   256.94684   254.82550   252.70419   250.58289   248.46155   246.34023   251.28993   256.23969   261.18939   266.13916   271.08893   276.03864   280.98840   285.93817   290.88791   295.83765   300.78738   305.73715   310.68689   315.63663   320.58640   325.53613   330.48590   335.43564   340.38538   345.33514   350.28488   355.23459   360.18439   365.13409   370.08389   375.03360   379.98337   384.93311   389.88287   394.83258   399.78232   404.73212   409.68185   414.63159   419.58133   424.53107   429.48087   434.43060   439.38034   444.33008   449.27982   454.22955   459.17932   464.12909   469.07880   474.02856   478.97827   483.92810   488.87781   493.82758   498.77728   503.72702   508.67682   513.62659   518.57629   523.52600   528.47577   533.42554   538.37531   543.32507   548.27478   553.22449   558.17426   563.12402   568.07379   573.02356   577.97327   582.92297   587.87268   592.82251   597.77222   602.72198   607.67175   612.62146   617.57129   622.52100   627.47070   632.42047   637.37024   642.32001   647.26978   652.21948   657.16919   662.11896   667.06873   672.01849   676.96826   681.91797   686.86768   691.81738   696.76721   701.71692   706.66669   711.61646   716.56616   721.51599   726.46570   731.41541   736.36517   741.31494   746.26465   751.21448   756.16418   761.11389   766.06366   771.01343   775.96320   780.91296     0.00000     0.00000     0.00000
     0.00000     0.00000     0.00000     0.00000   -62.25026   -62.24319   -62.23612   -62.22905   -62.22197   -62.21490   -62.20783   -62.20076   -62.19369   -62.18662   -62.17955   -62.17248   -62.16541   -62.15834   -62.15126   -62.14419   -62.13712   -62.13005   -62.12298   -62.11591   -62.10884   -62.10176   -62.09470   -62.08762   -62.08055   -62.07348   -62.06641   -62.05934   -62.05227   -62.04520   -62.03813   -62.03106   -62.02398   -62.01691   -62.00984   -62.00277   414.63165   412.51031   410.38898   408.26764   406.14633   404.02502   401.90369   399.78238   397.66107   395.53973   393.41843   391.29712   389.17578   387.05447   384.93317   382.81183   380.69049   378.56918   376.44788   374.32654   372.20523   370.08389   367.96259   365.84125   363.71994   361.59863   359.47729   357.35599   355.23468   353.11334   350.99200   348.87073   346.74939   344.62805   342.50674   340.38544   338.26410   336.14276   334.02148   331.90015   329.77881   327.65753   325.53616   323.41486   321.29352   319.17221   317.05090   314.92957   312.80826   310.68695   308.56561   306.44431   304.32297   302.20166   300.08035   297.95898   295.83771   293.71637   291.59503   289.47375   287.35242   285.23108   283.10980   280.98846   278.86713   276.74582   274.62448   272.50317   270.38184   268.26053   266.13922   264.01788   261.89658   259.77527   257.65393   255.53262   253.41130   251.28996   249.16866   254.11836   259.06812   264.01782   268.96759   273.91733   278.86710   283.81683   288.76657   293.71634   298.66608   303.61581   308.56558   313.51532   318.46506   323.41483   328.36456   333.31433   338.26407   343.21381   348.16354   353.11331   358.06302   363.01282   367.96252   372.91232   377.86203   382.81180   387.76154   392.71127   397.66101   402.61075   407.56055   412.51028   417.46002   422.40976   427.35950   432.30930   437.25903   442.20877   447.15851   452.10822   457.05798   462.00775   466.95752   471.90723   476.85699   481.80670   486.75653   491.70624   496.65598   501.60571   506.55545   511.50525   516.45496   521.40472   526.35449   531.30420   536.25391   541.20374   546.15344   551.10321   556.05298   561.00269   565.95251   570.90222   575.85193   580.80164   585.75140   590.70117   595.65094   600.60071   605.55042   610.50012   615.44989   620.39966   625.34943   630.29919   635.24890   640.19861   645.14844   650.09814   655.04791   659.99768   664.94739   669.89709   674.84692   679.79663   684.74634   689.69611   694.64587   699.59564   704.54541   709.49512   714.44482   719.39459   724.34436   729.29413   734.24390   739.19360   744.14331   749.09308   754.04285   758.99261   763.94238   768.89209   773.84192     0.00000     0.00000     0.00000     0.00000
     0.00000     0.00000     0.00000     0.00000     0.00000   -62.23612   -62.22905   -62.22197   -62.21490   -62.20783   -62.20076   -62.19369   -62.18662   -62.17955   -62.17248   -62.16541   -62.15834   -62.15126   -62.14419   -62.13712   -62.13005   -62.12298   -62.11591   -62.10884   -62.10176   -62.09470   -62.08762   -62.08055   -62.07348   -62.06641   -62.05934   -62.05227   -62.04520   -62.03813   -62.03106   -62.02398   -62.01691   -62.00984   -62.00277   421.70270   419.58136   417.46005   415.33875   413.21741   411.09607   408.97476   406.85345   404.73212   402.61081   400.48950   398.36816   396.24686   394.12555   392.00421   389.88290   387.76157   385.64026   383.51892   381.39761   379.27631   377.15497   375.03363   372.91232   370.79102   368.66968   366.54837   364.42706   362.30573   360.18442   358.06311   355.94177   353.82043   351.69916   349.57782   347.45648   345.33517   343.21387   341.09253   338.97119   336.84991   334.72858   332.60724   330.48593   328.36459   326.24329   324.12195   322.00064   319.87933   317.75800   315.63669   313.51538   311.39404   309.27274   307.15140   305.03009   302.90875   300.78741   298.66614   296.54480   294.42346   292.30219   290.18085   288.05951   285.93823   283.81686   281.69556   279.57425   277.45291   275.33160   273.21027   271.08896   268.96765   266.84631   264.72501   262.60370   260.48236   258.36102   256.23975   254.11839   251.99709   256.94678   261.89655   266.84625   271.79605   276.74576   281.69550   286.64526   291.59500   296.54477   301.49451   306.44424   311.39401   316.34375   321.29349   326.24326   331.19299   336.14276   341.09247   346.04224   350.99197   355.94174   360.89145   365.84125   370.79095   375.74075   380.69046   385.64020   390.58997   395.53970   400.48944   405.43918   410.38898   415.33871   420.28845   425.23819   430.18793   435.13773   440.08746   445.03717   449.98694   454.93665   459.88641   464.83618   469.78595   474.73566   479.68542   484.63513   489.58493   494.53467   499.48441   504.43414   509.38388   514.33368   519.28345   524.23315   529.18286   534.13263   539.08240   544.03217   548.98193   553.93164   558.88135   563.83112   568.78088   573.73059   578.68036   583.63013   588.57983   593.52954   598.47937   603.42908   608.37885   613.32861   618.27832   623.22815   628.17786   633.12756   638.07733   643.02710   647.97687   652.92664   657.87634   662.82605   667.77582   672.72552   677.67529   682.62506   687.57483   692.52454   697.47424   702.42407   707.37378   712.32355   717.27332   722.22302   727.17285   732.12256   737.07227   742.02203   746.97180   751.92151   756.87134   761.82104   766.77075     0.00000     0.00000     0.00000     0.00000     0.00000
     0.00000     0.00000     0.00000     0.00000     0.00000     0.00000   -62.22197   -62.21490   -62.20783   -62.20076   -62.19369   -62.18662   -62.17955   -62.17248   -62.16541   -62.15834   -62.15126   -62.14419   -62.13712   -62.13005   -62.12298   -62.11591   -62.10884   -62.10176   -62.09470   -62.08762   -62.08055   -62.07348   -62.06641   -62.05934   -62.05227   -62.04520   -62.03813   -62.03106   -62.02398   -62.01691   -62.00984   -62.00277   428.77374   426.65244   424.53110   422.40979   420.28848   418.16718   416.04584   413.92450   411.80319   409.68188   407.56055   405.43924   403.31793   401.19659   399.07529   396.95398   394.83264   392.71130   390.59000   388.46869   386.34735   384.22601   382.10471   379.98340   377.86206   375.74075   373.61945   371.49811   369.37680   367.25549   365.13416   363.01285   360.89154   358.77020   356.64886   354.52759   352.40625   350.28491   348.16357   346.04230   343.92096   341.79962   339.67831   337.55698   335.43567   333.31436   331.19302   329.07172   326.95038   324.82907   322.70776   320.58643   318.46512   316.34381   314.22247   312.10114   309.97980   307.85852   305.73718   303.61584   301.49457   299.37323   297.25189   295.13062   293.00928   290.88794   288.76663   286.64529   284.52399   282.40268   280.28134   278.16003   276.03870   273.91739   271.79608   269.67474   267.55341   265.43213   263.31079   261.18945   259.06818   256.94684   254.82552   259.77521   264.72498   269.67468   274.62445   279.57419   284.52393   289.47369   294.42343   299.37320   304.32294   309.27267   314.22244   319.17218   324.12192   329.07169   334.02139   338.97119   343.92090   348.87067   353.82040   358.77017   363.71988   368.66968   373.61938   378.56915   383.51889   388.46863   393.41840   398.36813   403.31787   408.26761   413.21741   418.16714   423.11688   428.06662   433.01636   437.96613   442.91589   447.86560   452.81537   457.76508   462.71484   467.66461   472.61438   477.56409   482.51382   487.46356   492.41336   497.36310   502.31284   507.26257   512.21228   517.16211   522.11182   527.06158   532.01135   536.96106   541.91077   546.86060   551.81030   556.76007   561.70978   566.65955   571.60931   576.55908   581.50879   586.45850   591.40826   596.35803   601.30780   606.25757   611.20728   616.15698   621.10675   626.05652   631.00629   635.95605   640.90576   645.85547   650.80530   655.75500   660.70477   665.65448   670.60425   675.55396   680.50378   685.45349   690.40320   695.35297   700.30273   705.25250   710.20227   715.15198   720.10168   725.05145   730.00122   734.95099   739.90076   744.85046   749.80017   754.74994   759.69971     0.00000     0.00000     0.00000     0.00000     0.00000     0.00000
     0.00000     0.00000     0.00000     0.00000     0.00000     0.00000     0.00000   -62.20783   -62.20076   -62.19369   -62.18662   -62.17955   -62.17248   -62.16541   -62.15834   -62.15126   -62.14419   -62.13712   -62.13005   -62.12298   -62.11591   -62.10884   -62.10176   -62.09470   -62.08762   -62.08055   -62.07348   -62.06641   -62.05934   -62.05227   -62.04520   -62.03813   -62.03106   -62.02398   -62.01691   -62.00984   -62.00277   435.84485   433.72351   431.60217   429.48087   427.35953   425.23822   423.11691   420.99561   418.87427   416.75293   414.63162   412.51031   410.38898   408.26767   406.14636   404.02502   401.90369   399.78241   397.66107   395.53973   393.41843   391.29712   389.17578   387.05444   384.93314   382.81183   380.69049   378.56918   376.44788   374.32654   372.20523   370.08392   367.96259   365.84128   363.71997   361.59863   359.47729   357.35599   355.23468   353.11334   350.99200   348.87073   346.74936   344.62805   342.50674   340.38541   338.26410   336.14279   334.02145   331.90015   329.77881   327.65750   325.53619   323.41486   321.29355   319.17224   317.05090   314.92957   312.80823   310.68695   308.56561   306.44427   304.32300   302.20166   300.08032   297.95901   295.83768   293.71637   291.59506   289.47372   287.35242   285.23111   283.10977   280.98846   278.86713   276.74582   274.62451   272.50317   270.38184   268.26056   266.13922   264.01788   261.89661   259.77524   257.65396   262.60364   267.55338   272.50311   277.45288   282.40262   287.35236   292.30212   297.25186   302.20163   307.15137   312.10110   317.05087   322.00061   326.95032   331.90012   336.84982   341.79962   346.74933   351.69910   356.64883   361.59860   366.54831   371.49808   376.44781   381.39758   386.34732   391.29706   396.24683   401.19656   406.14630   411.09604   416.04584   420.99557   425.94531   430.89502   435.84479   440.79456   445.74432   450.69403   455.64380   460.59351   465.54327   470.49304   475.44278   480.39252   485.34225   490.29199   495.24179   500.19153   505.14127   510.09100   515.04077   519.99054   524.94031   529.89001   534.83972   539.78949   544.73926   549.68903   554.63873   559.58850   564.53821   569.48792   574.43774   579.38745   584.33722   589.28699   594.23669   599.18640   604.13623   609.08594   614.03571   618.98547   623.93518   628.88501   633.83472   638.78442   643.73419   648.68396   653.63373   658.58344   663.53320   668.48291   673.43262   678.38239   683.33215   688.28192   693.23169   698.18140   703.13110   708.08093   713.03064   717.98041   722.93018   727.87988   732.82971   737.77942   742.72913   747.67889   752.62866     0.00000     0.00000     0.00000     0.00000     0.00000     0.00000     0.00000
     0.00000     0.00000     0.00000     0.00000     0.00000     0.00000     0.00000     0.00000   -62.19369   -62.18662   -62.17955   -62.17248   -62.16541   -62.15834   -62.15126   -62.14419   -62.13712   -62.13005   -62.12298   -62.11591   -62.10884   -62.10176   -62.09470   -62.08762   -62.08055   -62.07348   -62.06641   -62.05934   -62.05227   -62.04520   -62.03813   -62.03106   -62.02398   -62.01691   -62.00984   -62.00277   442.91589   440.79456   438.67325   436.55194   434.43060   432.30930   430.18796   428.06665   425.94534   423.82404   421.70270   419.58136   417.46005   415.33875   413.21741   411.09610   408.97479   406.85345   404.73212   402.61084   400.48950   398.36816   396.24683   394.12555   392.00421   389.88287   387.76157   385.64026   383.51892   381.39761   379.27631   377.15497   375.03366   372.91235   370.79102   368.66971   366.54840   364.42706   362.30573   360.18442   358.06311   355.94177   353.82043   351.69913   349.57779   347.45648   345.33517   343.21384   341.09253   338.97122   336.84988   334.72858   332.60724   330.48593   328.36462   326.24329   324.12195   322.00067   319.87933   317.75800   315.63666   313.51538   311.39404   309.27271   307.15143   305.03009   302.90875   300.78745   298.66611   296.54480   294.42349   292.30215   290.18085   288.05954   285.93820   283.81689   281.69556   279.57422   277.45294   275.33160   273.21027   271.08899   268.96765   266.84631   264.72504   262.60367   260.48236   265.43207   270.38181   275.33154   280.28131   285.23105   290.18079   295.13055   300.08029   305.03006   309.97980   314.92953   319.87927   324.82904   329.77875   334.72855   339.67825   344.62805   349.57776   354.52753   359.47726   364.42700   369.37674   374.32651   379.27625   384.22601   389.17575   394.12549   399.07526   404.02499   408.97473   413.92447   418.87427   423.82397   428.77374   433.72345   438.67322   443.62299   448.57275   453.52246   458.47223   463.42194   468.37167   473.32147   478.27121   483.22095   488.17068   493.12042   498.07022   503.01996   507.96970   512.91943   517.86914   522.81897   527.76868   532.71844   537.66821   542.61792   547.56763   552.51746   557.46716   562.41687   567.36664   572.31641   577.26617   582.21594   587.16565   592.11536   597.06512   602.01489   606.96466   611.91443   616.86414   621.81384   626.76361   631.71338   636.66315   641.61292   646.56262   651.51233   656.46216   661.41187   666.36157   671.31134   676.26111   681.21082   686.16064   691.11035   696.06006   701.00983   705.95959   710.90936   715.85913   720.80884   725.75854   730.70831   735.65808   740.60785   745.55762     0.00000     0.00000     0.00000     0.00000     0.00000     0.00000     0.00000     0.00000
     0.00000     0.00000     0.00000     0.00000     0.00000     0.00000     0.00000     0.00000     0.00000   -62.17955   -62.17248   -62.16541   -62.15834   -62.15126   -62.14419   -62.13712   -62.13005   -62.12298   -62.11591   -62.10884   -62.10176   -62.09470   -62.08762   -62.08055   -62.07348   -62.06641   -62.05934   -62.05227   -62.04520   -62.03813   -62.03106   -62.02398   -62.01691   -62.00984   -62.00277   449.98700   447.86563   445.74432   443.62299   441.50168   439.38037   437.25903   435.13773   433.01639   430.89508   428.77377   426.65247   424.53113   422.40979   420.28848   418.16718   416.04584   413.92450   411.80322   409.68188   407.56055   405.43924   403.31793   401.19659   399.07526   396.95398   394.83264   392.71130   390.59000   388.46869   386.34735   384.22604   382.10474   379.98340   377.86209   375.74078   373.61945   371.49811   369.37680   367.25549   365.13416   363.01285   360.89151   358.77020   356.64886   354.52756   352.40622   350.28491   348.16360   346.04227   343.92096   341.79965   339.67831   337.55701   335.43567   333.31433   331.19305   329.07172   326.95038   324.82910   322.70776   320.58643   318.46509   316.34381   314.22247   312.10114   309.97983   307.85852   305.73718   303.61588   301.49454   299.37323   297.25192   295.13058   293.00928   290.88797   288.76660   286.64532   284.52399   282.40265   280.28137   278.16003   276.03870   273.91739   271.79608   269.67474   267.55344   265.43210   263.31079   268.26050   273.21024   278.15997   283.10974   288.05948   293.00922   297.95898   302.90872   307.85849   312.80820   317.75797   322.70770   327.65747   332.60718   337.55698   342.50668   347.45648   352.40619   357.35593   362.30569   367.25543   372.20517   377.15494   382.10468   387.05444   392.00418   396.95392   401.90369   406.85342   411.80316   416.75287   421.70270   426.65240   431.60217   436.55188   441.50165   446.45142   451.40118   456.35089   461.30063   466.25037   471.20010   476.14990   481.09964   486.04938   490.99911   495.94885   500.89865   505.84839   510.79813   515.74786   520.69763   525.64740   530.59717   535.54688   540.49658   545.44629   550.39606   555.34583   560.29559   565.24536   570.19507   575.14478   580.09460   585.04431   589.99408   594.94385   599.89355   604.84326   609.79309   614.74280   619.69257   624.64233   629.59204   634.54187   639.49158   644.44128   649.39099   654.34076   659.29053   664.24030   669.19006   674.13977   679.08948   684.03925   688.98901   693.93878   698.88855   703.83826   708.78796   713.73779   718.68750   723.63727   728.58704   733.53674   738.48657     0.00000     0.00000     0.00000     0.00000     0.00000     0.00000     0.00000     0.00000     0.00000
     0.00000     0.00000     0.00000     0.00000     0.00000     0.00000     0.00000     0.00000     0.00000     0.00000   -62.16541   -62.15834   -62.15126   -62.14419   -62.13712   -62.13005   -62.12298   -62.11591   -62.10884   -62.10176   -62.09470   -62.08762   -62.08055   -62.07348   -62.06641   -62.05934   -62.05227   -62.04520   -62.03813   -62.03106   -62.02398   -62.01691   -62.00984   -62.00277   457.05804   454.93671   452.81540   450.69406   448.57275   446.45142   444.33011   442.20880   440.08746   437.96616   435.84482   433.72351   431.60220   429.48090   427.35956   425.23822   423.11688   420.99561   418.87427   416.75293   414.63165   412.51031   410.38898   408.26767   406.14636   404.02502   401.90369   399.78241   397.66107   395.53973   393.41843   391.29712   389.17578   387.05447   384.93317   382.81183   380.69052   378.56918   376.44788   374.32654   372.20523   370.08392   367.96259   365.84125   363.71994   361.59863   359.47729   357.35599   355.23465   353.11334   350.99203   348.87070   346.74939   344.62808   342.50674   340.38544   338.26410   336.14276   334.02148   331.90015   329.77881   327.65753   325.53619   323.41486   321.29352   319.17221   317.05090   314.92957   312.80826   310.68695   308.56561   306.44431   304.32297   302.20166   300.08035   297.95901   295.83771   293.71637   291.59503   289.47375   287.35242   285.23108   283.10980   280.98843   278.86716   276.74582   274.62448   272.50317   270.38187   268.26053   266.13922   271.08893   276.03867   280.98840   285.93817   290.88791   295.83765   300.78741   305.73712   310.68692   315.63663   320.58640   325.53613   330.48590   335.43561   340.38541   345.33511   350.28488   355.23462   360.18436   365.13412   370.08386   375.03360   379.98337   384.93311   389.88287   394.83261   399.78235   404.73212   409.68182   414.63159   419.58130   424.53113   429.48083   434.43060   439.38031   444.33008   449.27985   454.22958   459.17932   464.12906   469.07880   474.02853   478.97833   483.92807   488.87781   493.82755   498.77728   503.72708   508.67682   513.62659   518.57629   523.52600   528.47583   533.42554   538.37524   543.32501   548.27478   553.22449   558.17432   563.12402   568.07373   573.02350   577.97327   582.92303   587.87280   592.82251   597.77222   602.72198   607.67175   612.62152   617.57129   622.52100   627.47070   632.42047   637.37024   642.31995   647.26971   652.21948   657.16919   662.11902   667.06873   672.01843   676.96820   681.91797   686.86768   691.81750   696.76721   701.71692   706.66669   711.61646   716.56622   721.51599   726.46570   731.41541     0.00000     0.00000     0.00000     0.00000     0.00000     0.00000     0.00000     0.00000     0.00000     0.00000
     0.00000     0.00000     0.00000     0.00000     0.00000     0.00000     0.00000     0.00000     0.00000     0.00000     0.00000   -62.15126   -62.14419   -62.13712   -62.13005   -62.12298   -62.11591   -62.10884   -62.10176   -62.09470   -62.08762   -62.08055   -62.07348   -62.06641   -62.05934   -62.05227   -62.04520   -62.03813   -62.03106   -62.02398   -62.01691   -62.00984   -62.00277   464.12909   462.00778   459.88644   457.76514   455.64383   453.52249   451.40118   449.27985   447.15854   445.03723   442.91589   440.79459   438.67325   436.55194   434.43063   432.30933   430.18799   428.06665   425.94531   423.82404   421.70270   419.58136   417.46005   415.33875   413.21741   411.09610   408.97479   406.85345   404.73212   402.61084   400.48950   398.36816   396.24686   394.12555   392.00421   389.88290   387.76160   385.64026   383.51892   381.39761   379.27631   377.15497   375.03363   372.91232   370.79102   368.66968   366.54837   364.42706   362.30573   360.18442   358.06308   355.94177   353.82047   351.69913   349.57782   347.45648   345.33514   343.21387   341.09253   338.97119   336.84991   334.72858   332.60724   330.48596   328.36462   326.24329   324.12195   322.00064   319.87933   317.75800   315.63669   313.51538   311.39404   309.27274   307.15140   305.03009   302.90875   300.78741   298.66614   296.54480   294.42346   292.30219   290.18085   288.05951   285.93823   283.81686   281.69556   279.57425   277.45291   275.33160   273.21030   271.08896   268.96765   273.91736   278.86710   283.81683   288.76660   293.71634   298.66605   303.61584   308.56555   313.51535   318.46506   323.41483   328.36456   333.31433   338.26404   343.21381   348.16354   353.11331   358.06305   363.01279   367.96255   372.91229   377.86203   382.81180   387.76154   392.71130   397.66104   402.61075   407.56055   412.51025   417.46002   422.40973   427.35956   432.30927   437.25903   442.20874   447.15848   452.10828   457.05801   462.00775   466.95749   471.90723   476.85696   481.80676   486.75650   491.70624   496.65598   501.60571   506.55551   511.50525   516.45496   521.40472   526.35443   531.30420   536.25397   541.20374   546.15344   551.10315   556.05292   561.00269   565.95245   570.90222   575.85193   580.80164   585.75146   590.70117   595.65094   600.60071   605.55042   610.50012   615.44995   620.39966   625.34943   630.29913   635.24890   640.19867   645.14844   650.09814   655.04785   659.99762   664.94739   669.89716   674.84692   679.79663   684.74634   689.69611   694.64587   699.59564   704.54541   709.49512   714.44482   719.39465   724.34436     0.00000     0.00000     0.00000     0.00000     0.00000     0.00000     0.00000     0.00000     0.00000     0.00000     0.00000
     0.00000     0.00000     0.00000     0.00000     0.00000     0.00000     0.00000     0.00000     0.00000     0.00000     0.00000     0.00000   -62.13712   -62.13005   -62.12298   -62.11591   -62.10884   -62.10176   -62.09470   -62.08762   -62.08055   -62.07348   -62.06641   -62.05934   -62.05227   -62.04520   -62.03813   -62.03106   -62.02398   -62.01691   -62.00984   -62.00277   471.20020   469.07886   466.95752   464.83621   462.71487   460.59357   458.47226   456.35092   454.22961   452.10828   449.98697   447.86566   445.74432   443.62302   441.50168   439.38037   437.25903   435.13776   433.01642   430.89508   428.77374   426.65244   424.53113   422.40979   420.28848   418.16718   416.04584   413.92453   411.80322   409.68188   407.56055   405.43927   403.31793   401.19659   399.07529   396.95398   394.83264   392.71130   390.59000   388.46869   386.34735   384.22604   382.10471   379.98340   377.86206   375.74075   373.61945   371.49811   369.37680   367.25549   365.13416   363.01285   360.89151   358.77020   356.64890   354.52753   352.40625   350.28491   348.16357   346.04230   343.92096   341.79962   339.67834   337.55701   335.43567   333.31436   331.19302   329.07172   326.95038   324.82907   322.70776   320.58643   318.46512   316.34381   314.22247   312.10117   309.97980   307.85852   305.73718   303.61584   301.49457   299.37323   297.25189   295.13058   293.00928   290.88794   288.76663   286.64529   284.52399   282.40268   280.28134   278.16003   276.03873   273.91739   271.79608   276.74579   281.69553   286.64526   291.59500   296.54477   301.49448   306.44427   311.39398   316.34378   321.29349   326.24326   331.19299   336.14273   341.09247   346.04224   350.99197   355.94174   360.89148   365.84122   370.79099   375.74072   380.69046   385.64023   390.58997   395.53970   400.48947   405.43918   410.38898   415.33868   420.28845   425.23816   430.18799   435.13770   440.08743   445.03717   449.98691   454.93671   459.88644   464.83618   469.78592   474.73566   479.68539   484.63519   489.58493   494.53467   499.48441   504.43414   509.38394   514.33368   519.28339   524.23315   529.18286   534.13269   539.08240   544.03210   548.98187   553.93164   558.88135   563.83118   568.78088   573.73059   578.68036   583.63013   588.57990   593.52966   598.47937   603.42908   608.37885   613.32861   618.27838   623.22809   628.17786   633.12756   638.07727   643.02710   647.97681   652.92657   657.87634   662.82605   667.77588   672.72559   677.67529   682.62506   687.57483   692.52454   697.47437   702.42407   707.37378   712.32355   717.27332     0.00000     0.00000     0.00000     0.00000     0.00000     0.00000     0.00000     0.00000     0.00000     0.00000     0.00000     0.00000
     0.00000     0.00000     0.00000     0.00000     0.00000     0.00000     0.00000     0.00000     0.00000     0.00000     0.00000     0.00000     0.00000   -62.12298   -62.11591   -62.10884   -62.10176   -62.09470   -62.08762   -62.08055   -62.07348   -62.06641   -62.05934   -62.05227   -62.04520   -62.03813   -62.03106   -62.02398   -62.01691   -62.00984   -62.00277   478.27124   476.14990   474.02859   471.90729   469.78595   467.66464   465.54330   463.42200   461.30069   459.17935   457.05804   454.93671   452.81540   450.69409   448.57275   446.45145   444.33008   442.20880   440.08746   437.96619   435.84485   433.72348   431.60217   429.48087   427.35956   425.23822   423.11691   420.99561   418.87427   416.75296   414.63165   412.51031   410.38898   408.26770   406.14636   404.02502   401.90372   399.78241   397.66107   395.53973   393.41843   391.29712   389.17578   387.05444   384.93314   382.81183   380.69049   378.56918   376.44788   374.32654   372.20523   370.08392   367.96259   365.84128   363.71994   361.59863   359.47729   357.35596   355.23468   353.11334   350.99200   348.87073   346.74939   344.62805   342.50677   340.38541   338.26410   336.14279   334.02145   331.90015   329.77881   327.65750   325.53619   323.41486   321.29355   319.17224   317.05090   314.92957   312.80823   310.68695   308.56561   306.44427   304.32300   302.20166   300.08035   297.95901   295.83768   293.71637   291.59506   289.47372   287.35242   285.23111   283.10977   280.98846   278.86716   276.74582   274.62451   279.57422   284.52393   289.47369   294.42343   299.37320   304.32291   309.27271   314.22241   319.17221   324.12192   329.07166   334.02142   338.97116   343.92090   348.87067   353.82040   358.77017   363.71991   368.66965   373.61942   378.56915   383.51889   388.46863   393.41840   398.36813   403.31790   408.26761   413.21741   418.16711   423.11688   428.06659   433.01639   437.96613   442.91586   447.86560   452.81534   457.76514   462.71487   467.66461   472.61435   477.56409   482.51382   487.46362   492.41336   497.36310   502.31284   507.26257   512.21234   517.16211   522.11182   527.06152   532.01129   536.96106   541.91083   546.86060   551.81030   556.76001   561.70978   566.65955   571.60931   576.55908   581.50879   586.45850   591.40833   596.35803   601.30780   606.25757   611.20728   616.15698   621.10681   626.05652   631.00623   635.95599   640.90576   645.85553   650.80530   655.75500   660.70471   665.65448   670.60425   675.55402   680.50378   685.45349   690.40320   695.35297   700.30273   705.25250   710.20227     0.00000     0.00000     0.00000     0.00000     0.00000     0.00000     0.00000     0.00000     0.00000     0.00000     0.00000     0.00000     0.00000
     0.00000     0.00000     0.00000     0.00000     0.00000     0.00000     0.00000     0.00000     0.00000     0.00000     0.00000     0.00000     0.00000     0.00000   -62.10884   -62.10176   -62.09470   -62.08762   -62.08055   -62.07348   -62.06641   -62.05934   -62.05227   -62.04520   -62.03813   -62.03106   -62.02398   -62.01691   -62.00984   -62.00277   485.34229   483.22098   481.09964   478.97833   476.85703   474.73572   472.61438   470.49307   468.37173   466.25043   464.12912   462.00778   459.88647   457.76514   455.64383   453.52252   451.40118   449.27985   447.15851   445.03723   442.91589   440.79459   438.67325   436.55191   434.43060   432.30930   430.18799   428.06665   425.94534   423.82404   421.70270   419.58139   417.46008   415.33875   413.21741   411.09613   408.97479   406.85345   404.73212   402.61084   400.48950   398.36816   396.24683   394.12555   392.00421   389.88287   387.76157   385.64026   383.51892   381.39761   379.27631   377.15497   375.03366   372.91235   370.79102   368.66968   366.54834   364.42706   362.30573   360.18439   358.06311   355.94177   353.82043   351.69916   349.57782   347.45648   345.33517   343.21384   341.09253   338.97122   336.84988   334.72858   332.60724   330.48593   328.36462   326.24329   324.12195   322.00067   319.87933   317.75800   315.63666   313.51538   311.39404   309.27271   307.15143   305.03009   302.90875   300.78745   298.66611   296.54480   294.42349   292.30215   290.18085   288.05954   285.93820   283.81689   281.69559   279.57425   277.45291   282.40265   287.35236   292.30212   297.25186   302.20163   307.15134   312.10114   317.05084   322.00061   326.95035   331.90009   336.84985   341.79959   346.74933   351.69910   356.64883   361.59860   366.54834   371.49808   376.44785   381.39755   386.34732   391.29706   396.24683   401.19656   406.14633   411.09604   416.04584   420.99554   425.94528   430.89502   435.84482   440.79456   445.74429   450.69403   455.64377   460.59357   465.54330   470.49304   475.44278   480.39252   485.34225   490.29205   495.24179   500.19153   505.14124   510.09097   515.04077   519.99048   524.94025   529.89001   534.83972   539.78955   544.73926   549.68896   554.63873   559.58850   564.53821   569.48804   574.43774   579.38745   584.33722   589.28699   594.23676   599.18652   604.13623   609.08594   614.03564   618.98541   623.93518   628.88495   633.83472   638.78442   643.73413   648.68396   653.63367   658.58344   663.53320   668.48291   673.43274   678.38245   683.33215   688.28192   693.23169   698.18140   703.13123     0.00000     0.00000     0.00000     0.00000     0.00000     0.00000     0.00000     0.00000     0.00000     0.00000     0.00000     0.00000     0.00000     0.00000
     0.00000     0.00000     0.00000     0.00000     0.00000     0.00000     0.00000     0.00000     0.00000     0.00000     0.00000     0.00000     0.00000     0.00000     0.00000   -62.09470   -62.08762   -62.08055   -62.07348   -62.06641   -62.05934   -62.05227   -62.04520   -62.03813   -62.03106   -62.02398   -62.01691   -62.00984   -62.00277   492.41339   490.29205   488.17072   486.04941   483.92807   481.80676   479.68546   477.56415   475.44281   473.32150   471.20016   469.07886   466.95755   464.83621   462.71490   460.59357   458.47223   456.35095   454.22961   452.10828   449.98694   447.86563   445.74432   443.62302   441.50168   439.38034   437.25903   435.13773   433.01642   430.89508   428.77377   426.65247   424.53113   422.40982   420.28851   418.16718   416.04584   413.92453   411.80322   409.68188   407.56055   405.43927   403.31793   401.19659   399.07526   396.95398   394.83264   392.71130   390.59000   388.46869   386.34735   384.22604   382.10474   379.98340   377.86209   375.74075   373.61945   371.49811   369.37677   367.25549   365.13416   363.01282   360.89154   358.77020   356.64886   354.52756   352.40622   350.28491   348.16360   346.04227   343.92096   341.79965   339.67831   337.55701   335.43567   333.31436   331.19305   329.07172   326.95038   324.82910   322.70776   320.58643   318.46509   316.34378   314.22250   312.10114   309.97983   307.85852   305.73718   303.61588   301.49454   299.37323   297.25192   295.13058   293.00928   290.88797   288.76663   286.64532   284.52399   282.40268   280.28134   285.23108   290.18079   295.13055   300.08029   305.03006   309.97977   314.92953   319.87927   324.82904   329.77878   334.72852   339.67828   344.62802   349.57776   354.52753   359.47726   364.42703   369.37677   374.32648   379.27628   384.22598   389.17575   394.12549   399.07526   404.02499   408.97476   413.92447   418.87424   423.82397   428.77371   433.72345   438.67325   443.62299   448.57272   453.52246   458.47220   463.42200   468.37173   473.32147   478.27121   483.22095   488.17068   493.12048   498.07019   503.01993   507.96967   512.91943   517.86920   522.81897   527.76868   532.71838   537.66815   542.61792   547.56769   552.51746   557.46716   562.41687   567.36664   572.31641   577.26617   582.21594   587.16565   592.11536   597.06519   602.01489   606.96460   611.91437   616.86414   621.81384   626.76367   631.71338   636.66309   641.61285   646.56262   651.51239   656.46216   661.41187   666.36157   671.31134   676.26111   681.21088   686.16064   691.11035   696.06006     0.00000     0.00000     0.00000     0.00000     0.00000     0.00000     0.00000     0.00000     0.00000     0.00000     0.00000     0.00000     0.00000     0.00000     0.00000
     0.00000     0.00000     0.00000     0.00000     0.00000     0.00000     0.00000     0.00000     0.00000     0.00000     0.00000     0.00000     0.00000     0.00000     0.00000     0.00000   -62.08055   -62.07348   -62.06641   -62.05934   -62.05227   -62.04520   -62.03813   -62.03106   -62.02398   -62.01691   -62.00984   -62.00277   499.48444   497.36310   495.24179   493.12048   490.99915   488.87784   486.75650   484.63519   482.51389   480.39258   478.27124   476.14993   474.02859   471.90729   469.78598   467.66464   465.54333   463.42200   461.30066   459.17938   457.05804   454.93671   452.81537   450.69406   448.57275   446.45145   444.33011   442.20877   440.08746   437.96616   435.84485   433.72351   431.60220   429.48090   427.35956   425.23825   423.11694   420.99561   418.87427   416.75296   414.63165   412.51031   410.38898   408.26767   406.14636   404.02502   401.90369   399.78241   397.66107   395.53973   393.41843   391.29712   389.17578   387.05447   384.93317   382.81183   380.69049   378.56918   376.44788   374.32654   372.20520   370.08392   367.96259   365.84125   363.71997   361.59863   359.47729   357.35599   355.23465   353.11334   350.99203   348.87070   346.74939   344.62808   342.50674   340.38544   338.26410   336.14276   334.02148   331.90015   329.77881   327.65753   325.53619   323.41486   321.29355   319.17221   317.05090   314.92957   312.80826   310.68695   308.56561   306.44431   304.32297   302.20166   300.08035   297.95901   295.83771   293.71640   291.59503   289.47375   287.35242   285.23111   283.10977   288.05951   293.00922   297.95898   302.90872   307.85846   312.80820   317.75797   322.70770   327.65747   332.60721   337.55695   342.50671   347.45645   352.40619   357.35596   362.30569   367.25543   372.20520   377.15491   382.10471   387.05441   392.00418   396.95392   401.90369   406.85342   411.80316   416.75290   421.70267   426.65240   431.60214   436.55188   441.50168   446.45142   451.40115   456.35089   461.30063   466.25043   471.20016   476.14990   481.09964   486.04938   490.99908   495.94888   500.89862   505.84836   510.79810   515.74780   520.69763   525.64734   530.59711   535.54688   540.49658   545.44641   550.39612   555.34583   560.29559   565.24536   570.19507   575.14490   580.09460   585.04431   589.99408   594.94379   599.89355   604.84332   609.79309   614.74280   619.69250   624.64227   629.59204   634.54181   639.49158   644.44128   649.39099   654.34082   659.29053   664.24030   669.19006   674.13977   679.08960   684.03931   688.98901     0.00000     0.00000     0.00000     0.00000     0.00000     0.00000     0.00000     0.00000     0.00000     0.00000     0.00000     0.00000     0.00000     0.00000     0.00000     0.00000
     0.00000     0.00000     0.00000     0.00000     0.00000     0.00000     0.00000     0.00000     0.00000     0.00000     0.00000     0.00000     0.00000     0.00000     0.00000     0.00000     0.00000   -62.06641   -62.05934   -62.05227   -62.04520   -62.03813   -62.03106   -62.02398   -62.01691   -62.00984   -62.00277   506.55554   504.43417   502.31287   500.19153   498.07022   495.94891   493.82758   491.70627   489.58493   487.46362   485.34232   483.22101   481.09967   478.97836   476.85703   474.73572   472.61438   470.49304   468.37177   466.25043   464.12909   462.00778   459.88644   457.76514   455.64380   453.52249   451.40118   449.27988   447.15854   445.03720   442.91589   440.79459   438.67328   436.55194   434.43063   432.30933   430.18799   428.06665   425.94534   423.82404   421.70270   419.58139   417.46005   415.33875   413.21741   411.09610   408.97479   406.85345   404.73212   402.61084   400.48950   398.36816   396.24686   394.12555   392.00421   389.88287   387.76157   385.64026   383.51892   381.39761   379.27631   377.15497   375.03363   372.91235   370.79102   368.66968   366.54837   364.42706   362.30573   360.18442   358.06308   355.94177   353.82047   351.69913   349.57782   347.45651   345.33514   343.21387   341.09253   338.97119   336.84991   334.72858   332.60724   330.48593   328.36462   326.24329   324.12195   322.00064   319.87933   317.75800   315.63669   313.51538   311.39404   309.27274   307.15140   305.03009   302.90878   300.78745   298.66611   296.54483   294.42346   292.30219   290.18085   288.05954   285.93820   290.88794   295.83765   300.78738   305.73715   310.68689   315.63663   320.58640   325.53613   330.48590   335.43564   340.38538   345.33514   350.28488   355.23462   360.18436   365.13412   370.08386   375.03363   379.98334   384.93314   389.88284   394.83261   399.78235   404.73209   409.68185   414.63159   419.58133   424.53110   429.48083   434.43057   439.38031   444.33011   449.27985   454.22958   459.17932   464.12906   469.07886   474.02859   478.97833   483.92804   488.87778   493.82751   498.77731   503.72705   508.67679   513.62653   518.57629   523.52606   528.47583   533.42554   538.37524   543.32501   548.27478   553.22455   558.17432   563.12402   568.07373   573.02350   577.97327   582.92303   587.87274   592.82251   597.77222   602.72205   607.67175   612.62146   617.57123   622.52100   627.47070   632.42053   637.37024   642.31995   647.26971   652.21948   657.16925   662.11902   667.06873   672.01843   676.96820   681.91797     0.00000     0.00000     0.00000     0.00000     0.00000     0.00000     0.00000     0.00000     0.00000     0.00000     0.00000     0.00000     0.00000     0.00000     0.00000     0.00000     0.00000
     0.00000     0.00000     0.00000     0.00000     0.00000     0.00000     0.00000     0.00000     0.00000     0.00000     0.00000     0.00000     0.00000     0.00000     0.00000     0.00000     0.00000     0.00000   -62.05227   -62.04520   -62.03813   -62.03106   -62.02398   -62.01691   -62.00984   -62.00277   513.62659   511.50525   509.38394   507.26260   505.14130   503.01996   500.89865   498.77734   496.65601   494.53470   492.41336   490.29205   488.17075   486.04944   483.92810   481.80679   479.68542   477.56415   475.44281   473.32147   471.20020   469.07883   466.95752   464.83621   462.71487   460.59357   458.47223   456.35092   454.22961   452.10831   449.98697   447.86563   445.74432   443.62302   441.50171   439.38037   437.25906   435.13773   433.01642   430.89508   428.77377   426.65247   424.53113   422.40979   420.28848   418.16718   416.04584   413.92453   411.80322   409.68188   407.56055   405.43927   403.31793   401.19659   399.07529   396.95398   394.83264   392.71130   390.59000   388.46869   386.34735   384.22604   382.10474   379.98340   377.86206   375.74075   373.61945   371.49811   369.37680   367.25549   365.13416   363.01285   360.89151   358.77020   356.64890   354.52756   352.40625   350.28491   348.16357   346.04230   343.92096   341.79962   339.67834   337.55698   335.43570   333.31436   331.19302   329.07172   326.95038   324.82907   322.70776   320.58643   318.46512   316.34381   314.22247   312.10117   309.97983   307.85852   305.73718   303.61588   301.49454   299.37326   297.25189   295.13062   293.00928   290.88797   288.76663   293.71634   298.66608   303.61581   308.56558   313.51532   318.46506   323.41483   328.36456   333.31433   338.26407   343.21381   348.16357   353.11328   358.06305   363.01279   367.96255   372.91229   377.86206   382.81177   387.76157   392.71127   397.66101   402.61078   407.56052   412.51028   417.46002   422.40976   427.35953   432.30927   437.25900   442.20874   447.15854   452.10828   457.05801   462.00775   466.95749   471.90729   476.85699   481.80673   486.75647   491.70621   496.65594   501.60574   506.55548   511.50522   516.45496   521.40466   526.35449   531.30420   536.25397   541.20374   546.15344   551.10327   556.05298   561.00269   565.95245   570.90222   575.85193   580.80170   585.75146   590.70117   595.65088   600.60065   605.55042   610.50018   615.44995   620.39966   625.34937   630.29913   635.24890   640.19867   645.14844   650.09814   655.04785   659.99768   664.94739   669.89716   674.84692     0.00000     0.00000     0.00000     0.00000     0.00000     0.00000     0.00000     0.00000     0.00000     0.00000     0.00000     0.00000     0.00000     0.00000     0.00000     0.00000     0.00000     0.00000
     0.00000     0.00000     0.00000     0.00000     0.00000     0.00000     0.00000     0.00000     0.00000     0.00000     0.00000     0.00000     0.00000     0.00000     0.00000     0.00000     0.00000     0.00000     0.00000   -62.03813   -62.03106   -62.02398   -62.01691   -62.00984   -62.00277   520.69763   518.57629   516.45496   514.33368   512.21240   510.09103   507.96973   505.84839   503.72708   501.60577   499.48444   497.36313   495.24179   493.12048   490.99918   488.87787   486.75653   484.63519   482.51385   480.39258   478.27124   476.14990   474.02859   471.90726   469.78595   467.66464   465.54330   463.42200   461.30066   459.17935   457.05804   454.93674   452.81540   450.69406   448.57275   446.45145   444.33014   442.20880   440.08746   437.96616   435.84485   433.72351   431.60217   429.48087   427.35956   425.23822   423.11691   420.99561   418.87427   416.75296   414.63165   412.51031   410.38898   408.26770   406.14636   404.02502   401.90369   399.78241   397.66107   395.53973   393.41843   391.29712   389.17578   387.05447   384.93317   382.81183   380.69049   378.56918   376.44788   374.32654   372.20523   370.08392   367.96259   365.84128   363.71994   361.59863   359.47729   357.35596   355.23468   353.11334   350.99200   348.87073   346.74939   344.62805   342.50677   340.38541   338.26410   336.14279   334.02145   331.90015   329.77881   327.65750   325.53619   323.41486   321.29355   319.17224   317.05090   314.92960   312.80823   310.68695   308.56561   306.44431   304.32297   302.20169   300.08032   297.95905   295.83771   293.71637   291.59506   296.54477   301.49451   306.44424   311.39401   316.34375   321.29349   326.24326   331.19299   336.14276   341.09250   346.04221   350.99200   355.94171   360.89148   365.84122   370.79099   375.74072   380.69049   385.64020   390.58997   395.53970   400.48944   405.43921   410.38895   415.33871   420.28845   425.23819   430.18796   435.13770   440.08743   445.03717   449.98697   454.93671   459.88644   464.83618   469.78589   474.73569   479.68542   484.63516   489.58490   494.53464   499.48438   504.43417   509.38391   514.33362   519.28339   524.23315   529.18292   534.13269   539.08240   544.03210   548.98187   553.93164   558.88141   563.83118   568.78088   573.73059   578.68030   583.63013   588.57983   593.52960   598.47937   603.42908   608.37891   613.32861   618.27832   623.22809   628.17786   633.12756   638.07739   643.02710   647.97681   652.92657   657.87634   662.82611   667.77588     0.00000     0.00000     0.00000     0.00000     0.00000     0.00000     0.00000     0.00000     0.00000     0.00000     0.00000     0.00000     0.00000     0.00000     0.00000     0.00000     0.00000     0.00000     0.00000
     0.00000     0.00000     0.00000     0.00000     0.00000     0.00000     0.00000     0.00000     0.00000     0.00000     0.00000     0.00000     0.00000     0.00000     0.00000     0.00000     0.00000     0.00000     0.00000     0.00000   -62.02398   -62.01691   -62.00984   -62.00277   527.76874   525.64734   523.52606   521.40479   519.28345   517.16211   515.04077   512.91943   510.79816   508.67682   506.55551   504.43420   502.31287   500.19156   498.07022   495.94891   493.82758   491.70630   489.58496   487.46362   485.34229   483.22098   481.09967   478.97833   476.85703   474.73569   472.61438   470.49307   468.37173   466.25043   464.12909   462.00778   459.88647   457.76517   455.64383   453.52249   451.40118   449.27985   447.15854   445.03723   442.91589   440.79459   438.67325   436.55194   434.43060   432.30930   430.18799   428.06665   425.94534   423.82404   421.70270   419.58139   417.46008   415.33875   413.21741   411.09610   408.97479   406.85345   404.73212   402.61084   400.48950   398.36816   396.24686   394.12555   392.00421   389.88287   387.76157   385.64026   383.51892   381.39761   379.27631   377.15497   375.03366   372.91235   370.79102   368.66971   366.54834   364.42706   362.30573   360.18439   358.06311   355.94177   353.82043   351.69913   349.57782   347.45648   345.33517   343.21384   341.09253   338.97122   336.84988   334.72858   332.60724   330.48593   328.36462   326.24329   324.12198   322.00067   319.87930   317.75803   315.63666   313.51538   311.39404   309.27274   307.15140   305.03012   302.90875   300.78745   298.66614   296.54480   294.42349   299.37320   304.32294   309.27267   314.22244   319.17218   324.12192   329.07169   334.02142   338.97116   343.92093   348.87064   353.82043   358.77014   363.71991   368.66965   373.61942   378.56915   383.51889   388.46863   393.41840   398.36813   403.31787   408.26764   413.21738   418.16714   423.11688   428.06662   433.01639   437.96613   442.91586   447.86560   452.81540   457.76514   462.71484   467.66458   472.61432   477.56412   482.51385   487.46359   492.41333   497.36307   502.31281   507.26260   512.21234   517.16211   522.11182   527.06152   532.01135   536.96106   541.91083   546.86060   551.81030   556.76013   561.70984   566.65955   571.60925   576.55902   581.50879   586.45856   591.40833   596.35803   601.30774   606.25751   611.20728   616.15704   621.10681   626.05652   631.00623   635.95599   640.90576   645.85553   650.80530   655.75500   660.70471     0.00000     0.00000     0.00000     0.00000     0.00000     0.00000     0.00000     0.00000     0.00000     0.00000     0.00000     0.00000     0.00000     0.00000     0.00000     0.00000     0.00000     0.00000     0.00000     0.00000
     0.00000     0.00000     0.00000     0.00000     0.00000     0.00000     0.00000     0.00000     0.00000     0.00000     0.00000     0.00000     0.00000     0.00000     0.00000     0.00000     0.00000     0.00000     0.00000     0.00000     0.00000   -62.00984   -62.00277   534.83978   532.71844   530.59717   528.47583   526.35449   524.23315   522.11182   519.99054   517.86926   515.74792   513.62659   511.50525   509.38394   507.26263   505.14130   503.01999   500.89862   498.77734   496.65601   494.53473   492.41339   490.29205   488.17072   486.04941   483.92810   481.80676   479.68546   477.56412   475.44281   473.32150   471.20016   469.07886   466.95752   464.83621   462.71490   460.59360   458.47226   456.35089   454.22961   452.10828   449.98697   447.86566   445.74432   443.62299   441.50168   439.38037   437.25903   435.13773   433.01642   430.89508   428.77377   426.65247   424.53113   422.40982   420.28851   418.16718   416.04584   413.92453   411.80322   409.68188   407.56055   405.43927   403.31793   401.19659   399.07529   396.95398   394.83264   392.71130   390.59000   388.46869   386.34735   384.22604   382.10474   379.98340   377.86209   375.74078   373.61945   371.49811   369.37677   367.25549   365.13416   363.01282   360.89154   358.77020   356.64890   354.52756   352.40622   350.28491   348.16360   346.04227   343.92096   341.79965   339.67831   337.55701   335.43567   333.31436   331.19305   329.07172   326.95038   324.82910   322.70773   320.58646   318.46509   316.34381   314.22247   312.10117   309.97983   307.85852   305.73718   303.61588   301.49457   299.37323   297.25192   302.20163   307.15137   312.10110   317.05087   322.00061   326.95035   331.90009   336.84985   341.79959   346.74936   351.69907   356.64886   361.59857   366.54834   371.49808   376.44781   381.39758   386.34732   391.29706   396.24683   401.19656   406.14630   411.09607   416.04581   420.99557   425.94531   430.89505   435.84482   440.79456   445.74429   450.69403   455.64380   460.59354   465.54327   470.49301   475.44275   480.39255   485.34229   490.29202   495.24176   500.19150   505.14124   510.09103   515.04077   519.99048   524.94025   529.89001   534.83978   539.78955   544.73926   549.68896   554.63873   559.58850   564.53821   569.48798   574.43774   579.38745   584.33716   589.28699   594.23669   599.18646   604.13623   609.08594   614.03577   618.98547   623.93518   628.88495   633.83472   638.78442   643.73425   648.68396   653.63367     0.00000     0.00000     0.00000     0.00000     0.00000     0.00000     0.00000     0.00000     0.00000     0.00000     0.00000     0.00000     0.00000     0.00000     0.00000     0.00000     0.00000     0.00000     0.00000     0.00000     0.00000
     0.00000     0.00000     0.00000     0.00000     0.00000     0.00000     0.00000     0.00000     0.00000     0.00000     0.00000     0.00000     0.00000     0.00000     0.00000     0.00000     0.00000     0.00000     0.00000     0.00000     0.00000     0.00000   541.91083   539.78955   537.66821   535.54688   533.42554   531.30420   529.18292   527.06165   524.94031   522.81897   520.69763   518.57629   516.45502   514.33368   512.21240   510.09106   507.96973   505.84839   503.72705   501.60577   499.48444   497.36313   495.24179   493.12048   490.99915   488.87784   486.75653   484.63519   482.51389   480.39255   478.27124   476.14993   474.02859   471.90729   469.78595   467.66464   465.54333   463.42200   461.30066   459.17932   457.05804   454.93671   452.81537   450.69406   448.57275   446.45142   444.33011   442.20880   440.08746   437.96616   435.84485   433.72351   431.60220   429.48090   427.35956   425.23822   423.11691   420.99561   418.87427   416.75296   414.63165   412.51031   410.38898   408.26770   406.14636   404.02502   401.90369   399.78241   397.66107   395.53973   393.41843   391.29712   389.17578   387.05447   384.93317   382.81183   380.69049   378.56921   376.44788   374.32654   372.20520   370.08392   367.96259   365.84125   363.71997   361.59863   359.47729   357.35599   355.23465   353.11334   350.99203   348.87070   346.74939   344.62808   342.50674   340.38544   338.26410   336.14279   334.02145   331.90015   329.77881   327.65753   325.53616   323.41489   321.29352   319.17224   317.05090   314.92957   312.80826   310.68695   308.56561   306.44431   304.32300   302.20166   300.08035   305.03006   309.97980   314.92953   319.87930   324.82901   329.77878   334.72852   339.67828   344.62802   349.57779   354.52750   359.47729   364.42700   369.37674   374.32651   379.27625   384.22601   389.17575   394.12549   399.07526   404.02499   408.97473   413.92450   418.87424   423.82401   428.77374   433.72348   438.67325   443.62299   448.57269   453.52243   458.47223   463.42197   468.37170   473.32144   478.27118   483.22098   488.17072   493.12045   498.07019   503.01993   507.96967   512.91943   517.86920   522.81897   527.76868   532.71838   537.66821   542.61792   547.56769   552.51740   557.46716   562.41693   567.36670   572.31641   577.26611   582.21588   587.16565   592.11542   597.06519   602.01489   606.96460   611.91437   616.86414   621.81390   626.76367   631.71338   636.66309   641.61285   646.56262     0.00000     0.00000     0.00000     0.00000     0.00000     0.00000     0.00000     0.00000     0.00000     0.00000     0.00000     0.00000     0.00000     0.00000     0.00000     0.00000     0.00000     0.00000     0.00000     0.00000     0.00000     0.00000
     0.00000     0.00000     0.00000     0.00000     0.00000     0.00000     0.00000     0.00000     0.00000     0.00000     0.00000     0.00000     0.00000     0.00000     0.00000     0.00000     0.00000     0.00000     0.00000     0.00000     0.00000     0.00000     0.00000   544.73926   542.61792   540.49664   538.37531   536.25403   534.13269   532.01135   529.89001   527.76868   525.64740   523.52612   521.40479   519.28345   517.16211   515.04077   512.91949   510.79816   508.67682   506.55548   504.43417   502.31287   500.19156   498.07022   495.94891   493.82758   491.70627   489.58496   487.46362   485.34232   483.22098   481.09967   478.97836   476.85703   474.73572   472.61438   470.49304   468.37177   466.25043   464.12909   462.00775   459.88644   457.76514   455.64380   453.52249   451.40118   449.27985   447.15854   445.03723   442.91589   440.79459   438.67328   436.55194   434.43063   432.30930   430.18799   428.06665   425.94534   423.82404   421.70270   419.58139   417.46008   415.33875   413.21741   411.09610   408.97479   406.85345   404.73212   402.61084   400.48950   398.36816   396.24686   394.12555   392.00421   389.88290   387.76160   385.64026   383.51892   381.39764   379.27631   377.15497   375.03363   372.91232   370.79105   368.66968   366.54837   364.42706   362.30573   360.18442   358.06308   355.94177   353.82047   351.69913   349.57782   347.45651   345.33517   343.21387   341.09250   338.97122   336.84988   334.72858   332.60724   330.48596   328.36459   326.24332   324.12195   322.00064   319.87933   317.75800   315.63669   313.51538   311.39404   309.27274   307.15143   305.03009   302.90878   307.85849   312.80823   317.75793   322.70773   327.65744   332.60721   337.55695   342.50671   347.45645   352.40622   357.35593   362.30569   367.25543   372.20517   377.15494   382.10468   387.05444   392.00418   396.95392   401.90369   406.85342   411.80316   416.75293   421.70267   426.65244   431.60217   436.55191   441.50165   446.45139   451.40112   456.35086   461.30066   466.25040   471.20013   476.14987   481.09961   486.04941   490.99915   495.94888   500.89862   505.84836   510.79810   515.74792   520.69763   525.64734   530.59711   535.54688   540.49664   545.44635   550.39612   555.34583   560.29553   565.24536   570.19507   575.14484   580.09460   585.04431   589.99402   594.94385   599.89355   604.84332   609.79309   614.74280   619.69263   624.64233   629.59204   634.54181   639.49158     0.00000     0.00000     0.00000     0.00000     0.00000     0.00000     0.00000     0.00000     0.00000     0.00000     0.00000     0.00000     0.00000     0.00000     0.00000     0.00000     0.00000     0.00000     0.00000     0.00000     0.00000     0.00000     0.00000
     0.00000     0.00000     0.00000     0.00000     0.00000     0.00000     0.00000     0.00000     0.00000     0.00000     0.00000     0.00000     0.00000     0.00000     0.00000     0.00000     0.00000     0.00000     0.00000     0.00000     0.00000     0.00000     0.00000     0.00000   547.56769   545.44641   543.32507   541.20374   539.08240   536.96106   534.83978   532.71851   530.59717   528.47583   526.35449   524.23315   522.11188   519.99054   517.86920   515.74792   513.62659   511.50525   509.38391   507.26260   505.14130   503.01999   500.89865   498.77734   496.65601   494.53470   492.41339   490.29205   488.17075   486.04941   483.92810   481.80679   479.68546   477.56415   475.44281   473.32147   471.20020   469.07886   466.95752   464.83618   462.71487   460.59357   458.47223   456.35092   454.22961   452.10828   449.98697   447.86566   445.74432   443.62302   441.50171   439.38037   437.25903   435.13773   433.01642   430.89508   428.77377   426.65247   424.53113   422.40982   420.28851   418.16718   416.04584   413.92453   411.80322   409.68188   407.56055   405.43927   403.31793   401.19659   399.07529   396.95398   394.83264   392.71130   390.59003   388.46869   386.34735   384.22607   382.10474   379.98340   377.86209   375.74075   373.61945   371.49811   369.37680   367.25549   365.13416   363.01285   360.89151   358.77020   356.64890   354.52756   352.40625   350.28494   348.16357   346.04230   343.92093   341.79965   339.67831   337.55701   335.43567   333.31439   331.19302   329.07172   326.95038   324.82907   322.70776   320.58643   318.46512   316.34381   314.22247   312.10117   309.97986   307.85852   305.73721   310.68689   315.63666   320.58636   325.53616   330.48587   335.43564   340.38538   345.33514   350.28488   355.23462   360.18436   365.13412   370.08386   375.03360   379.98337   384.93311   389.88287   394.83261   399.78235   404.73212   409.68185   414.63159   419.58136   424.53110   429.48087   434.43057   439.38031   444.33008   449.27982   454.22955   459.17929   464.12909   469.07883   474.02856   478.97830   483.92804   488.87784   493.82758   498.77731   503.72705   508.67679   513.62653   518.57629   523.52606   528.47583   533.42554   538.37524   543.32507   548.27478   553.22449   558.17426   563.12402   568.07379   573.02356   577.97327   582.92297   587.87274   592.82251   597.77228   602.72205   607.67175   612.62146   617.57123   622.52100   627.47076   632.42053     0.00000     0.00000     0.00000     0.00000     0.00000     0.00000     0.00000     0.00000     0.00000     0.00000     0.00000     0.00000     0.00000     0.00000     0.00000     0.00000     0.00000     0.00000     0.00000     0.00000     0.00000     0.00000     0.00000     0.00000
     0.00000     0.00000     0.00000     0.00000     0.00000     0.00000     0.00000     0.00000     0.00000     0.00000     0.00000     0.00000     0.00000     0.00000     0.00000     0.00000     0.00000     0.00000     0.00000     0.00000     0.00000     0.00000     0.00000     0.00000     0.00000   550.39612   548.27478   546.15350   544.03217   541.91089   539.78955   537.66821   535.54688   533.42554   531.30426   529.18292   527.06158   524.94031   522.81897   520.69763   518.57629   516.45496   514.33368   512.21234   510.09103   507.96973   505.84842   503.72708   501.60577   499.48444   497.36313   495.24182   493.12048   490.99918   488.87784   486.75653   484.63519   482.51385   480.39258   478.27124   476.14990   474.02859   471.90729   469.78595   467.66461   465.54330   463.42200   461.30066   459.17935   457.05804   454.93671   452.81540   450.69409   448.57275   446.45142   444.33011   442.20880   440.08746   437.96616   435.84485   433.72351   431.60220   429.48090   427.35956   425.23822   423.11691   420.99561   418.87427   416.75296   414.63165   412.51031   410.38898   408.26770   406.14636   404.02502   401.90369   399.78241   397.66107   395.53973   393.41846   391.29712   389.17578   387.05447   384.93317   382.81183   380.69049   378.56918   376.44788   374.32654   372.20523   370.08392   367.96259   365.84128   363.71994   361.59863   359.47733   357.35599   355.23465   353.11337   350.99200   348.87073   346.74936   344.62808   342.50674   340.38544   338.26410   336.14279   334.02145   331.90015   329.77881   327.65750   325.53619   323.41486   321.29355   319.17224   317.05090   314.92960   312.80829   310.68692   308.56564   313.51532   318.46509   323.41479   328.36459   333.31430   338.26407   343.21381   348.16354   353.11331   358.06305   363.01279   367.96255   372.91229   377.86203   382.81180   387.76154   392.71130   397.66104   402.61078   407.56055   412.51028   417.46002   422.40979   427.35950   432.30927   437.25900   442.20874   447.15851   452.10825   457.05798   462.00772   466.95752   471.90726   476.85699   481.80673   486.75647   491.70627   496.65601   501.60574   506.55548   511.50522   516.45496   521.40479   526.35449   531.30420   536.25391   541.20367   546.15344   551.10321   556.05298   561.00269   565.95239   570.90222   575.85193   580.80170   585.75146   590.70117   595.65088   600.60071   605.55042   610.50018   615.44995   620.39966   625.34949     0.00000     0.00000     0.00000     0.00000     0.00000     0.00000     0.00000     0.00000     0.00000     0.00000     0.00000     0.00000     0.00000     0.00000     0.00000     0.00000     0.00000     0.00000     0.00000     0.00000     0.00000     0.00000     0.00000     0.00000     0.00000
     0.00000     0.00000     0.00000     0.00000     0.00000     0.00000     0.00000     0.00000     0.00000     0.00000     0.00000     0.00000     0.00000     0.00000     0.00000     0.00000     0.00000     0.00000     0.00000     0.00000     0.00000     0.00000     0.00000     0.00000     0.00000     0.00000   553.22455   551.10327   548.98193   546.86060   544.73926   542.61792   540.49664   538.37537   536.25397   534.13269   532.01135   529.89001   527.76874   525.64734   523.52606   521.40479   519.28345   517.16211   515.04077   512.91943   510.79816   508.67685   506.55551   504.43420   502.31287   500.19156   498.07025   495.94891   493.82761   491.70624   489.58496   487.46362   485.34229   483.22101   481.09964   478.97833   476.85703   474.73572   472.61438   470.49304   468.37173   466.25043   464.12909   462.00778   459.88647   457.76514   455.64383   453.52252   451.40118   449.27985   447.15854   445.03723   442.91589   440.79459   438.67328   436.55194   434.43063   432.30930   430.18799   428.06665   425.94534   423.82404   421.70270   419.58139   417.46008   415.33875   413.21741   411.09613   408.97479   406.85345   404.73212   402.61084   400.48950   398.36816   396.24689   394.12552   392.00424   389.88290   387.76157   385.64026   383.51892   381.39761   379.27631   377.15497   375.03366   372.91235   370.79102   368.66971   366.54837   364.42706   362.30573   360.18442   358.06308   355.94180   353.82043   351.69916   349.57779   347.45651   345.33517   343.21384   341.09253   338.97122   336.84988   334.72858   332.60724   330.48593   328.36462   326.24329   324.12198   322.00067   319.87933   317.75800   315.63672   313.51535   311.39407   316.34375   321.29352   326.24323   331.19302   336.14273   341.09247   346.04224   350.99197   355.94174   360.89148   365.84122   370.79099   375.74072   380.69046   385.64023   390.58997   395.53973   400.48947   405.43921   410.38898   415.33871   420.28842   425.23819   430.18793   435.13770   440.08743   445.03717   449.98694   454.93668   459.88641   464.83615   469.78595   474.73569   479.68542   484.63516   489.58490   494.53470   499.48444   504.43417   509.38391   514.33362   519.28339   524.23315   529.18286   534.13263   539.08240   544.03210   548.98193   553.93164   558.88135   563.83112   568.78088   573.73065   578.68042   583.63013   588.57983   593.52960   598.47937   603.42914   608.37891   613.32861   618.27832     0.00000     0.00000     0.00000     0.00000     0.00000     0.00000     0.00000     0.00000     0.00000     0.00000     0.00000     0.00000     0.00000     0.00000     0.00000     0.00000     0.00000     0.00000     0.00000     0.00000     0.00000     0.00000     0.00000     0.00000     0.00000     0.00000
     0.00000     0.00000     0.00000     0.00000     0.00000     0.00000     0.00000     0.00000     0.00000     0.00000     0.00000     0.00000     0.00000     0.00000     0.00000     0.00000     0.00000     0.00000     0.00000     0.00000     0.00000     0.00000     0.00000     0.00000     0.00000     0.00000     0.00000   556.05298   553.93164   551.81036   549.68903   547.56775   545.44641   543.32507   541.20374   539.08240   536.96112   534.83978   532.71844   530.59717   528.47583   526.35449   524.23315   522.11182   519.99054   517.86920   515.74792   513.62659   511.50528   509.38394   507.26263   505.14130   503.01999   500.89868   498.77734   496.65601   494.53467   492.41339   490.29205   488.17072   486.04941   483.92807   481.80676   479.68546   477.56415   475.44281   473.32147   471.20016   469.07886   466.95752   464.83621   462.71490   460.59357   458.47223   456.35095   454.22961   452.10828   449.98697   447.86566   445.74432   443.62302   441.50171   439.38037   437.25903   435.13773   433.01642   430.89508   428.77377   426.65247   424.53113   422.40982   420.28851   418.16718   416.04584   413.92453   411.80322   409.68188   407.56055   405.43927   403.31793   401.19659   399.07532   396.95395   394.83264   392.71133   390.59000   388.46869   386.34735   384.22604   382.10474   379.98340   377.86209   375.74078   373.61945   371.49814   369.37677   367.25549   365.13416   363.01285   360.89151   358.77023   356.64886   354.52759   352.40622   350.28491   348.16360   346.04227   343.92096   341.79965   339.67831   337.55701   335.43567   333.31436   331.19305   329.07172   326.95041   324.82907   322.70776   320.58643   318.46515   316.34378   314.22250   319.17218   324.12195   329.07166   334.02142   338.97116   343.92090   348.87067   353.82040   358.77017   363.71991   368.66965   373.61942   378.56915   383.51889   388.46866   393.41840   398.36816   403.31790   408.26764   413.21738   418.16711   423.11685   428.06662   433.01636   437.96613   442.91586   447.86560   452.81537   457.76511   462.71484   467.66458   472.61438   477.56412   482.51385   487.46359   492.41333   497.36313   502.31287   507.26260   512.21234   517.16205   522.11182   527.06158   532.01135   536.96106   541.91077   546.86053   551.81030   556.76007   561.70984   566.65955   571.60925   576.55908   581.50879   586.45856   591.40833   596.35803   601.30774   606.25757   611.20728     0.00000     0.00000     0.00000     0.00000     0.00000     0.00000     0.00000     0.00000     0.00000     0.00000     0.00000     0.00000     0.00000     0.00000     0.00000     0.00000     0.00000     0.00000     0.00000     0.00000     0.00000     0.00000     0.00000     0.00000     0.00000     0.00000     0.00000
     0.00000     0.00000     0.00000     0.00000     0.00000     0.00000     0.00000     0.00000     0.00000     0.00000     0.00000     0.00000     0.00000     0.00000     0.00000     0.00000     0.00000     0.00000     0.00000     0.00000     0.00000     0.00000     0.00000     0.00000     0.00000     0.00000     0.00000     0.00000   558.88141   556.76013   554.63879   552.51746   550.39612   548.27478   546.15350   544.03217   541.91083   539.78955   537.66821   535.54688   533.42554   531.30420   529.18292   527.06165   524.94031   522.81897   520.69763   518.57629   516.45502   514.33374   512.21240   510.09106   507.96973   505.84839   503.72711   501.60577   499.48444   497.36310   495.24179   493.12048   490.99915   488.87784   486.75650   484.63519   482.51389   480.39258   478.27124   476.14990   474.02859   471.90729   469.78595   467.66461   465.54333   463.42200   461.30066   459.17938   457.05804   454.93671   452.81540   450.69409   448.57275   446.45142   444.33011   442.20880   440.08746   437.96616   435.84485   433.72351   431.60220   429.48090   427.35956   425.23825   423.11691   420.99561   418.87427   416.75296   414.63165   412.51031   410.38898   408.26767   406.14636   404.02502   401.90372   399.78238   397.66107   395.53976   393.41843   391.29712   389.17578   387.05447   384.93317   382.81183   380.69052   378.56921   376.44785   374.32657   372.20520   370.08392   367.96259   365.84128   363.71994   361.59866   359.47729   357.35599   355.23465   353.11334   350.99203   348.87070   346.74939   344.62808   342.50674   340.38544   338.26410   336.14279   334.02148   331.90012   329.77884   327.65750   325.53619   323.41486   321.29358   319.17221   317.05093   322.00061   326.95035   331.90009   336.84985   341.79959   346.74933   351.69910   356.64883   361.59860   366.54834   371.49808   376.44785   381.39758   386.34732   391.29709   396.24683   401.19659   406.14630   411.09604   416.04581   420.99554   425.94528   430.89505   435.84479   440.79456   445.74429   450.69403   455.64380   460.59354   465.54327   470.49301   475.44281   480.39255   485.34229   490.29202   495.24176   500.19156   505.14130   510.09100   515.04077   519.99048   524.94019   529.89001   534.83972   539.78949   544.73926   549.68896   554.63879   559.58850   564.53821   569.48798   574.43774   579.38751   584.33728   589.28699   594.23669   599.18646   604.13623     0.00000     0.00000     0.00000     0.00000     0.00000     0.00000     0.00000     0.00000     0.00000     0.00000     0.00000     0.00000     0.00000     0.00000     0.00000     0.00000     0.00000     0.00000     0.00000     0.00000     0.00000     0.00000     0.00000     0.00000     0.00000     0.00000     0.00000     0.00000
     0.00000     0.00000     0.00000     0.00000     0.00000     0.00000     0.00000     0.00000     0.00000     0.00000     0.00000     0.00000     0.00000     0.00000     0.00000     0.00000     0.00000     0.00000     0.00000     0.00000     0.00000     0.00000     0.00000     0.00000     0.00000     0.00000     0.00000     0.00000     0.00000   561.70984   559.58850   557.46722   555.34589   553.22455   551.10321   548.98193   546.86060   544.73926   542.61792   540.49664   538.37531   536.25403   534.13269   532.01135   529.89001   527.76868   525.64740   523.52606   521.40479   519.28345   517.16211   515.04077   512.91949   510.79816   508.67682   506.55554   504.43420   502.31287   500.19153   498.07022   495.94891   493.82758   491.70627   489.58493   487.46362   485.34232   483.22101   481.09967   478.97833   476.85703   474.73572   472.61438   470.49304   468.37177   466.25043   464.12909   462.00781   459.88647   457.76514   455.64383   453.52252   451.40118   449.27985   447.15854   445.03723   442.91589   440.79459   438.67328   436.55194   434.43063   432.30933   430.18799   428.06665   425.94534   423.82404   421.70270   419.58139   417.46008   415.33875   413.21744   411.09610   408.97476   406.85345   404.73215   402.61081   400.48950   398.36819   396.24686   394.12555   392.00421   389.88290   387.76160   385.64026   383.51892   381.39764   379.27628   377.15500   375.03363   372.91235   370.79102   368.66971   366.54837   364.42706   362.30573   360.18442   358.06308   355.94177   353.82047   351.69913   349.57782   347.45651   345.33517   343.21387   341.09253   338.97119   336.84991   334.72855   332.60727   330.48593   328.36462   326.24329   324.12201   322.00064   319.87933   324.82904   329.77878   334.72852   339.67828   344.62802   349.57776   354.52753   359.47726   364.42703   369.37677   374.32651   379.27628   384.22601   389.17575   394.12552   399.07523   404.02499   408.97473   413.92447   418.87424   423.82397   428.77371   433.72348   438.67322   443.62299   448.57272   453.52246   458.47223   463.42197   468.37170   473.32144   478.27124   483.22098   488.17072   493.12045   498.07019   503.01996   507.96970   512.91943   517.86914   522.81891   527.76868   532.71844   537.66821   542.61792   547.56763   552.51740   557.46716   562.41693   567.36670   572.31641   577.26611   582.21594   587.16565   592.11542   597.06519     0.00000     0.00000     0.00000     0.00000     0.00000     0.00000     0.00000     0.00000     0.00000     0.00000     0.00000     0.00000     0.00000     0.00000     0.00000     0.00000     0.00000     0.00000     0.00000     0.00000     0.00000     0.00000     0.00000     0.00000     0.00000     0.00000     0.00000     0.00000     0.00000
     0.00000     0.00000     0.00000     0.00000     0.00000     0.00000     0.00000     0.00000     0.00000     0.00000     0.00000     0.00000     0.00000     0.00000     0.00000     0.00000     0.00000     0.00000     0.00000     0.00000     0.00000     0.00000     0.00000     0.00000     0.00000     0.00000     0.00000     0.00000     0.00000     0.00000   564.53827   562.41693   560.29565   558.17432   556.05298   553.93164   551.81030   549.68903   547.56769   545.44641   543.32507   541.20374   539.08240   536.96106   534.83978   532.71851   530.59717   528.47583   526.35449   524.23315   522.11188   519.99054   517.86920   515.74792   513.62659   511.50525   509.38394   507.26260   505.14130   503.01996   500.89865   498.77734   496.65601   494.53470   492.41336   490.29205   488.17075   486.04944   483.92810   481.80676   479.68542   477.56415   475.44281   473.32147   471.20020   469.07886   466.95752   464.83624   462.71490   460.59357   458.47223   456.35095   454.22961   452.10828   449.98697   447.86566   445.74432   443.62302   441.50171   439.38037   437.25903   435.13773   433.01642   430.89508   428.77377   426.65247   424.53113   422.40979   420.28851   418.16718   416.04584   413.92453   411.80319   409.68188   407.56058   405.43924   403.31793   401.19662   399.07529   396.95398   394.83264   392.71133   390.59000   388.46869   386.34735   384.22607   382.10471   379.98343   377.86206   375.74078   373.61945   371.49811   369.37680   367.25549   365.13416   363.01285   360.89151   358.77020   356.64890   354.52756   352.40625   350.28494   348.16360   346.04227   343.92096   341.79962   339.67834   337.55698   335.43570   333.31436   331.19305   329.07172   326.95041   324.82907   322.70776   327.65747   332.60721   337.55695   342.50671   347.45645   352.40619   357.35596   362.30569   367.25546   372.20520   377.15494   382.10471   387.05444   392.00415   396.95392   401.90366   406.85342   411.80316   416.75290   421.70267   426.65240   431.60214   436.55191   441.50165   446.45142   451.40115   456.35089   461.30066   466.25040   471.20013   476.14987   481.09967   486.04941   490.99915   495.94885   500.89859   505.84839   510.79813   515.74786   520.69763   525.64734   530.59705   535.54688   540.49658   545.44635   550.39612   555.34583   560.29565   565.24536   570.19507   575.14484   580.09460   585.04437   589.99414     0.00000     0.00000     0.00000     0.00000     0.00000     0.00000     0.00000     0.00000     0.00000     0.00000     0.00000     0.00000     0.00000     0.00000     0.00000     0.00000     0.00000     0.00000     0.00000     0.00000     0.00000     0.00000     0.00000     0.00000     0.00000     0.00000     0.00000     0.00000     0.00000     0.00000
     0.00000     0.00000     0.00000     0.00000     0.00000     0.00000     0.00000     0.00000     0.00000     0.00000     0.00000     0.00000     0.00000     0.00000     0.00000     0.00000     0.00000     0.00000     0.00000     0.00000     0.00000     0.00000     0.00000     0.00000     0.00000     0.00000     0.00000     0.00000     0.00000     0.00000     0.00000   567.36670   565.24536   563.12408   561.00269   558.88141   556.76007   554.63879   552.51746   550.39612   548.27478   546.15350   544.03217   541.91089   539.78955   537.66821   535.54688   533.42554   531.30426   529.18292   527.06158   524.94031   522.81897   520.69763   518.57635   516.45496   514.33368   512.21240   510.09103   507.96973   505.84839   503.72708   501.60577   499.48444   497.36313   495.24179   493.12048   490.99918   488.87787   486.75653   484.63519   482.51385   480.39258   478.27124   476.14990   474.02863   471.90729   469.78595   467.66464   465.54333   463.42200   461.30066   459.17938   457.05804   454.93671   452.81540   450.69409   448.57275   446.45145   444.33011   442.20880   440.08746   437.96616   435.84485   433.72351   431.60220   429.48087   427.35956   425.23822   423.11691   420.99561   418.87427   416.75296   414.63162   412.51031   410.38901   408.26767   406.14636   404.02505   401.90372   399.78241   397.66104   395.53976   393.41843   391.29712   389.17578   387.05450   384.93314   382.81186   380.69049   378.56918   376.44788   374.32654   372.20523   370.08392   367.96259   365.84128   363.71994   361.59863   359.47733   357.35599   355.23468   353.11334   350.99203   348.87070   346.74939   344.62805   342.50677   340.38541   338.26413   336.14279   334.02145   331.90015   329.77884   327.65750   325.53619   330.48590   335.43564   340.38538   345.33514   350.28488   355.23462   360.18439   365.13412   370.08389   375.03363   379.98337   384.93311   389.88284   394.83258   399.78235   404.73209   409.68185   414.63159   419.58133   424.53110   429.48083   434.43057   439.38034   444.33008   449.27985   454.22958   459.17932   464.12909   469.07883   474.02856   478.97830   483.92810   488.87781   493.82755   498.77728   503.72702   508.67682   513.62659   518.57629   523.52600   528.47577   533.42554   538.37531   543.32507   548.27478   553.22449   558.17426   563.12402   568.07379   573.02356   577.97327   582.92297     0.00000     0.00000     0.00000     0.00000     0.00000     0.00000     0.00000     0.00000     0.00000     0.00000     0.00000     0.00000     0.00000     0.00000     0.00000     0.00000     0.00000     0.00000     0.00000     0.00000     0.00000     0.00000     0.00000     0.00000     0.00000     0.00000     0.00000     0.00000     0.00000     0.00000     0.00000
     0.00000     0.00000     0.00000     0.00000     0.00000     0.00000     0.00000     0.00000     0.00000     0.00000     0.00000     0.00000     0.00000     0.00000     0.00000     0.00000     0.00000     0.00000     0.00000     0.00000     0.00000     0.00000     0.00000     0.00000     0.00000     0.00000     0.00000     0.00000     0.00000     0.00000     0.00000     0.00000   570.19513   568.07379   565.95251   563.83118   561.70984   559.58850   557.46716   555.34589   553.22455   551.10327   548.98193   546.86060   544.73926   542.61792   540.49664   538.37537   536.25403   534.13269   532.01135   529.89001   527.76874   525.64740   523.52606   521.40479   519.28345   517.16211   515.04077   512.91943   510.79816   508.67682   506.55551   504.43420   502.31287   500.19156   498.07022   495.94891   493.82758   491.70630   489.58496   487.46362   485.34229   483.22101   481.09967   478.97833   476.85706   474.73572   472.61438   470.49307   468.37177   466.25043   464.12909   462.00781   459.88647   457.76514   455.64383   453.52252   451.40118   449.27985   447.15854   445.03723   442.91589   440.79459   438.67328   436.55194   434.43066   432.30930   430.18799   428.06665   425.94534   423.82404   421.70270   419.58139   417.46005   415.33875   413.21744   411.09610   408.97479   406.85349   404.73212   402.61084   400.48947   398.36819   396.24686   394.12555   392.00421   389.88293   387.76157   385.64026   383.51892   381.39761   379.27631   377.15497   375.03366   372.91235   370.79102   368.66971   366.54837   364.42706   362.30576   360.18439   358.06311   355.94177   353.82047   351.69913   349.57782   347.45648   345.33521   343.21384   341.09253   338.97122   336.84988   334.72858   332.60727   330.48593   328.36462   333.31433   338.26407   343.21381   348.16357   353.11331   358.06305   363.01282   367.96255   372.91232   377.86203   382.81177   387.76154   392.71127   397.66101   402.61078   407.56052   412.51028   417.46002   422.40976   427.35953   432.30927   437.25900   442.20877   447.15851   452.10828   457.05801   462.00775   466.95752   471.90726   476.85699   481.80670   486.75650   491.70624   496.65598   501.60571   506.55545   511.50525   516.45496   521.40472   526.35449   531.30420   536.25391   541.20374   546.15344   551.10321   556.05298   561.00269   565.95251   570.90222   575.85193     0.00000     0.00000     0.00000     0.00000     0.00000     0.00000     0.00000     0.00000     0.00000     0.00000     0.00000     0.00000     0.00000     0.00000     0.00000     0.00000     0.00000     0.00000     0.00000     0.00000     0.00000     0.00000     0.00000     0.00000     0.00000     0.00000     0.00000     0.00000     0.00000     0.00000     0.00000     0.00000
     0.00000     0.00000     0.00000     0.00000     0.00000     0.00000     0.00000     0.00000     0.00000     0.00000     0.00000     0.00000     0.00000     0.00000     0.00000     0.00000     0.00000     0.00000     0.00000     0.00000     0.00000     0.00000     0.00000     0.00000     0.00000     0.00000     0.00000     0.00000     0.00000     0.00000     0.00000     0.00000     0.00000   573.02356   570.90222   568.78088   566.65955   564.53827   562.41693   560.29565   558.17432   556.05298   553.93164   551.81036   549.68903   547.56775   545.44641   543.32507   541.20374   539.08240   536.96112   534.83978   532.71844   530.59717   528.47583   526.35449   524.23315   522.11182   519.99054   517.86926   515.74792   513.62659   511.50525   509.38394   507.26263   505.14130   503.01996   500.89862   498.77734   496.65601   494.53473   492.41339   490.29205   488.17072   486.04944   483.92810   481.80676   479.68546   477.56415   475.44281   473.32150   471.20020   469.07886   466.95752   464.83624   462.71490   460.59357   458.47223   456.35095   454.22961   452.10828   449.98697   447.86566   445.74432   443.62299   441.50171   439.38037   437.25903   435.13773   433.01642   430.89508   428.77377   426.65247   424.53113   422.40982   420.28848   418.16718   416.04587   413.92453   411.80319   409.68192   407.56055   405.43927   403.31790   401.19662   399.07529   396.95398   394.83264   392.71133   390.59000   388.46869   386.34735   384.22604   382.10474   379.98340   377.86209   375.74078   373.61945   371.49814   369.37680   367.25546   365.13419   363.01282   360.89154   358.77020   356.64890   354.52756   352.40625   350.28491   348.16360   346.04227   343.92096   341.79965   339.67831   337.55701   335.43570   333.31436   331.19305   336.14276   341.09250   346.04224   350.99200   355.94174   360.89148   365.84125   370.79095   375.74072   380.69046   385.64020   390.58997   395.53970   400.48944   405.43921   410.38895   415.33871   420.28845   425.23819   430.18796   435.13770   440.08743   445.03720   449.98694   454.93671   459.88644   464.83618   469.78595   474.73566   479.68539   484.63513   489.58493   494.53467   499.48441   504.43414   509.38388   514.33368   519.28345   524.23315   529.18286   534.13263   539.08240   544.03217   548.98193   553.93164   558.88135   563.83112   568.78088     0.00000     0.00000     0.00000     0.00000     0.00000     0.00000     0.00000     0.00000     0.00000     0.00000     0.00000     0.00000     0.00000     0.00000     0.00000     0.00000     0.00000     0.00000     0.00000     0.00000     0.00000     0.00000     0.00000     0.00000     0.00000     0.00000     0.00000     0.00000     0.00000     0.00000     0.00000     0.00000     0.00000
     0.00000     0.00000     0.00000     0.00000     0.00000     0.00000     0.00000     0.00000     0.00000     0.00000     0.00000     0.00000     0.00000     0.00000     0.00000     0.00000     0.00000     0.00000     0.00000     0.00000     0.00000     0.00000     0.00000     0.00000     0.00000     0.00000     0.00000     0.00000     0.00000     0.00000     0.00000     0.00000     0.00000     0.00000   575.85193   573.73065   571.60938   569.48804   567.36670   565.24536   563.12402   561.00275   558.88141   556.76013   554.63879   552.51746   550.39612   548.27478   546.15350   544.03217   541.91083   539.78955   537.66821   535.54688   533.42554   531.30426   529.18292   527.06165   524.94031   522.81897   520.69763   518.57629   516.45502   514.33368   512.21240   510.09106   507.96973   505.84839   503.72705   501.60577   499.48444   497.36316   495.24182   493.12048   490.99915   488.87784   486.75653   484.63519   482.51389   480.39258   478.27124   476.14993   474.02863   471.90729   469.78595   467.66467   465.54333   463.42200   461.30066   459.17938   457.05804   454.93671   452.81540   450.69409   448.57278   446.45142   444.33011   442.20880   440.08746   437.96616   435.84485   433.72351   431.60220   429.48090   427.35956   425.23825   423.11691   420.99561   418.87427   416.75296   414.63162   412.51035   410.38898   408.26770   406.14633   404.02505   401.90372   399.78238   397.66107   395.53976   393.41843   391.29712   389.17578   387.05447   384.93317   382.81183   380.69052   378.56921   376.44788   374.32654   372.20523   370.08389   367.96262   365.84125   363.71997   361.59863   359.47733   357.35599   355.23465   353.11334   350.99203   348.87070   346.74939   344.62808   342.50674   340.38544   338.26413   336.14279   334.02148   338.97119   343.92093   348.87067   353.82043   358.77017   363.71988   368.66965   373.61938   378.56915   383.51889   388.46863   393.41840   398.36813   403.31787   408.26764   413.21738   418.16714   423.11688   428.06662   433.01639   437.96613   442.91586   447.86563   452.81537   457.76514   462.71487   467.66458   472.61435   477.56409   482.51382   487.46356   492.41336   497.36310   502.31284   507.26257   512.21228   517.16211   522.11182   527.06158   532.01135   536.96106   541.91077   546.86060   551.81030   556.76007   561.70984     0.00000     0.00000     0.00000     0.00000     0.00000     0.00000     0.00000     0.00000     0.00000     0.00000     0.00000     0.00000     0.00000     0.00000     0.00000     0.00000     0.00000     0.00000     0.00000     0.00000     0.00000     0.00000     0.00000     0.00000     0.00000     0.00000     0.00000     0.00000     0.00000     0.00000     0.00000     0.00000     0.00000     0.00000
     0.00000     0.00000     0.00000     0.00000     0.00000     0.00000     0.00000     0.00000     0.00000     0.00000     0.00000     0.00000     0.00000     0.00000     0.00000     0.00000     0.00000     0.00000     0.00000     0.00000     0.00000     0.00000     0.00000     0.00000     0.00000     0.00000     0.00000     0.00000     0.00000     0.00000     0.00000     0.00000     0.00000     0.00000     0.00000   578.68042   576.55908   574.43774   572.31641   570.19513   568.07379   565.95251   563.83118   561.70984   559.58850   557.46722   555.34589   553.22455   551.10321   548.98193   546.86060   544.73926   542.61792   540.49658   538.37531   536.25403   534.13269   532.01135   529.89001   527.76868   525.64740   523.52612   521.40479   519.28345   517.16211   515.04077   512.91949   510.79816   508.67682   506.55548   504.43420   502.31287   500.19159   498.07025   495.94888   493.82758   491.70627   489.58496   487.46362   485.34232   483.22101   481.09967   478.97836   476.85706   474.73572   472.61438   470.49307   468.37177   466.25043   464.12909   462.00781   459.88647   457.76514   455.64386   453.52252   451.40118   449.27985   447.15854   445.03723   442.91589   440.79459   438.67328   436.55194   434.43063   432.30933   430.18799   428.06668   425.94531   423.82404   421.70270   419.58139   417.46005   415.33878   413.21741   411.09613   408.97476   406.85345   404.73215   402.61081   400.48950   398.36819   396.24686   394.12555   392.00421   389.88290   387.76160   385.64026   383.51895   381.39761   379.27631   377.15497   375.03366   372.91232   370.79105   368.66968   366.54840   364.42706   362.30573   360.18442   358.06308   355.94177   353.82047   351.69913   349.57782   347.45651   345.33517   343.21387   341.09256   338.97122   336.84991   341.79962   346.74936   351.69910   356.64883   361.59857   366.54831   371.49808   376.44781   381.39758   386.34732   391.29706   396.24683   401.19656   406.14630   411.09607   416.04581   420.99557   425.94531   430.89505   435.84482   440.79456   445.74429   450.69406   455.64380   460.59354   465.54327   470.49301   475.44278   480.39252   485.34225   490.29199   495.24179   500.19153   505.14127   510.09100   515.04077   519.99054   524.94031   529.89001   534.83972   539.78949   544.73926   549.68903   554.63879     0.00000     0.00000     0.00000     0.00000     0.00000     0.00000     0.00000     0.00000     0.00000     0.00000     0.00000     0.00000     0.00000     0.00000     0.00000     0.00000     0.00000     0.00000     0.00000     0.00000     0.00000     0.00000     0.00000     0.00000     0.00000     0.00000     0.00000     0.00000     0.00000     0.00000     0.00000     0.00000     0.00000     0.00000     0.00000
     0.00000     0.00000     0.00000     0.00000     0.00000     0.00000     0.00000     0.00000     0.00000     0.00000     0.00000     0.00000     0.00000     0.00000     0.00000     0.00000     0.00000     0.00000     0.00000     0.00000     0.00000     0.00000     0.00000     0.00000     0.00000     0.00000     0.00000     0.00000     0.00000     0.00000     0.00000     0.00000     0.00000     0.00000     0.00000     0.00000   581.50879   579.38751   577.26624   575.14490   573.02356   570.90222   568.78088   566.65961   564.53827   562.41693   560.29565   558.17432   556.05298   553.93164   551.81030   549.68903   547.56769   545.44641   543.32507   541.20374   539.08240   536.96112   534.83978   532.71851   530.59717   528.47583   526.35449   524.23315   522.11188   519.99054   517.86920   515.74792   513.62659   511.50525   509.38391   507.26263   505.14130   503.01999   500.89865   498.77731   496.65601   494.53470   492.41339   490.29205   488.17075   486.04944   483.92810   481.80679   479.68546   477.56415   475.44281   473.32150   471.20020   469.07886   466.95752   464.83621   462.71490   460.59357   458.47223   456.35095   454.22961   452.10828   449.98697   447.86566   445.74432   443.62302   441.50171   439.38037   437.25906   435.13776   433.01639   430.89511   428.77374   426.65247   424.53113   422.40982   420.28848   418.16721   416.04584   413.92453   411.80319   409.68188   407.56058   405.43924   403.31793   401.19662   399.07529   396.95398   394.83264   392.71133   390.59003   388.46866   386.34738   384.22604   382.10474   379.98340   377.86209   375.74075   373.61948   371.49811   369.37680   367.25549   365.13416   363.01285   360.89151   358.77020   356.64890   354.52756   352.40625   350.28494   348.16360   346.04230   343.92099   341.79965   339.67834   344.62805   349.57776   354.52750   359.47726   364.42700   369.37674   374.32651   379.27625   384.22601   389.17575   394.12549   399.07526   404.02499   408.97473   413.92450   418.87424   423.82401   428.77374   433.72348   438.67325   443.62299   448.57272   453.52246   458.47220   463.42197   468.37170   473.32144   478.27121   483.22095   488.17068   493.12042   498.07022   503.01996   507.96970   512.91943   517.86914   522.81897   527.76868   532.71844   537.66821   542.61792   547.56763     0.00000     0.00000     0.00000     0.00000     0.00000     0.00000     0.00000     0.00000     0.00000     0.00000     0.00000     0.00000     0.00000     0.00000     0.00000     0.00000     0.00000     0.00000     0.00000     0.00000     0.00000     0.00000     0.00000     0.00000     0.00000     0.00000     0.00000     0.00000     0.00000     0.00000     0.00000     0.00000     0.00000     0.00000     0.00000     0.00000
     0.00000     0.00000     0.00000     0.00000     0.00000     0.00000     0.00000     0.00000     0.00000     0.00000     0.00000     0.00000     0.00000     0.00000     0.00000     0.00000     0.00000     0.00000     0.00000     0.00000     0.00000     0.00000     0.00000     0.00000     0.00000     0.00000     0.00000     0.00000     0.00000     0.00000     0.00000     0.00000     0.00000     0.00000     0.00000     0.00000     0.00000   584.33728   582.21594   580.09460   577.97327   575.85199   573.73065   571.60938   569.48804   567.36670   565.24536   563.12408   561.00275   558.88141   556.76007   554.63879   552.51746   550.39612   548.27478   546.15344   544.03217   541.91089   539.78955   537.66821   535.54688   533.42554   531.30426   529.18292   527.06158   524.94031   522.81897   520.69763   518.57635   516.45502   514.33368   512.21234   510.09103   507.96973   505.84842   503.72708   501.60574   499.48444   497.36313   495.24182   493.12048   490.99918   488.87787   486.75653   484.63519   482.51389   480.39258   478.27124   476.14993   474.02863   471.90729   469.78598   467.66464   465.54333   463.42200   461.30066   459.17938   457.05804   454.93671   452.81540   450.69409   448.57275   446.45145   444.33014   442.20880   440.08746   437.96619   435.84482   433.72354   431.60217   429.48090   427.35956   425.23825   423.11691   420.99561   418.87427   416.75296   414.63162   412.51031   410.38901   408.26767   406.14636   404.02505   401.90372   399.78241   397.66107   395.53973   393.41846   391.29709   389.17581   387.05447   384.93317   382.81183   380.69052   378.56918   376.44788   374.32654   372.20523   370.08392   367.96259   365.84128   363.71994   361.59863   359.47733   357.35599   355.23468   353.11337   350.99203   348.87073   346.74942   344.62808   342.50674   347.45645   352.40619   357.35593   362.30569   367.25543   372.20517   377.15494   382.10468   387.05444   392.00418   396.95392   401.90369   406.85342   411.80316   416.75293   421.70267   426.65244   431.60217   436.55191   441.50168   446.45139   451.40112   456.35089   461.30063   466.25040   471.20013   476.14987   481.09964   486.04938   490.99911   495.94885   500.89865   505.84839   510.79813   515.74786   520.69763   525.64740   530.59717   535.54688   540.49658     0.00000     0.00000     0.00000     0.00000     0.00000     0.00000     0.00000     0.00000     0.00000     0.00000     0.00000     0.00000     0.00000     0.00000     0.00000     0.00000     0.00000     0.00000     0.00000     0.00000     0.00000     0.00000     0.00000     0.00000     0.00000     0.00000     0.00000     0.00000     0.00000     0.00000     0.00000     0.00000     0.00000     0.00000     0.00000     0.00000     0.00000
     0.00000     0.00000     0.00000     0.00000     0.00000     0.00000     0.00000     0.00000     0.00000     0.00000     0.00000     0.00000     0.00000     0.00000     0.00000     0.00000     0.00000     0.00000     0.00000     0.00000     0.00000     0.00000     0.00000     0.00000     0.00000     0.00000     0.00000     0.00000     0.00000     0.00000     0.00000     0.00000     0.00000     0.00000     0.00000     0.00000     0.00000     0.00000   587.16565   585.04437   582.92310   580.80176   578.68042   576.55908   574.43774   572.31647   570.19513   568.07379   565.95251   563.83118   561.70984   559.58850   557.46716   555.34589   553.22455   551.10327   548.98193   546.86060   544.73926   542.61798   540.49664   538.37531   536.25397   534.13269   532.01135   529.89001   527.76874   525.64740   523.52606   521.40479   519.28345   517.16211   515.04077   512.91943   510.79816   508.67685   506.55551   504.43417   502.31287   500.19156   498.07025   495.94891   493.82758   491.70627   489.58496   487.46362   485.34232   483.22101   481.09967   478.97833   476.85706   474.73572   472.61438   470.49307   468.37177   466.25043   464.12909   462.00781   459.88647   457.76514   455.64383   453.52252   451.40118   449.27988   447.15851   445.03723   442.91589   440.79462   438.67325   436.55197   434.43060   432.30933   430.18799   428.06665   425.94534   423.82404   421.70270   419.58139   417.46005   415.33875   413.21744   411.09610   408.97479   406.85349   404.73215   402.61081   400.48950   398.36816   396.24689   394.12552   392.00424   389.88290   387.76160   385.64026   383.51892   381.39761   379.27631   377.15497   375.03366   372.91235   370.79102   368.66971   366.54837   364.42706   362.30576   360.18442   358.06311   355.94180   353.82047   351.69916   349.57782   347.45648   345.33517   350.28488   355.23462   360.18436   365.13412   370.08386   375.03360   379.98337   384.93311   389.88287   394.83261   399.78235   404.73212   409.68185   414.63159   419.58136   424.53110   429.48087   434.43060   439.38031   444.33008   449.27982   454.22955   459.17932   464.12906   469.07883   474.02856   478.97830   483.92807   488.87781   493.82755   498.77728   503.72708   508.67682   513.62659   518.57629   523.52600   528.47583   533.42554     0.00000     0.00000     0.00000     0.00000     0.00000     0.00000     0.00000     0.00000     0.00000     0.00000     0.00000     0.00000     0.00000     0.00000     0.00000     0.00000     0.00000     0.00000     0.00000     0.00000     0.00000     0.00000     0.00000     0.00000     0.00000     0.00000     0.00000     0.00000     0.00000     0.00000     0.00000     0.00000     0.00000     0.00000     0.00000     0.00000     0.00000     0.00000
     0.00000     0.00000     0.00000     0.00000     0.00000     0.00000     0.00000     0.00000     0.00000     0.00000     0.00000     0.00000     0.00000     0.00000     0.00000     0.00000     0.00000     0.00000     0.00000     0.00000     0.00000     0.00000     0.00000     0.00000     0.00000     0.00000     0.00000     0.00000     0.00000     0.00000     0.00000     0.00000     0.00000     0.00000     0.00000     0.00000     0.00000     0.00000     0.00000   589.99414   587.87280   585.75146   583.63013   581.50885   579.38751   577.26617   575.14490   573.02356   570.90222   568.78088   566.65955   564.53827   562.41693   560.29565   558.17432   556.05298   553.93164   551.81030   549.68903   547.56775   545.44641   543.32507   541.20374   539.08240   536.96112   534.83978   532.71844   530.59717   528.47583   526.35449   524.23315   522.11182   519.99054   517.86920   515.74792   513.62659   511.50528   509.38394   507.26260   505.14130   503.01999   500.89865   498.77734   496.65601   494.53470   492.41339   490.29205   488.17075   486.04941   483.92810   481.80676   479.68546   477.56415   475.44281   473.32150   471.20020   469.07886   466.95752   464.83624   462.71490   460.59357   458.47226   456.35095   454.22961   452.10831   449.98694   447.86566   445.74432   443.62305   441.50168   439.38040   437.25903   435.13773   433.01642   430.89508   428.77377   426.65247   424.53113   422.40982   420.28848   418.16718   416.04587   413.92453   411.80322   409.68188   407.56058   405.43924   403.31793   401.19659   399.07532   396.95395   394.83267   392.71133   390.59000   388.46869   386.34735   384.22604   382.10474   379.98340   377.86209   375.74078   373.61945   371.49814   369.37680   367.25549   365.13419   363.01285   360.89154   358.77023   356.64886   354.52756   352.40625   350.28491   348.16360   353.11331   358.06305   363.01279   367.96255   372.91229   377.86203   382.81180   387.76154   392.71130   397.66104   402.61078   407.56055   412.51028   417.46002   422.40979   427.35953   432.30927   437.25900   442.20874   447.15851   452.10825   457.05798   462.00775   466.95749   471.90726   476.85699   481.80673   486.75650   491.70624   496.65598   501.60571   506.55551   511.50525   516.45496   521.40472   526.35449     0.00000     0.00000     0.00000     0.00000     0.00000     0.00000     0.00000     0.00000     0.00000     0.00000     0.00000     0.00000     0.00000     0.00000     0.00000     0.00000     0.00000     0.00000     0.00000     0.00000     0.00000     0.00000     0.00000     0.00000     0.00000     0.00000     0.00000     0.00000     0.00000     0.00000     0.00000     0.00000     0.00000     0.00000     0.00000     0.00000     0.00000     0.00000     0.00000
     0.00000     0.00000     0.00000     0.00000     0.00000     0.00000     0.00000     0.00000     0.00000     0.00000     0.00000     0.00000     0.00000     0.00000     0.00000     0.00000     0.00000     0.00000     0.00000     0.00000     0.00000     0.00000     0.00000     0.00000     0.00000     0.00000     0.00000     0.00000     0.00000     0.00000     0.00000     0.00000     0.00000     0.00000     0.00000     0.00000     0.00000     0.00000     0.00000     0.00000   592.82251   590.70123   588.57990   586.45856   584.33728   582.21594   580.09460   577.97327   575.85193   573.73065   571.60938   569.48804   567.36670   565.24536   563.12402   561.00275   558.88141   556.76013   554.63879   552.51746   550.39612   548.27484   546.15350   544.03217   541.91083   539.78955   537.66821   535.54688   533.42560   531.30420   529.18292   527.06165   524.94031   522.81897   520.69763   518.57629   516.45502   514.33374   512.21240   510.09103   507.96973   505.84839   503.72708   501.60577   499.48444   497.36313   495.24182   493.12048   490.99921   488.87784   486.75653   484.63519   482.51389   480.39258   478.27124   476.14993   474.02863   471.90729   469.78595   467.66467   465.54333   463.42200   461.30066   459.17938   457.05804   454.93674   452.81537   450.69409   448.57275   446.45148   444.33011   442.20880   440.08746   437.96616   435.84485   433.72351   431.60220   429.48090   427.35956   425.23825   423.11691   420.99561   418.87430   416.75293   414.63165   412.51031   410.38901   408.26767   406.14636   404.02502   401.90375   399.78238   397.66107   395.53976   393.41843   391.29712   389.17578   387.05447   384.93317   382.81183   380.69052   378.56921   376.44788   374.32657   372.20523   370.08392   367.96262   365.84128   363.71994   361.59863   359.47729   357.35599   355.23468   353.11334   350.99203   355.94174   360.89148   365.84122   370.79099   375.74072   380.69046   385.64023   390.58997   395.53973   400.48947   405.43921   410.38898   415.33871   420.28845   425.23819   430.18793   435.13770   440.08743   445.03717   449.98694   454.93668   459.88641   464.83618   469.78592   474.73569   479.68542   484.63516   489.58493   494.53467   499.48441   504.43414   509.38394   514.33368   519.28345     0.00000     0.00000     0.00000     0.00000     0.00000     0.00000     0.00000     0.00000     0.00000     0.00000     0.00000     0.00000     0.00000     0.00000     0.00000     0.00000     0.00000     0.00000     0.00000     0.00000     0.00000     0.00000     0.00000     0.00000     0.00000     0.00000     0.00000     0.00000     0.00000     0.00000     0.00000     0.00000     0.00000     0.00000     0.00000     0.00000     0.00000     0.00000     0.00000     0.00000
     0.00000     0.00000     0.00000     0.00000     0.00000     0.00000     0.00000     0.00000     0.00000     0.00000     0.00000     0.00000     0.00000     0.00000     0.00000     0.00000     0.00000     0.00000     0.00000     0.00000     0.00000     0.00000     0.00000     0.00000     0.00000     0.00000     0.00000     0.00000     0.00000     0.00000     0.00000     0.00000     0.00000     0.00000     0.00000     0.00000     0.00000     0.00000     0.00000     0.00000     0.00000   595.65094   593.52966   591.40833   589.28699   587.16565   585.04431   582.92303   580.80176   578.68042   576.55908   574.43774   572.31641   570.19513   568.07379   565.95251   563.83118   561.70984   559.58850   557.46716   555.34589   553.22455   551.10327   548.98193   546.86060   544.73926   542.61798   540.49664   538.37531   536.25403   534.13269   532.01135   529.89001   527.76868   525.64740   523.52606   521.40479   519.28345   517.16211   515.04077   512.91943   510.79816   508.67682   506.55551   504.43420   502.31287   500.19153   498.07025   495.94891   493.82758   491.70627   489.58496   487.46362   485.34232   483.22101   481.09967   478.97836   476.85706   474.73572   472.61438   470.49310   468.37173   466.25043   464.12909   462.00781   459.88647   457.76517   455.64380   453.52252   451.40118   449.27985   447.15854   445.03723   442.91589   440.79459   438.67328   436.55194   434.43063   432.30933   430.18799   428.06668   425.94534   423.82401   421.70273   419.58136   417.46008   415.33875   413.21744   411.09610   408.97479   406.85345   404.73215   402.61081   400.48950   398.36819   396.24686   394.12555   392.00421   389.88290   387.76160   385.64026   383.51895   381.39764   379.27631   377.15500   375.03366   372.91235   370.79102   368.66968   366.54837   364.42706   362.30573   360.18442   358.06311   355.94177   353.82047   358.77017   363.71991   368.66965   373.61942   378.56915   383.51889   388.46866   393.41840   398.36816   403.31790   408.26764   413.21741   418.16711   423.11685   428.06662   433.01636   437.96613   442.91586   447.86560   452.81537   457.76511   462.71484   467.66461   472.61435   477.56412   482.51385   487.46359   492.41336   497.36310   502.31284   507.26257   512.21240     0.00000     0.00000     0.00000     0.00000     0.00000     0.00000     0.00000     0.00000     0.00000     0.00000     0.00000     0.00000     0.00000     0.00000     0.00000     0.00000     0.00000     0.00000     0.00000     0.00000     0.00000     0.00000     0.00000     0.00000     0.00000     0.00000     0.00000     0.00000     0.00000     0.00000     0.00000     0.00000     0.00000     0.00000     0.00000     0.00000     0.00000     0.00000     0.00000     0.00000     0.00000
     0.00000     0.00000     0.00000     0.00000     0.00000     0.00000     0.00000     0.00000     0.00000     0.00000     0.00000     0.00000     0.00000     0.00000     0.00000     0.00000     0.00000     0.00000     0.00000     0.00000     0.00000     0.00000     0.00000     0.00000     0.00000     0.00000     0.00000     0.00000     0.00000     0.00000     0.00000     0.00000     0.00000     0.00000     0.00000     0.00000     0.00000     0.00000     0.00000     0.00000     0.00000     0.00000   598.47937   596.35809   594.23676   592.11542   589.99414   587.87280   585.75146   583.63013   581.50879   579.38751   577.26624   575.14490   573.02356   570.90222   568.78088   566.65961   564.53827   562.41693   560.29559   558.17432   556.05298   553.93170   551.81036   549.68903   547.56769   545.44641   543.32507   541.20374   539.08240   536.96106   534.83978   532.71851   530.59717   528.47583   526.35449   524.23315   522.11188   519.99054   517.86920   515.74786   513.62659   511.50525   509.38394   507.26260   505.14133   503.01996   500.89865   498.77734   496.65601   494.53470   492.41339   490.29205   488.17075   486.04944   483.92810   481.80679   479.68549   477.56415   475.44281   473.32153   471.20016   469.07886   466.95752   464.83624   462.71490   460.59360   458.47223   456.35095   454.22961   452.10828   449.98697   447.86566   445.74432   443.62302   441.50171   439.38037   437.25906   435.13776   433.01642   430.89508   428.77377   426.65244   424.53116   422.40979   420.28851   418.16718   416.04587   413.92453   411.80319   409.68188   407.56058   405.43924   403.31793   401.19662   399.07529   396.95398   394.83264   392.71133   390.59003   388.46869   386.34738   384.22607   382.10474   379.98343   377.86206   375.74075   373.61945   371.49811   369.37680   367.25549   365.13416   363.01285   360.89154   358.77020   356.64890   361.59860   366.54834   371.49808   376.44785   381.39758   386.34732   391.29709   396.24683   401.19659   406.14633   411.09604   416.04581   420.99554   425.94528   430.89505   435.84479   440.79456   445.74429   450.69403   455.64380   460.59354   465.54327   470.49304   475.44278   480.39255   485.34229   490.29202   495.24179   500.19153   505.14127     0.00000     0.00000     0.00000     0.00000     0.00000     0.00000     0.00000     0.00000     0.00000     0.00000     0.00000     0.00000     0.00000     0.00000     0.00000     0.00000     0.00000     0.00000     0.00000     0.00000     0.00000     0.00000     0.00000     0.00000     0.00000     0.00000     0.00000     0.00000     0.00000     0.00000     0.00000     0.00000     0.00000     0.00000     0.00000     0.00000     0.00000     0.00000     0.00000     0.00000     0.00000     0.00000
     0.00000     0.00000     0.00000     0.00000     0.00000     0.00000     0.00000     0.00000     0.00000     0.00000     0.00000     0.00000     0.00000     0.00000     0.00000     0.00000     0.00000     0.00000     0.00000     0.00000     0.00000     0.00000     0.00000     0.00000     0.00000     0.00000     0.00000     0.00000     0.00000     0.00000     0.00000     0.00000     0.00000     0.00000     0.00000     0.00000     0.00000     0.00000     0.00000     0.00000     0.00000     0.00000     0.00000   601.30780   599.18652   597.06519   594.94385   592.82251   590.70117   588.57990   586.45862   584.33728   582.21594   580.09460   577.97327   575.85199   573.73065   571.60931   569.48804   567.36670   565.24536   563.12402   561.00275   558.88141   556.76013   554.63879   552.51746   550.39612   548.27478   546.15350   544.03217   541.91089   539.78955   537.66821   535.54688   533.42554   531.30426   529.18292   527.06158   524.94031   522.81897   520.69763   518.57629   516.45502   514.33368   512.21240   510.09103   507.96973   505.84839   503.72708   501.60577   499.48444   497.36313   495.24182   493.12048   490.99918   488.87787   486.75653   484.63522   482.51385   480.39258   478.27124   476.14996   474.02859   471.90729   469.78595   467.66467   465.54333   463.42200   461.30066   459.17938   457.05804   454.93671   452.81540   450.69409   448.57275   446.45145   444.33014   442.20880   440.08749   437.96616   435.84485   433.72351   431.60220   429.48087   427.35959   425.23822   423.11694   420.99561   418.87427   416.75296   414.63162   412.51031   410.38901   408.26767   406.14636   404.02505   401.90372   399.78241   397.66107   395.53976   393.41846   391.29712   389.17581   387.05450   384.93314   382.81183   380.69049   378.56918   376.44788   374.32654   372.20523   370.08392   367.96259   365.84128   363.71997   361.59863   359.47733   364.42703   369.37677   374.32651   379.27628   384.22601   389.17575   394.12552   399.07526   404.02499   408.97473   413.92447   418.87424   423.82397   428.77371   433.72348   438.67322   443.62299   448.57272   453.52246   458.47223   463.42197   468.37170   473.32147   478.27121   483.22098   488.17072   493.12045   498.07022     0.00000     0.00000     0.00000     0.00000     0.00000     0.00000     0.00000     0.00000     0.00000     0.00000     0.00000     0.00000     0.00000     0.00000     0.00000     0.00000     0.00000     0.00000     0.00000     0.00000     0.00000     0.00000     0.00000     0.00000     0.00000     0.00000     0.00000     0.00000     0.00000     0.00000     0.00000     0.00000     0.00000     0.00000     0.00000     0.00000     0.00000     0.00000     0.00000     0.00000     0.00000     0.00000     0.00000
     0.00000     0.00000     0.00000     0.00000     0.00000     0.00000     0.00000     0.00000     0.00000     0.00000     0.00000     0.00000     0.00000     0.00000     0.00000     0.00000     0.00000     0.00000     0.00000     0.00000     0.00000     0.00000     0.00000     0.00000     0.00000     0.00000     0.00000     0.00000     0.00000     0.00000     0.00000     0.00000     0.00000     0.00000     0.00000     0.00000     0.00000     0.00000     0.00000     0.00000     0.00000     0.00000     0.00000     0.00000   604.13623   602.01489   599.89362   597.77228   595.65100   593.52966   591.40833   589.28699   587.16565   585.04437   582.92310   580.80170   578.68042   576.55908   574.43774   572.31647   570.19513   568.07379   565.95245   563.83118   561.70984   559.58850   557.46716   555.34589   553.22455   551.10327   548.98193   546.86060   544.73926   542.61792   540.49664   538.37537   536.25397   534.13269   532.01135   529.89001   527.76874   525.64740   523.52606   521.40472   519.28345   517.16211   515.04077   512.91943   510.79816   508.67682   506.55551   504.43420   502.31287   500.19156   498.07025   495.94891   493.82761   491.70630   489.58493   487.46365   485.34229   483.22101   481.09967   478.97839   476.85703   474.73572   472.61438   470.49307   468.37177   466.25043   464.12909   462.00781   459.88647   457.76514   455.64383   453.52252   451.40118   449.27988   447.15857   445.03720   442.91592   440.79459   438.67328   436.55194   434.43063   432.30930   430.18802   428.06665   425.94534   423.82404   421.70270   419.58139   417.46005   415.33875   413.21744   411.09610   408.97479   406.85349   404.73215   402.61084   400.48950   398.36819   396.24689   394.12555   392.00421   389.88290   387.76157   385.64026   383.51892   381.39761   379.27631   377.15497   375.03366   372.91235   370.79102   368.66971   366.54840   364.42706   362.30576   367.25546   372.20520   377.15494   382.10471   387.05444   392.00418   396.95392   401.90366   406.85342   411.80316   416.75290   421.70267   426.65240   431.60214   436.55191   441.50165   446.45142   451.40115   456.35089   461.30066   466.25040   471.20013   476.14990   481.09964   486.04941   490.99915     0.00000     0.00000     0.00000     0.00000     0.00000     0.00000     0.00000     0.00000     0.00000     0.00000     0.00000     0.00000     0.00000     0.00000     0.00000     0.00000     0.00000     0.00000     0.00000     0.00000     0.00000     0.00000     0.00000     0.00000     0.00000     0.00000     0.00000     0.00000     0.00000     0.00000     0.00000     0.00000     0.00000     0.00000     0.00000     0.00000     0.00000     0.00000     0.00000     0.00000     0.00000     0.00000     0.00000     0.00000
     0.00000     0.00000     0.00000     0.00000     0.00000     0.00000     0.00000     0.00000     0.00000     0.00000     0.00000     0.00000     0.00000     0.00000     0.00000     0.00000     0.00000     0.00000     0.00000     0.00000     0.00000     0.00000     0.00000     0.00000     0.00000     0.00000     0.00000     0.00000     0.00000     0.00000     0.00000     0.00000     0.00000     0.00000     0.00000     0.00000     0.00000     0.00000     0.00000     0.00000     0.00000     0.00000     0.00000     0.00000     0.00000   606.96466   604.84338   602.72205   600.60071   598.47937   596.35803   594.23676   592.11548   589.99414   587.87280   585.75146   583.63013   581.50885   579.38751   577.26617   575.14490   573.02356   570.90222   568.78088   566.65955   564.53827   562.41699   560.29565   558.17432   556.05298   553.93164   551.81036   549.68903   547.56775   545.44641   543.32507   541.20374   539.08240   536.96112   534.83978   532.71844   530.59717   528.47583   526.35449   524.23315   522.11182   519.99054   517.86920   515.74792   513.62659   511.50525   509.38394   507.26263   505.14130   503.01999   500.89868   498.77734   496.65601   494.53473   492.41336   490.29208   488.17072   486.04944   483.92810   481.80682   479.68546   477.56415   475.44281   473.32150   471.20020   469.07886   466.95752   464.83624   462.71490   460.59357   458.47226   456.35095   454.22961   452.10828   449.98700   447.86563   445.74435   443.62302   441.50171   439.38037   437.25906   435.13773   433.01642   430.89508   428.77377   426.65247   424.53113   422.40982   420.28848   418.16718   416.04587   413.92453   411.80322   409.68192   407.56058   405.43927   403.31793   401.19662   399.07529   396.95395   394.83264   392.71133   390.59000   388.46869   386.34735   384.22604   382.10474   379.98340   377.86209   375.74078   373.61945   371.49814   369.37683   367.25549   365.13419   370.08389   375.03363   379.98337   384.93314   389.88284   394.83258   399.78235   404.73209   409.68185   414.63159   419.58133   424.53110   429.48083   434.43057   439.38034   444.33008   449.27985   454.22958   459.17932   464.12909   469.07883   474.02856   478.97833   483.92807     0.00000     0.00000     0.00000     0.00000     0.00000     0.00000     0.00000     0.00000     0.00000     0.00000     0.00000     0.00000     0.00000     0.00000     0.00000     0.00000     0.00000     0.00000     0.00000     0.00000     0.00000     0.00000     0.00000     0.00000     0.00000     0.00000     0.00000     0.00000     0.00000     0.00000     0.00000     0.00000     0.00000     0.00000     0.00000     0.00000     0.00000     0.00000     0.00000     0.00000     0.00000     0.00000     0.00000     0.00000     0.00000
     0.00000     0.00000     0.00000     0.00000     0.00000     0.00000     0.00000     0.00000     0.00000     0.00000     0.00000     0.00000     0.00000     0.00000     0.00000     0.00000     0.00000     0.00000     0.00000     0.00000     0.00000     0.00000     0.00000     0.00000     0.00000     0.00000     0.00000     0.00000     0.00000     0.00000     0.00000     0.00000     0.00000     0.00000     0.00000     0.00000     0.00000     0.00000     0.00000     0.00000     0.00000     0.00000     0.00000     0.00000     0.00000     0.00000   609.79309   607.67175   605.55048   603.42914   601.30786   599.18652   597.06519   594.94385   592.82251   590.70123   588.57990   586.45856   584.33728   582.21594   580.09460   577.97333   575.85199   573.73065   571.60931   569.48804   567.36670   565.24536   563.12402   561.00275   558.88141   556.76013   554.63879   552.51746   550.39612   548.27478   546.15350   544.03217   541.91083   539.78955   537.66821   535.54688   533.42560   531.30426   529.18292   527.06158   524.94031   522.81897   520.69763   518.57629   516.45502   514.33368   512.21240   510.09106   507.96973   505.84842   503.72705   501.60577   499.48444   497.36316   495.24179   493.12051   490.99915   488.87787   486.75653   484.63519   482.51389   480.39258   478.27124   476.14993   474.02863   471.90729   469.78595   467.66467   465.54333   463.42200   461.30069   459.17935   457.05804   454.93671   452.81543   450.69406   448.57278   446.45145   444.33014   442.20880   440.08746   437.96616   435.84485   433.72351   431.60220   429.48090   427.35956   425.23825   423.11691   420.99561   418.87430   416.75296   414.63165   412.51035   410.38901   408.26770   406.14633   404.02502   401.90372   399.78238   397.66107   395.53976   393.41843   391.29712   389.17578   387.05447   384.93317   382.81183   380.69052   378.56921   376.44788   374.32657   372.20526   370.08392   367.96262   372.91232   377.86206   382.81177   387.76154   392.71127   397.66101   402.61078   407.56052   412.51028   417.46002   422.40976   427.35953   432.30927   437.25900   442.20877   447.15851   452.10828   457.05801   462.00775   466.95752   471.90726   476.85699     0.00000     0.00000     0.00000     0.00000     0.00000     0.00000     0.00000     0.00000     0.00000     0.00000     0.00000     0.00000     0.00000     0.00000     0.00000     0.00000     0.00000     0.00000     0.00000     0.00000     0.00000     0.00000     0.00000     0.00000     0.00000     0.00000     0.00000     0.00000     0.00000     0.00000     0.00000     0.00000     0.00000     0.00000     0.00000     0.00000     0.00000     0.00000     0.00000     0.00000     0.00000     0.00000     0.00000     0.00000     0.00000     0.00000
     0.00000     0.00000     0.00000     0.00000     0.00000     0.00000     0.00000     0.00000     0.00000     0.00000     0.00000     0.00000     0.00000     0.00000     0.00000     0.00000     0.00000     0.00000     0.00000     0.00000     0.00000     0.00000     0.00000     0.00000     0.00000     0.00000     0.00000     0.00000     0.00000     0.00000     0.00000     0.00000     0.00000     0.00000     0.00000     0.00000     0.00000     0.00000     0.00000     0.00000     0.00000     0.00000     0.00000     0.00000     0.00000     0.00000     0.00000   612.62152   610.50024   608.37891   606.25757   604.13623   602.01489   599.89362   597.77228   595.65094   593.52966   591.40833   589.28699   587.16571   585.04437   582.92303   580.80176   578.68042   576.55908   574.43774   572.31641   570.19513   568.07385   565.95251   563.83118   561.70984   559.58850   557.46722   555.34589   553.22455   551.10321   548.98193   546.86060   544.73926   542.61792   540.49664   538.37531   536.25403   534.13269   532.01135   529.89001   527.76868   525.64740   523.52606   521.40479   519.28345   517.16211   515.04077   512.91949   510.79816   508.67685   506.55548   504.43420   502.31287   500.19159   498.07022   495.94894   493.82758   491.70627   489.58496   487.46362   485.34232   483.22101   481.09967   478.97836   476.85706   474.73572   472.61438   470.49310   468.37177   466.25043   464.12912   462.00778   459.88647   457.76514   455.64386   453.52249   451.40121   449.27988   447.15854   445.03723   442.91589   440.79459   438.67328   436.55194   434.43063   432.30933   430.18799   428.06668   425.94534   423.82404   421.70273   419.58139   417.46008   415.33878   413.21741   411.09610   408.97476   406.85345   404.73215   402.61081   400.48950   398.36819   396.24686   394.12555   392.00421   389.88290   387.76160   385.64026   383.51895   381.39764   379.27631   377.15500   375.03369   372.91235   370.79105   375.74072   380.69046   385.64020   390.58997   395.53970   400.48944   405.43921   410.38895   415.33871   420.28845   425.23819   430.18796   435.13770   440.08743   445.03720   449.98694   454.93671   459.88644   464.83618   469.78595     0.00000     0.00000     0.00000     0.00000     0.00000     0.00000     0.00000     0.00000     0.00000     0.00000     0.00000     0.00000     0.00000     0.00000     0.00000     0.00000     0.00000     0.00000     0.00000     0.00000     0.00000     0.00000     0.00000     0.00000     0.00000     0.00000     0.00000     0.00000     0.00000     0.00000     0.00000     0.00000     0.00000     0.00000     0.00000     0.00000     0.00000     0.00000     0.00000     0.00000     0.00000     0.00000     0.00000     0.00000     0.00000     0.00000     0.00000
     0.00000     0.00000     0.00000     0.00000     0.00000     0.00000     0.00000     0.00000     0.00000     0.00000     0.00000     0.00000     0.00000     0.00000     0.00000     0.00000     0.00000     0.00000     0.00000     0.00000     0.00000     0.00000     0.00000     0.00000     0.00000     0.00000     0.00000     0.00000     0.00000     0.00000     0.00000     0.00000     0.00000     0.00000     0.00000     0.00000     0.00000     0.00000     0.00000     0.00000     0.00000     0.00000     0.00000     0.00000     0.00000     0.00000     0.00000     0.00000   615.44995   613.32861   611.20734   609.08600   606.96466   604.84332   602.72205   600.60071   598.47937   596.35809   594.23676   592.11542   589.99414   587.87280   585.75146   583.63013   581.50879   579.38751   577.26617   575.14490   573.02356   570.90222   568.78088   566.65961   564.53827   562.41693   560.29565   558.17432   556.05298   553.93164   551.81036   549.68903   547.56775   545.44641   543.32507   541.20374   539.08240   536.96112   534.83978   532.71844   530.59717   528.47583   526.35449   524.23315   522.11188   519.99054   517.86920   515.74792   513.62659   511.50528   509.38391   507.26263   505.14130   503.02002   500.89865   498.77734   496.65601   494.53470   492.41339   490.29205   488.17075   486.04944   483.92810   481.80679   479.68549   477.56415   475.44281   473.32147   471.20020   469.07886   466.95755   464.83621   462.71490   460.59357   458.47229   456.35092   454.22961   452.10831   449.98697   447.86566   445.74432   443.62302   441.50171   439.38037   437.25906   435.13776   433.01642   430.89511   428.77377   426.65247   424.53116   422.40982   420.28848   418.16718   416.04584   413.92453   411.80319   409.68188   407.56058   405.43924   403.31793   401.19662   399.07529   396.95398   394.83264   392.71133   390.59003   388.46869   386.34738   384.22607   382.10474   379.98343   377.86212   375.74075   373.61945   378.56915   383.51889   388.46863   393.41840   398.36813   403.31787   408.26764   413.21738   418.16714   423.11688   428.06662   433.01639   437.96613   442.91586   447.86563   452.81537   457.76514   462.71487     0.00000     0.00000     0.00000     0.00000     0.00000     0.00000     0.00000     0.00000     0.00000     0.00000     0.00000     0.00000     0.00000     0.00000     0.00000     0.00000     0.00000     0.00000     0.00000     0.00000     0.00000     0.00000     0.00000     0.00000     0.00000     0.00000     0.00000     0.00000     0.00000     0.00000     0.00000     0.00000     0.00000     0.00000     0.00000     0.00000     0.00000     0.00000     0.00000     0.00000     0.00000     0.00000     0.00000     0.00000     0.00000     0.00000     0.00000     0.00000
     0.00000     0.00000     0.00000     0.00000     0.00000     0.00000     0.00000     0.00000     0.00000     0.00000     0.00000     0.00000     0.00000     0.00000     0.00000     0.00000     0.00000     0.00000     0.00000     0.00000     0.00000     0.00000     0.00000     0.00000     0.00000     0.00000     0.00000     0.00000     0.00000     0.00000     0.00000     0.00000     0.00000     0.00000     0.00000     0.00000     0.00000     0.00000     0.00000     0.00000     0.00000     0.00000     0.00000     0.00000     0.00000     0.00000     0.00000     0.00000     0.00000   618.27838   616.15704   614.03577   611.91443   609.79309   607.67175   605.55048   603.42914   601.30780   599.18652   597.06519   594.94385   592.82251   590.70117   588.57990   586.45862   584.33728   582.21594   580.09460   577.97327   575.85199   573.73071   571.60931   569.48804   567.36670   565.24536   563.12408   561.00275   558.88141   556.76007   554.63879   552.51746   550.39612   548.27478   546.15344   544.03217   541.91089   539.78955   537.66821   535.54688   533.42554   531.30426   529.18292   527.06165   524.94031   522.81897   520.69763   518.57635   516.45502   514.33374   512.21234   510.09106   507.96973   505.84839   503.72708   501.60577   499.48444   497.36313   495.24182   493.12048   490.99918   488.87787   486.75653   484.63522   482.51392   480.39255   478.27124   476.14990   474.02863   471.90729   469.78598   467.66464   465.54333   463.42200   461.30069   459.17935   457.05804   454.93674   452.81540   450.69409   448.57275   446.45145   444.33014   442.20880   440.08749   437.96619   435.84485   433.72354   431.60220   429.48090   427.35956   425.23822   423.11691   420.99561   418.87427   416.75296   414.63162   412.51031   410.38901   408.26767   406.14636   404.02505   401.90372   399.78241   397.66107   395.53976   393.41846   391.29712   389.17581   387.05450   384.93317   382.81183   380.69052   378.56918   376.44788   381.39758   386.34732   391.29706   396.24683   401.19656   406.14630   411.09607   416.04581   420.99557   425.94531   430.89505   435.84482   440.79456   445.74429   450.69406   455.64380     0.00000     0.00000     0.00000     0.00000     0.00000     0.00000     0.00000     0.00000     0.00000     0.00000     0.00000     0.00000     0.00000     0.00000     0.00000     0.00000     0.00000     0.00000     0.00000     0.00000     0.00000     0.00000     0.00000     0.00000     0.00000     0.00000     0.00000     0.00000     0.00000     0.00000     0.00000     0.00000     0.00000     0.00000     0.00000     0.00000     0.00000     0.00000     0.00000     0.00000     0.00000     0.00000     0.00000     0.00000     0.00000     0.00000     0.00000     0.00000     0.00000
     0.00000     0.00000     0.00000     0.00000     0.00000     0.00000     0.00000     0.00000     0.00000     0.00000     0.00000     0.00000     0.00000     0.00000     0.00000     0.00000     0.00000     0.00000     0.00000     0.00000     0.00000     0.00000     0.00000     0.00000     0.00000     0.00000     0.00000     0.00000     0.00000     0.00000     0.00000     0.00000     0.00000     0.00000     0.00000     0.00000     0.00000     0.00000     0.00000     0.00000     0.00000     0.00000     0.00000     0.00000     0.00000     0.00000     0.00000     0.00000     0.00000     0.00000   621.10681   618.98547   616.86420   614.74286   612.62152   610.50018   608.37891   606.25757   604.13623   602.01489   599.89362   597.77228   595.65100   593.52966   591.40833   589.28699   587.16565   585.04437   582.92303   580.80176   578.68042   576.55908   574.43774   572.31647   570.19513   568.07379   565.95251   563.83118   561.70984   559.58850   557.46716   555.34589   553.22455   551.10327   548.98193   546.86060   544.73926   542.61798   540.49664   538.37531   536.25403   534.13269   532.01135   529.89001   527.76868   525.64740   523.52606   521.40479   519.28345   517.16211   515.04077   512.91949   510.79816   508.67682   506.55551   504.43420   502.31287   500.19156   498.07025   495.94891   493.82761   491.70630   489.58496   487.46362   485.34235   483.22098   481.09967   478.97833   476.85706   474.73572   472.61441   470.49307   468.37173   466.25043   464.12912   462.00778   459.88647   457.76517   455.64383   453.52252   451.40118   449.27988   447.15857   445.03723   442.91592   440.79462   438.67328   436.55197   434.43060   432.30930   430.18799   428.06665   425.94534   423.82404   421.70270   419.58139   417.46005   415.33875   413.21744   411.09610   408.97479   406.85349   404.73215   402.61084   400.48950   398.36819   396.24689   394.12555   392.00424   389.88290   387.76157   385.64026   383.51895   381.39761   379.27631   384.22601   389.17575   394.12549   399.07526   404.02499   408.97473   413.92450   418.87424   423.82401   428.77374   433.72348   438.67325   443.62299   448.57272     0.00000     0.00000     0.00000     0.00000     0.00000     0.00000     0.00000     0.00000     0.00000     0.00000     0.00000     0.00000     0.00000     0.00000     0.00000     0.00000     0.00000     0.00000     0.00000     0.00000     0.00000     0.00000     0.00000     0.00000     0.00000     0.00000     0.00000     0.00000     0.00000     0.00000     0.00000     0.00000     0.00000     0.00000     0.00000     0.00000     0.00000     0.00000     0.00000     0.00000     0.00000     0.00000     0.00000     0.00000     0.00000     0.00000     0.00000     0.00000     0.00000     0.00000
     0.00000     0.00000     0.00000     0.00000     0.00000     0.00000     0.00000     0.00000     0.00000     0.00000     0.00000     0.00000     0.00000     0.00000     0.00000     0.00000     0.00000     0.00000     0.00000     0.00000     0.00000     0.00000     0.00000     0.00000     0.00000     0.00000     0.00000     0.00000     0.00000     0.00000     0.00000     0.00000     0.00000     0.00000     0.00000     0.00000     0.00000     0.00000     0.00000     0.00000     0.00000     0.00000     0.00000     0.00000     0.00000     0.00000     0.00000     0.00000     0.00000     0.00000     0.00000   623.93524   621.81390   619.69263   617.57129   615.44995   613.32861   611.20734   609.08600   606.96466   604.84338   602.72205   600.60071   598.47937   596.35803   594.23676   592.11548   589.99414   587.87280   585.75146   583.63013   581.50885   579.38751   577.26617   575.14490   573.02356   570.90222   568.78094   566.65955   564.53827   562.41693   560.29565   558.17432   556.05298   553.93164   551.81030   549.68903   547.56775   545.44641   543.32507   541.20374   539.08240   536.96112   534.83978   532.71851   530.59717   528.47583   526.35449   524.23322   522.11188   519.99054   517.86920   515.74792   513.62659   511.50525   509.38394   507.26263   505.14130   503.01999   500.89868   498.77734   496.65604   494.53467   492.41339   490.29205   488.17078   486.04941   483.92810   481.80676   479.68549   477.56415   475.44281   473.32150   471.20016   469.07886   466.95755   464.83621   462.71490   460.59360   458.47226   456.35095   454.22961   452.10831   449.98700   447.86566   445.74435   443.62305   441.50168   439.38037   437.25903   435.13773   433.01642   430.89508   428.77377   426.65247   424.53113   422.40982   420.28848   418.16718   416.04587   413.92453   411.80322   409.68192   407.56058   405.43927   403.31793   401.19662   399.07532   396.95395   394.83264   392.71133   390.59000   388.46869   386.34738   384.22604   382.10474   387.05444   392.00418   396.95392   401.90369   406.85342   411.80316   416.75293   421.70267   426.65244   431.60217   436.55191   441.50168     0.00000     0.00000     0.00000     0.00000     0.00000     0.00000     0.00000     0.00000     0.00000     0.00000     0.00000     0.00000     0.00000     0.00000     0.00000     0.00000     0.00000     0.00000     0.00000     0.00000     0.00000     0.00000     0.00000     0.00000     0.00000     0.00000     0.00000     0.00000     0.00000     0.00000     0.00000     0.00000     0.00000     0.00000     0.00000     0.00000     0.00000     0.00000     0.00000     0.00000     0.00000     0.00000     0.00000     0.00000     0.00000     0.00000     0.00000     0.00000     0.00000     0.00000     0.00000
     0.00000     0.00000     0.00000     0.00000     0.00000     0.00000     0.00000     0.00000     0.00000     0.00000     0.00000     0.00000     0.00000     0.00000     0.00000     0.00000     0.00000     0.00000     0.00000     0.00000     0.00000     0.00000     0.00000     0.00000     0.00000     0.00000     0.00000     0.00000     0.00000     0.00000     0.00000     0.00000     0.00000     0.00000     0.00000     0.00000     0.00000     0.00000     0.00000     0.00000     0.00000     0.00000     0.00000     0.00000     0.00000     0.00000     0.00000     0.00000     0.00000     0.00000     0.00000     0.00000   626.76367   624.64233   622.52106   620.39972   618.27838   616.15704   614.03577   611.91443   609.79309   607.67175   605.55048   603.42914   601.30786   599.18652   597.06519   594.94385   592.82251   590.70123   588.57990   586.45856   584.33728   582.21594   580.09460   577.97327   575.85199   573.73065   571.60938   569.48804   567.36670   565.24536   563.12402   561.00275   558.88141   556.76013   554.63879   552.51746   550.39612   548.27484   546.15344   544.03217   541.91083   539.78955   537.66821   535.54688   533.42554   531.30426   529.18292   527.06165   524.94031   522.81897   520.69763   518.57635   516.45502   514.33368   512.21240   510.09106   507.96973   505.84842   503.72711   501.60577   499.48447   497.36310   495.24182   493.12048   490.99921   488.87784   486.75653   484.63519   482.51389   480.39258   478.27124   476.14993   474.02859   471.90729   469.78598   467.66464   465.54333   463.42203   461.30069   459.17938   457.05804   454.93674   452.81543   450.69409   448.57275   446.45145   444.33011   442.20880   440.08746   437.96616   435.84485   433.72351   431.60220   429.48090   427.35956   425.23825   423.11691   420.99561   418.87430   416.75296   414.63165   412.51035   410.38901   408.26770   406.14636   404.02502   401.90372   399.78238   397.66107   395.53976   393.41843   391.29712   389.17581   387.05447   384.93317   389.88287   394.83261   399.78235   404.73212   409.68185   414.63159   419.58136   424.53110   429.48087   434.43060     0.00000     0.00000     0.00000     0.00000     0.00000     0.00000     0.00000     0.00000     0.00000     0.00000     0.00000     0.00000     0.00000     0.00000     0.00000     0.00000     0.00000     0.00000     0.00000     0.00000     0.00000     0.00000     0.00000     0.00000     0.00000     0.00000     0.00000     0.00000     0.00000     0.00000     0.00000     0.00000     0.00000     0.00000     0.00000     0.00000     0.00000     0.00000     0.00000     0.00000     0.00000     0.00000     0.00000     0.00000     0.00000     0.00000     0.00000     0.00000     0.00000     0.00000     0.00000     0.00000
     0.00000     0.00000     0.00000     0.00000     0.00000     0.00000     0.00000     0.00000     0.00000     0.00000     0.00000     0.00000     0.00000     0.00000     0.00000     0.00000     0.00000     0.00000     0.00000     0.00000     0.00000     0.00000     0.00000     0.00000     0.00000     0.00000     0.00000     0.00000     0.00000     0.00000     0.00000     0.00000     0.00000     0.00000     0.00000     0.00000     0.00000     0.00000     0.00000     0.00000     0.00000     0.00000     0.00000     0.00000     0.00000     0.00000     0.00000     0.00000     0.00000     0.00000     0.00000     0.00000     0.00000   629.59210   627.47076   625.34949   623.22815   621.10681   618.98547   616.86414   614.74286   612.62152   610.50024   608.37891   606.25757   604.13623   602.01489   599.89362   597.77228   595.65094   593.52966   591.40833   589.28699   587.16571   585.04437   582.92310   580.80176   578.68042   576.55908   574.43774   572.31641   570.19513   568.07379   565.95251   563.83118   561.70984   559.58850   557.46716   555.34589   553.22455   551.10327   548.98193   546.86060   544.73926   542.61798   540.49664   538.37537   536.25403   534.13269   532.01135   529.89001   527.76874   525.64740   523.52606   521.40479   519.28345   517.16211   515.04077   512.91949   510.79816   508.67682   506.55554   504.43420   502.31290   500.19153   498.07025   495.94891   493.82764   491.70627   489.58496   487.46362   485.34232   483.22101   481.09967   478.97836   476.85703   474.73572   472.61441   470.49307   468.37177   466.25046   464.12912   462.00781   459.88647   457.76517   455.64383   453.52249   451.40118   449.27988   447.15854   445.03723   442.91589   440.79459   438.67328   436.55194   434.43063   432.30933   430.18799   428.06668   425.94534   423.82404   421.70273   419.58139   417.46008   415.33878   413.21744   411.09610   408.97476   406.85345   404.73215   402.61081   400.48950   398.36819   396.24686   394.12555   392.00424   389.88290   387.76160   392.71130   397.66104   402.61078   407.56055   412.51028   417.46002   422.40979   427.35953     0.00000     0.00000     0.00000     0.00000     0.00000     0.00000     0.00000     0.00000     0.00000     0.00000     0.00000     0.00000     0.00000     0.00000     0.00000     0.00000     0.00000     0.00000     0.00000     0.00000     0.00000     0.00000     0.00000     0.00000     0.00000     0.00000     0.00000     0.00000     0.00000     0.00000     0.00000     0.00000     0.00000     0.00000     0.00000     0.00000     0.00000     0.00000     0.00000     0.00000     0.00000     0.00000     0.00000     0.00000     0.00000     0.00000     0.00000     0.00000     0.00000     0.00000     0.00000     0.00000     0.00000
     0.00000     0.00000     0.00000     0.00000     0.00000     0.00000     0.00000     0.00000     0.00000     0.00000     0.00000     0.00000     0.00000     0.00000     0.00000     0.00000     0.00000     0.00000     0.00000     0.00000     0.00000     0.00000     0.00000     0.00000     0.00000     0.00000     0.00000     0.00000     0.00000     0.00000     0.00000     0.00000     0.00000     0.00000     0.00000     0.00000     0.00000     0.00000     0.00000     0.00000     0.00000     0.00000     0.00000     0.00000     0.00000     0.00000     0.00000     0.00000     0.00000     0.00000     0.00000     0.00000     0.00000     0.00000   632.42053   630.29919   628.17786   626.05652   623.93524   621.81390   619.69263   617.57129   615.44995   613.32861   611.20734   609.08600   606.96466   604.84332   602.72205   600.60071   598.47937   596.35809   594.23676   592.11542   589.99414   587.87280   585.75146   583.63013   581.50879   579.38751   577.26624   575.14490   573.02356   570.90222   568.78088   566.65961   564.53827   562.41699   560.29559   558.17432   556.05298   553.93170   551.81030   549.68903   547.56769   545.44641   543.32507   541.20374   539.08240   536.96112   534.83978   532.71851   530.59717   528.47583   526.35449   524.23322   522.11188   519.99054   517.86926   515.74792   513.62659   511.50525   509.38397   507.26263   505.14133   503.01996   500.89868   498.77734   496.65601   494.53470   492.41339   490.29205   488.17075   486.04944   483.92810   481.80679   479.68546   477.56415   475.44284   473.32150   471.20020   469.07889   466.95755   464.83624   462.71487   460.59357   458.47226   456.35092   454.22961   452.10831   449.98697   447.86566   445.74432   443.62302   441.50171   439.38037   437.25906   435.13776   433.01642   430.89511   428.77377   426.65247   424.53116   422.40982   420.28851   418.16718   416.04584   413.92453   411.80319   409.68188   407.56058   405.43924   403.31793   401.19662   399.07529   396.95398   394.83267   392.71133   390.59003   395.53973   400.48947   405.43921   410.38898   415.33871   420.28845     0.00000     0.00000     0.00000     0.00000     0.00000     0.00000     0.00000     0.00000     0.00000     0.00000     0.00000     0.00000     0.00000     0.00000     0.00000     0.00000     0.00000     0.00000     0.00000     0.00000     0.00000     0.00000     0.00000     0.00000     0.00000     0.00000     0.00000     0.00000     0.00000     0.00000     0.00000     0.00000     0.00000     0.00000     0.00000     0.00000     0.00000     0.00000     0.00000     0.00000     0.00000     0.00000     0.00000     0.00000     0.00000     0.00000     0.00000     0.00000     0.00000     0.00000     0.00000     0.00000     0.00000     0.00000
     0.00000     0.00000     0.00000     0.00000     0.00000     0.00000     0.00000     0.00000     0.00000     0.00000     0.00000     0.00000     0.00000     0.00000     0.00000     0.00000     0.00000     0.00000     0.00000     0.00000     0.00000     0.00000     0.00000     0.00000     0.00000     0.00000     0.00000     0.00000     0.00000     0.00000     0.00000     0.00000     0.00000     0.00000     0.00000     0.00000     0.00000     0.00000     0.00000     0.00000     0.00000     0.00000     0.00000     0.00000     0.00000     0.00000     0.00000     0.00000     0.00000     0.00000     0.00000     0.00000     0.00000     0.00000     0.00000   635.24890   633.12762   631.00635   628.88501   626.76367   624.64233   622.52100   620.39972   618.27838   616.15710   614.03577   611.91443   609.79309   607.67175   605.55048   603.42914   601.30780   599.18652   597.06519   594.94385   592.82251   590.70123   588.57990   586.45862   584.33728   582.21594   580.09460   577.97327   575.85199   573.73065   571.60938   569.48804   567.36670   565.24536   563.12402   561.00275   558.88141   556.76013   554.63879   552.51746   550.39612   548.27478   546.15350   544.03217   541.91089   539.78955   537.66821   535.54688   533.42560   531.30426   529.18292   527.06165   524.94031   522.81897   520.69763   518.57629   516.45502   514.33368   512.21240   510.09106   507.96976   505.84839   503.72708   501.60577   499.48444   497.36313   495.24182   493.12048   490.99918   488.87787   486.75653   484.63522   482.51389   480.39258   478.27127   476.14993   474.02863   471.90732   469.78595   467.66464   465.54330   463.42200   461.30069   459.17935   457.05804   454.93674   452.81540   450.69409   448.57275   446.45145   444.33014   442.20880   440.08749   437.96619   435.84485   433.72354   431.60220   429.48090   427.35959   425.23822   423.11691   420.99561   418.87427   416.75296   414.63162   412.51031   410.38901   408.26767   406.14636   404.02505   401.90372   399.78241   397.66110   395.53976   393.41846   398.36816   403.31790   408.26764   413.21741     0.00000     0.00000     0.00000     0.00000     0.00000     0.00000     0.00000     0.00000     0.00000     0.00000     0.00000     0.00000     0.00000     0.00000     0.00000     0.00000     0.00000     0.00000     0.00000     0.00000     0.00000     0.00000     0.00000     0.00000     0.00000     0.00000     0.00000     0.00000     0.00000     0.00000     0.00000     0.00000     0.00000     0.00000     0.00000     0.00000     0.00000     0.00000     0.00000     0.00000     0.00000     0.00000     0.00000     0.00000     0.00000     0.00000     0.00000     0.00000     0.00000     0.00000     0.00000     0.00000     0.00000     0.00000     0.00000
     0.00000     0.00000     0.00000     0.00000     0.00000     0.00000     0.00000     0.00000     0.00000     0.00000     0.00000     0.00000     0.00000     0.00000     0.00000     0.00000     0.00000     0.00000     0.00000     0.00000     0.00000     0.00000     0.00000     0.00000     0.00000     0.00000     0.00000     0.00000     0.00000     0.00000     0.00000     0.00000     0.00000     0.00000     0.00000     0.00000     0.00000     0.00000     0.00000     0.00000     0.00000     0.00000     0.00000     0.00000     0.00000     0.00000     0.00000     0.00000     0.00000     0.00000     0.00000     0.00000     0.00000     0.00000     0.00000     0.00000   638.07739   635.95605   633.83472   631.71338   629.59210   627.47076   625.34949   623.22815   621.10681   618.98547   616.86420   614.74286   612.62152   610.50018   608.37891   606.25757   604.13623   602.01489   599.89355   597.77228   595.65100   593.52966   591.40833   589.28699   587.16565   585.04437   582.92310   580.80176   578.68042   576.55908   574.43774   572.31647   570.19507   568.07385   565.95245   563.83118   561.70984   559.58856   557.46716   555.34583   553.22455   551.10327   548.98193   546.86060   544.73926   542.61798   540.49664   538.37537   536.25403   534.13269   532.01135   529.89001   527.76874   525.64740   523.52612   521.40479   519.28345   517.16211   515.04083   512.91949   510.79816   508.67682   506.55551   504.43420   502.31287   500.19156   498.07025   495.94891   493.82761   491.70630   489.58496   487.46365   485.34232   483.22101   481.09970   478.97836   476.85703   474.73572   472.61438   470.49307   468.37173   466.25043   464.12912   462.00778   459.88647   457.76517   455.64383   453.52252   451.40118   449.27988   447.15857   445.03723   442.91592   440.79462   438.67328   436.55197   434.43063   432.30930   430.18799   428.06665   425.94534   423.82404   421.70270   419.58139   417.46005   415.33875   413.21744   411.09610   408.97479   406.85349   404.73215   402.61084   400.48953   398.36819   396.24689   401.19659   406.14633     0.00000     0.00000     0.00000     0.00000     0.00000     0.00000     0.00000     0.00000     0.00000     0.00000     0.00000     0.00000     0.00000     0.00000     0.00000     0.00000     0.00000     0.00000     0.00000     0.00000     0.00000     0.00000     0.00000     0.00000     0.00000     0.00000     0.00000     0.00000     0.00000     0.00000     0.00000     0.00000     0.00000     0.00000     0.00000     0.00000     0.00000     0.00000     0.00000     0.00000     0.00000     0.00000     0.00000     0.00000     0.00000     0.00000     0.00000     0.00000     0.00000     0.00000     0.00000     0.00000     0.00000     0.00000     0.00000     0.00000
     0.00000     0.00000     0.00000     0.00000     0.00000     0.00000     0.00000     0.00000     0.00000     0.00000     0.00000     0.00000     0.00000     0.00000     0.00000     0.00000     0.00000     0.00000     0.00000     0.00000     0.00000     0.00000     0.00000     0.00000     0.00000     0.00000     0.00000     0.00000     0.00000     0.00000     0.00000     0.00000     0.00000     0.00000     0.00000     0.00000     0.00000     0.00000     0.00000     0.00000     0.00000     0.00000     0.00000     0.00000     0.00000     0.00000     0.00000     0.00000     0.00000     0.00000     0.00000     0.00000     0.00000     0.00000     0.00000     0.00000     0.00000   640.90576   638.78448   636.66321   634.54187   632.42053   630.29919   628.17786   626.05658   623.93524   621.81390   619.69263   617.57129   615.44995   613.32861   611.20734   609.08600   606.96466   604.84338   602.72205   600.60071   598.47937   596.35809   594.23676   592.11548   589.99414   587.87280   585.75146   583.63013   581.50879   579.38751   577.26617   575.14490   573.02356   570.90222   568.78088   566.65961   564.53827   562.41699   560.29565   558.17432   556.05298   553.93164   551.81036   549.68903   547.56775   545.44641   543.32507   541.20374   539.08246   536.96106   534.83978   532.71844   530.59717   528.47583   526.35449   524.23315   522.11188   519.99054   517.86920   515.74792   513.62659   511.50525   509.38394   507.26263   505.14130   503.01999   500.89868   498.77734   496.65604   494.53473   492.41339   490.29208   488.17075   486.04944   483.92810   481.80676   479.68546   477.56415   475.44281   473.32150   471.20016   469.07886   466.95755   464.83621   462.71490   460.59360   458.47226   456.35095   454.22961   452.10831   449.98700   447.86566   445.74435   443.62305   441.50171   439.38037   437.25903   435.13773   433.01642   430.89508   428.77377   426.65247   424.53113   422.40982   420.28848   418.16718   416.04587   413.92453   411.80322   409.68192   407.56058   405.43927   403.31796   401.19662   399.07532     0.00000     0.00000     0.00000     0.00000     0.00000     0.00000     0.00000     0.00000     0.00000     0.00000     0.00000     0.00000     0.00000     0.00000     0.00000     0.00000     0.00000     0.00000     0.00000     0.00000     0.00000     0.00000     0.00000     0.00000     0.00000     0.00000     0.00000     0.00000     0.00000     0.00000     0.00000     0.00000     0.00000     0.00000     0.00000     0.00000     0.00000     0.00000     0.00000     0.00000     0.00000     0.00000     0.00000     0.00000     0.00000     0.00000     0.00000     0.00000     0.00000     0.00000     0.00000     0.00000     0.00000     0.00000     0.00000     0.00000     0.00000
     0.00000     0.00000     0.00000     0.00000     0.00000     0.00000     0.00000     0.00000     0.00000     0.00000     0.00000     0.00000     0.00000     0.00000     0.00000     0.00000     0.00000     0.00000     0.00000     0.00000     0.00000     0.00000     0.00000     0.00000     0.00000     0.00000     0.00000     0.00000     0.00000     0.00000     0.00000     0.00000     0.00000     0.00000     0.00000     0.00000     0.00000     0.00000     0.00000     0.00000     0.00000     0.00000     0.00000     0.00000     0.00000     0.00000     0.00000     0.00000     0.00000     0.00000     0.00000     0.00000     0.00000     0.00000     0.00000     0.00000     0.00000     0.00000   643.73425   641.61292   639.49158   637.37024   635.24896   633.12762   631.00629   628.88501   626.76367   624.64233   622.52106   620.39966   618.27844   616.15704   614.03577   611.91443   609.79309   607.67175   605.55042   603.42914   601.30786   599.18652   597.06519   594.94385   592.82251   590.70123   588.57990   586.45862   584.33728   582.21594   580.09460   577.97333   575.85193   573.73071   571.60931   569.48804   567.36670   565.24536   563.12402   561.00269   558.88141   556.76013   554.63879   552.51746   550.39612   548.27484   546.15350   544.03217   541.91089   539.78955   537.66821   535.54688   533.42560   531.30426   529.18298   527.06165   524.94031   522.81897   520.69763   518.57635   516.45502   514.33368   512.21240   510.09106   507.96973   505.84842   503.72711   501.60577   499.48447   497.36316   495.24182   493.12051   490.99915   488.87784   486.75653   484.63519   482.51389   480.39258   478.27124   476.14993   474.02859   471.90729   469.78598   467.66464   465.54333   463.42203   461.30069   459.17938   457.05804   454.93674   452.81543   450.69409   448.57278   446.45145   444.33011   442.20880   440.08746   437.96616   435.84485   433.72351   431.60220   429.48090   427.35956   425.23825   423.11691   420.99561   418.87430   416.75296   414.63165   412.51035   410.38901   408.26770   406.14639     0.00000     0.00000     0.00000     0.00000     0.00000     0.00000     0.00000     0.00000     0.00000     0.00000     0.00000     0.00000     0.00000     0.00000     0.00000     0.00000     0.00000     0.00000     0.00000     0.00000     0.00000     0.00000     0.00000     0.00000     0.00000     0.00000     0.00000     0.00000     0.00000     0.00000     0.00000     0.00000     0.00000     0.00000     0.00000     0.00000     0.00000     0.00000     0.00000     0.00000     0.00000     0.00000     0.00000     0.00000     0.00000     0.00000     0.00000     0.00000     0.00000     0.00000     0.00000     0.00000     0.00000     0.00000     0.00000     0.00000     0.00000     0.00000
     0.00000     0.00000     0.00000     0.00000     0.00000     0.00000     0.00000     0.00000     0.00000     0.00000     0.00000     0.00000     0.00000     0.00000     0.00000     0.00000     0.00000     0.00000     0.00000     0.00000     0.00000     0.00000     0.00000     0.00000     0.00000     0.00000     0.00000     0.00000     0.00000     0.00000     0.00000     0.00000     0.00000     0.00000     0.00000     0.00000     0.00000     0.00000     0.00000     0.00000     0.00000     0.00000     0.00000     0.00000     0.00000     0.00000     0.00000     0.00000     0.00000     0.00000     0.00000     0.00000     0.00000     0.00000     0.00000     0.00000     0.00000     0.00000     0.00000   646.56262   644.44135   642.32001   640.19867   638.07739   635.95605   633.83472   631.71344   629.59210   627.47076   625.34949   623.22815   621.10681   618.98547   616.86414   614.74286   612.62152   610.50024   608.37891   606.25757   604.13623   602.01495   599.89362   597.77234   595.65094   593.52966   591.40833   589.28699   587.16565   585.04437   582.92303   580.80176   578.68042   576.55908   574.43774   572.31641   570.19513   568.07385   565.95251   563.83118   561.70984   559.58850   557.46722   555.34589   553.22461   551.10321   548.98193   546.86060   544.73932   542.61792   540.49664   538.37531   536.25403   534.13269   532.01135   529.89001   527.76874   525.64740   523.52606   521.40479   519.28345   517.16211   515.04077   512.91949   510.79816   508.67685   506.55554   504.43420   502.31290   500.19159   498.07022   495.94891   493.82758   491.70627   489.58496   487.46362   485.34232   483.22101   481.09967   478.97836   476.85703   474.73572   472.61441   470.49307   468.37177   466.25046   464.12912   462.00781   459.88647   457.76517   455.64386   453.52249   451.40118   449.27988   447.15854   445.03723   442.91589   440.79459   438.67328   436.55194   434.43063   432.30933   430.18799   428.06668   425.94534   423.82404   421.70273   419.58139   417.46008   415.33878   413.21744     0.00000     0.00000     0.00000     0.00000     0.00000     0.00000     0.00000     0.00000     0.00000     0.00000     0.00000     0.00000     0.00000     0.00000     0.00000     0.00000     0.00000     0.00000     0.00000     0.00000     0.00000     0.00000     0.00000     0.00000     0.00000     0.00000     0.00000     0.00000     0.00000     0.00000     0.00000     0.00000     0.00000     0.00000     0.00000     0.00000     0.00000     0.00000     0.00000     0.00000     0.00000     0.00000     0.00000     0.00000     0.00000     0.00000     0.00000     0.00000     0.00000     0.00000     0.00000     0.00000     0.00000     0.00000     0.00000     0.00000     0.00000     0.00000     0.00000
     0.00000     0.00000     0.00000     0.00000     0.00000     0.00000     0.00000     0.00000     0.00000     0.00000     0.00000     0.00000     0.00000     0.00000     0.00000     0.00000     0.00000     0.00000     0.00000     0.00000     0.00000     0.00000     0.00000     0.00000     0.00000     0.00000     0.00000     0.00000     0.00000     0.00000     0.00000     0.00000     0.00000     0.00000     0.00000     0.00000     0.00000     0.00000     0.00000     0.00000     0.00000     0.00000     0.00000     0.00000     0.00000     0.00000     0.00000     0.00000     0.00000     0.00000     0.00000     0.00000     0.00000     0.00000     0.00000     0.00000     0.00000     0.00000     0.00000     0.00000   649.39105   647.26978   645.14844   643.02710   640.90582   638.78448   636.66315   634.54187   632.42053   630.29919   628.17786   626.05652   623.93524   621.81390   619.69263   617.57129   615.44995   613.32861   611.20728   609.08600   606.96472   604.84338   602.72205   600.60071   598.47937   596.35809   594.23676   592.11548   589.99414   587.87280   585.75146   583.63013   581.50879   579.38751   577.26617   575.14490   573.02356   570.90222   568.78088   566.65955   564.53827   562.41699   560.29565   558.17432   556.05298   553.93164   551.81036   549.68903   547.56775   545.44641   543.32507   541.20374   539.08240   536.96112   534.83978   532.71851   530.59717   528.47583   526.35449   524.23322   522.11188   519.99054   517.86926   515.74792   513.62659   511.50528   509.38397   507.26263   505.14130   503.01996   500.89865   498.77734   496.65601   494.53470   492.41339   490.29205   488.17075   486.04944   483.92810   481.80679   479.68546   477.56415   475.44284   473.32150   471.20020   469.07889   466.95755   464.83624   462.71490   460.59357   458.47226   456.35092   454.22961   452.10831   449.98697   447.86566   445.74432   443.62302   441.50171   439.38037   437.25906   435.13776   433.01642   430.89511   428.77377   426.65247   424.53116   422.40982   420.28851     0.00000     0.00000     0.00000     0.00000     0.00000     0.00000     0.00000     0.00000     0.00000     0.00000     0.00000     0.00000     0.00000     0.00000     0.00000     0.00000     0.00000     0.00000     0.00000     0.00000     0.00000     0.00000     0.00000     0.00000     0.00000     0.00000     0.00000     0.00000     0.00000     0.00000     0.00000     0.00000     0.00000     0.00000     0.00000     0.00000     0.00000     0.00000     0.00000     0.00000     0.00000     0.00000     0.00000     0.00000     0.00000     0.00000     0.00000     0.00000     0.00000     0.00000     0.00000     0.00000     0.00000     0.00000     0.00000     0.00000     0.00000     0.00000     0.00000     0.00000
     0.00000     0.00000     0.00000     0.00000     0.00000     0.00000     0.00000     0.00000     0.00000     0.00000     0.00000     0.00000     0.00000     0.00000     0.00000     0.00000     0.00000     0.00000     0.00000     0.00000     0.00000     0.00000     0.00000     0.00000     0.00000     0.00000     0.00000     0.00000     0.00000     0.00000     0.00000     0.00000     0.00000     0.00000     0.00000     0.00000     0.00000     0.00000     0.00000     0.00000     0.00000     0.00000     0.00000     0.00000     0.00000     0.00000     0.00000     0.00000     0.00000     0.00000     0.00000     0.00000     0.00000     0.00000     0.00000     0.00000     0.00000     0.00000     0.00000     0.00000     0.00000   652.21948   650.09821   647.97687   645.85553   643.73425   641.61292   639.49158   637.37024   635.24890   633.12762   631.00635   628.88501   626.76367   624.64233   622.52100   620.39972   618.27838   616.15710   614.03577   611.91443   609.79309   607.67181   605.55042   603.42920   601.30780   599.18652   597.06519   594.94385   592.82251   590.70117   588.57990   586.45862   584.33728   582.21594   580.09460   577.97327   575.85199   573.73071   571.60938   569.48804   567.36670   565.24536   563.12408   561.00269   558.88147   556.76007   554.63879   552.51746   550.39618   548.27478   546.15350   544.03217   541.91089   539.78955   537.66821   535.54688   533.42560   531.30426   529.18292   527.06165   524.94031   522.81897   520.69763   518.57635   516.45502   514.33374   512.21234   510.09106   507.96973   505.84839   503.72708   501.60577   499.48444   497.36313   495.24182   493.12048   490.99918   488.87787   486.75653   484.63522   482.51389   480.39258   478.27127   476.14993   474.02863   471.90732   469.78598   467.66464   465.54330   463.42200   461.30069   459.17935   457.05804   454.93674   452.81540   450.69409   448.57275   446.45145   444.33014   442.20880   440.08749   437.96619   435.84485   433.72354   431.60220   429.48090   427.35959     0.00000     0.00000     0.00000     0.00000     0.00000     0.00000     0.00000     0.00000     0.00000     0.00000     0.00000     0.00000     0.00000     0.00000     0.00000     0.00000     0.00000     0.00000     0.00000     0.00000     0.00000     0.00000     0.00000     0.00000     0.00000     0.00000     0.00000     0.00000     0.00000     0.00000     0.00000     0.00000     0.00000     0.00000     0.00000     0.00000     0.00000     0.00000     0.00000     0.00000     0.00000     0.00000     0.00000     0.00000     0.00000     0.00000     0.00000     0.00000     0.00000     0.00000     0.00000     0.00000     0.00000     0.00000     0.00000     0.00000     0.00000     0.00000     0.00000     0.00000     0.00000
     0.00000     0.00000     0.00000     0.00000     0.00000     0.00000     0.00000     0.00000     0.00000     0.00000     0.00000     0.00000     0.00000     0.00000     0.00000     0.00000     0.00000     0.00000     0.00000     0.00000     0.00000     0.00000     0.00000     0.00000     0.00000     0.00000     0.00000     0.00000     0.00000     0.00000     0.00000     0.00000     0.00000     0.00000     0.00000     0.00000     0.00000     0.00000     0.00000     0.00000     0.00000     0.00000     0.00000     0.00000     0.00000     0.00000     0.00000     0.00000     0.00000     0.00000     0.00000     0.00000     0.00000     0.00000     0.00000     0.00000     0.00000     0.00000     0.00000     0.00000     0.00000     0.00000   655.04791   652.92664   650.80530   648.68396   646.56268   644.44128   642.32001   640.19873   638.07739   635.95605   633.83472   631.71338   629.59210   627.47076   625.34949   623.22815   621.10681   618.98547   616.86414   614.74286   612.62152   610.50024   608.37891   606.25757   604.13623   602.01495   599.89362   597.77228   595.65100   593.52966   591.40833   589.28699   587.16565   585.04437   582.92303   580.80176   578.68042   576.55908   574.43774   572.31641   570.19513   568.07379   565.95251   563.83118   561.70984   559.58850   557.46722   555.34589   553.22455   551.10327   548.98193   546.86060   544.73926   542.61798   540.49664   538.37537   536.25403   534.13269   532.01135   529.89008   527.76874   525.64740   523.52612   521.40479   519.28345   517.16211   515.04077   512.91949   510.79816   508.67682   506.55551   504.43420   502.31287   500.19156   498.07025   495.94891   493.82761   491.70630   489.58496   487.46365   485.34232   483.22101   481.09970   478.97836   476.85706   474.73572   472.61438   470.49307   468.37173   466.25043   464.12912   462.00778   459.88647   457.76517   455.64383   453.52252   451.40118   449.27988   447.15857   445.03723   442.91592   440.79462   438.67328   436.55197   434.43063     0.00000     0.00000     0.00000     0.00000     0.00000     0.00000     0.00000     0.00000     0.00000     0.00000     0.00000     0.00000     0.00000     0.00000     0.00000     0.00000     0.00000     0.00000     0.00000     0.00000     0.00000     0.00000     0.00000     0.00000     0.00000     0.00000     0.00000     0.00000     0.00000     0.00000     0.00000     0.00000     0.00000     0.00000     0.00000     0.00000     0.00000     0.00000     0.00000     0.00000     0.00000     0.00000     0.00000     0.00000     0.00000     0.00000     0.00000     0.00000     0.00000     0.00000     0.00000     0.00000     0.00000     0.00000     0.00000     0.00000     0.00000     0.00000     0.00000     0.00000     0.00000     0.00000
     0.00000     0.00000     0.00000     0.00000     0.00000     0.00000     0.00000     0.00000     0.00000     0.00000     0.00000     0.00000     0.00000     0.00000     0.00000     0.00000     0.00000     0.00000     0.00000     0.00000     0.00000     0.00000     0.00000     0.00000     0.00000     0.00000     0.00000     0.00000     0.00000     0.00000     0.00000     0.00000     0.00000     0.00000     0.00000     0.00000     0.00000     0.00000     0.00000     0.00000     0.00000     0.00000     0.00000     0.00000     0.00000     0.00000     0.00000     0.00000     0.00000     0.00000     0.00000     0.00000     0.00000     0.00000     0.00000     0.00000     0.00000     0.00000     0.00000     0.00000     0.00000     0.00000     0.00000   657.87634   655.75500   653.63379   651.51239   649.39111   647.26978   645.14844   643.02710   640.90576   638.78448   636.66321   634.54187   632.42053   630.29919   628.17786   626.05658   623.93518   621.81396   619.69257   617.57129   615.44995   613.32867   611.20728   609.08606   606.96466   604.84338   602.72205   600.60071   598.47937   596.35803   594.23676   592.11548   589.99414   587.87280   585.75146   583.63013   581.50885   579.38751   577.26624   575.14484   573.02356   570.90222   568.78094   566.65955   564.53833   562.41693   560.29565   558.17432   556.05298   553.93164   551.81036   549.68903   547.56775   545.44641   543.32507   541.20374   539.08246   536.96112   534.83978   532.71851   530.59717   528.47583   526.35449   524.23315   522.11188   519.99054   517.86920   515.74792   513.62659   511.50525   509.38394   507.26263   505.14130   503.01999   500.89868   498.77734   496.65604   494.53473   492.41339   490.29208   488.17075   486.04944   483.92813   481.80676   479.68546   477.56415   475.44281   473.32150   471.20016   469.07886   466.95755   464.83621   462.71490   460.59360   458.47226   456.35095   454.22961   452.10831   449.98700   447.86566   445.74435   443.62305   441.50171     0.00000     0.00000     0.00000     0.00000     0.00000     0.00000     0.00000     0.00000     0.00000     0.00000     0.00000     0.00000     0.00000     0.00000     0.00000     0.00000     0.00000     0.00000     0.00000     0.00000     0.00000     0.00000     0.00000     0.00000     0.00000     0.00000     0.00000     0.00000     0.00000     0.00000     0.00000     0.00000     0.00000     0.00000     0.00000     0.00000     0.00000     0.00000     0.00000     0.00000     0.00000     0.00000     0.00000     0.00000     0.00000     0.00000     0.00000     0.00000     0.00000     0.00000     0.00000     0.00000     0.00000     0.00000     0.00000     0.00000     0.00000     0.00000     0.00000     0.00000     0.00000     0.00000     0.00000
     0.00000     0.00000     0.00000     0.00000     0.00000     0.00000     0.00000     0.00000     0.00000     0.00000     0.00000     0.00000     0.00000     0.00000     0.00000     0.00000     0.00000     0.00000     0.00000     0.00000     0.00000     0.00000     0.00000     0.00000     0.00000     0.00000     0.00000     0.00000     0.00000     0.00000     0.00000     0.00000     0.00000     0.00000     0.00000     0.00000     0.00000     0.00000     0.00000     0.00000     0.00000     0.00000     0.00000     0.00000     0.00000     0.00000     0.00000     0.00000     0.00000     0.00000     0.00000     0.00000     0.00000     0.00000     0.00000     0.00000     0.00000     0.00000     0.00000     0.00000     0.00000     0.00000     0.00000     0.00000   660.70483   658.58350   656.46216   654.34082   652.21948   650.09814   647.97687   645.85559   643.73425   641.61292   639.49158   637.37024   635.24896   633.12762   631.00629   628.88501   626.76367   624.64233   622.52100   620.39972   618.27838   616.15710   614.03577   611.91443   609.79309   607.67175   605.55048   603.42914   601.30786   599.18652   597.06519   594.94385   592.82251   590.70123   588.57990   586.45856   584.33728   582.21594   580.09460   577.97327   575.85199   573.73065   571.60938   569.48804   567.36670   565.24536   563.12402   561.00275   558.88141   556.76013   554.63879   552.51746   550.39612   548.27484   546.15350   544.03223   541.91089   539.78955   537.66821   535.54694   533.42554   531.30426   529.18292   527.06165   524.94031   522.81897   520.69763   518.57635   516.45502   514.33368   512.21240   510.09106   507.96973   505.84842   503.72711   501.60577   499.48447   497.36316   495.24182   493.12051   490.99918   488.87784   486.75653   484.63519   482.51389   480.39258   478.27124   476.14993   474.02859   471.90729   469.78598   467.66464   465.54333   463.42203   461.30069   459.17938   457.05804   454.93674   452.81543   450.69409   448.57278     0.00000     0.00000     0.00000     0.00000     0.00000     0.00000     0.00000     0.00000     0.00000     0.00000     0.00000     0.00000     0.00000     0.00000     0.00000     0.00000     0.00000     0.00000     0.00000     0.00000     0.00000     0.00000     0.00000     0.00000     0.00000     0.00000     0.00000     0.00000     0.00000     0.00000     0.00000     0.00000     0.00000     0.00000     0.00000     0.00000     0.00000     0.00000     0.00000     0.00000     0.00000     0.00000     0.00000     0.00000     0.00000     0.00000     0.00000     0.00000     0.00000     0.00000     0.00000     0.00000     0.00000     0.00000     0.00000     0.00000     0.00000     0.00000     0.00000     0.00000     0.00000     0.00000     0.00000     0.00000
     0.00000     0.00000     0.00000     0.00000     0.00000     0.00000     0.00000     0.00000     0.00000     0.00000     0.00000     0.00000     0.00000     0.00000     0.00000     0.00000     0.00000     0.00000     0.00000     0.00000     0.00000     0.00000     0.00000     0.00000     0.00000     0.00000     0.00000     0.00000     0.00000     0.00000     0.00000     0.00000     0.00000     0.00000     0.00000     0.00000     0.00000     0.00000     0.00000     0.00000     0.00000     0.00000     0.00000     0.00000     0.00000     0.00000     0.00000     0.00000     0.00000     0.00000     0.00000     0.00000     0.00000     0.00000     0.00000     0.00000     0.00000     0.00000     0.00000     0.00000     0.00000     0.00000     0.00000     0.00000     0.00000   663.53320   661.41187   659.29059   657.16925   655.04797   652.92664   650.80530   648.68396   646.56262   644.44135   642.32007   640.19873   638.07739   635.95605   633.83472   631.71344   629.59204   627.47083   625.34943   623.22815   621.10681   618.98547   616.86414   614.74286   612.62152   610.50024   608.37891   606.25757   604.13623   602.01489   599.89362   597.77234   595.65100   593.52966   591.40833   589.28699   587.16571   585.04437   582.92310   580.80170   578.68042   576.55908   574.43774   572.31641   570.19513   568.07379   565.95251   563.83118   561.70984   559.58850   557.46722   555.34589   553.22461   551.10327   548.98193   546.86060   544.73932   542.61798   540.49664   538.37531   536.25403   534.13269   532.01135   529.89001   527.76874   525.64740   523.52606   521.40479   519.28345   517.16211   515.04077   512.91949   510.79816   508.67685   506.55554   504.43420   502.31290   500.19159   498.07025   495.94891   493.82758   491.70627   489.58496   487.46362   485.34232   483.22101   481.09967   478.97836   476.85703   474.73572   472.61441   470.49307   468.37177   466.25046   464.12912   462.00781   459.88647   457.76517   455.64386     0.00000     0.00000     0.00000     0.00000     0.00000     0.00000     0.00000     0.00000     0.00000     0.00000     0.00000     0.00000     0.00000     0.00000     0.00000     0.00000     0.00000     0.00000     0.00000     0.00000     0.00000     0.00000     0.00000     0.00000     0.00000     0.00000     0.00000     0.00000     0.00000     0.00000     0.00000     0.00000     0.00000     0.00000     0.00000     0.00000     0.00000     0.00000     0.00000     0.00000     0.00000     0.00000     0.00000     0.00000     0.00000     0.00000     0.00000     0.00000     0.00000     0.00000     0.00000     0.00000     0.00000     0.00000     0.00000     0.00000     0.00000     0.00000     0.00000     0.00000     0.00000     0.00000     0.00000     0.00000     0.00000
     0.00000     0.00000     0.00000     0.00000     0.00000     0.00000     0.00000     0.00000     0.00000     0.00000     0.00000     0.00000     0.00000     0.00000     0.00000     0.00000     0.00000     0.00000     0.00000     0.00000     0.00000     0.00000     0.00000     0.00000     0.00000     0.00000     0.00000     0.00000     0.00000     0.00000     0.00000     0.00000     0.00000     0.00000     0.00000     0.00000     0.00000     0.00000     0.00000     0.00000     0.00000     0.00000     0.00000     0.00000     0.00000     0.00000     0.00000     0.00000     0.00000     0.00000     0.00000     0.00000     0.00000     0.00000     0.00000     0.00000     0.00000     0.00000     0.00000     0.00000     0.00000     0.00000     0.00000     0.00000     0.00000     0.00000   666.36163   664.24036   662.11902   659.99768   657.87634   655.75500   653.63373   651.51245   649.39111   647.26978   645.14844   643.02710   640.90576   638.78448   636.66315   634.54187   632.42053   630.29919   628.17786   626.05652   623.93524   621.81396   619.69263   617.57129   615.44995   613.32861   611.20734   609.08600   606.96472   604.84338   602.72205   600.60071   598.47937   596.35803   594.23676   592.11542   589.99414   587.87280   585.75146   583.63013   581.50879   579.38751   577.26617   575.14490   573.02356   570.90222   568.78088   566.65961   564.53827   562.41699   560.29565   558.17432   556.05298   553.93170   551.81036   549.68909   547.56769   545.44641   543.32507   541.20374   539.08240   536.96112   534.83978   532.71851   530.59717   528.47583   526.35449   524.23322   522.11188   519.99054   517.86926   515.74792   513.62659   511.50528   509.38397   507.26263   505.14133   503.01999   500.89865   498.77734   496.65601   494.53470   492.41339   490.29205   488.17075   486.04944   483.92810   481.80679   479.68546   477.56415   475.44284   473.32150   471.20020   469.07889   466.95755   464.83624   462.71490     0.00000     0.00000     0.00000     0.00000     0.00000     0.00000     0.00000     0.00000     0.00000     0.00000     0.00000     0.00000     0.00000     0.00000     0.00000     0.00000     0.00000     0.00000     0.00000     0.00000     0.00000     0.00000     0.00000     0.00000     0.00000     0.00000     0.00000     0.00000     0.00000     0.00000     0.00000     0.00000     0.00000     0.00000     0.00000     0.00000     0.00000     0.00000     0.00000     0.00000     0.00000     0.00000     0.00000     0.00000     0.00000     0.00000     0.00000     0.00000     0.00000     0.00000     0.00000     0.00000     0.00000     0.00000     0.00000     0.00000     0.00000     0.00000     0.00000     0.00000     0.00000     0.00000     0.00000     0.00000     0.00000     0.00000
     0.00000     0.00000     0.00000     0.00000     0.00000     0.00000     0.00000     0.00000     0.00000     0.00000     0.00000     0.00000     0.00000     0.00000     0.00000     0.00000     0.00000     0.00000     0.00000     0.00000     0.00000     0.00000     0.00000     0.00000     0.00000     0.00000     0.00000     0.00000     0.00000     0.00000     0.00000     0.00000     0.00000     0.00000     0.00000     0.00000     0.00000     0.00000     0.00000     0.00000     0.00000     0.00000     0.00000     0.00000     0.00000     0.00000     0.00000     0.00000     0.00000     0.00000     0.00000     0.00000     0.00000     0.00000     0.00000     0.00000     0.00000     0.00000     0.00000     0.00000     0.00000     0.00000     0.00000     0.00000     0.00000     0.00000     0.00000   669.19006   667.06873   664.94745   662.82611   660.70483   658.58350   656.46216   654.34082   652.21948   650.09821   647.97687   645.85559   643.73425   641.61292   639.49158   637.37030   635.24890   633.12762   631.00629   628.88501   626.76367   624.64233   622.52100   620.39972   618.27838   616.15710   614.03577   611.91443   609.79309   607.67175   605.55048   603.42914   601.30786   599.18652   597.06519   594.94385   592.82257   590.70123   588.57990   586.45856   584.33728   582.21594   580.09460   577.97327   575.85199   573.73065   571.60938   569.48804   567.36670   565.24536   563.12408   561.00275   558.88147   556.76013   554.63879   552.51746   550.39612   548.27478   546.15350   544.03217   541.91089   539.78955   537.66821   535.54688   533.42560   531.30426   529.18292   527.06165   524.94031   522.81897   520.69763   518.57635   516.45502   514.33374   512.21240   510.09103   507.96973   505.84842   503.72708   501.60577   499.48444   497.36313   495.24182   493.12048   490.99918   488.87787   486.75653   484.63522   482.51389   480.39258   478.27127   476.14993   474.02863   471.90732   469.78598     0.00000     0.00000     0.00000     0.00000     0.00000     0.00000     0.00000     0.00000     0.00000     0.00000     0.00000     0.00000     0.00000     0.00000     0.00000     0.00000     0.00000     0.00000     0.00000     0.00000     0.00000     0.00000     0.00000     0.00000     0.00000     0.00000     0.00000     0.00000     0.00000     0.00000     0.00000     0.00000     0.00000     0.00000     0.00000     0.00000     0.00000     0.00000     0.00000     0.00000     0.00000     0.00000     0.00000     0.00000     0.00000     0.00000     0.00000     0.00000     0.00000     0.00000     0.00000     0.00000     0.00000     0.00000     0.00000     0.00000     0.00000     0.00000     0.00000     0.00000     0.00000     0.00000     0.00000     0.00000     0.00000     0.00000     0.00000
     0.00000     0.00000     0.00000     0.00000     0.00000     0.00000     0.00000     0.00000     0.00000     0.00000     0.00000     0.00000     0.00000     0.00000     0.00000     0.00000     0.00000     0.00000     0.00000     0.00000     0.00000     0.00000     0.00000     0.00000     0.00000     0.00000     0.00000     0.00000     0.00000     0.00000     0.00000     0.00000     0.00000     0.00000     0.00000     0.00000     0.00000     0.00000     0.00000     0.00000     0.00000     0.00000     0.00000     0.00000     0.00000     0.00000     0.00000     0.00000     0.00000     0.00000     0.00000     0.00000     0.00000     0.00000     0.00000     0.00000     0.00000     0.00000     0.00000     0.00000     0.00000     0.00000     0.00000     0.00000     0.00000     0.00000     0.00000     0.00000   672.01849   669.89722   667.77588   665.65454   663.53320   661.41187   659.29053   657.16931   655.04791   652.92664   650.80530   648.68396   646.56262   644.44135   642.32001   640.19873   638.07739   635.95605   633.83472   631.71338   629.59210   627.47083   625.34949   623.22815   621.10681   618.98547   616.86420   614.74280   612.62158   610.50018   608.37891   606.25757   604.13623   602.01489   599.89362   597.77228   595.65100   593.52966   591.40833   589.28699   587.16565   585.04437   582.92303   580.80176   578.68042   576.55908   574.43774   572.31647   570.19513   568.07385   565.95251   563.83118   561.70984   559.58850   557.46716   555.34589   553.22455   551.10327   548.98193   546.86060   544.73926   542.61798   540.49664   538.37537   536.25403   534.13269   532.01135   529.89008   527.76874   525.64740   523.52612   521.40479   519.28345   517.16211   515.04077   512.91943   510.79816   508.67685   506.55551   504.43420   502.31287   500.19156   498.07025   495.94891   493.82761   491.70630   489.58496   487.46365   485.34232   483.22101   481.09970   478.97836   476.85706     0.00000     0.00000     0.00000     0.00000     0.00000     0.00000     0.00000     0.00000     0.00000     0.00000     0.00000     0.00000     0.00000     0.00000     0.00000     0.00000     0.00000     0.00000     0.00000     0.00000     0.00000     0.00000     0.00000     0.00000     0.00000     0.00000     0.00000     0.00000     0.00000     0.00000     0.00000     0.00000     0.00000     0.00000     0.00000     0.00000     0.00000     0.00000     0.00000     0.00000     0.00000     0.00000     0.00000     0.00000     0.00000     0.00000     0.00000     0.00000     0.00000     0.00000     0.00000     0.00000     0.00000     0.00000     0.00000     0.00000     0.00000     0.00000     0.00000     0.00000     0.00000     0.00000     0.00000     0.00000     0.00000     0.00000     0.00000     0.00000
     0.00000     0.00000     0.00000     0.00000     0.00000     0.00000     0.00000     0.00000     0.00000     0.00000     0.00000     0.00000     0.00000     0.00000     0.00000     0.00000     0.00000     0.00000     0.00000     0.00000     0.00000     0.00000     0.00000     0.00000     0.00000     0.00000     0.00000     0.00000     0.00000     0.00000     0.00000     0.00000     0.00000     0.00000     0.00000     0.00000     0.00000     0.00000     0.00000     0.00000     0.00000     0.00000     0.00000     0.00000     0.00000     0.00000     0.00000     0.00000     0.00000     0.00000     0.00000     0.00000     0.00000     0.00000     0.00000     0.00000     0.00000     0.00000     0.00000     0.00000     0.00000     0.00000     0.00000     0.00000     0.00000     0.00000     0.00000     0.00000     0.00000   674.84692   672.72559   670.60431   668.48297   666.36163   664.24036   662.11902   659.99768   657.87634   655.75507   653.63373   651.51245   649.39111   647.26978   645.14844   643.02710   640.90576   638.78448   636.66315   634.54187   632.42053   630.29919   628.17786   626.05658   623.93524   621.81390   619.69263   617.57129   615.44995   613.32861   611.20734   609.08600   606.96472   604.84338   602.72205   600.60071   598.47937   596.35809   594.23676   592.11542   589.99414   587.87280   585.75146   583.63013   581.50885   579.38751   577.26624   575.14490   573.02356   570.90222   568.78088   566.65961   564.53827   562.41693   560.29565   558.17432   556.05298   553.93164   551.81036   549.68903   547.56775   545.44641   543.32507   541.20374   539.08246   536.96112   534.83978   532.71851   530.59717   528.47583   526.35449   524.23315   522.11182   519.99054   517.86926   515.74792   513.62659   511.50528   509.38394   507.26263   505.14130   503.01999   500.89868   498.77734   496.65604   494.53473   492.41339   490.29208   488.17075   486.04944   483.92813     0.00000     0.00000     0.00000     0.00000     0.00000     0.00000     0.00000     0.00000     0.00000     0.00000     0.00000     0.00000     0.00000     0.00000     0.00000     0.00000     0.00000     0.00000     0.00000     0.00000     0.00000     0.00000     0.00000     0.00000     0.00000     0.00000     0.00000     0.00000     0.00000     0.00000     0.00000     0.00000     0.00000     0.00000     0.00000     0.00000     0.00000     0.00000     0.00000     0.00000     0.00000     0.00000     0.00000     0.00000     0.00000     0.00000     0.00000     0.00000     0.00000     0.00000     0.00000     0.00000     0.00000     0.00000     0.00000     0.00000     0.00000     0.00000     0.00000     0.00000     0.00000     0.00000     0.00000     0.00000     0.00000     0.00000     0.00000     0.00000     0.00000
     0.00000     0.00000     0.00000     0.00000     0.00000     0.00000     0.00000     0.00000     0.00000     0.00000     0.00000     0.00000     0.00000     0.00000     0.00000     0.00000     0.00000     0.00000     0.00000     0.00000     0.00000     0.00000     0.00000     0.00000     0.00000     0.00000     0.00000     0.00000     0.00000     0.00000     0.00000     0.00000     0.00000     0.00000     0.00000     0.00000     0.00000     0.00000     0.00000     0.00000     0.00000     0.00000     0.00000     0.00000     0.00000     0.00000     0.00000     0.00000     0.00000     0.00000     0.00000     0.00000     0.00000     0.00000     0.00000     0.00000     0.00000     0.00000     0.00000     0.00000     0.00000     0.00000     0.00000     0.00000     0.00000     0.00000     0.00000     0.00000     0.00000     0.00000   677.67535   675.55408   673.43274   671.31140   669.19006   667.06873   664.94739   662.82617   660.70477   658.58350   656.46216   654.34082   652.21948   650.09814   647.97687   645.85559   643.73425   641.61292   639.49158   637.37024   635.24896   633.12769   631.00635   628.88501   626.76367   624.64233   622.52106   620.39966   618.27844   616.15704   614.03577   611.91443   609.79309   607.67175   605.55042   603.42914   601.30786   599.18652   597.06519   594.94385   592.82251   590.70123   588.57990   586.45862   584.33728   582.21594   580.09460   577.97333   575.85199   573.73065   571.60931   569.48804   567.36670   565.24536   563.12402   561.00275   558.88141   556.76013   554.63879   552.51746   550.39612   548.27484   546.15350   544.03223   541.91089   539.78955   537.66821   535.54694   533.42560   531.30426   529.18292   527.06165   524.94031   522.81897   520.69763   518.57629   516.45502   514.33374   512.21240   510.09106   507.96973   505.84842   503.72711   501.60577   499.48447   497.36316   495.24182   493.12051   490.99918     0.00000     0.00000     0.00000     0.00000     0.00000     0.00000     0.00000     0.00000     0.00000     0.00000     0.00000     0.00000     0.00000     0.00000     0.00000     0.00000     0.00000     0.00000     0.00000     0.00000     0.00000     0.00000     0.00000     0.00000     0.00000     0.00000     0.00000     0.00000     0.00000     0.00000     0.00000     0.00000     0.00000     0.00000     0.00000     0.00000     0.00000     0.00000     0.00000     0.00000     0.00000     0.00000     0.00000     0.00000     0.00000     0.00000     0.00000     0.00000     0.00000     0.00000     0.00000     0.00000     0.00000     0.00000     0.00000     0.00000     0.00000     0.00000     0.00000     0.00000     0.00000     0.00000     0.00000     0.00000     0.00000     0.00000     0.00000     0.00000     0.00000     0.00000
     0.00000     0.00000     0.00000     0.00000     0.00000     0.00000     0.00000     0.00000     0.00000     0.00000     0.00000     0.00000     0.00000     0.00000     0.00000     0.00000     0.00000     0.00000     0.00000     0.00000     0.00000     0.00000     0.00000     0.00000     0.00000     0.00000     0.00000     0.00000     0.00000     0.00000     0.00000     0.00000     0.00000     0.00000     0.00000     0.00000     0.00000     0.00000     0.00000     0.00000     0.00000     0.00000     0.00000     0.00000     0.00000     0.00000     0.00000     0.00000     0.00000     0.00000     0.00000     0.00000     0.00000     0.00000     0.00000     0.00000     0.00000     0.00000     0.00000     0.00000     0.00000     0.00000     0.00000     0.00000     0.00000     0.00000     0.00000     0.00000     0.00000     0.00000     0.00000   680.50378   678.38245   676.26111   674.13983   672.01849   669.89722   667.77588   665.65454   663.53320   661.41187   659.29059   657.16925   655.04797   652.92664   650.80530   648.68396   646.56262   644.44135   642.32001   640.19873   638.07739   635.95605   633.83472   631.71338   629.59210   627.47076   625.34949   623.22815   621.10681   618.98547   616.86414   614.74286   612.62152   610.50024   608.37891   606.25757   604.13623   602.01495   599.89362   597.77228   595.65100   593.52966   591.40833   589.28699   587.16571   585.04437   582.92303   580.80176   578.68042   576.55908   574.43774   572.31647   570.19513   568.07379   565.95251   563.83118   561.70984   559.58850   557.46722   555.34589   553.22461   551.10327   548.98193   546.86060   544.73932   542.61798   540.49664   538.37531   536.25403   534.13269   532.01135   529.89001   527.76868   525.64740   523.52612   521.40479   519.28345   517.16211   515.04077   512.91949   510.79816   508.67685   506.55554   504.43420   502.31290   500.19159   498.07025     0.00000     0.00000     0.00000     0.00000     0.00000     0.00000     0.00000     0.00000     0.00000     0.00000     0.00000     0.00000     0.00000     0.00000     0.00000     0.00000     0.00000     0.00000     0.00000     0.00000     0.00000     0.00000     0.00000     0.00000     0.00000     0.00000     0.00000     0.00000     0.00000     0.00000     0.00000     0.00000     0.00000     0.00000     0.00000     0.00000     0.00000     0.00000     0.00000     0.00000     0.00000     0.00000     0.00000     0.00000     0.00000     0.00000     0.00000     0.00000     0.00000     0.00000     0.00000     0.00000     0.00000     0.00000     0.00000     0.00000     0.00000     0.00000     0.00000     0.00000     0.00000     0.00000     0.00000     0.00000     0.00000     0.00000     0.00000     0.00000     0.00000     0.00000     0.00000
     0.00000     0.00000     0.00000     0.00000     0.00000     0.00000     0.00000     0.00000     0.00000     0.00000     0.00000     0.00000     0.00000     0.00000     0.00000     0.00000     0.00000     0.00000     0.00000     0.00000     0.00000     0.00000     0.00000     0.00000     0.00000     0.00000     0.00000     0.00000     0.00000     0.00000     0.00000     0.00000     0.00000     0.00000     0.00000     0.00000     0.00000     0.00000     0.00000     0.00000     0.00000     0.00000     0.00000     0.00000     0.00000     0.00000     0.00000     0.00000     0.00000     0.00000     0.00000     0.00000     0.00000     0.00000     0.00000     0.00000     0.00000     0.00000     0.00000     0.00000     0.00000     0.00000     0.00000     0.00000     0.00000     0.00000     0.00000     0.00000     0.00000     0.00000     0.00000     0.00000   683.33215   681.21094   679.08960   676.96826   674.84692   672.72559   670.60425   668.48297   666.36163   664.24036   662.11902   659.99768   657.87634   655.75500   653.63373   651.51245   649.39111   647.26978   645.14844   643.02710   640.90582   638.78448   636.66321   634.54187   632.42053   630.29919   628.17792   626.05652   623.93524   621.81390   619.69263   617.57129   615.44995   613.32861   611.20728   609.08600   606.96472   604.84338   602.72205   600.60071   598.47937   596.35809   594.23676   592.11548   589.99414   587.87280   585.75146   583.63013   581.50885   579.38751   577.26617   575.14490   573.02356   570.90222   568.78088   566.65961   564.53827   562.41699   560.29565   558.17432   556.05298   553.93170   551.81036   549.68909   547.56775   545.44641   543.32507   541.20374   539.08240   536.96112   534.83978   532.71851   530.59717   528.47583   526.35449   524.23315   522.11188   519.99060   517.86926   515.74792   513.62659   511.50528   509.38397   507.26263   505.14133     0.00000     0.00000     0.00000     0.00000     0.00000     0.00000     0.00000     0.00000     0.00000     0.00000     0.00000     0.00000     0.00000     0.00000     0.00000     0.00000     0.00000     0.00000     0.00000     0.00000     0.00000     0.00000     0.00000     0.00000     0.00000     0.00000     0.00000     0.00000     0.00000     0.00000     0.00000     0.00000     0.00000     0.00000     0.00000     0.00000     0.00000     0.00000     0.00000     0.00000     0.00000     0.00000     0.00000     0.00000     0.00000     0.00000     0.00000     0.00000     0.00000     0.00000     0.00000     0.00000     0.00000     0.00000     0.00000     0.00000     0.00000     0.00000     0.00000     0.00000     0.00000     0.00000     0.00000     0.00000     0.00000     0.00000     0.00000     0.00000     0.00000     0.00000     0.00000     0.00000
     0.00000     0.00000     0.00000     0.00000     0.00000     0.00000     0.00000     0.00000     0.00000     0.00000     0.00000     0.00000     0.00000     0.00000     0.00000     0.00000     0.00000     0.00000     0.00000     0.00000     0.00000     0.00000     0.00000     0.00000     0.00000     0.00000     0.00000     0.00000     0.00000     0.00000     0.00000     0.00000     0.00000     0.00000     0.00000     0.00000     0.00000     0.00000     0.00000     0.00000     0.00000     0.00000     0.00000     0.00000     0.00000     0.00000     0.00000     0.00000     0.00000     0.00000     0.00000     0.00000     0.00000     0.00000     0.00000     0.00000     0.00000     0.00000     0.00000     0.00000     0.00000     0.00000     0.00000     0.00000     0.00000     0.00000     0.00000     0.00000     0.00000     0.00000     0.00000     0.00000     0.00000   686.16064   684.03931   681.91797   679.79669   677.67535   675.55402   673.43274   671.31140   669.19006   667.06873   664.94745   662.82611   660.70483   658.58350   656.46216   654.34082   652.21948   650.09814   647.97687   645.85553   643.73425   641.61292   639.49158   637.37024   635.24896   633.12762   631.00635   628.88501   626.76367   624.64233   622.52100   620.39972   618.27838   616.15710   614.03577   611.91443   609.79309   607.67181   605.55048   603.42914   601.30786   599.18652   597.06519   594.94385   592.82251   590.70123   588.57990   586.45862   584.33728   582.21594   580.09460   577.97333   575.85199   573.73065   571.60938   569.48804   567.36670   565.24536   563.12408   561.00275   558.88147   556.76013   554.63879   552.51746   550.39612   548.27478   546.15350   544.03217   541.91089   539.78955   537.66821   535.54688   533.42554   531.30426   529.18298   527.06165   524.94031   522.81897   520.69763   518.57635   516.45502   514.33374   512.21240     0.00000     0.00000     0.00000     0.00000     0.00000     0.00000     0.00000     0.00000     0.00000     0.00000     0.00000     0.00000     0.00000     0.00000     0.00000     0.00000     0.00000     0.00000     0.00000     0.00000     0.00000     0.00000     0.00000     0.00000     0.00000     0.00000     0.00000     0.00000     0.00000     0.00000     0.00000     0.00000     0.00000     0.00000     0.00000     0.00000     0.00000     0.00000     0.00000     0.00000     0.00000     0.00000     0.00000     0.00000     0.00000     0.00000     0.00000     0.00000     0.00000     0.00000     0.00000     0.00000     0.00000     0.00000     0.00000     0.00000     0.00000     0.00000     0.00000     0.00000     0.00000     0.00000     0.00000     0.00000     0.00000     0.00000     0.00000     0.00000     0.00000     0.00000     0.00000     0.00000     0.00000
     0.00000     0.00000     0.00000     0.00000     0.00000     0.00000     0.00000     0.00000     0.00000     0.00000     0.00000     0.00000     0.00000     0.00000     0.00000     0.00000     0.00000     0.00000     0.00000     0.00000     0.00000     0.00000     0.00000     0.00000     0.00000     0.00000     0.00000     0.00000     0.00000     0.00000     0.00000     0.00000     0.00000     0.00000     0.00000     0.00000     0.00000     0.00000     0.00000     0.00000     0.00000     0.00000     0.00000     0.00000     0.00000     0.00000     0.00000     0.00000     0.00000     0.00000     0.00000     0.00000     0.00000     0.00000     0.00000     0.00000     0.00000     0.00000     0.00000     0.00000     0.00000     0.00000     0.00000     0.00000     0.00000     0.00000     0.00000     0.00000     0.00000     0.00000     0.00000     0.00000     0.00000     0.00000   688.98901   686.86780   684.74646   682.62512   680.50378   678.38245   676.26111   674.13983   672.01849   669.89722   667.77588   665.65454   663.53320   661.41187   659.29059   657.16925   655.04797   652.92664   650.80530   648.68396   646.56268   644.44135   642.32007   640.19873   638.07739   635.95605   633.83472   631.71338   629.59210   627.47076   625.34949   623.22815   621.10681   618.98547   616.86414   614.74286   612.62158   610.50024   608.37891   606.25757   604.13623   602.01489   599.89362   597.77228   595.65100   593.52966   591.40833   589.28699   587.16571   585.04437   582.92303   580.80176   578.68042   576.55908   574.43774   572.31647   570.19513   568.07385   565.95251   563.83118   561.70984   559.58850   557.46716   555.34589   553.22455   551.10327   548.98193   546.86060   544.73926   542.61798   540.49664   538.37537   536.25403   534.13269   532.01135   529.89001   527.76874   525.64746   523.52612   521.40479   519.28345     0.00000     0.00000     0.00000     0.00000     0.00000     0.00000     0.00000     0.00000     0.00000     0.00000     0.00000     0.00000     0.00000     0.00000     0.00000     0.00000     0.00000     0.00000     0.00000     0.00000     0.00000     0.00000     0.00000     0.00000     0.00000     0.00000     0.00000     0.00000     0.00000     0.00000     0.00000     0.00000     0.00000     0.00000     0.00000     0.00000     0.00000     0.00000     0.00000     0.00000     0.00000     0.00000     0.00000     0.00000     0.00000     0.00000     0.00000     0.00000     0.00000     0.00000     0.00000     0.00000     0.00000     0.00000     0.00000     0.00000     0.00000     0.00000     0.00000     0.00000     0.00000     0.00000     0.00000     0.00000     0.00000     0.00000     0.00000     0.00000     0.00000     0.00000     0.00000     0.00000     0.00000     0.00000
     0.00000     0.00000     0.00000     0.00000     0.00000     0.00000     0.00000     0.00000     0.00000     0.00000     0.00000     0.00000     0.00000     0.00000     0.00000     0.00000     0.00000     0.00000     0.00000     0.00000     0.00000     0.00000     0.00000     0.00000     0.00000     0.00000     0.00000     0.00000     0.00000     0.00000     0.00000     0.00000     0.00000     0.00000     0.00000     0.00000     0.00000     0.00000     0.00000     0.00000     0.00000     0.00000     0.00000     0.00000     0.00000     0.00000     0.00000     0.00000     0.00000     0.00000     0.00000     0.00000     0.00000     0.00000     0.00000     0.00000     0.00000     0.00000     0.00000     0.00000     0.00000     0.00000     0.00000     0.00000     0.00000     0.00000     0.00000     0.00000     0.00000     0.00000     0.00000     0.00000     0.00000     0.00000     0.00000   691.81750   689.69617   687.57483   685.45349   683.33221   681.21088   679.08960   676.96826   674.84692   672.72559   670.60431   668.48297   666.36169   664.24030   662.11902   659.99768   657.87634   655.75500   653.63373   651.51239   649.39111   647.26978   645.14844   643.02710   640.90576   638.78448   636.66321   634.54187   632.42053   630.29919   628.17786   626.05658   623.93524   621.81396   619.69263   617.57129   615.44995   613.32867   611.20728   609.08594   606.96466   604.84338   602.72205   600.60071   598.47937   596.35809   594.23676   592.11548   589.99414   587.87280   585.75146   583.63019   581.50885   579.38751   577.26624   575.14490   573.02356   570.90222   568.78094   566.65961   564.53827   562.41693   560.29565   558.17432   556.05298   553.93164   551.81036   549.68903   547.56775   545.44641   543.32507   541.20374   539.08240   536.96112   534.83984   532.71851   530.59717   528.47583   526.35449     0.00000     0.00000     0.00000     0.00000     0.00000     0.00000     0.00000     0.00000     0.00000     0.00000     0.00000     0.00000     0.00000     0.00000     0.00000     0.00000     0.00000     0.00000     0.00000     0.00000     0.00000     0.00000     0.00000     0.00000     0.00000     0.00000     0.00000     0.00000     0.00000     0.00000     0.00000     0.00000     0.00000     0.00000     0.00000     0.00000     0.00000     0.00000     0.00000     0.00000     0.00000     0.00000     0.00000     0.00000     0.00000     0.00000     0.00000     0.00000     0.00000     0.00000     0.00000     0.00000     0.00000     0.00000     0.00000     0.00000     0.00000     0.00000     0.00000     0.00000     0.00000     0.00000     0.00000     0.00000     0.00000     0.00000     0.00000     0.00000     0.00000     0.00000     0.00000     0.00000     0.00000     0.00000     0.00000
     0.00000     0.00000     0.00000     0.00000     0.00000     0.00000     0.00000     0.00000     0.00000     0.00000     0.00000     0.00000     0.00000     0.00000     0.00000     0.00000     0.00000     0.00000     0.00000     0.00000     0.00000     0.00000     0.00000     0.00000     0.00000     0.00000     0.00000     0.00000     0.00000     0.00000     0.00000     0.00000     0.00000     0.00000     0.00000     0.00000     0.00000     0.00000     0.00000     0.00000     0.00000     0.00000     0.00000     0.00000     0.00000     0.00000     0.00000     0.00000     0.00000     0.00000     0.00000     0.00000     0.00000     0.00000     0.00000     0.00000     0.00000     0.00000     0.00000     0.00000     0.00000     0.00000     0.00000     0.00000     0.00000     0.00000     0.00000     0.00000     0.00000     0.00000     0.00000     0.00000     0.00000     0.00000     0.00000     0.00000   694.64587   692.52460   690.40332   688.28198   686.16064   684.03931   681.91797   679.79669   677.67535   675.55408   673.43274   671.31140   669.19006   667.06873   664.94745   662.82611   660.70483   658.58350   656.46216   654.34082   652.21948   650.09821   647.97687   645.85559   643.73425   641.61292   639.49158   637.37024   635.24896   633.12762   631.00635   628.88501   626.76367   624.64233   622.52100   620.39972   618.27838   616.15710   614.03577   611.91443   609.79309   607.67175   605.55048   603.42914   601.30786   599.18652   597.06519   594.94385   592.82257   590.70123   588.57990   586.45862   584.33728   582.21594   580.09460   577.97333   575.85199   573.73065   571.60931   569.48804   567.36670   565.24536   563.12402   561.00275   558.88141   556.76013   554.63879   552.51746   550.39612   548.27484   546.15350   544.03223   541.91089   539.78955   537.66821   535.54688   533.42560     0.00000     0.00000     0.00000     0.00000     0.00000     0.00000     0.00000     0.00000     0.00000     0.00000     0.00000     0.00000     0.00000     0.00000     0.00000     0.00000     0.00000     0.00000     0.00000     0.00000     0.00000     0.00000     0.00000     0.00000     0.00000     0.00000     0.00000     0.00000     0.00000     0.00000     0.00000     0.00000     0.00000     0.00000     0.00000     0.00000     0.00000     0.00000     0.00000     0.00000     0.00000     0.00000     0.00000     0.00000     0.00000     0.00000     0.00000     0.00000     0.00000     0.00000     0.00000     0.00000     0.00000     0.00000     0.00000     0.00000     0.00000     0.00000     0.00000     0.00000     0.00000     0.00000     0.00000     0.00000     0.00000     0.00000     0.00000     0.00000     0.00000     0.00000     0.00000     0.00000     0.00000     0.00000     0.00000     0.00000
     0.00000     0.00000     0.00000     0.00000     0.00000     0.00000     0.00000     0.00000     0.00000     0.00000     0.00000     0.00000     0.00000     0.00000     0.00000     0.00000     0.00000     0.00000     0.00000     0.00000     0.00000     0.00000     0.00000     0.00000     0.00000     0.00000     0.00000     0.00000     0.00000     0.00000     0.00000     0.00000     0.00000     0.00000     0.00000     0.00000     0.00000     0.00000     0.00000     0.00000     0.00000     0.00000     0.00000     0.00000     0.00000     0.00000     0.00000     0.00000     0.00000     0.00000     0.00000     0.00000     0.00000     0.00000     0.00000     0.00000     0.00000     0.00000     0.00000     0.00000     0.00000     0.00000     0.00000     0.00000     0.00000     0.00000     0.00000     0.00000     0.00000     0.00000     0.00000     0.00000     0.00000     0.00000     0.00000     0.00000     0.00000   697.47437   695.35303   693.23169   691.11035   688.98907   686.86774   684.74646   682.62512   680.50378   678.38245   676.26117   674.13977   672.01855   669.89716   667.77588   665.65454   663.53320   661.41187   659.29053   657.16925   655.04797   652.92664   650.80530   648.68396   646.56262   644.44135   642.32007   640.19873   638.07739   635.95605   633.83472   631.71344   629.59210   627.47083   625.34943   623.22815   621.10681   618.98547   616.86414   614.74280   612.62152   610.50024   608.37891   606.25757   604.13623   602.01495   599.89362   597.77234   595.65100   593.52966   591.40833   589.28705   587.16571   585.04437   582.92310   580.80176   578.68042   576.55908   574.43774   572.31647   570.19513   568.07379   565.95251   563.83118   561.70984   559.58850   557.46722   555.34589   553.22461   551.10327   548.98193   546.86060   544.73926   542.61798   540.49670     0.00000     0.00000     0.00000     0.00000     0.00000     0.00000     0.00000     0.00000     0.00000     0.00000     0.00000     0.00000     0.00000     0.00000     0.00000     0.00000     0.00000     0.00000     0.00000     0.00000     0.00000     0.00000     0.00000     0.00000     0.00000     0.00000     0.00000     0.00000     0.00000     0.00000     0.00000     0.00000     0.00000     0.00000     0.00000     0.00000     0.00000     0.00000     0.00000     0.00000     0.00000     0.00000     0.00000     0.00000     0.00000     0.00000     0.00000     0.00000     0.00000     0.00000     0.00000     0.00000     0.00000     0.00000     0.00000     0.00000     0.00000     0.00000     0.00000     0.00000     0.00000     0.00000     0.00000     0.00000     0.00000     0.00000     0.00000     0.00000     0.00000     0.00000     0.00000     0.00000     0.00000     0.00000     0.00000     0.00000     0.00000
     0.00000     0.00000     0.00000     0.00000     0.00000     0.00000     0.00000     0.00000     0.00000     0.00000     0.00000     0.00000     0.00000     0.00000     0.00000     0.00000     0.00000     0.00000     0.00000     0.00000     0.00000     0.00000     0.00000     0.00000     0.00000     0.00000     0.00000     0.00000     0.00000     0.00000     0.00000     0.00000     0.00000     0.00000     0.00000     0.00000     0.00000     0.00000     0.00000     0.00000     0.00000     0.00000     0.00000     0.00000     0.00000     0.00000     0.00000     0.00000     0.00000     0.00000     0.00000     0.00000     0.00000     0.00000     0.00000     0.00000     0.00000     0.00000     0.00000     0.00000     0.00000     0.00000     0.00000     0.00000     0.00000     0.00000     0.00000     0.00000     0.00000     0.00000     0.00000     0.00000     0.00000     0.00000     0.00000     0.00000     0.00000     0.00000   700.30273   698.18146   696.06018   693.93884   691.81750   689.69617   687.57483   685.45349   683.33221   681.21088   679.08960   676.96826   674.84692   672.72559   670.60431   668.48297   666.36163   664.24036   662.11902   659.99768   657.87634   655.75507   653.63373   651.51245   649.39111   647.26978   645.14844   643.02710   640.90582   638.78448   636.66321   634.54187   632.42053   630.29919   628.17786   626.05652   623.93524   621.81396   619.69263   617.57129   615.44995   613.32861   611.20734   609.08600   606.96472   604.84338   602.72205   600.60071   598.47943   596.35809   594.23676   592.11548   589.99414   587.87280   585.75146   583.63013   581.50885   579.38751   577.26617   575.14490   573.02356   570.90222   568.78088   566.65961   564.53827   562.41699   560.29565   558.17432   556.05298   553.93170   551.81036   549.68909   547.56775     0.00000     0.00000     0.00000     0.00000     0.00000     0.00000     0.00000     0.00000     0.00000     0.00000     0.00000     0.00000     0.00000     0.00000     0.00000     0.00000     0.00000     0.00000     0.00000     0.00000     0.00000     0.00000     0.00000     0.00000     0.00000     0.00000     0.00000     0.00000     0.00000     0.00000     0.00000     0.00000     0.00000     0.00000     0.00000     0.00000     0.00000     0.00000     0.00000     0.00000     0.00000     0.00000     0.00000     0.00000     0.00000     0.00000     0.00000     0.00000     0.00000     0.00000     0.00000     0.00000     0.00000     0.00000     0.00000     0.00000     0.00000     0.00000     0.00000     0.00000     0.00000     0.00000     0.00000     0.00000     0.00000     0.00000     0.00000     0.00000     0.00000     0.00000     0.00000     0.00000     0.00000     0.00000     0.00000     0.00000     0.00000     0.00000
     0.00000     0.00000     0.00000     0.00000     0.00000     0.00000     0.00000     0.00000     0.00000     0.00000     0.00000     0.00000     0.00000     0.00000     0.00000     0.00000     0.00000     0.00000     0.00000     0.00000     0.00000     0.00000     0.00000     0.00000     0.00000     0.00000     0.00000     0.00000     0.00000     0.00000     0.00000     0.00000     0.00000     0.00000     0.00000     0.00000     0.00000     0.00000     0.00000     0.00000     0.00000     0.00000     0.00000     0.00000     0.00000     0.00000     0.00000     0.00000     0.00000     0.00000     0.00000     0.00000     0.00000     0.00000     0.00000     0.00000     0.00000     0.00000     0.00000     0.00000     0.00000     0.00000     0.00000     0.00000     0.00000     0.00000     0.00000     0.00000     0.00000     0.00000     0.00000     0.00000     0.00000     0.00000     0.00000     0.00000     0.00000     0.00000     0.00000   703.13123   701.00989   698.88855   696.76721   694.64594   692.52454   690.40332   688.28198   686.16064   684.03931   681.91803   679.79663   677.67542   675.55402   673.43274   671.31140   669.19006   667.06873   664.94739   662.82611   660.70483   658.58350   656.46216   654.34082   652.21948   650.09821   647.97693   645.85559   643.73425   641.61292   639.49158   637.37024   635.24890   633.12762   631.00629   628.88501   626.76367   624.64233   622.52100   620.39966   618.27838   616.15710   614.03577   611.91443   609.79309   607.67181   605.55048   603.42920   601.30786   599.18652   597.06519   594.94385   592.82251   590.70123   588.57990   586.45862   584.33728   582.21594   580.09460   577.97333   575.85199   573.73065   571.60938   569.48804   567.36670   565.24536   563.12408   561.00275   558.88147   556.76013   554.63879     0.00000     0.00000     0.00000     0.00000     0.00000     0.00000     0.00000     0.00000     0.00000     0.00000     0.00000     0.00000     0.00000     0.00000     0.00000     0.00000     0.00000     0.00000     0.00000     0.00000     0.00000     0.00000     0.00000     0.00000     0.00000     0.00000     0.00000     0.00000     0.00000     0.00000     0.00000     0.00000     0.00000     0.00000     0.00000     0.00000     0.00000     0.00000     0.00000     0.00000     0.00000     0.00000     0.00000     0.00000     0.00000     0.00000     0.00000     0.00000     0.00000     0.00000     0.00000     0.00000     0.00000     0.00000     0.00000     0.00000     0.00000     0.00000     0.00000     0.00000     0.00000     0.00000     0.00000     0.00000     0.00000     0.00000     0.00000     0.00000     0.00000     0.00000     0.00000     0.00000     0.00000     0.00000     0.00000     0.00000     0.00000     0.00000     0.00000
     0.00000     0.00000     0.00000     0.00000     0.00000     0.00000     0.00000     0.00000     0.00000     0.00000     0.00000     0.00000     0.00000     0.00000     0.00000     0.00000     0.00000     0.00000     0.00000     0.00000     0.00000     0.00000     0.00000     0.00000     0.00000     0.00000     0.00000     0.00000     0.00000     0.00000     0.00000     0.00000     0.00000     0.00000     0.00000     0.00000     0.00000     0.00000     0.00000     0.00000     0.00000     0.00000     0.00000     0.00000     0.00000     0.00000     0.00000     0.00000     0.00000     0.00000     0.00000     0.00000     0.00000     0.00000     0.00000     0.00000     0.00000     0.00000     0.00000     0.00000     0.00000     0.00000     0.00000     0.00000     0.00000     0.00000     0.00000     0.00000     0.00000     0.00000     0.00000     0.00000     0.00000     0.00000     0.00000     0.00000     0.00000     0.00000     0.00000     0.00000   705.95959   703.83832   701.71704   699.59564   697.47437   695.35303   693.23169   691.11035   688.98907   686.86774   684.74646   682.62512   680.50378   678.38245   676.26111   674.13983   672.01849   669.89722   667.77588   665.65454   663.53320   661.41193   659.29059   657.16931   655.04797   652.92664   650.80530   648.68396   646.56262   644.44128   642.32001   640.19873   638.07739   635.95605   633.83472   631.71338   629.59210   627.47083   625.34949   623.22815   621.10681   618.98547   616.86420   614.74286   612.62158   610.50024   608.37891   606.25757   604.13629   602.01489   599.89362   597.77228   595.65100   593.52966   591.40833   589.28699   587.16571   585.04437   582.92303   580.80176   578.68042   576.55908   574.43774   572.31647   570.19513   568.07385   565.95251   563.83118   561.70984     0.00000     0.00000     0.00000     0.00000     0.00000     0.00000     0.00000     0.00000     0.00000     0.00000     0.00000     0.00000     0.00000     0.00000     0.00000     0.00000     0.00000     0.00000     0.00000     0.00000     0.00000     0.00000     0.00000     0.00000     0.00000     0.00000     0.00000     0.00000     0.00000     0.00000     0.00000     0.00000     0.00000     0.00000     0.00000     0.00000     0.00000     0.00000     0.00000     0.00000     0.00000     0.00000     0.00000     0.00000     0.00000     0.00000     0.00000     0.00000     0.00000     0.00000     0.00000     0.00000     0.00000     0.00000     0.00000     0.00000     0.00000     0.00000     0.00000     0.00000     0.00000     0.00000     0.00000     0.00000     0.00000     0.00000     0.00000     0.00000     0.00000     0.00000     0.00000     0.00000     0.00000     0.00000     0.00000     0.00000     0.00000     0.00000     0.00000     0.00000
     0.00000     0.00000     0.00000     0.00000     0.00000     0.00000     0.00000     0.00000     0.00000     0.00000     0.00000     0.00000     0.00000     0.00000     0.00000     0.00000     0.00000     0.00000     0.00000     0.00000     0.00000     0.00000     0.00000     0.00000     0.00000     0.00000     0.00000     0.00000     0.00000     0.00000     0.00000     0.00000     0.00000     0.00000     0.00000     0.00000     0.00000     0.00000     0.00000     0.00000     0.00000     0.00000     0.00000     0.00000     0.00000     0.00000     0.00000     0.00000     0.00000     0.00000     0.00000     0.00000     0.00000     0.00000     0.00000     0.00000     0.00000     0.00000     0.00000     0.00000     0.00000     0.00000     0.00000     0.00000     0.00000     0.00000     0.00000     0.00000     0.00000     0.00000     0.00000     0.00000     0.00000     0.00000     0.00000     0.00000     0.00000     0.00000     0.00000     0.00000     0.00000   708.78809   706.66675   704.54541   702.42407   700.30280   698.18140   696.06018   693.93884   691.81750   689.69617   687.57483   685.45349   683.33221   681.21088   679.08960   676.96826   674.84692   672.72559   670.60425   668.48297   666.36169   664.24036   662.11902   659.99768   657.87634   655.75507   653.63373   651.51239   649.39111   647.26978   645.14844   643.02710   640.90576   638.78448   636.66315   634.54187   632.42053   630.29919   628.17786   626.05652   623.93524   621.81396   619.69263   617.57129   615.44995   613.32867   611.20734   609.08600   606.96466   604.84338   602.72205   600.60071   598.47937   596.35809   594.23676   592.11548   589.99414   587.87280   585.75146   583.63019   581.50885   579.38751   577.26624   575.14490   573.02356   570.90222   568.78094     0.00000     0.00000     0.00000     0.00000     0.00000     0.00000     0.00000     0.00000     0.00000     0.00000     0.00000     0.00000     0.00000     0.00000     0.00000     0.00000     0.00000     0.00000     0.00000     0.00000     0.00000     0.00000     0.00000     0.00000     0.00000     0.00000     0.00000     0.00000     0.00000     0.00000     0.00000     0.00000     0.00000     0.00000     0.00000     0.00000     0.00000     0.00000     0.00000     0.00000     0.00000     0.00000     0.00000     0.00000     0.00000     0.00000     0.00000     0.00000     0.00000     0.00000     0.00000     0.00000     0.00000     0.00000     0.00000     0.00000     0.00000     0.00000     0.00000     0.00000     0.00000     0.00000     0.00000     0.00000     0.00000     0.00000     0.00000     0.00000     0.00000     0.00000     0.00000     0.00000     0.00000     0.00000     0.00000     0.00000     0.00000     0.00000     0.00000     0.00000     0.00000
     0.00000     0.00000     0.00000     0.00000     0.00000     0.00000     0.00000     0.00000     0.00000     0.00000     0.00000     0.00000     0.00000     0.00000     0.00000     0.00000     0.00000     0.00000     0.00000     0.00000     0.00000     0.00000     0.00000     0.00000     0.00000     0.00000     0.00000     0.00000     0.00000     0.00000     0.00000     0.00000     0.00000     0.00000     0.00000     0.00000     0.00000     0.00000     0.00000     0.00000     0.00000     0.00000     0.00000     0.00000     0.00000     0.00000     0.00000     0.00000     0.00000     0.00000     0.00000     0.00000     0.00000     0.00000     0.00000     0.00000     0.00000     0.00000     0.00000     0.00000     0.00000     0.00000     0.00000     0.00000     0.00000     0.00000     0.00000     0.00000     0.00000     0.00000     0.00000     0.00000     0.00000     0.00000     0.00000     0.00000     0.00000     0.00000     0.00000     0.00000     0.00000     0.00000   711.61646   709.49512   707.37390   705.25250   703.13123   701.00989   698.88855   696.76721   694.64587   692.52460   690.40332   688.28198   686.16064   684.03931   681.91797   679.79669   677.67535   675.55408   673.43274   671.31140   669.19006   667.06879   664.94745   662.82617   660.70477   658.58350   656.46216   654.34082   652.21948   650.09814   647.97687   645.85559   643.73425   641.61292   639.49158   637.37024   635.24896   633.12769   631.00635   628.88501   626.76367   624.64233   622.52106   620.39972   618.27844   616.15704   614.03577   611.91443   609.79309   607.67175   605.55048   603.42914   601.30786   599.18652   597.06519   594.94385   592.82257   590.70123   588.57990   586.45862   584.33728   582.21594   580.09460   577.97333   575.85199     0.00000     0.00000     0.00000     0.00000     0.00000     0.00000     0.00000     0.00000     0.00000     0.00000     0.00000     0.00000     0.00000     0.00000     0.00000     0.00000     0.00000     0.00000     0.00000     0.00000     0.00000     0.00000     0.00000     0.00000     0.00000     0.00000     0.00000     0.00000     0.00000     0.00000     0.00000     0.00000     0.00000     0.00000     0.00000     0.00000     0.00000     0.00000     0.00000     0.00000     0.00000     0.00000     0.00000     0.00000     0.00000     0.00000     0.00000     0.00000     0.00000     0.00000     0.00000     0.00000     0.00000     0.00000     0.00000     0.00000     0.00000     0.00000     0.00000     0.00000     0.00000     0.00000     0.00000     0.00000     0.00000     0.00000     0.00000     0.00000     0.00000     0.00000     0.00000     0.00000     0.00000     0.00000     0.00000     0.00000     0.00000     0.00000     0.00000     0.00000     0.00000     0.00000
     0.00000     0.00000     0.00000     0.00000     0.00000     0.00000     0.00000     0.00000     0.00000     0.00000     0.00000     0.00000     0.00000     0.00000     0.00000     0.00000     0.00000     0.00000     0.00000     0.00000     0.00000     0.00000     0.00000     0.00000     0.00000     0.00000     0.00000     0.00000     0.00000     0.00000     0.00000     0.00000     0.00000     0.00000     0.00000     0.00000     0.00000     0.00000     0.00000     0.00000     0.00000     0.00000     0.00000     0.00000     0.00000     0.00000     0.00000     0.00000     0.00000     0.00000     0.00000     0.00000     0.00000     0.00000     0.00000     0.00000     0.00000     0.00000     0.00000     0.00000     0.00000     0.00000     0.00000     0.00000     0.00000     0.00000     0.00000     0.00000     0.00000     0.00000     0.00000     0.00000     0.00000     0.00000     0.00000     0.00000     0.00000     0.00000     0.00000     0.00000     0.00000     0.00000     0.00000   714.44495   712.32361   710.20227   708.08093   705.95966   703.83826   701.71698   699.59570   697.47437   695.35303   693.23169   691.11035   688.98907   686.86774   684.74646   682.62512   680.50378   678.38245   676.26111   674.13983   672.01855   669.89722   667.77588   665.65454   663.53320   661.41187   659.29059   657.16925   655.04797   652.92664   650.80530   648.68396   646.56262   644.44135   642.32001   640.19873   638.07739   635.95605   633.83472   631.71338   629.59210   627.47083   625.34949   623.22815   621.10681   618.98547   616.86414   614.74286   612.62152   610.50024   608.37891   606.25757   604.13623   602.01495   599.89362   597.77234   595.65100   593.52966   591.40833   589.28705   587.16571   585.04437   582.92310     0.00000     0.00000     0.00000     0.00000     0.00000     0.00000     0.00000     0.00000     0.00000     0.00000     0.00000     0.00000     0.00000     0.00000     0.00000     0.00000     0.00000     0.00000     0.00000     0.00000     0.00000     0.00000     0.00000     0.00000     0.00000     0.00000     0.00000     0.00000     0.00000     0.00000     0.00000     0.00000     0.00000     0.00000     0.00000     0.00000     0.00000     0.00000     0.00000     0.00000     0.00000     0.00000     0.00000     0.00000     0.00000     0.00000     0.00000     0.00000     0.00000     0.00000     0.00000     0.00000     0.00000     0.00000     0.00000     0.00000     0.00000     0.00000     0.00000     0.00000     0.00000     0.00000     0.00000     0.00000     0.00000     0.00000     0.00000     0.00000     0.00000     0.00000     0.00000     0.00000     0.00000     0.00000     0.00000     0.00000     0.00000     0.00000     0.00000     0.00000     0.00000     0.00000     0.00000
     0.00000     0.00000     0.00000     0.00000     0.00000     0.00000     0.00000     0.00000     0.00000     0.00000     0.00000     0.00000     0.00000     0.00000     0.00000     0.00000     0.00000     0.00000     0.00000     0.00000     0.00000     0.00000     0.00000     0.00000     0.00000     0.00000     0.00000     0.00000     0.00000     0.00000     0.00000     0.00000     0.00000     0.00000     0.00000     0.00000     0.00000     0.00000     0.00000     0.00000     0.00000     0.00000     0.00000     0.00000     0.00000     0.00000     0.00000     0.00000     0.00000     0.00000     0.00000     0.00000     0.00000     0.00000     0.00000     0.00000     0.00000     0.00000     0.00000     0.00000     0.00000     0.00000     0.00000     0.00000     0.00000     0.00000     0.00000     0.00000     0.00000     0.00000     0.00000     0.00000     0.00000     0.00000     0.00000     0.00000     0.00000     0.00000     0.00000     0.00000     0.00000     0.00000     0.00000     0.00000   717.27332   715.15198   713.03076   710.90936   708.78809   706.66675   704.54541   702.42407   700.30273   698.18146   696.06018   693.93884   691.81750   689.69617   687.57483   685.45355   683.33221   681.21094   679.08960   676.96826   674.84692   672.72559   670.60425   668.48297   666.36163   664.24036   662.11902   659.99768   657.87634   655.75500   653.63373   651.51245   649.39111   647.26978   645.14844   643.02710   640.90582   638.78455   636.66321   634.54187   632.42053   630.29919   628.17786   626.05652   623.93524   621.81390   619.69263   617.57129   615.44995   613.32861   611.20734   609.08600   606.96472   604.84338   602.72205   600.60071   598.47943   596.35809   594.23676   592.11548   589.99414     0.00000     0.00000     0.00000     0.00000     0.00000     0.00000     0.00000     0.00000     0.00000     0.00000     0.00000     0.00000     0.00000     0.00000     0.00000     0.00000     0.00000     0.00000     0.00000     0.00000     0.00000     0.00000     0.00000     0.00000     0.00000     0.00000     0.00000     0.00000     0.00000     0.00000     0.00000     0.00000     0.00000     0.00000     0.00000     0.00000     0.00000     0.00000     0.00000     0.00000     0.00000     0.00000     0.00000     0.00000     0.00000     0.00000     0.00000     0.00000     0.00000     0.00000     0.00000     0.00000     0.00000     0.00000     0.00000     0.00000     0.00000     0.00000     0.00000     0.00000     0.00000     0.00000     0.00000     0.00000     0.00000     0.00000     0.00000     0.00000     0.00000     0.00000     0.00000     0.00000     0.00000     0.00000     0.00000     0.00000     0.00000     0.00000     0.00000     0.00000     0.00000     0.00000     0.00000     0.00000
     0.00000     0.00000     0.00000     0.00000     0.00000     0.00000     0.00000     0.00000     0.00000     0.00000     0.00000     0.00000     0.00000     0.00000     0.00000     0.00000     0.00000     0.00000     0.00000     0.00000     0.00000     0.00000     0.00000     0.00000     0.00000     0.00000     0.00000     0.00000     0.00000     0.00000     0.00000     0.00000     0.00000     0.00000     0.00000     0.00000     0.00000     0.00000     0.00000     0.00000     0.00000     0.00000     0.00000     0.00000     0.00000     0.00000     0.00000     0.00000     0.00000     0.00000     0.00000     0.00000     0.00000     0.00000     0.00000     0.00000     0.00000     0.00000     0.00000     0.00000     0.00000     0.00000     0.00000     0.00000     0.00000     0.00000     0.00000     0.00000     0.00000     0.00000     0.00000     0.00000     0.00000     0.00000     0.00000     0.00000     0.00000     0.00000     0.00000     0.00000     0.00000     0.00000     0.00000     0.00000     0.00000   720.10181   717.98047   715.85913   713.73779   711.61646   709.49512   707.37384   705.25256   703.13123   701.00989   698.88855   696.76721   694.64594   692.52460   690.40332   688.28198   686.16064   684.03931   681.91797   679.79663   677.67535   675.55408   673.43274   671.31140   669.19006   667.06873   664.94745   662.82611   660.70483   658.58350   656.46216   654.34082   652.21948   650.09821   647.97687   645.85559   643.73425   641.61292   639.49158   637.37024   635.24890   633.12762   631.00629   628.88501   626.76367   624.64233   622.52100   620.39972   618.27838   616.15710   614.03577   611.91443   609.79309   607.67181   605.55048   603.42920   601.30786   599.18652   597.06519     0.00000     0.00000     0.00000     0.00000     0.00000     0.00000     0.00000     0.00000     0.00000     0.00000     0.00000     0.00000     0.00000     0.00000     0.00000     0.00000     0.00000     0.00000     0.00000     0.00000     0.00000     0.00000     0.00000     0.00000     0.00000     0.00000     0.00000     0.00000     0.00000     0.00000     0.00000     0.00000     0.00000     0.00000     0.00000     0.00000     0.00000     0.00000     0.00000     0.00000     0.00000     0.00000     0.00000     0.00000     0.00000     0.00000     0.00000     0.00000     0.00000     0.00000     0.00000     0.00000     0.00000     0.00000     0.00000     0.00000     0.00000     0.00000     0.00000     0.00000     0.00000     0.00000     0.00000     0.00000     0.00000     0.00000     0.00000     0.00000     0.00000     0.00000     0.00000     0.00000     0.00000     0.00000     0.00000     0.00000     0.00000     0.00000     0.00000     0.00000     0.00000     0.00000     0.00000     0.00000     0.00000
     0.00000     0.00000     0.00000     0.00000     0.00000     0.00000     0.00000     0.00000     0.00000     0.00000     0.00000     0.00000     0.00000     0.00000     0.00000     0.00000     0.00000     0.00000     0.00000     0.00000     0.00000     0.00000     0.00000     0.00000     0.00000     0.00000     0.00000     0.00000     0.00000     0.00000     0.00000     0.00000     0.00000     0.00000     0.00000     0.00000     0.00000     0.00000     0.00000     0.00000     0.00000     0.00000     0.00000     0.00000     0.00000     0.00000     0.00000     0.00000     0.00000     0.00000     0.00000     0.00000     0.00000     0.00000     0.00000     0.00000     0.00000     0.00000     0.00000     0.00000     0.00000     0.00000     0.00000     0.00000     0.00000     0.00000     0.00000     0.00000     0.00000     0.00000     0.00000     0.00000     0.00000     0.00000     0.00000     0.00000     0.00000     0.00000     0.00000     0.00000     0.00000     0.00000     0.00000     0.00000     0.00000     0.00000   722.93018   720.80884   718.68756   716.56622   714.44495   712.32361   710.20227   708.08093   705.95959   703.83832   701.71704   699.59570   697.47437   695.35303   693.23169   691.11041   688.98901   686.86774   684.74640   682.62512   680.50378   678.38245   676.26111   674.13983   672.01849   669.89722   667.77588   665.65454   663.53320   661.41187   659.29059   657.16931   655.04797   652.92664   650.80530   648.68396   646.56268   644.44135   642.32001   640.19867   638.07739   635.95605   633.83472   631.71338   629.59210   627.47076   625.34949   623.22815   621.10681   618.98547   616.86420   614.74286   612.62158   610.50024   608.37891   606.25757   604.13629     0.00000     0.00000     0.00000     0.00000     0.00000     0.00000     0.00000     0.00000     0.00000     0.00000     0.00000     0.00000     0.00000     0.00000     0.00000     0.00000     0.00000     0.00000     0.00000     0.00000     0.00000     0.00000     0.00000     0.00000     0.00000     0.00000     0.00000     0.00000     0.00000     0.00000     0.00000     0.00000     0.00000     0.00000     0.00000     0.00000     0.00000     0.00000     0.00000     0.00000     0.00000     0.00000     0.00000     0.00000     0.00000     0.00000     0.00000     0.00000     0.00000     0.00000     0.00000     0.00000     0.00000     0.00000     0.00000     0.00000     0.00000     0.00000     0.00000     0.00000     0.00000     0.00000     0.00000     0.00000     0.00000     0.00000     0.00000     0.00000     0.00000     0.00000     0.00000     0.00000     0.00000     0.00000     0.00000     0.00000     0.00000     0.00000     0.00000     0.00000     0.00000     0.00000     0.00000     0.00000     0.00000     0.00000
     0.00000     0.00000     0.00000     0.00000     0.00000     0.00000     0.00000     0.00000     0.00000     0.00000     0.00000     0.00000     0.00000     0.00000     0.00000     0.00000     0.00000     0.00000     0.00000     0.00000     0.00000     0.00000     0.00000     0.00000     0.00000     0.00000     0.00000     0.00000     0.00000     0.00000     0.00000     0.00000     0.00000     0.00000     0.00000     0.00000     0.00000     0.00000     0.00000     0.00000     0.00000     0.00000     0.00000     0.00000     0.00000     0.00000     0.00000     0.00000     0.00000     0.00000     0.00000     0.00000     0.00000     0.00000     0.00000     0.00000     0.00000     0.00000     0.00000     0.00000     0.00000     0.00000     0.00000     0.00000     0.00000     0.00000     0.00000     0.00000     0.00000     0.00000     0.00000     0.00000     0.00000     0.00000     0.00000     0.00000     0.00000     0.00000     0.00000     0.00000     0.00000     0.00000     0.00000     0.00000     0.00000     0.00000     0.00000   725.75861   723.63733   721.51599   719.39465   717.27332   715.15198   713.03070   710.90942   708.78809   706.66675   704.54541   702.42407   700.30280   698.18146   696.06012   693.93884   691.81750   689.69617   687.57483   685.45349   683.33221   681.21094   679.08960   676.96826   674.84692   672.72559   670.60431   668.48297   666.36169   664.24036   662.11902   659.99768   657.87634   655.75507   653.63373   651.51239   649.39111   647.26978   645.14844   643.02710   640.90576   638.78448   636.66315   634.54187   632.42053   630.29919   628.17786   626.05658   623.93524   621.81396   619.69263   617.57129   615.44995   613.32867   611.20734     0.00000     0.00000     0.00000     0.00000     0.00000     0.00000     0.00000     0.00000     0.00000     0.00000     0.00000     0.00000     0.00000     0.00000     0.00000     0.00000     0.00000     0.00000     0.00000     0.00000     0.00000     0.00000     0.00000     0.00000     0.00000     0.00000     0.00000     0.00000     0.00000     0.00000     0.00000     0.00000     0.00000     0.00000     0.00000     0.00000     0.00000     0.00000     0.00000     0.00000     0.00000     0.00000     0.00000     0.00000     0.00000     0.00000     0.00000     0.00000     0.00000     0.00000     0.00000     0.00000     0.00000     0.00000     0.00000     0.00000     0.00000     0.00000     0.00000     0.00000     0.00000     0.00000     0.00000     0.00000     0.00000     0.00000     0.00000     0.00000     0.00000     0.00000     0.00000     0.00000     0.00000     0.00000     0.00000     0.00000     0.00000     0.00000     0.00000     0.00000     0.00000     0.00000     0.00000     0.00000     0.00000     0.00000     0.00000
     0.00000     0.00000     0.00000     0.00000     0.00000     0.00000     0.00000     0.00000     0.00000     0.00000     0.00000     0.00000     0.00000     0.00000     0.00000     0.00000     0.00000     0.00000     0.00000     0.00000     0.00000     0.00000     0.00000     0.00000     0.00000     0.00000     0.00000     0.00000     0.00000     0.00000     0.00000     0.00000     0.00000     0.00000     0.00000     0.00000     0.00000     0.00000     0.00000     0.00000     0.00000     0.00000     0.00000     0.00000     0.00000     0.00000     0.00000     0.00000     0.00000     0.00000     0.00000     0.00000     0.00000     0.00000     0.00000     0.00000     0.00000     0.00000     0.00000     0.00000     0.00000     0.00000     0.00000     0.00000     0.00000     0.00000     0.00000     0.00000     0.00000     0.00000     0.00000     0.00000     0.00000     0.00000     0.00000     0.00000     0.00000     0.00000     0.00000     0.00000     0.00000     0.00000     0.00000     0.00000     0.00000     0.00000     0.00000     0.00000   728.58704   726.46570   724.34442   722.22308   720.10181   717.98047   715.85913   713.73779   711.61646   709.49518   707.37390   705.25256   703.13123   701.00989   698.88855   696.76721   694.64587   692.52460   690.40326   688.28198   686.16064   684.03931   681.91797   679.79669   677.67535   675.55408   673.43274   671.31140   669.19006   667.06873   664.94745   662.82617   660.70483   658.58350   656.46216   654.34082   652.21948   650.09821   647.97687   645.85553   643.73425   641.61292   639.49158   637.37024   635.24896   633.12762   631.00635   628.88501   626.76367   624.64233   622.52106   620.39972   618.27844     0.00000     0.00000     0.00000     0.00000     0.00000     0.00000     0.00000     0.00000     0.00000     0.00000     0.00000     0.00000     0.00000     0.00000     0.00000     0.00000     0.00000     0.00000     0.00000     0.00000     0.00000     0.00000     0.00000     0.00000     0.00000     0.00000     0.00000     0.00000     0.00000     0.00000     0.00000     0.00000     0.00000     0.00000     0.00000     0.00000     0.00000     0.00000     0.00000     0.00000     0.00000     0.00000     0.00000     0.00000     0.00000     0.00000     0.00000     0.00000     0.00000     0.00000     0.00000     0.00000     0.00000     0.00000     0.00000     0.00000     0.00000     0.00000     0.00000     0.00000     0.00000     0.00000     0.00000     0.00000     0.00000     0.00000     0.00000     0.00000     0.00000     0.00000     0.00000     0.00000     0.00000     0.00000     0.00000     0.00000     0.00000     0.00000     0.00000     0.00000     0.00000     0.00000     0.00000     0.00000     0.00000     0.00000     0.00000     0.00000
     0.00000     0.00000     0.00000     0.00000     0.00000     0.00000     0.00000     0.00000     0.00000     0.00000     0.00000     0.00000     0.00000     0.00000     0.00000     0.00000     0.00000     0.00000     0.00000     0.00000     0.00000     0.00000     0.00000     0.00000     0.00000     0.00000     0.00000     0.00000     0.00000     0.00000     0.00000     0.00000     0.00000     0.00000     0.00000     0.00000     0.00000     0.00000     0.00000     0.00000     0.00000     0.00000     0.00000     0.00000     0.00000     0.00000     0.00000     0.00000     0.00000     0.00000     0.00000     0.00000     0.00000     0.00000     0.00000     0.00000     0.00000     0.00000     0.00000     0.00000     0.00000     0.00000     0.00000     0.00000     0.00000     0.00000     0.00000     0.00000     0.00000     0.00000     0.00000     0.00000     0.00000     0.00000     0.00000     0.00000     0.00000     0.00000     0.00000     0.00000     0.00000     0.00000     0.00000     0.00000     0.00000     0.00000     0.00000     0.00000     0.00000   731.41547   729.29419   727.17285   725.05151   722.93018   720.80884   718.68756   716.56628   714.44495   712.32361   710.20227   708.08093   705.95959   703.83826   701.71698   699.59570   697.47437   695.35303   693.23169   691.11035   688.98907   686.86780   684.74646   682.62512   680.50378   678.38245   676.26117   674.13983   672.01855   669.89722   667.77588   665.65454   663.53320   661.41187   659.29053   657.16925   655.04797   652.92664   650.80530   648.68396   646.56262   644.44135   642.32001   640.19873   638.07739   635.95605   633.83472   631.71344   629.59210   627.47083   625.34949     0.00000     0.00000     0.00000     0.00000     0.00000     0.00000     0.00000     0.00000     0.00000     0.00000     0.00000     0.00000     0.00000     0.00000     0.00000     0.00000     0.00000     0.00000     0.00000     0.00000     0.00000     0.00000     0.00000     0.00000     0.00000     0.00000     0.00000     0.00000     0.00000     0.00000     0.00000     0.00000     0.00000     0.00000     0.00000     0.00000     0.00000     0.00000     0.00000     0.00000     0.00000     0.00000     0.00000     0.00000     0.00000     0.00000     0.00000     0.00000     0.00000     0.00000     0.00000     0.00000     0.00000     0.00000     0.00000     0.00000     0.00000     0.00000     0.00000     0.00000     0.00000     0.00000     0.00000     0.00000     0.00000     0.00000     0.00000     0.00000     0.00000     0.00000     0.00000     0.00000     0.00000     0.00000     0.00000     0.00000     0.00000     0.00000     0.00000     0.00000     0.00000     0.00000     0.00000     0.00000     0.00000     0.00000     0.00000     0.00000     0.00000
     0.00000     0.00000     0.00000     0.00000     0.00000     0.00000     0.00000     0.00000     0.00000     0.00000     0.00000     0.00000     0.00000     0.00000     0.00000     0.00000     0.00000     0.00000     0.00000     0.00000     0.00000     0.00000     0.00000     0.00000     0.00000     0.00000     0.00000     0.00000     0.00000     0.00000     0.00000     0.00000     0.00000     0.00000     0.00000     0.00000     0.00000     0.00000     0.00000     0.00000     0.00000     0.00000     0.00000     0.00000     0.00000     0.00000     0.00000     0.00000     0.00000     0.00000     0.00000     0.00000     0.00000     0.00000     0.00000     0.00000     0.00000     0.00000     0.00000     0.00000     0.00000     0.00000     0.00000     0.00000     0.00000     0.00000     0.00000     0.00000     0.00000     0.00000     0.00000     0.00000     0.00000     0.00000     0.00000     0.00000     0.00000     0.00000     0.00000     0.00000     0.00000     0.00000     0.00000     0.00000     0.00000     0.00000     0.00000     0.00000     0.00000     0.00000   734.24390   732.12256   730.00128   727.87994   725.75867   723.63733   721.51599   719.39465   717.27332   715.15198   713.03070   710.90936   708.78809   706.66675   704.54541   702.42407   700.30273   698.18146   696.06012   693.93884   691.81750   689.69617   687.57483   685.45355   683.33221   681.21094   679.08960   676.96826   674.84692   672.72559   670.60425   668.48297   666.36163   664.24036   662.11902   659.99768   657.87634   655.75507   653.63373   651.51239   649.39111   647.26978   645.14844   643.02710   640.90582   638.78448   636.66321   634.54187   632.42053     0.00000     0.00000     0.00000     0.00000     0.00000     0.00000     0.00000     0.00000     0.00000     0.00000     0.00000     0.00000     0.00000     0.00000     0.00000     0.00000     0.00000     0.00000     0.00000     0.00000     0.00000     0.00000     0.00000     0.00000     0.00000     0.00000     0.00000     0.00000     0.00000     0.00000     0.00000     0.00000     0.00000     0.00000     0.00000     0.00000     0.00000     0.00000     0.00000     0.00000     0.00000     0.00000     0.00000     0.00000     0.00000     0.00000     0.00000     0.00000     0.00000     0.00000     0.00000     0.00000     0.00000     0.00000     0.00000     0.00000     0.00000     0.00000     0.00000     0.00000     0.00000     0.00000     0.00000     0.00000     0.00000     0.00000     0.00000     0.00000     0.00000     0.00000     0.00000     0.00000     0.00000     0.00000     0.00000     0.00000     0.00000     0.00000     0.00000     0.00000     0.00000     0.00000     0.00000     0.00000     0.00000     0.00000     0.00000     0.00000     0.00000     0.00000
     0.00000     0.00000     0.00000     0.00000     0.00000     0.00000     0.00000     0.00000     0.00000     0.00000     0.00000     0.00000     0.00000     0.00000     0.00000     0.00000     0.00000     0.00000     0.00000     0.00000     0.00000     0.00000     0.00000     0.00000     0.00000     0.00000     0.00000     0.00000     0.00000     0.00000     0.00000     0.00000     0.00000     0.00000     0.00000     0.00000     0.00000     0.00000     0.00000     0.00000     0.00000     0.00000     0.00000     0.00000     0.00000     0.00000     0.00000     0.00000     0.00000     0.00000     0.00000     0.00000     0.00000     0.00000     0.00000     0.00000     0.00000     0.00000     0.00000     0.00000     0.00000     0.00000     0.00000     0.00000     0.00000     0.00000     0.00000     0.00000     0.00000     0.00000     0.00000     0.00000     0.00000     0.00000     0.00000     0.00000     0.00000     0.00000     0.00000     0.00000     0.00000     0.00000     0.00000     0.00000     0.00000     0.00000     0.00000     0.00000     0.00000     0.00000     0.00000   737.07233   734.95105   732.82971   730.70837   728.58704   726.46570   724.34436   722.22308   720.10175   717.98047   715.85913   713.73779   711.61646   709.49512   707.37384   705.25256   703.13123   701.00989   698.88855   696.76721   694.64594   692.52466   690.40332   688.28198   686.16064   684.03931   681.91803   679.79663   677.67535   675.55402   673.43274   671.31140   669.19006   667.06873   664.94739   662.82611   660.70483   658.58350   656.46216   654.34082   652.21948   650.09821   647.97687   645.85559   643.73425   641.61292   639.49158     0.00000     0.00000     0.00000     0.00000     0.00000     0.00000     0.00000     0.00000     0.00000     0.00000     0.00000     0.00000     0.00000     0.00000     0.00000     0.00000     0.00000     0.00000     0.00000     0.00000     0.00000     0.00000     0.00000     0.00000     0.00000     0.00000     0.00000     0.00000     0.00000     0.00000     0.00000     0.00000     0.00000     0.00000     0.00000     0.00000     0.00000     0.00000     0.00000     0.00000     0.00000     0.00000     0.00000     0.00000     0.00000     0.00000     0.00000     0.00000     0.00000     0.00000     0.00000     0.00000     0.00000     0.00000     0.00000     0.00000     0.00000     0.00000     0.00000     0.00000     0.00000     0.00000     0.00000     0.00000     0.00000     0.00000     0.00000     0.00000     0.00000     0.00000     0.00000     0.00000     0.00000     0.00000     0.00000     0.00000     0.00000     0.00000     0.00000     0.00000     0.00000     0.00000     0.00000     0.00000     0.00000     0.00000     0.00000     0.00000     0.00000     0.00000     0.00000
     0.00000     0.00000     0.00000     0.00000     0.00000     0.00000     0.00000     0.00000     0.00000     0.00000     0.00000     0.00000     0.00000     0.00000     0.00000     0.00000     0.00000     0.00000     0.00000     0.00000     0.00000     0.00000     0.00000     0.00000     0.00000     0.00000     0.00000     0.00000     0.00000     0.00000     0.00000     0.00000     0.00000     0.00000     0.00000     0.00000     0.00000     0.00000     0.00000     0.00000     0.00000     0.00000     0.00000     0.00000     0.00000     0.00000     0.00000     0.00000     0.00000     0.00000     0.00000     0.00000     0.00000     0.00000     0.00000     0.00000     0.00000     0.00000     0.00000     0.00000     0.00000     0.00000     0.00000     0.00000     0.00000     0.00000     0.00000     0.00000     0.00000     0.00000     0.00000     0.00000     0.00000     0.00000     0.00000     0.00000     0.00000     0.00000     0.00000     0.00000     0.00000     0.00000     0.00000     0.00000     0.00000     0.00000     0.00000     0.00000     0.00000     0.00000     0.00000     0.00000   739.90076   737.77942   735.65814   733.53680   731.41547   729.29413   727.17285   725.05151   722.93018   720.80884   718.68756   716.56622   714.44495   712.32361   710.20227   708.08093   705.95959   703.83832   701.71698   699.59570   697.47437   695.35303   693.23169   691.11041   688.98907   686.86774   684.74646   682.62512   680.50378   678.38245   676.26111   674.13983   672.01849   669.89722   667.77588   665.65454   663.53320   661.41193   659.29059   657.16925   655.04797   652.92664   650.80530   648.68396   646.56268     0.00000     0.00000     0.00000     0.00000     0.00000     0.00000     0.00000     0.00000     0.00000     0.00000     0.00000     0.00000     0.00000     0.00000     0.00000     0.00000     0.00000     0.00000     0.00000     0.00000     0.00000     0.00000     0.00000     0.00000     0.00000     0.00000     0.00000     0.00000     0.00000     0.00000     0.00000     0.00000     0.00000     0.00000     0.00000     0.00000     0.00000     0.00000     0.00000     0.00000     0.00000     0.00000     0.00000     0.00000     0.00000     0.00000     0.00000     0.00000     0.00000     0.00000     0.00000     0.00000     0.00000     0.00000     0.00000     0.00000     0.00000     0.00000     0.00000     0.00000     0.00000     0.00000     0.00000     0.00000     0.00000     0.00000     0.00000     0.00000     0.00000     0.00000     0.00000     0.00000     0.00000     0.00000     0.00000     0.00000     0.00000     0.00000     0.00000     0.00000     0.00000     0.00000     0.00000     0.00000     0.00000     0.00000     0.00000     0.00000     0.00000     0.00000     0.00000     0.00000
     0.00000     0.00000     0.00000     0.00000     0.00000     0.00000     0.00000     0.00000     0.00000     0.00000     0.00000     0.00000     0.00000     0.00000     0.00000     0.00000     0.00000     0.00000     0.00000     0.00000     0.00000     0.00000     0.00000     0.00000     0.00000     0.00000     0.00000     0.00000     0.00000     0.00000     0.00000     0.00000     0.00000     0.00000     0.00000     0.00000     0.00000     0.00000     0.00000     0.00000     0.00000     0.00000     0.00000     0.00000     0.00000     0.00000     0.00000     0.00000     0.00000     0.00000     0.00000     0.00000     0.00000     0.00000     0.00000     0.00000     0.00000     0.00000     0.00000     0.00000     0.00000     0.00000     0.00000     0.00000     0.00000     0.00000     0.00000     0.00000     0.00000     0.00000     0.00000     0.00000     0.00000     0.00000     0.00000     0.00000     0.00000     0.00000     0.00000     0.00000     0.00000     0.00000     0.00000     0.00000     0.00000     0.00000     0.00000     0.00000     0.00000     0.00000     0.00000     0.00000     0.00000   742.72919   740.60791   738.48657   736.36523   734.24390   732.12256   730.00122   727.87994   725.75861   723.63733   721.51599   719.39465   717.27332   715.15198   713.03070   710.90942   708.78809   706.66675   704.54541   702.42407   700.30280   698.18152   696.06018   693.93884   691.81750   689.69617   687.57483   685.45349   683.33221   681.21088   679.08960   676.96826   674.84692   672.72559   670.60425   668.48297   666.36169   664.24036   662.11902   659.99768   657.87634   655.75507   653.63373     0.00000     0.00000     0.00000     0.00000     0.00000     0.00000     0.00000     0.00000     0.00000     0.00000     0.00000     0.00000     0.00000     0.00000     0.00000     0.00000     0.00000     0.00000     0.00000     0.00000     0.00000     0.00000     0.00000     0.00000     0.00000     0.00000     0.00000     0.00000     0.00000     0.00000     0.00000     0.00000     0.00000     0.00000     0.00000     0.00000     0.00000     0.00000     0.00000     0.00000     0.00000     0.00000     0.00000     0.00000     0.00000     0.00000     0.00000     0.00000     0.00000     0.00000     0.00000     0.00000     0.00000     0.00000     0.00000     0.00000     0.00000     0.00000     0.00000     0.00000     0.00000     0.00000     0.00000     0.00000     0.00000     0.00000     0.00000     0.00000     0.00000     0.00000     0.00000     0.00000     0.00000     0.00000     0.00000     0.00000     0.00000     0.00000     0.00000     0.00000     0.00000     0.00000     0.00000     0.00000     0.00000     0.00000     0.00000     0.00000     0.00000     0.00000     0.00000     0.00000     0.00000
     0.00000     0.00000     0.00000     0.00000     0.00000     0.00000     0.00000     0.00000     0.00000     0.00000     0.00000     0.00000     0.00000     0.00000     0.00000     0.00000     0.00000     0.00000     0.00000     0.00000     0.00000     0.00000     0.00000     0.00000     0.00000     0.00000     0.00000     0.00000     0.00000     0.00000     0.00000     0.00000     0.00000     0.00000     0.00000     0.00000     0.00000     0.00000     0.00000     0.00000     0.00000     0.00000     0.00000     0.00000     0.00000     0.00000     0.00000     0.00000     0.00000     0.00000     0.00000     0.00000     0.00000     0.00000     0.00000     0.00000     0.00000     0.00000     0.00000     0.00000     0.00000     0.00000     0.00000     0.00000     0.00000     0.00000     0.00000     0.00000     0.00000     0.00000     0.00000     0.00000     0.00000     0.00000     0.00000     0.00000     0.00000     0.00000     0.00000     0.00000     0.00000     0.00000     0.00000     0.00000     0.00000     0.00000     0.00000     0.00000     0.00000     0.00000     0.00000     0.00000     0.00000     0.00000   745.55762   743.43628   741.31494   739.19360   737.07233   734.95099   732.82971   730.70837   728.58704   726.46570   724.34442   722.22308   720.10181   717.98047   715.85913   713.73779   711.61646   709.49518   707.37384   705.25256   703.13123   701.00989   698.88855   696.76721   694.64587   692.52460   690.40332   688.28198   686.16064   684.03931   681.91797   679.79669   677.67535   675.55408   673.43274   671.31140   669.19006   667.06879   664.94745   662.82611   660.70483     0.00000     0.00000     0.00000     0.00000     0.00000     0.00000     0.00000     0.00000     0.00000     0.00000     0.00000     0.00000     0.00000     0.00000     0.00000     0.00000     0.00000     0.00000     0.00000     0.00000     0.00000     0.00000     0.00000     0.00000     0.00000     0.00000     0.00000     0.00000     0.00000     0.00000     0.00000     0.00000     0.00000     0.00000     0.00000     0.00000     0.00000     0.00000     0.00000     0.00000     0.00000     0.00000     0.00000     0.00000     0.00000     0.00000     0.00000     0.00000     0.00000     0.00000     0.00000     0.00000     0.00000     0.00000     0.00000     0.00000     0.00000     0.00000     0.00000     0.00000     0.00000     0.00000     0.00000     0.00000     0.00000     0.00000     0.00000     0.00000     0.00000     0.00000     0.00000     0.00000     0.00000     0.00000     0.00000     0.00000     0.00000     0.00000     0.00000     0.00000     0.00000     0.00000     0.00000     0.00000     0.00000     0.00000     0.00000     0.00000     0.00000     0.00000     0.00000     0.00000     0.00000     0.00000
     0.00000     0.00000     0.00000     0.00000     0.00000     0.00000     0.00000     0.00000     0.00000     0.00000     0.00000     0.00000     0.00000     0.00000     0.00000     0.00000     0.00000     0.00000     0.00000     0.00000     0.00000     0.00000     0.00000     0.00000     0.00000     0.00000     0.00000     0.00000     0.00000     0.00000     0.00000     0.00000     0.00000     0.00000     0.00000     0.00000     0.00000     0.00000     0.00000     0.00000     0.00000     0.00000     0.00000     0.00000     0.00000     0.00000     0.00000     0.00000     0.00000     0.00000     0.00000     0.00000     0.00000     0.00000     0.00000     0.00000     0.00000     0.00000     0.00000     0.00000     0.00000     0.00000     0.00000     0.00000     0.00000     0.00000     0.00000     0.00000     0.00000     0.00000     0.00000     0.00000     0.00000     0.00000     0.00000     0.00000     0.00000     0.00000     0.00000     0.00000     0.00000     0.00000     0.00000     0.00000     0.00000     0.00000     0.00000     0.00000     0.00000     0.00000     0.00000     0.00000     0.00000     0.00000     0.00000   748.38599   746.26471   744.14343   742.02209   739.90076   737.77942   735.65808   733.53680   731.41547   729.29419   727.17285   725.05151   722.93018   720.80884   718.68756   716.56628   714.44495   712.32361   710.20227   708.08093   705.95959   703.83832   701.71698   699.59570   697.47437   695.35303   693.23169   691.11035   688.98907   686.86774   684.74646   682.62512   680.50378   678.38245   676.26111   674.13983   672.01855   669.89722   667.77588     0.00000     0.00000     0.00000     0.00000     0.00000     0.00000     0.00000     0.00000     0.00000     0.00000     0.00000     0.00000     0.00000     0.00000     0.00000     0.00000     0.00000     0.00000     0.00000     0.00000     0.00000     0.00000     0.00000     0.00000     0.00000     0.00000     0.00000     0.00000     0.00000     0.00000     0.00000     0.00000     0.00000     0.00000     0.00000     0.00000     0.00000     0.00000     0.00000     0.00000     0.00000     0.00000     0.00000     0.00000     0.00000     0.00000     0.00000     0.00000     0.00000     0.00000     0.00000     0.00000     0.00000     0.00000     0.00000     0.00000     0.00000     0.00000     0.00000     0.00000     0.00000     0.00000     0.00000     0.00000     0.00000     0.00000     0.00000     0.00000     0.00000     0.00000     0.00000     0.00000     0.00000     0.00000     0.00000     0.00000     0.00000     0.00000     0.00000     0.00000     0.00000     0.00000     0.00000     0.00000     0.00000     0.00000     0.00000     0.00000     0.00000     0.00000     0.00000     0.00000     0.00000     0.00000     0.00000
     0.00000     0.00000     0.00000     0.00000     0.00000     0.00000     0.00000     0.00000     0.00000     0.00000     0.00000     0.00000     0.00000     0.00000     0.00000     0.00000     0.00000     0.00000     0.00000     0.00000     0.00000     0.00000     0.00000     0.00000     0.00000     0.00000     0.00000     0.00000     0.00000     0.00000     0.00000     0.00000     0.00000     0.00000     0.00000     0.00000     0.00000     0.00000     0.00000     0.00000     0.00000     0.00000     0.00000     0.00000     0.00000     0.00000     0.00000     0.00000     0.00000     0.00000     0.00000     0.00000     0.00000     0.00000     0.00000     0.00000     0.00000     0.00000     0.00000     0.00000     0.00000     0.00000     0.00000     0.00000     0.00000     0.00000     0.00000     0.00000     0.00000     0.00000     0.00000     0.00000     0.00000     0.00000     0.00000     0.00000     0.00000     0.00000     0.00000     0.00000     0.00000     0.00000     0.00000     0.00000     0.00000     0.00000     0.00000     0.00000     0.00000     0.00000     0.00000     0.00000     0.00000     0.00000     0.00000     0.00000   751.21448   749.09314   746.97180   744.85046   742.72919   740.60785   738.48657   736.36523   734.24390   732.12256   730.00128   727.87994   725.75867   723.63733   721.51599   719.39465   717.27332   715.15198   713.03064   710.90936   708.78809   706.66675   704.54541   702.42407   700.30273   698.18146   696.06018   693.93884   691.81750   689.69617   687.57483   685.45355   683.33221   681.21094   679.08960   676.96826   674.84692     0.00000     0.00000     0.00000     0.00000     0.00000     0.00000     0.00000     0.00000     0.00000     0.00000     0.00000     0.00000     0.00000     0.00000     0.00000     0.00000     0.00000     0.00000     0.00000     0.00000     0.00000     0.00000     0.00000     0.00000     0.00000     0.00000     0.00000     0.00000     0.00000     0.00000     0.00000     0.00000     0.00000     0.00000     0.00000     0.00000     0.00000     0.00000     0.00000     0.00000     0.00000     0.00000     0.00000     0.00000     0.00000     0.00000     0.00000     0.00000     0.00000     0.00000     0.00000     0.00000     0.00000     0.00000     0.00000     0.00000     0.00000     0.00000     0.00000     0.00000     0.00000     0.00000     0.00000     0.00000     0.00000     0.00000     0.00000     0.00000     0.00000     0.00000     0.00000     0.00000     0.00000     0.00000     0.00000     0.00000     0.00000     0.00000     0.00000     0.00000     0.00000     0.00000     0.00000     0.00000     0.00000     0.00000     0.00000     0.00000     0.00000     0.00000     0.00000     0.00000     0.00000     0.00000     0.00000     0.00000
     0.00000     0.00000     0.00000     0.00000     0.00000     0.00000     0.00000     0.00000     0.00000     0.00000     0.00000     0.00000     0.00000     0.00000     0.00000     0.00000     0.00000     0.00000     0.00000     0.00000     0.00000     0.00000     0.00000     0.00000     0.00000     0.00000     0.00000     0.00000     0.00000     0.00000     0.00000     0.00000     0.00000     0.00000     0.00000     0.00000     0.00000     0.00000     0.00000     0.00000     0.00000     0.00000     0.00000     0.00000     0.00000     0.00000     0.00000     0.00000     0.00000     0.00000     0.00000     0.00000     0.00000     0.00000     0.00000     0.00000     0.00000     0.00000     0.00000     0.00000     0.00000     0.00000     0.00000     0.00000     0.00000     0.00000     0.00000     0.00000     0.00000     0.00000     0.00000     0.00000     0.00000     0.00000     0.00000     0.00000     0.00000     0.00000     0.00000     0.00000     0.00000     0.00000     0.00000     0.00000     0.00000     0.00000     0.00000     0.00000     0.00000     0.00000     0.00000     0.00000     0.00000     0.00000     0.00000     0.00000     0.00000   754.04285   751.92157   749.80029   747.67896   745.55762   743.43628   741.31494   739.19366   737.07233   734.95105   732.82971   730.70837   728.58704   726.46570   724.34442   722.22308   720.10175   717.98047   715.85913   713.73779   711.61646   709.49518   707.37384   705.25256   703.13123   701.00989   698.88855   696.76721   694.64594   692.52460   690.40332   688.28198   686.16064   684.03931   681.91797     0.00000     0.00000     0.00000     0.00000     0.00000     0.00000     0.00000     0.00000     0.00000     0.00000     0.00000     0.00000     0.00000     0.00000     0.00000     0.00000     0.00000     0.00000     0.00000     0.00000     0.00000     0.00000     0.00000     0.00000     0.00000     0.00000     0.00000     0.00000     0.00000     0.00000     0.00000     0.00000     0.00000     0.00000     0.00000     0.00000     0.00000     0.00000     0.00000     0.00000     0.00000     0.00000     0.00000     0.00000     0.00000     0.00000     0.00000     0.00000     0.00000     0.00000     0.00000     0.00000     0.00000     0.00000     0.00000     0.00000     0.00000     0.00000     0.00000     0.00000     0.00000     0.00000     0.00000     0.00000     0.00000     0.00000     0.00000     0.00000     0.00000     0.00000     0.00000     0.00000     0.00000     0.00000     0.00000     0.00000     0.00000     0.00000     0.00000     0.00000     0.00000     0.00000     0.00000     0.00000     0.00000     0.00000     0.00000     0.00000     0.00000     0.00000     0.00000     0.00000     0.00000     0.00000     0.00000     0.00000     0.00000
     0.00000     0.00000     0.00000     0.00000     0.00000     0.00000     0.00000     0.00000     0.00000     0.00000     0.00000     0.00000     0.00000     0.00000     0.00000     0.00000     0.00000     0.00000     0.00000     0.00000     0.00000     0.00000     0.00000     0.00000     0.00000     0.00000     0.00000     0.00000     0.00000     0.00000     0.00000     0.00000     0.00000     0.00000     0.00000     0.00000     0.00000     0.00000     0.00000     0.00000     0.00000     0.00000     0.00000     0.00000     0.00000     0.00000     0.00000     0.00000     0.00000     0.00000     0.00000     0.00000     0.00000     0.00000     0.00000     0.00000     0.00000     0.00000     0.00000     0.00000     0.00000     0.00000     0.00000     0.00000     0.00000     0.00000     0.00000     0.00000     0.00000     0.00000     0.00000     0.00000     0.00000     0.00000     0.00000     0.00000     0.00000     0.00000     0.00000     0.00000     0.00000     0.00000     0.00000     0.00000     0.00000     0.00000     0.00000     0.00000     0.00000     0.00000     0.00000     0.00000     0.00000     0.00000     0.00000     0.00000     0.00000     0.00000   756.87134   754.75000   752.62866   750.50732   748.38605   746.26471   744.14343   742.02209   739.90076   737.77942   735.65814   733.53680   731.41553   729.29413   727.17285   725.05151   722.93018   720.80884   718.68750   716.56622   714.44495   712.32361   710.20227   708.08093   705.95959   703.83832   701.71704   699.59570   697.47437   695.35303   693.23169   691.11041   688.98907     0.00000     0.00000     0.00000     0.00000     0.00000     0.00000     0.00000     0.00000     0.00000     0.00000     0.00000     0.00000     0.00000     0.00000     0.00000     0.00000     0.00000     0.00000     0.00000     0.00000     0.00000     0.00000     0.00000     0.00000     0.00000     0.00000     0.00000     0.00000     0.00000     0.00000     0.00000     0.00000     0.00000     0.00000     0.00000     0.00000     0.00000     0.00000     0.00000     0.00000     0.00000     0.00000     0.00000     0.00000     0.00000     0.00000     0.00000     0.00000     0.00000     0.00000     0.00000     0.00000     0.00000     0.00000     0.00000     0.00000     0.00000     0.00000     0.00000     0.00000     0.00000     0.00000     0.00000     0.00000     0.00000     0.00000     0.00000     0.00000     0.00000     0.00000     0.00000     0.00000     0.00000     0.00000     0.00000     0.00000     0.00000     0.00000     0.00000     0.00000     0.00000     0.00000     0.00000     0.00000     0.00000     0.00000     0.00000     0.00000     0.00000     0.00000     0.00000     0.00000     0.00000     0.00000     0.00000     0.00000     0.00000     0.00000
     0.00000     0.00000     0.00000     0.00000     0.00000     0.00000     0.00000     0.00000     0.00000     0.00000     0.00000     0.00000     0.00000     0.00000     0.00000     0.00000     0.00000     0.00000     0.00000     0.00000     0.00000     0.00000     0.00000     0.00000     0.00000     0.00000     0.00000     0.00000     0.00000     0.00000     0.00000     0.00000     0.00000     0.00000     0.00000     0.00000     0.00000     0.00000     0.00000     0.00000     0.00000     0.00000     0.00000     0.00000     0.00000     0.00000     0.00000     0.00000     0.00000     0.00000     0.00000     0.00000     0.00000     0.00000     0.00000     0.00000     0.00000     0.00000     0.00000     0.00000     0.00000     0.00000     0.00000     0.00000     0.00000     0.00000     0.00000     0.00000     0.00000     0.00000     0.00000     0.00000     0.00000     0.00000     0.00000     0.00000     0.00000     0.00000     0.00000     0.00000     0.00000     0.00000     0.00000     0.00000     0.00000     0.00000     0.00000     0.00000     0.00000     0.00000     0.00000     0.00000     0.00000     0.00000     0.00000     0.00000     0.00000     0.00000     0.00000   759.69971   757.57843   755.45715   753.33582   751.21448   749.09314   746.97180   744.85052   742.72919   740.60791   738.48657   736.36523   734.24390   732.12256   730.00122   727.87994   725.75861   723.63733   721.51599   719.39465   717.27332   715.15204   713.03070   710.90942   708.78809   706.66675   704.54541   702.42407   700.30280   698.18146   696.06018     0.00000     0.00000     0.00000     0.00000     0.00000     0.00000     0.00000     0.00000     0.00000     0.00000     0.00000     0.00000     0.00000     0.00000     0.00000     0.00000     0.00000     0.00000     0.00000     0.00000     0.00000     0.00000     0.00000     0.00000     0.00000     0.00000     0.00000     0.00000     0.00000     0.00000     0.00000     0.00000     0.00000     0.00000     0.00000     0.00000     0.00000     0.00000     0.00000     0.00000     0.00000     0.00000     0.00000     0.00000     0.00000     0.00000     0.00000     0.00000     0.00000     0.00000     0.00000     0.00000     0.00000     0.00000     0.00000     0.00000     0.00000     0.00000     0.00000     0.00000     0.00000     0.00000     0.00000     0.00000     0.00000     0.00000     0.00000     0.00000     0.00000     0.00000     0.00000     0.00000     0.00000     0.00000     0.00000     0.00000     0.00000     0.00000     0.00000     0.00000     0.00000     0.00000     0.00000     0.00000     0.00000     0.00000     0.00000     0.00000     0.00000     0.00000     0.00000     0.00000     0.00000     0.00000     0.00000     0.00000     0.00000     0.00000     0.00000
     0.00000     0.00000     0.00000     0.00000     0.00000     0.00000     0.00000     0.00000     0.00000     0.00000     0.00000     0.00000     0.00000     0.00000     0.00000     0.00000     0.00000     0.00000     0.00000     0.00000     0.00000     0.00000     0.00000     0.00000     0.00000     0.00000     0.00000     0.00000     0.00000     0.00000     0.00000     0.00000     0.00000     0.00000     0.00000     0.00000     0.00000     0.00000     0.00000     0.00000     0.00000     0.00000     0.00000     0.00000     0.00000     0.00000     0.00000     0.00000     0.00000     0.00000     0.00000     0.00000     0.00000     0.00000     0.00000     0.00000     0.00000     0.00000     0.00000     0.00000     0.00000     0.00000     0.00000     0.00000     0.00000     0.00000     0.00000     0.00000     0.00000     0.00000     0.00000     0.00000     0.00000     0.00000     0.00000     0.00000     0.00000     0.00000     0.00000     0.00000     0.00000     0.00000     0.00000     0.00000     0.00000     0.00000     0.00000     0.00000     0.00000     0.00000     0.00000     0.00000     0.00000     0.00000     0.00000     0.00000     0.00000     0.00000     0.00000     0.00000   762.52820   760.40686   758.28552   756.16418   754.04291   751.92157   749.80029   747.67896   745.55762   743.43628   741.31494   739.19360   737.07233   734.95099   732.82971   730.70837   728.58704   726.46570   724.34436   722.22308   720.10181   717.98047   715.85913   713.73779   711.61646   709.49518   707.37390   705.25256   703.13123     0.00000     0.00000     0.00000     0.00000     0.00000     0.00000     0.00000     0.00000     0.00000     0.00000     0.00000     0.00000     0.00000     0.00000     0.00000     0.00000     0.00000     0.00000     0.00000     0.00000     0.00000     0.00000     0.00000     0.00000     0.00000     0.00000     0.00000     0.00000     0.00000     0.00000     0.00000     0.00000     0.00000     0.00000     0.00000     0.00000     0.00000     0.00000     0.00000     0.00000     0.00000     0.00000     0.00000     0.00000     0.00000     0.00000     0.00000     0.00000     0.00000     0.00000     0.00000     0.00000     0.00000     0.00000     0.00000     0.00000     0.00000     0.00000     0.00000     0.00000     0.00000     0.00000     0.00000     0.00000     0.00000     0.00000     0.00000     0.00000     0.00000     0.00000     0.00000     0.00000     0.00000     0.00000     0.00000     0.00000     0.00000     0.00000     0.00000     0.00000     0.00000     0.00000     0.00000     0.00000     0.00000     0.00000     0.00000     0.00000     0.00000     0.00000     0.00000     0.00000     0.00000     0.00000     0.00000     0.00000     0.00000     0.00000     0.00000     0.00000
     0.00000     0.00000     0.00000     0.00000     0.00000     0.00000     0.00000     0.00000     0.00000     0.00000     0.00000     0.00000     0.00000     0.00000     0.00000     0.00000     0.00000     0.00000     0.00000     0.00000     0.00000     0.00000     0.00000     0.00000     0.00000     0.00000     0.00000     0.00000     0.00000     0.00000     0.00000     0.00000     0.00000     0.00000     0.00000     0.00000     0.00000     0.00000     0.00000     0.00000     0.00000     0.00000     0.00000     0.00000     0.00000     0.00000     0.00000     0.00000     0.00000     0.00000     0.00000     0.00000     0.00000     0.00000     0.00000     0.00000     0.00000     0.00000     0.00000     0.00000     0.00000     0.00000     0.00000     0.00000     0.00000     0.00000     0.00000     0.00000     0.00000     0.00000     0.00000     0.00000     0.00000     0.00000     0.00000     0.00000     0.00000     0.00000     0.00000     0.00000     0.00000     0.00000     0.00000     0.00000     0.00000     0.00000     0.00000     0.00000     0.00000     0.00000     0.00000     0.00000     0.00000     0.00000     0.00000     0.00000     0.00000     0.00000     0.00000     0.00000     0.00000   765.35657   763.23529   761.11401   758.99268   756.87134   754.75000   752.62866   750.50732   748.38599   746.26471   744.14343   742.02209   739.90076   737.77942   735.65808   733.53680   731.41547   729.29419   727.17285   725.05151   722.93018   720.80890   718.68756   716.56628   714.44495   712.32361   710.20227     0.00000     0.00000     0.00000     0.00000     0.00000     0.00000     0.00000     0.00000     0.00000     0.00000     0.00000     0.00000     0.00000     0.00000     0.00000     0.00000     0.00000     0.00000     0.00000     0.00000     0.00000     0.00000     0.00000     0.00000     0.00000     0.00000     0.00000     0.00000     0.00000     0.00000     0.00000     0.00000     0.00000     0.00000     0.00000     0.00000     0.00000     0.00000     0.00000     0.00000     0.00000     0.00000     0.00000     0.00000     0.00000     0.00000     0.00000     0.00000     0.00000     0.00000     0.00000     0.00000     0.00000     0.00000     0.00000     0.00000     0.00000     0.00000     0.00000     0.00000     0.00000     0.00000     0.00000     0.00000     0.00000     0.00000     0.00000     0.00000     0.00000     0.00000     0.00000     0.00000     0.00000     0.00000     0.00000     0.00000     0.00000     0.00000     0.00000     0.00000     0.00000     0.00000     0.00000     0.00000     0.00000     0.00000     0.00000     0.00000     0.00000     0.00000     0.00000     0.00000     0.00000     0.00000     0.00000     0.00000     0.00000     0.00000     0.00000     0.00000     0.00000
     0.00000     0.00000     0.00000     0.00000     0.00000     0.00000     0.00000     0.00000     0.00000     0.00000     0.00000     0.00000     0.00000     0.00000     0.00000     0.00000     0.00000     0.00000     0.00000     0.00000     0.00000     0.00000     0.00000     0.00000     0.00000     0.00000     0.00000     0.00000     0.00000     0.00000     0.00000     0.00000     0.00000     0.00000     0.00000     0.00000     0.00000     0.00000     0.00000     0.00000     0.00000     0.00000     0.00000     0.00000     0.00000     0.00000     0.00000     0.00000     0.00000     0.00000     0.00000     0.00000     0.00000     0.00000     0.00000     0.00000     0.00000     0.00000     0.00000     0.00000     0.00000     0.00000     0.00000     0.00000     0.00000     0.00000     0.00000     0.00000     0.00000     0.00000     0.00000     0.00000     0.00000     0.00000     0.00000     0.00000     0.00000     0.00000     0.00000     0.00000     0.00000     0.00000     0.00000     0.00000     0.00000     0.00000     0.00000     0.00000     0.00000     0.00000     0.00000     0.00000     0.00000     0.00000     0.00000     0.00000     0.00000     0.00000     0.00000     0.00000     0.00000     0.00000   768.18506   766.06372   763.94238   761.82104   759.69977   757.57837   755.45709   753.33582   751.21448   749.09314   746.97180   744.85046   742.72919   740.60785   738.48657   736.36523   734.24390   732.12256   730.00122   727.87994   725.75867   723.63733   721.51599   719.39465   717.27332     0.00000     0.00000     0.00000     0.00000     0.00000     0.00000     0.00000     0.00000     0.00000     0.00000     0.00000     0.00000     0.00000     0.00000     0.00000     0.00000     0.00000     0.00000     0.00000     0.00000     0.00000     0.00000     0.00000     0.00000     0.00000     0.00000     0.00000     0.00000     0.00000     0.00000     0.00000     0.00000     0.00000     0.00000     0.00000     0.00000     0.00000     0.00000     0.00000     0.00000     0.00000     0.00000     0.00000     0.00000     0.00000     0.00000     0.00000     0.00000     0.00000     0.00000     0.00000     0.00000     0.00000     0.00000     0.00000     0.00000     0.00000     0.00000     0.00000     0.00000     0.00000     0.00000     0.00000     0.00000     0.00000     0.00000     0.00000     0.00000     0.00000     0.00000     0.00000     0.00000     0.00000     0.00000     0.00000     0.00000     0.00000     0.00000     0.00000     0.00000     0.00000     0.00000     0.00000     0.00000     0.00000     0.00000     0.00000     0.00000     0.00000     0.00000     0.00000     0.00000     0.00000     0.00000     0.00000     0.00000     0.00000     0.00000     0.00000     0.00000     0.00000     0.00000
     0.00000     0.00000     0.00000     0.00000     0.00000     0.00000     0.00000     0.00000     0.00000     0.00000     0.00000     0.00000     0.00000     0.00000     0.00000     0.00000     0.00000     0.00000     0.00000     0.00000     0.00000     0.00000     0.00000     0.00000     0.00000     0.00000     0.00000     0.00000     0.00000     0.00000     0.00000     0.00000     0.00000     0.00000     0.00000     0.00000     0.00000     0.00000     0.00000     0.00000     0.00000     0.00000     0.00000     0.00000     0.00000     0.00000     0.00000     0.00000     0.00000     0.00000     0.00000     0.00000     0.00000     0.00000     0.00000     0.00000     0.00000     0.00000     0.00000     0.00000     0.00000     0.00000     0.00000     0.00000     0.00000     0.00000     0.00000     0.00000     0.00000     0.00000     0.00000     0.00000     0.00000     0.00000     0.00000     0.00000     0.00000     0.00000     0.00000     0.00000     0.00000     0.00000     0.00000     0.00000     0.00000     0.00000     0.00000     0.00000     0.00000     0.00000     0.00000     0.00000     0.00000     0.00000     0.00000     0.00000     0.00000     0.00000     0.00000     0.00000     0.00000     0.00000     0.00000   771.01343   768.89215   766.77087   764.64948   762.52820   760.40686   758.28552   756.16418   754.04285   751.92157   749.80029   747.67896   745.55762   743.43628   741.31494   739.19366   737.07233   734.95105   732.82971   730.70837   728.58704   726.46576   724.34442     0.00000     0.00000     0.00000     0.00000     0.00000     0.00000     0.00000     0.00000     0.00000     0.00000     0.00000     0.00000     0.00000     0.00000     0.00000     0.00000     0.00000     0.00000     0.00000     0.00000     0.00000     0.00000     0.00000     0.00000     0.00000     0.00000     0.00000     0.00000     0.00000     0.00000     0.00000     0.00000     0.00000     0.00000     0.00000     0.00000     0.00000     0.00000     0.00000     0.00000     0.00000     0.00000     0.00000     0.00000     0.00000     0.00000     0.00000     0.00000     0.00000     0.00000     0.00000     0.00000     0.00000     0.00000     0.00000     0.00000     0.00000     0.00000     0.00000     0.00000     0.00000     0.00000     0.00000     0.00000     0.00000     0.00000     0.00000     0.00000     0.00000     0.00000     0.00000     0.00000     0.00000     0.00000     0.00000     0.00000     0.00000     0.00000     0.00000     0.00000     0.00000     0.00000     0.00000     0.00000     0.00000     0.00000     0.00000     0.00000     0.00000     0.00000     0.00000     0.00000     0.00000     0.00000     0.00000     0.00000     0.00000     0.00000     0.00000     0.00000     0.00000     0.00000     0.00000
     0.00000     0.00000     0.00000     0.00000     0.00000     0.00000     0.00000     0.00000     0.00000     0.00000     0.00000     0.00000     0.00000     0.00000     0.00000     0.00000     0.00000     0.00000     0.00000     0.00000     0.00000     0.00000     0.00000     0.00000     0.00000     0.00000     0.00000     0.00000     0.00000     0.00000     0.00000     0.00000     0.00000     0.00000     0.00000     0.00000     0.00000     0.00000     0.00000     0.00000     0.00000     0.00000     0.00000     0.00000     0.00000     0.00000     0.00000     0.00000     0.00000     0.00000     0.00000     0.00000     0.00000     0.00000     0.00000     0.00000     0.00000     0.00000     0.00000     0.00000     0.00000     0.00000     0.00000     0.00000     0.00000     0.00000     0.00000     0.00000     0.00000     0.00000     0.00000     0.00000     0.00000     0.00000     0.00000     0.00000     0.00000     0.00000     0.00000     0.00000     0.00000     0.00000     0.00000     0.00000     0.00000     0.00000     0.00000     0.00000     0.00000     0.00000     0.00000     0.00000     0.00000     0.00000     0.00000     0.00000     0.00000     0.00000     0.00000     0.00000     0.00000     0.00000     0.00000     0.00000   773.84192   771.72058   769.59924   767.47791   765.35657   763.23523   761.11395   758.99268   756.87134   754.75000   752.62866   750.50732   748.38605   746.26471   744.14343   742.02209   739.90076   737.77942   735.65808   733.53680   731.41553     0.00000     0.00000     0.00000     0.00000     0.00000     0.00000     0.00000     0.00000     0.00000     0.00000     0.00000     0.00000     0.00000     0.00000     0.00000     0.00000     0.00000     0.00000     0.00000     0.00000     0.00000     0.00000     0.00000     0.00000     0.00000     0.00000     0.00000     0.00000     0.00000     0.00000     0.00000     0.00000     0.00000     0.00000     0.00000     0.00000     0.00000     0.00000     0.00000     0.00000     0.00000     0.00000     0.00000     0.00000     0.00000     0.00000     0.00000     0.00000     0.00000     0.00000     0.00000     0.00000     0.00000     0.00000     0.00000     0.00000     0.00000     0.00000     0.00000     0.00000     0.00000     0.00000     0.00000     0.00000     0.00000     0.00000     0.00000     0.00000     0.00000     0.00000     0.00000     0.00000     0.00000     0.00000     0.00000     0.00000     0.00000     0.00000     0.00000     0.00000     0.00000     0.00000     0.00000     0.00000     0.00000     0.00000     0.00000     0.00000     0.00000     0.00000     0.00000     0.00000     0.00000     0.00000     0.00000     0.00000     0.00000     0.00000     0.00000     0.00000     0.00000     0.00000     0.00000     0.00000
     0.00000     0.00000     0.00000     0.00000     0.00000     0.00000     0.00000     0.00000     0.00000     0.00000     0.00000     0.00000     0.00000     0.00000     0.00000     0.00000     0.00000     0.00000     0.00000     0.00000     0.00000     0.00000     0.00000     0.00000     0.00000     0.00000     0.00000     0.00000     0.00000     0.00000     0.00000     0.00000     0.00000     0.00000     0.00000     0.00000     0.00000     0.00000     0.00000     0.00000     0.00000     0.00000     0.00000     0.00000     0.00000     0.00000     0.00000     0.00000     0.00000     0.00000     0.00000     0.00000     0.00000     0.00000     0.00000     0.00000     0.00000     0.00000     0.00000     0.00000     0.00000     0.00000     0.00000     0.00000     0.00000     0.00000     0.00000     0.00000     0.00000     0.00000     0.00000     0.00000     0.00000     0.00000     0.00000     0.00000     0.00000     0.00000     0.00000     0.00000     0.00000     0.00000     0.00000     0.00000     0.00000     0.00000     0.00000     0.00000     0.00000     0.00000     0.00000     0.00000     0.00000     0.00000     0.00000     0.00000     0.00000     0.00000     0.00000     0.00000     0.00000     0.00000     0.00000     0.00000     0.00000   776.67029   774.54895   772.42767   770.30634   768.18506   766.06372   763.94238   761.82104   759.69971   757.57843   755.45715   753.33582   751.21448   749.09314   746.97180   744.85052   742.72919   740.60791   738.48657     0.00000     0.00000     0.00000     0.00000     0.00000     0.00000     0.00000     0.00000     0.00000     0.00000     0.00000     0.00000     0.00000     0.00000     0.00000     0.00000     0.00000     0.00000     0.00000     0.00000     0.00000     0.00000     0.00000     0.00000     0.00000     0.00000     0.00000     0.00000     0.00000     0.00000     0.00000     0.00000     0.00000     0.00000     0.00000     0.00000     0.00000     0.00000     0.00000     0.00000     0.00000     0.00000     0.00000     0.00000     0.00000     0.00000     0.00000     0.00000     0.00000     0.00000     0.00000     0.00000     0.00000     0.00000     0.00000     0.00000     0.00000     0.00000     0.00000     0.00000     0.00000     0.00000     0.00000     0.00000     0.00000     0.00000     0.00000     0.00000     0.00000     0.00000     0.00000     0.00000     0.00000     0.00000     0.00000     0.00000     0.00000     0.00000     0.00000     0.00000     0.00000     0.00000     0.00000     0.00000     0.00000     0.00000     0.00000     0.00000     0.00000     0.00000     0.00000     0.00000     0.00000     0.00000     0.00000     0.00000     0.00000     0.00000     0.00000     0.00000     0.00000     0.00000     0.00000     0.00000     0.00000
     0.00000     0.00000     0.00000     0.00000     0.00000     0.00000     0.00000     0.00000     0.00000     0.00000     0.00000     0.00000     0.00000     0.00000     0.00000     0.00000     0.00000     0.00000     0.00000     0.00000     0.00000     0.00000     0.00000     0.00000     0.00000     0.00000     0.00000     0.00000     0.00000     0.00000     0.00000     0.00000     0.00000     0.00000     0.00000     0.00000     0.00000     0.00000     0.00000     0.00000     0.00000     0.00000     0.00000     0.00000     0.00000     0.00000     0.00000     0.00000     0.00000     0.00000     0.00000     0.00000     0.00000     0.00000     0.00000     0.00000     0.00000     0.00000     0.00000     0.00000     0.00000     0.00000     0.00000     0.00000     0.00000     0.00000     0.00000     0.00000     0.00000     0.00000     0.00000     0.00000     0.00000     0.00000     0.00000     0.00000     0.00000     0.00000     0.00000     0.00000     0.00000     0.00000     0.00000     0.00000     0.00000     0.00000     0.00000     0.00000     0.00000     0.00000     0.00000     0.00000     0.00000     0.00000     0.00000     0.00000     0.00000     0.00000     0.00000     0.00000     0.00000     0.00000     0.00000     0.00000     0.00000     0.00000   779.49872   777.37744   775.25610   773.13477   771.01343   768.89209   766.77081   764.64954   762.52820   760.40686   758.28552   756.16418   754.04291   751.92157   749.80029   747.67896   745.55762     0.00000     0.00000     0.00000     0.00000     0.00000     0.00000     0.00000     0.00000     0.00000     0.00000     0.00000     0.00000     0.00000     0.00000     0.00000     0.00000     0.00000     0.00000     0.00000     0.00000     0.00000     0.00000     0.00000     0.00000     0.00000     0.00000     0.00000     0.00000     0.00000     0.00000     0.00000     0.00000     0.00000     0.00000     0.00000     0.00000     0.00000     0.00000     0.00000     0.00000     0.00000     0.00000     0.00000     0.00000     0.00000     0.00000     0.00000     0.00000     0.00000     0.00000     0.00000     0.00000     0.00000     0.00000     0.00000     0.00000     0.00000     0.00000     0.00000     0.00000     0.00000     0.00000     0.00000     0.00000     0.00000     0.00000     0.00000     0.00000     0.00000     0.00000     0.00000     0.00000     0.00000     0.00000     0.00000     0.00000     0.00000     0.00000     0.00000     0.00000     0.00000     0.00000     0.00000     0.00000     0.00000     0.00000     0.00000     0.00000     0.00000     0.00000     0.00000     0.00000     0.00000     0.00000     0.00000     0.00000     0.00000     0.00000     0.00000     0.00000     0.00000     0.00000     0.00000     0.00000     0.00000     0.00000
     0.00000     0.00000     0.00000     0.00000     0.00000     0.00000     0.00000     0.00000     0.00000     0.00000     0.00000     0.00000     0.00000     0.00000     0.00000     0.00000     0.00000     0.00000     0.00000     0.00000     0.00000     0.00000     0.00000     0.00000     0.00000     0.00000     0.00000     0.00000     0.00000     0.00000     0.00000     0.00000     0.00000     0.00000     0.00000     0.00000     0.00000     0.00000     0.00000     0.00000     0.00000     0.00000     0.00000     0.00000     0.00000     0.00000     0.00000     0.00000     0.00000     0.00000     0.00000     0.00000     0.00000     0.00000     0.00000     0.00000     0.00000     0.00000     0.00000     0.00000     0.00000     0.00000     0.00000     0.00000     0.00000     0.00000     0.00000     0.00000     0.00000     0.00000     0.00000     0.00000     0.00000     0.00000     0.00000     0.00000     0.00000     0.00000     0.00000     0.00000     0.00000     0.00000     0.00000     0.00000     0.00000     0.00000     0.00000     0.00000     0.00000     0.00000     0.00000     0.00000     0.00000     0.00000     0.00000     0.00000     0.00000     0.00000     0.00000     0.00000     0.00000     0.00000     0.00000     0.00000     0.00000     0.00000     0.00000   782.32715   780.20581   778.08453   775.96320   773.84192   771.72058   769.59924   767.47791   765.35657   763.23529   761.11401   758.99268   756.87134   754.75000   752.62866     0.00000     0.00000     0.00000     0.00000     0.00000     0.00000     0.00000     0.00000     0.00000     0.00000     0.00000     0.00000     0.00000     0.00000     0.00000     0.00000     0.00000     0.00000     0.00000     0.00000     0.00000     0.00000     0.00000     0.00000     0.00000     0.00000     0.00000     0.00000     0.00000     0.00000     0.00000     0.00000     0.00000     0.00000     0.00000     0.00000     0.00000     0.00000     0.00000     0.00000     0.00000     0.00000     0.00000     0.00000     0.00000     0.00000     0.00000     0.00000     0.00000     0.00000     0.00000     0.00000     0.00000     0.00000     0.00000     0.00000     0.00000     0.00000     0.00000     0.00000     0.00000     0.00000     0.00000     0.00000     0.00000     0.00000     0.00000     0.00000     0.00000     0.00000     0.00000     0.00000     0.00000     0.00000     0.00000     0.00000     0.00000     0.00000     0.00000     0.00000     0.00000     0.00000     0.00000     0.00000     0.00000     0.00000     0.00000     0.00000     0.00000     0.00000     0.00000     0.00000     0.00000     0.00000     0.00000     0.00000     0.00000     0.00000     0.00000     0.00000     0.00000     0.00000     0.00000     0.00000     0.00000     0.00000     0.00000
     0.00000     0.00000     0.00000     0.00000     0.00000     0.00000     0.00000     0.00000     0.00000     0.00000     0.00000     0.00000     0.00000     0.00000     0.00000     0.00000     0.00000     0.00000     0.00000     0.00000     0.00000     0.00000     0.00000     0.00000     0.00000     0.00000     0.00000     0.00000     0.00000     0.00000     0.00000     0.00000     0.00000     0.00000     0.00000     0.00000     0.00000     0.00000     0.00000     0.00000     0.00000     0.00000     0.00000     0.00000     0.00000     0.00000     0.00000     0.00000     0.00000     0.00000     0.00000     0.00000     0.00000     0.00000     0.00000     0.00000     0.00000     0.00000     0.00000     0.00000     0.00000     0.00000     0.00000     0.00000     0.00000     0.00000     0.00000     0.00000     0.00000     0.00000     0.00000     0.00000     0.00000     0.00000     0.00000     0.00000     0.00000     0.00000     0.00000     0.00000     0.00000     0.00000     0.00000     0.00000     0.00000     0.00000     0.00000     0.00000     0.00000     0.00000     0.00000     0.00000     0.00000     0.00000     0.00000     0.00000     0.00000     0.00000     0.00000     0.00000     0.00000     0.00000     0.00000     0.00000     0.00000     0.00000     0.00000     0.00000   785.15558   783.03430   780.91296   778.79163   776.67029   774.54895   772.42767   770.30640   768.18506   766.06372   763.94238   761.82104   759.69977     0.00000     0.00000     0.00000     0.00000     0.00000     0.00000     0.00000     0.00000     0.00000     0.00000     0.00000     0.00000     0.00000     0.00000     0.00000     0.00000     0.00000     0.00000     0.00000     0.00000     0.00000     0.00000     0.00000     0.00000     0.00000     0.00000     0.00000     0.00000     0.00000     0.00000     0.00000     0.00000     0.00000     0.00000     0.00000     0.00000     0.00000     0.00000     0.00000     0.00000     0.00000     0.00000     0.00000     0.00000     0.00000     0.00000     0.00000     0.00000     0.00000     0.00000     0.00000     0.00000     0.00000     0.00000     0.00000     0.00000     0.00000     0.00000     0.00000     0.00000     0.00000     0.00000     0.00000     0.00000     0.00000     0.00000     0.00000     0.00000     0.00000     0.00000     0.00000     0.00000     0.00000     0.00000     0.00000     0.00000     0.00000     0.00000     0.00000     0.00000     0.00000     0.00000     0.00000     0.00000     0.00000     0.00000     0.00000     0.00000     0.00000     0.00000     0.00000     0.00000     0.00000     0.00000     0.00000     0.00000     0.00000     0.00000     0.00000     0.00000     0.00000     0.00000     0.00000     0.00000     0.00000     0.00000     0.00000     0.00000
     0.00000     0.00000     0.00000     0.00000     0.00000     0.00000     0.00000     0.00000     0.00000     0.00000     0.00000     0.00000     0.00000     0.00000     0.00000     0.00000     0.00000     0.00000     0.00000     0.00000     0.00000     0.00000     0.00000     0.00000     0.00000     0.00000     0.00000     0.00000     0.00000     0.00000     0.00000     0.00000     0.00000     0.00000     0.00000     0.00000     0.00000     0.00000     0.00000     0.00000     0.00000     0.00000     0.00000     0.00000     0.00000     0.00000     0.00000     0.00000     0.00000     0.00000     0.00000     0.00000     0.00000     0.00000     0.00000     0.00000     0.00000     0.00000     0.00000     0.00000     0.00000     0.00000     0.00000     0.00000     0.00000     0.00000     0.00000     0.00000     0.00000     0.00000     0.00000     0.00000     0.00000     0.00000     0.00000     0.00000     0.00000     0.00000     0.00000     0.00000     0.00000     0.00000     0.00000     0.00000     0.00000     0.00000     0.00000     0.00000     0.00000     0.00000     0.00000     0.00000     0.00000     0.00000     0.00000     0.00000     0.00000     0.00000     0.00000     0.00000     0.00000     0.00000     0.00000     0.00000     0.00000     0.00000     0.00000     0.00000     0.00000   787.98401   785.86267   783.74139   781.62006   779.49878   777.37744   775.25610   773.13477   771.01343   768.89215   766.77087     0.00000     0.00000     0.00000     0.00000     0.00000     0.00000     0.00000     0.00000     0.00000     0.00000     0.00000     0.00000     0.00000     0.00000     0.00000     0.00000     0.00000     0.00000     0.00000     0.00000     0.00000     0.00000     0.00000     0.00000     0.00000     0.00000     0.00000     0.00000     0.00000     0.00000     0.00000     0.00000     0.00000     0.00000     0.00000     0.00000     0.00000     0.00000     0.00000     0.00000     0.00000     0.00000     0.00000     0.00000     0.00000     0.00000     0.00000     0.00000     0.00000     0.00000     0.00000     0.00000     0.00000     0.00000     0.00000     0.00000     0.00000     0.00000     0.00000     0.00000     0.00000     0.00000     0.00000     0.00000     0.00000     0.00000     0.00000     0.00000     0.00000     0.00000     0.00000     0.00000     0.00000     0.00000     0.00000     0.00000     0.00000     0.00000     0.00000     0.00000     0.00000     0.00000     0.00000     0.00000     0.00000     0.00000     0.00000     0.00000     0.00000     0.00000     0.00000     0.00000     0.00000     0.00000     0.00000     0.00000     0.00000     0.00000     0.00000     0.00000     0.00000     0.00000     0.00000     0.00000     0.00000     0.00000     0.00000     0.00000     0.00000
     0.00000     0.00000     0.00000     0.00000     0.00000     0.00000     0.00000     0.00000     0.00000     0.00000     0.00000     0.00000     0.00000     0.00000     0.00000     0.00000     0.00000     0.00000     0.00000     0.00000     0.00000     0.00000     0.00000     0.00000     0.00000     0.00000     0.00000     0.00000     0.00000     0.00000     0.00000     0.00000     0.00000     0.00000     0.00000     0.00000     0.00000     0.00000     0.00000     0.00000     0.00000     0.00000     0.00000     0.00000     0.00000     0.00000     0.00000     0.00000     0.00000     0.00000     0.00000     0.00000     0.00000     0.00000     0.00000     0.00000     0.00000     0.00000     0.00000     0.00000     0.00000     0.00000     0.00000     0.00000     0.00000     0.00000     0.00000     0.00000     0.00000     0.00000     0.00000     0.00000     0.00000     0.00000     0.00000     0.00000     0.00000     0.00000     0.00000     0.00000     0.00000     0.00000     0.00000     0.00000     0.00000     0.00000     0.00000     0.00000     0.00000     0.00000     0.00000     0.00000     0.00000     0.00000     0.00000     0.00000     0.00000     0.00000     0.00000     0.00000     0.00000     0.00000     0.00000     0.00000     0.00000     0.00000     0.00000     0.00000     0.00000     0.00000   790.81244   788.69116   786.56982   784.44849   782.32715   780.20581   778.08453   775.96326   773.84192     0.00000     0.00000     0.00000     0.00000     0.00000     0.00000     0.00000     0.00000     0.00000     0.00000     0.00000     0.00000     0.00000     0.00000     0.00000     0.00000     0.00000     0.00000     0.00000     0.00000     0.00000     0.00000     0.00000     0.00000     0.00000     0.00000     0.00000     0.00000     0.00000     0.00000     0.00000     0.00000     0.00000     0.00000     0.00000     0.00000     0.00000     0.00000     0.00000     0.00000     0.00000     0.00000     0.00000     0.00000     0.00000     0.00000     0.00000     0.00000     0.00000     0.00000     0.00000     0.00000     0.00000     0.00000     0.00000     0.00000     0.00000     0.00000     0.00000     0.00000     0.00000     0.00000     0.00000     0.00000     0.00000     0.00000     0.00000     0.00000     0.00000     0.00000     0.00000     0.00000     0.00000     0.00000     0.00000     0.00000     0.00000     0.00000     0.00000     0.00000     0.00000     0.00000     0.00000     0.00000     0.00000     0.00000     0.00000     0.00000     0.00000     0.00000     0.00000     0.00000     0.00000     0.00000     0.00000     0.00000     0.00000     0.00000     0.00000     0.00000     0.00000     0.00000     0.00000     0.00000     0.00000     0.00000     0.00000     0.00000     0.00000     0.00000
     0.00000     0.00000     0.00000     0.00000     0.00000     0.00000     0.00000     0.00000     0.00000     0.00000     0.00000     0.00000     0.00000     0.00000     0.00000     0.00000     0.00000     0.00000     0.00000     0.00000     0.00000     0.00000     0.00000     0.00000     0.00000     0.00000     0.00000     0.00000     0.00000     0.00000     0.00000     0.00000     0.00000     0.00000     0.00000     0.00000     0.00000     0.00000     0.00000     0.00000     0.00000     0.00000     0.00000     0.00000     0.00000     0.00000     0.00000     0.00000     0.00000     0.00000     0.00000     0.00000     0.00000     0.00000     0.00000     0.00000     0.00000     0.00000     0.00000     0.00000     0.00000     0.00000     0.00000     0.00000     0.00000     0.00000     0.00000     0.00000     0.00000     0.00000     0.00000     0.00000     0.00000     0.00000     0.00000     0.00000     0.00000     0.00000     0.00000     0.00000     0.00000     0.00000     0.00000     0.00000     0.00000     0.00000     0.00000     0.00000     0.00000     0.00000     0.00000     0.00000     0.00000     0.00000     0.00000     0.00000     0.00000     0.00000     0.00000     0.00000     0.00000     0.00000     0.00000     0.00000     0.00000     0.00000     0.00000     0.00000     0.00000     0.00000     0.00000   793.64087   791.51953   789.39825   787.27692   785.15564   783.03430   780.91296     0.00000     0.00000     0.00000     0.00000     0.00000     0.00000     0.00000     0.00000     0.00000     0.00000     0.00000     0.00000     0.00000     0.00000     0.00000     0.00000     0.00000     0.00000     0.00000     0.00000     0.00000     0.00000     0.00000     0.00000     0.00000     0.00000     0.00000     0.00000     0.00000     0.00000     0.00000     0.00000     0.00000     0.00000     0.00000     0.00000     0.00000     0.00000     0.00000     0.00000     0.00000     0.00000     0.00000     0.00000     0.00000     0.00000     0.00000     0.00000     0.00000     0.00000     0.00000     0.00000     0.00000     0.00000     0.00000     0.00000     0.00000     0.00000     0.00000     0.00000     0.00000     0.00000     0.00000     0.00000     0.00000     0.00000     0.00000     0.00000     0.00000     0.00000     0.00000     0.00000     0.00000     0.00000     0.00000     0.00000     0.00000     0.00000     0.00000     0.00000     0.00000     0.00000     0.00000     0.00000     0.00000     0.00000     0.00000     0.00000     0.00000     0.00000     0.00000     0.00000     0.00000     0.00000     0.00000     0.00000     0.00000     0.00000     0.00000     0.00000     0.00000     0.00000     0.00000     0.00000     0.00000     0.00000     0.00000     0.00000     0.00000     0.00000     0.00000
     0.00000     0.00000     0.00000     0.00000     0.00000     0.00000     0.00000     0.00000     0.00000     0.00000     0.00000     0.00000     0.00000     0.00000     0.00000     0.00000     0.00000     0.00000     0.00000     0.00000     0.00000     0.00000     0.00000     0.00000     0.00000     0.00000     0.00000     0.00000     0.00000     0.00000     0.00000     0.00000     0.00000     0.00000     0.00000     0.00000     0.00000     0.00000     0.00000     0.00000     0.00000     0.00000     0.00000     0.00000     0.00000     0.00000     0.00000     0.00000     0.00000     0.00000     0.00000     0.00000     0.00000     0.00000     0.00000     0.00000     0.00000     0.00000     0.00000     0.00000     0.00000     0.00000     0.00000     0.00000     0.00000     0.00000     0.00000     0.00000     0.00000     0.00000     0.00000     0.00000     0.00000     0.00000     0.00000     0.00000     0.00000     0.00000     0.00000     0.00000     0.00000     0.00000     0.00000     0.00000     0.00000     0.00000     0.00000     0.00000     0.00000     0.00000     0.00000     0.00000     0.00000     0.00000     0.00000     0.00000     0.00000     0.00000     0.00000     0.00000     0.00000     0.00000     0.00000     0.00000     0.00000     0.00000     0.00000     0.00000     0.00000     0.00000     0.00000     0.00000   796.46930   794.34802   792.22668   790.10535   787.98401     0.00000     0.00000     0.00000     0.00000     0.00000     0.00000     0.00000     0.00000     0.00000     0.00000     0.00000     0.00000     0.00000     0.00000     0.00000     0.00000     0.00000     0.00000     0.00000     0.00000     0.00000     0.00000     0.00000     0.00000     0.00000     0.00000     0.00000     0.00000     0.00000     0.00000     0.00000     0.00000     0.00000     0.00000     0.00000     0.00000     0.00000     0.00000     0.00000     0.00000     0.00000     0.00000     0.00000     0.00000     0.00000     0.00000     0.00000     0.00000     0.00000     0.00000     0.00000     0.00000     0.00000     0.00000     0.00000     0.00000     0.00000     0.00000     0.00000     0.00000     0.00000     0.00000     0.00000     0.00000     0.00000     0.00000     0.00000     0.00000     0.00000     0.00000     0.00000     0.00000     0.00000     0.00000     0.00000     0.00000     0.00000     0.00000     0.00000     0.00000     0.00000     0.00000     0.00000     0.00000     0.00000     0.00000     0.00000     0.00000     0.00000     0.00000     0.00000     0.00000     0.00000     0.00000     0.00000     0.00000     0.00000     0.00000     0.00000     0.00000     0.00000     0.00000     0.00000     0.00000     0.00000     0.00000     0.00000     0.00000     0.00000     0.00000     0.00000     0.00000
     0.00000     0.00000     0.00000     0.00000     0.00000     0.00000     0.00000     0.00000     0.00000     0.00000     0.00000     0.00000     0.00000     0.00000     0.00000     0.00000     0.00000     0.00000     0.00000     0.00000     0.00000     0.00000     0.00000     0.00000     0.00000     0.00000     0.00000     0.00000     0.00000     0.00000     0.00000     0.00000     0.00000     0.00000     0.00000     0.00000     0.00000     0.00000     0.00000     0.00000     0.00000     0.00000     0.00000     0.00000     0.00000     0.00000     0.00000     0.00000     0.00000     0.00000     0.00000     0.00000     0.00000     0.00000     0.00000     0.00000     0.00000     0.00000     0.00000     0.00000     0.00000     0.00000     0.00000     0.00000     0.00000     0.00000     0.00000     0.00000     0.00000     0.00000     0.00000     0.00000     0.00000     0.00000     0.00000     0.00000     0.00000     0.00000     0.00000     0.00000     0.00000     0.00000     0.00000     0.00000     0.00000     0.00000     0.00000     0.00000     0.00000     0.00000     0.00000     0.00000     0.00000     0.00000     0.00000     0.00000     0.00000     0.00000     0.00000     0.00000     0.00000     0.00000     0.00000     0.00000     0.00000     0.00000     0.00000     0.00000     0.00000     0.00000     0.00000     0.00000     0.00000   799.29773   797.17639   795.05511     0.00000     0.00000     0.00000     0.00000     0.00000     0.00000     0.00000     0.00000     0.00000     0.00000     0.00000     0.00000     0.00000     0.00000     0.00000     0.00000     0.00000     0.00000     0.00000     0.00000     0.00000     0.00000     0.00000     0.00000     0.00000     0.00000     0.00000     0.00000     0.00000     0.00000     0.00000     0.00000     0.00000     0.00000     0.00000     0.00000     0.00000     0.00000     0.00000     0.00000     0.00000     0.00000     0.00000     0.00000     0.00000     0.00000     0.00000     0.00000     0.00000     0.00000     0.00000     0.00000     0.00000     0.00000     0.00000     0.00000     0.00000     0.00000     0.00000     0.00000     0.00000     0.00000     0.00000     0.00000     0.00000     0.00000     0.00000     0.00000     0.00000     0.00000     0.00000     0.00000     0.00000     0.00000     0.00000     0.00000     0.00000     0.00000     0.00000     0.00000     0.00000     0.00000     0.00000     0.00000     0.00000     0.00000     0.00000     0.00000     0.00000     0.00000     0.00000     0.00000     0.00000     0.00000     0.00000     0.00000     0.00000     0.00000     0.00000     0.00000     0.00000     0.00000     0.00000     0.00000     0.00000     0.00000     0.00000     0.00000     0.00000     0.00000     0.00000     0.00000     0.00000
     0.00000     0.00000     0.00000     0.00000     0.00000     0.00000     0.00000     0.00000     0.00000     0.00000     0.00000     0.00000     0.00000     0.00000     0.00000     0.00000     0.00000     0.00000     0.00000     0.00000     0.00000     0.00000     0.00000     0.00000     0.00000     0.00000     0.00000     0.00000     0.00000     0.00000     0.00000     0.00000     0.00000     0.00000     0.00000     0.00000     0.00000     0.00000     0.00000     0.00000     0.00000     0.00000     0.00000     0.00000     0.00000     0.00000     0.00000     0.00000     0.00000     0.00000     0.00000     0.00000     0.00000     0.00000     0.00000     0.00000     0.00000     0.00000     0.00000     0.00000     0.00000     0.00000     0.00000     0.00000     0.00000     0.00000     0.00000     0.00000     0.00000     0.00000     0.00000     0.00000     0.00000     0.00000     0.00000     0.00000     0.00000     0.00000     0.00000     0.00000     0.00000     0.00000     0.00000     0.00000     0.00000     0.00000     0.00000     0.00000     0.00000     0.00000     0.00000     0.00000     0.00000     0.00000     0.00000     0.00000     0.00000     0.00000     0.00000     0.00000     0.00000     0.00000     0.00000     0.00000     0.00000     0.00000     0.00000     0.00000     0.00000     0.00000     0.00000     0.00000     0.00000     0.00000   802.12616     0.00000     0.00000     0.00000     0.00000     0.00000     0.00000     0.00000     0.00000     0.00000     0.00000     0.00000     0.00000     0.00000     0.00000     0.00000     0.00000     0.00000     0.00000     0.00000     0.00000     0.00000     0.00000     0.00000     0.00000     0.00000     0.00000     0.00000     0.00000     0.00000     0.00000     0.00000     0.00000     0.00000     0.00000     0.00000     0.00000     0.00000     0.00000     0.00000     0.00000     0.00000     0.00000     0.00000     0.00000     0.00000     0.00000     0.00000     0.00000     0.00000     0.00000     0.00000     0.00000     0.00000     0.00000     0.00000     0.00000     0.00000     0.00000     0.00000     0.00000     0.00000     0.00000     0.00000     0.00000     0.00000     0.00000     0.00000     0.00000     0.00000     0.00000     0.00000     0.00000     0.00000     0.00000     0.00000     0.00000     0.00000     0.00000     0.00000     0.00000     0.00000     0.00000     0.00000     0.00000     0.00000     0.00000     0.00000     0.00000     0.00000     0.00000     0.00000     0.00000     0.00000     0.00000     0.00000     0.00000     0.00000     0.00000     0.00000     0.00000     0.00000     0.00000     0.00000     0.00000     0.00000     0.00000     0.00000     0.00000     0.00000     0.00000     0.00000     0.00000     0.00000     0.00000
