   -62.30500   -62.30500   -62.30500   -62.30500   -62.30500   -62.30500   -62.30500   -62.30500   -62.30500   -62.30500   -62.30500   -62.30500   -62.30500   -62.30500   -62.30500   -62.30500   -62.30500   -62.30500   -62.30500   -62.30500   -62.30500   -62.30500   -62.30500   -62.30500   -62.30500   -62.30500   -62.30500   -62.30500   -62.30500   -62.30500   -62.30500   -62.30500   -62.30500   -62.30500   -62.30500   -62.30500   -62.30500   -62.30500   -62.30500   -62.30500   -62.30500   -62.30500   -62.30500   -62.30500   -62.30500   -62.30500   -62.30500   -62.30500   -62.30500   -62.30500   -62.30500   -62.30500   -62.30500   -62.30500   -62.30500   -62.30500   -62.30500   -62.30500   -62.30500   -62.30500   -62.30500   -62.30500   -62.30500   -62.30500   -62.30500   -62.30500   -62.30500   -62.30500   -62.30500   -62.30500   -62.30500   -62.30500   -62.30500   -62.30500   -62.30500   -62.30500   -62.30500   -62.30500   -62.30500   -62.30500   -62.30500   -62.30500   -62.30500   -62.30500   -62.30500   -62.30500   -62.30500   -62.30500   -62.30500   -62.30500   -62.30500   -62.30500   -62.30500   -62.30500   -62.30500   -62.30500   -62.30500   -62.30500   -62.30500   -62.30500   -62.30500   -62.30500   -62.30500   -62.30500   -62.30500   -62.30500   -62.30500   -62.30500   -62.30500   -62.30500   -62.30500   -62.30500   -62.30500   -62.30500   -62.30500   -62.30500   -62.30500   -62.30500   -62.30500   -62.30500   -62.30500   -62.30500   -62.30500   -62.30500   -62.30500   -62.30500   -62.30500   -62.30500   -62.30500   -62.30500   -62.30500   -62.30500   -62.30500   -62.30500   -62.30500   -62.30500   -62.30500   -62.30500   -62.30500   -62.30500   -62.30500   -62.30500   -62.30500   -62.30500   -62.30500   -62.30500   -62.30500   -62.30500   -62.30500   -62.30500   -62.30500   -62.30500   -62.30500   -62.30500   -62.30500   -62.30500   -62.30500   -62.30500   -62.30500   -62.30500   -62.30500   -62.30500
   -62.29500   -62.29500   -62.29500   -62.29500   -62.29500   -62.29500   -62.29500   -62.29500   -62.29500   -62.29500   -62.29500   -62.29500   -62.29500   -62.29500   -62.29500   -62.29500   -62.29500   -62.29500   -62.29500   -62.29500   -62.29500   -62.29500   -62.29500   -62.29500   -62.29500   -62.29500   -62.29500   -62.29500   -62.29500   -62.29500   -62.29500   -62.29500   -62.29500   -62.29500   -62.29500   -62.29500   -62.29500   -62.29500   -62.29500   -62.29500   -62.29500   -62.29500   -62.29500   -62.29500   -62.29500   -62.29500   -62.29500   -62.29500   -62.29500   -62.29500   -62.29500   -62.29500   -62.29500   -62.29500   -62.29500   -62.29500   -62.29500   -62.29500   -62.29500   -62.29500   -62.29500   -62.29500   -62.29500   -62.29500   -62.29500   -62.29500   -62.29500   -62.29500   -62.29500   -62.29500   -62.29500   -62.29500   -62.29500   -62.29500   -62.29500   -62.29500   -62.29500   -62.29500   -62.29500   -62.29500   -62.29500   -62.29500   -62.29500   -62.29500   -62.29500   -62.29500   -62.29500   -62.29500   -62.29500   -62.29500   -62.29500   -62.29500   -62.29500   -62.29500   -62.29500   -62.29500   -62.29500   -62.29500   -62.29500   -62.29500   -62.29500   -62.29500   -62.29500   -62.29500   -62.29500   -62.29500   -62.29500   -62.29500   -62.29500   -62.29500   -62.29500   -62.29500   -62.29500   -62.29500   -62.29500   -62.29500   -62.29500   -62.29500   -62.29500   -62.29500   -62.29500   -62.29500   -62.29500   -62.29500   -62.29500   -62.29500   -62.29500   -62.29500   -62.29500   -62.29500   -62.29500   -62.29500   -62.29500   -62.29500   -62.29500   -62.29500   -62.29500   -62.29500   -62.29500   -62.29500   -62.29500   -62.29500   -62.29500   -62.29500   -62.29500   -62.29500   -62.29500   -62.29500   -62.29500   -62.29500   -62.29500   -62.29500   -62.29500   -62.29500   -62.29500   -62.29500   -62.29500   -62.29500   -62.29500   -62.29500   -62.29500   -62.29500
   -62.28500   -62.28500   -62.28500   -62.28500   -62.28500   -62.28500   -62.28500   -62.28500   -62.28500   -62.28500   -62.28500   -62.28500   -62.28500   -62.28500   -62.28500   -62.28500   -62.28500   -62.28500   -62.28500   -62.28500   -62.28500   -62.28500   -62.28500   -62.28500   -62.28500   -62.28500   -62.28500   -62.28500   -62.28500   -62.28500   -62.28500   -62.28500   -62.28500   -62.28500   -62.28500   -62.28500   -62.28500   -62.28500   -62.28500   -62.28500   -62.28500   -62.28500   -62.28500   -62.28500   -62.28500   -62.28500   -62.28500   -62.28500   -62.28500   -62.28500   -62.28500   -62.28500   -62.28500   -62.28500   -62.28500   -62.28500   -62.28500   -62.28500   -62.28500   -62.28500   -62.28500   -62.28500   -62.28500   -62.28500   -62.28500   -62.28500   -62.28500   -62.28500   -62.28500   -62.28500   -62.28500   -62.28500   -62.28500   -62.28500   -62.28500   -62.28500   -62.28500   -62.28500   -62.28500   -62.28500   -62.28500   -62.28500   -62.28500   -62.28500   -62.28500   -62.28500   -62.28500   -62.28500   -62.28500   -62.28500   -62.28500   -62.28500   -62.28500   -62.28500   -62.28500   -62.28500   -62.28500   -62.28500   -62.28500   -62.28500   -62.28500   -62.28500   -62.28500   -62.28500   -62.28500   -62.28500   -62.28500   -62.28500   -62.28500   -62.28500   -62.28500   -62.28500   -62.28500   -62.28500   -62.28500   -62.28500   -62.28500   -62.28500   -62.28500   -62.28500   -62.28500   -62.28500   -62.28500   -62.28500   -62.28500   -62.28500   -62.28500   -62.28500   -62.28500   -62.28500   -62.28500   -62.28500   -62.28500   -62.28500   -62.28500   -62.28500   -62.28500   -62.28500   -62.28500   -62.28500   -62.28500   -62.28500   -62.28500   -62.28500   -62.28500   -62.28500   -62.28500   -62.28500   -62.28500   -62.28500   -62.28500   -62.28500   -62.28500   -62.28500   -62.28500   -62.28500   -62.28500   -62.28500   -62.28500   -62.28500   -62.28500   -62.28500
   -62.27500   -62.27500   -62.27500   -62.27500   -62.27500   -62.27500   -62.27500   -62.27500   -62.27500   -62.27500   -62.27500   -62.27500   -62.27500   -62.27500   -62.27500   -62.27500   -62.27500   -62.27500   -62.27500   -62.27500   -62.27500   -62.27500   -62.27500   -62.27500   -62.27500   -62.27500   -62.27500   -62.27500   -62.27500   -62.27500   -62.27500   -62.27500   -62.27500   -62.27500   -62.27500   -62.27500   -62.27500   -62.27500   -62.27500   -62.27500   -62.27500   -62.27500   -62.27500   -62.27500   -62.27500   -62.27500   -62.27500   -62.27500   -62.27500   -62.27500   -62.27500   -62.27500   -62.27500   -62.27500   -62.27500   -62.27500   -62.27500   -62.27500   -62.27500   -62.27500   -62.27500   -62.27500   -62.27500   -62.27500   -62.27500   -62.27500   -62.27500   -62.27500   -62.27500   -62.27500   -62.27500   -62.27500   -62.27500   -62.27500   -62.27500   -62.27500   -62.27500   -62.27500   -62.27500   -62.27500   -62.27500   -62.27500   -62.27500   -62.27500   -62.27500   -62.27500   -62.27500   -62.27500   -62.27500   -62.27500   -62.27500   -62.27500   -62.27500   -62.27500   -62.27500   -62.27500   -62.27500   -62.27500   -62.27500   -62.27500   -62.27500   -62.27500   -62.27500   -62.27500   -62.27500   -62.27500   -62.27500   -62.27500   -62.27500   -62.27500   -62.27500   -62.27500   -62.27500   -62.27500   -62.27500   -62.27500   -62.27500   -62.27500   -62.27500   -62.27500   -62.27500   -62.27500   -62.27500   -62.27500   -62.27500   -62.27500   -62.27500   -62.27500   -62.27500   -62.27500   -62.27500   -62.27500   -62.27500   -62.27500   -62.27500   -62.27500   -62.27500   -62.27500   -62.27500   -62.27500   -62.27500   -62.27500   -62.27500   -62.27500   -62.27500   -62.27500   -62.27500   -62.27500   -62.27500   -62.27500   -62.27500   -62.27500   -62.27500   -62.27500   -62.27500   -62.27500   -62.27500   -62.27500   -62.27500   -62.27500   -62.27500   -62.27500
   -62.26500   -62.26500   -62.26500   -62.26500   -62.26500   -62.26500   -62.26500   -62.26500   -62.26500   -62.26500   -62.26500   -62.26500   -62.26500   -62.26500   -62.26500   -62.26500   -62.26500   -62.26500   -62.26500   -62.26500   -62.26500   -62.26500   -62.26500   -62.26500   -62.26500   -62.26500   -62.26500   -62.26500   -62.26500   -62.26500   -62.26500   -62.26500   -62.26500   -62.26500   -62.26500   -62.26500   -62.26500   -62.26500   -62.26500   -62.26500   -62.26500   -62.26500   -62.26500   -62.26500   -62.26500   -62.26500   -62.26500   -62.26500   -62.26500   -62.26500   -62.26500   -62.26500   -62.26500   -62.26500   -62.26500   -62.26500   -62.26500   -62.26500   -62.26500   -62.26500   -62.26500   -62.26500   -62.26500   -62.26500   -62.26500   -62.26500   -62.26500   -62.26500   -62.26500   -62.26500   -62.26500   -62.26500   -62.26500   -62.26500   -62.26500   -62.26500   -62.26500   -62.26500   -62.26500   -62.26500   -62.26500   -62.26500   -62.26500   -62.26500   -62.26500   -62.26500   -62.26500   -62.26500   -62.26500   -62.26500   -62.26500   -62.26500   -62.26500   -62.26500   -62.26500   -62.26500   -62.26500   -62.26500   -62.26500   -62.26500   -62.26500   -62.26500   -62.26500   -62.26500   -62.26500   -62.26500   -62.26500   -62.26500   -62.26500   -62.26500   -62.26500   -62.26500   -62.26500   -62.26500   -62.26500   -62.26500   -62.26500   -62.26500   -62.26500   -62.26500   -62.26500   -62.26500   -62.26500   -62.26500   -62.26500   -62.26500   -62.26500   -62.26500   -62.26500   -62.26500   -62.26500   -62.26500   -62.26500   -62.26500   -62.26500   -62.26500   -62.26500   -62.26500   -62.26500   -62.26500   -62.26500   -62.26500   -62.26500   -62.26500   -62.26500   -62.26500   -62.26500   -62.26500   -62.26500   -62.26500   -62.26500   -62.26500   -62.26500   -62.26500   -62.26500   -62.26500   -62.26500   -62.26500   -62.26500   -62.26500   -62.26500   -62.26500
   -62.25500   -62.25500   -62.25500   -62.25500   -62.25500   -62.25500   -62.25500   -62.25500   -62.25500   -62.25500   -62.25500   -62.25500   -62.25500   -62.25500   -62.25500   -62.25500   -62.25500   -62.25500   -62.25500   -62.25500   -62.25500   -62.25500   -62.25500   -62.25500   -62.25500   -62.25500   -62.25500   -62.25500   -62.25500   -62.25500   -62.25500   -62.25500   -62.25500   -62.25500   -62.25500   -62.25500   -62.25500   -62.25500   -62.25500   -62.25500   -62.25500   -62.25500   -62.25500   -62.25500   -62.25500   -62.25500   -62.25500   -62.25500   -62.25500   -62.25500   -62.25500   -62.25500   -62.25500   -62.25500   -62.25500   -62.25500   -62.25500   -62.25500   -62.25500   -62.25500   -62.25500   -62.25500   -62.25500   -62.25500   -62.25500   -62.25500   -62.25500   -62.25500   -62.25500   -62.25500   -62.25500   -62.25500   -62.25500   -62.25500   -62.25500   -62.25500   -62.25500   -62.25500   -62.25500   -62.25500   -62.25500   -62.25500   -62.25500   -62.25500   -62.25500   -62.25500   -62.25500   -62.25500   -62.25500   -62.25500   -62.25500   -62.25500   -62.25500   -62.25500   -62.25500   -62.25500   -62.25500   -62.25500   -62.25500   -62.25500   -62.25500   -62.25500   -62.25500   -62.25500   -62.25500   -62.25500   -62.25500   -62.25500   -62.25500   -62.25500   -62.25500   -62.25500   -62.25500   -62.25500   -62.25500   -62.25500   -62.25500   -62.25500   -62.25500   -62.25500   -62.25500   -62.25500   -62.25500   -62.25500   -62.25500   -62.25500   -62.25500   -62.25500   -62.25500   -62.25500   -62.25500   -62.25500   -62.25500   -62.25500   -62.25500   -62.25500   -62.25500   -62.25500   -62.25500   -62.25500   -62.25500   -62.25500   -62.25500   -62.25500   -62.25500   -62.25500   -62.25500   -62.25500   -62.25500   -62.25500   -62.25500   -62.25500   -62.25500   -62.25500   -62.25500   -62.25500   -62.25500   -62.25500   -62.25500   -62.25500   -62.25500   -62.25500
   -62.24500   -62.24500   -62.24500   -62.24500   -62.24500   -62.24500   -62.24500   -62.24500   -62.24500   -62.24500   -62.24500   -62.24500   -62.24500   -62.24500   -62.24500   -62.24500   -62.24500   -62.24500   -62.24500   -62.24500   -62.24500   -62.24500   -62.24500   -62.24500   -62.24500   -62.24500   -62.24500   -62.24500   -62.24500   -62.24500   -62.24500   -62.24500   -62.24500   -62.24500   -62.24500   -62.24500   -62.24500   -62.24500   -62.24500   -62.24500   -62.24500   -62.24500   -62.24500   -62.24500   -62.24500   -62.24500   -62.24500   -62.24500   -62.24500   -62.24500   -62.24500   -62.24500   -62.24500   -62.24500   -62.24500   -62.24500   -62.24500   -62.24500   -62.24500   -62.24500   -62.24500   -62.24500   -62.24500   -62.24500   -62.24500   -62.24500   -62.24500   -62.24500   -62.24500   -62.24500   -62.24500   -62.24500   -62.24500   -62.24500   -62.24500   -62.24500   -62.24500   -62.24500   -62.24500   -62.24500   -62.24500   -62.24500   -62.24500   -62.24500   -62.24500   -62.24500   -62.24500   -62.24500   -62.24500   -62.24500   -62.24500   -62.24500   -62.24500   -62.24500   -62.24500   -62.24500   -62.24500   -62.24500   -62.24500   -62.24500   -62.24500   -62.24500   -62.24500   -62.24500   -62.24500   -62.24500   -62.24500   -62.24500   -62.24500   -62.24500   -62.24500   -62.24500   -62.24500   -62.24500   -62.24500   -62.24500   -62.24500   -62.24500   -62.24500   -62.24500   -62.24500   -62.24500   -62.24500   -62.24500   -62.24500   -62.24500   -62.24500   -62.24500   -62.24500   -62.24500   -62.24500   -62.24500   -62.24500   -62.24500   -62.24500   -62.24500   -62.24500   -62.24500   -62.24500   -62.24500   -62.24500   -62.24500   -62.24500   -62.24500   -62.24500   -62.24500   -62.24500   -62.24500   -62.24500   -62.24500   -62.24500   -62.24500   -62.24500   -62.24500   -62.24500   -62.24500   -62.24500   -62.24500   -62.24500   -62.24500   -62.24500   -62.24500
   -62.23500   -62.23500   -62.23500   -62.23500   -62.23500   -62.23500   -62.23500   -62.23500   -62.23500   -62.23500   -62.23500   -62.23500   -62.23500   -62.23500   -62.23500   -62.23500   -62.23500   -62.23500   -62.23500   -62.23500   -62.23500   -62.23500   -62.23500   -62.23500   -62.23500   -62.23500   -62.23500   -62.23500   -62.23500   -62.23500   -62.23500   -62.23500   -62.23500   -62.23500   -62.23500   -62.23500   -62.23500   -62.23500   -62.23500   -62.23500   -62.23500   -62.23500   -62.23500   -62.23500   -62.23500   -62.23500   -62.23500   -62.23500   -62.23500   -62.23500   -62.23500   -62.23500   -62.23500   -62.23500   -62.23500   -62.23500   -62.23500   -62.23500   -62.23500   -62.23500   -62.23500   -62.23500   -62.23500   -62.23500   -62.23500   -62.23500   -62.23500   -62.23500   -62.23500   -62.23500   -62.23500   -62.23500   -62.23500   -62.23500   -62.23500   -62.23500   -62.23500   -62.23500   -62.23500   -62.23500   -62.23500   -62.23500   -62.23500   -62.23500   -62.23500   -62.23500   -62.23500   -62.23500   -62.23500   -62.23500   -62.23500   -62.23500   -62.23500   -62.23500   -62.23500   -62.23500   -62.23500   -62.23500   -62.23500   -62.23500   -62.23500   -62.23500   -62.23500   -62.23500   -62.23500   -62.23500   -62.23500   -62.23500   -62.23500   -62.23500   -62.23500   -62.23500   -62.23500   -62.23500   -62.23500   -62.23500   -62.23500   -62.23500   -62.23500   -62.23500   -62.23500   -62.23500   -62.23500   -62.23500   -62.23500   -62.23500   -62.23500   -62.23500   -62.23500   -62.23500   -62.23500   -62.23500   -62.23500   -62.23500   -62.23500   -62.23500   -62.23500   -62.23500   -62.23500   -62.23500   -62.23500   -62.23500   -62.23500   -62.23500   -62.23500   -62.23500   -62.23500   -62.23500   -62.23500   -62.23500   -62.23500   -62.23500   -62.23500   -62.23500   -62.23500   -62.23500   -62.23500   -62.23500   -62.23500   -62.23500   -62.23500   -62.23500
   -62.22500   -62.22500   -62.22500   -62.22500   -62.22500   -62.22500   -62.22500   -62.22500   -62.22500   -62.22500   -62.22500   -62.22500   -62.22500   -62.22500   -62.22500   -62.22500   -62.22500   -62.22500   -62.22500   -62.22500   -62.22500   -62.22500   -62.22500   -62.22500   -62.22500   -62.22500   -62.22500   -62.22500   -62.22500   -62.22500   -62.22500   -62.22500   -62.22500   -62.22500   -62.22500   -62.22500   -62.22500   -62.22500   -62.22500   -62.22500   -62.22500   -62.22500   -62.22500   -62.22500   -62.22500   -62.22500   -62.22500   -62.22500   -62.22500   -62.22500   -62.22500   -62.22500   -62.22500   -62.22500   -62.22500   -62.22500   -62.22500   -62.22500   -62.22500   -62.22500   -62.22500   -62.22500   -62.22500   -62.22500   -62.22500   -62.22500   -62.22500   -62.22500   -62.22500   -62.22500   -62.22500   -62.22500   -62.22500   -62.22500   -62.22500   -62.22500   -62.22500   -62.22500   -62.22500   -62.22500   -62.22500   -62.22500   -62.22500   -62.22500   -62.22500   -62.22500   -62.22500   -62.22500   -62.22500   -62.22500   -62.22500   -62.22500   -62.22500   -62.22500   -62.22500   -62.22500   -62.22500   -62.22500   -62.22500   -62.22500   -62.22500   -62.22500   -62.22500   -62.22500   -62.22500   -62.22500   -62.22500   -62.22500   -62.22500   -62.22500   -62.22500   -62.22500   -62.22500   -62.22500   -62.22500   -62.22500   -62.22500   -62.22500   -62.22500   -62.22500   -62.22500   -62.22500   -62.22500   -62.22500   -62.22500   -62.22500   -62.22500   -62.22500   -62.22500   -62.22500   -62.22500   -62.22500   -62.22500   -62.22500   -62.22500   -62.22500   -62.22500   -62.22500   -62.22500   -62.22500   -62.22500   -62.22500   -62.22500   -62.22500   -62.22500   -62.22500   -62.22500   -62.22500   -62.22500   -62.22500   -62.22500   -62.22500   -62.22500   -62.22500   -62.22500   -62.22500   -62.22500   -62.22500   -62.22500   -62.22500   -62.22500   -62.22500
   -62.21500   -62.21500   -62.21500   -62.21500   -62.21500   -62.21500   -62.21500   -62.21500   -62.21500   -62.21500   -62.21500   -62.21500   -62.21500   -62.21500   -62.21500   -62.21500   -62.21500   -62.21500   -62.21500   -62.21500   -62.21500   -62.21500   -62.21500   -62.21500   -62.21500   -62.21500   -62.21500   -62.21500   -62.21500   -62.21500   -62.21500   -62.21500   -62.21500   -62.21500   -62.21500   -62.21500   -62.21500   -62.21500   -62.21500   -62.21500   -62.21500   -62.21500   -62.21500   -62.21500   -62.21500   -62.21500   -62.21500   -62.21500   -62.21500   -62.21500   -62.21500   -62.21500   -62.21500   -62.21500   -62.21500   -62.21500   -62.21500   -62.21500   -62.21500   -62.21500   -62.21500   -62.21500   -62.21500   -62.21500   -62.21500   -62.21500   -62.21500   -62.21500   -62.21500   -62.21500   -62.21500   -62.21500   -62.21500   -62.21500   -62.21500   -62.21500   -62.21500   -62.21500   -62.21500   -62.21500   -62.21500   -62.21500   -62.21500   -62.21500   -62.21500   -62.21500   -62.21500   -62.21500   -62.21500   -62.21500   -62.21500   -62.21500   -62.21500   -62.21500   -62.21500   -62.21500   -62.21500   -62.21500   -62.21500   -62.21500   -62.21500   -62.21500   -62.21500   -62.21500   -62.21500   -62.21500   -62.21500   -62.21500   -62.21500   -62.21500   -62.21500   -62.21500   -62.21500   -62.21500   -62.21500   -62.21500   -62.21500   -62.21500   -62.21500   -62.21500   -62.21500   -62.21500   -62.21500   -62.21500   -62.21500   -62.21500   -62.21500   -62.21500   -62.21500   -62.21500   -62.21500   -62.21500   -62.21500   -62.21500   -62.21500   -62.21500   -62.21500   -62.21500   -62.21500   -62.21500   -62.21500   -62.21500   -62.21500   -62.21500   -62.21500   -62.21500   -62.21500   -62.21500   -62.21500   -62.21500   -62.21500   -62.21500   -62.21500   -62.21500   -62.21500   -62.21500   -62.21500   -62.21500   -62.21500   -62.21500   -62.21500   -62.21500
   -62.20500   -62.20500   -62.20500   -62.20500   -62.20500   -62.20500   -62.20500   -62.20500   -62.20500   -62.20500   -62.20500   -62.20500   -62.20500   -62.20500   -62.20500   -62.20500   -62.20500   -62.20500   -62.20500   -62.20500   -62.20500   -62.20500   -62.20500   -62.20500   -62.20500   -62.20500   -62.20500   -62.20500   -62.20500   -62.20500   -62.20500   -62.20500   -62.20500   -62.20500   -62.20500   -62.20500   -62.20500   -62.20500   -62.20500   -62.20500   -62.20500   -62.20500   -62.20500   -62.20500   -62.20500   -62.20500   -62.20500   -62.20500   -62.20500   -62.20500   -62.20500   -62.20500   -62.20500   -62.20500   -62.20500   -62.20500   -62.20500   -62.20500   -62.20500   -62.20500   -62.20500   -62.20500   -62.20500   -62.20500   -62.20500   -62.20500   -62.20500   -62.20500   -62.20500   -62.20500   -62.20500   -62.20500   -62.20500   -62.20500   -62.20500   -62.20500   -62.20500   -62.20500   -62.20500   -62.20500   -62.20500   -62.20500   -62.20500   -62.20500   -62.20500   -62.20500   -62.20500   -62.20500   -62.20500   -62.20500   -62.20500   -62.20500   -62.20500   -62.20500   -62.20500   -62.20500   -62.20500   -62.20500   -62.20500   -62.20500   -62.20500   -62.20500   -62.20500   -62.20500   -62.20500   -62.20500   -62.20500   -62.20500   -62.20500   -62.20500   -62.20500   -62.20500   -62.20500   -62.20500   -62.20500   -62.20500   -62.20500   -62.20500   -62.20500   -62.20500   -62.20500   -62.20500   -62.20500   -62.20500   -62.20500   -62.20500   -62.20500   -62.20500   -62.20500   -62.20500   -62.20500   -62.20500   -62.20500   -62.20500   -62.20500   -62.20500   -62.20500   -62.20500   -62.20500   -62.20500   -62.20500   -62.20500   -62.20500   -62.20500   -62.20500   -62.20500   -62.20500   -62.20500   -62.20500   -62.20500   -62.20500   -62.20500   -62.20500   -62.20500   -62.20500   -62.20500   -62.20500   -62.20500   -62.20500   -62.20500   -62.20500   -62.20500
   -62.19500   -62.19500   -62.19500   -62.19500   -62.19500   -62.19500   -62.19500   -62.19500   -62.19500   -62.19500   -62.19500   -62.19500   -62.19500   -62.19500   -62.19500   -62.19500   -62.19500   -62.19500   -62.19500   -62.19500   -62.19500   -62.19500   -62.19500   -62.19500   -62.19500   -62.19500   -62.19500   -62.19500   -62.19500   -62.19500   -62.19500   -62.19500   -62.19500   -62.19500   -62.19500   -62.19500   -62.19500   -62.19500   -62.19500   -62.19500   -62.19500   -62.19500   -62.19500   -62.19500   -62.19500   -62.19500   -62.19500   -62.19500   -62.19500   -62.19500   -62.19500   -62.19500   -62.19500   -62.19500   -62.19500   -62.19500   -62.19500   -62.19500   -62.19500   -62.19500   -62.19500   -62.19500   -62.19500   -62.19500   -62.19500   -62.19500   -62.19500   -62.19500   -62.19500   -62.19500   -62.19500   -62.19500   -62.19500   -62.19500   -62.19500   -62.19500   -62.19500   -62.19500   -62.19500   -62.19500   -62.19500   -62.19500   -62.19500   -62.19500   -62.19500   -62.19500   -62.19500   -62.19500   -62.19500   -62.19500   -62.19500   -62.19500   -62.19500   -62.19500   -62.19500   -62.19500   -62.19500   -62.19500   -62.19500   -62.19500   -62.19500   -62.19500   -62.19500   -62.19500   -62.19500   -62.19500   -62.19500   -62.19500   -62.19500   -62.19500   -62.19500   -62.19500   -62.19500   -62.19500   -62.19500   -62.19500   -62.19500   -62.19500   -62.19500   -62.19500   -62.19500   -62.19500   -62.19500   -62.19500   -62.19500   -62.19500   -62.19500   -62.19500   -62.19500   -62.19500   -62.19500   -62.19500   -62.19500   -62.19500   -62.19500   -62.19500   -62.19500   -62.19500   -62.19500   -62.19500   -62.19500   -62.19500   -62.19500   -62.19500   -62.19500   -62.19500   -62.19500   -62.19500   -62.19500   -62.19500   -62.19500   -62.19500   -62.19500   -62.19500   -62.19500   -62.19500   -62.19500   -62.19500   -62.19500   -62.19500   -62.19500   -62.19500
   -62.18500   -62.18500   -62.18500   -62.18500   -62.18500   -62.18500   -62.18500   -62.18500   -62.18500   -62.18500   -62.18500   -62.18500   -62.18500   -62.18500   -62.18500   -62.18500   -62.18500   -62.18500   -62.18500   -62.18500   -62.18500   -62.18500   -62.18500   -62.18500   -62.18500   -62.18500   -62.18500   -62.18500   -62.18500   -62.18500   -62.18500   -62.18500   -62.18500   -62.18500   -62.18500   -62.18500   -62.18500   -62.18500   -62.18500   -62.18500   -62.18500   -62.18500   -62.18500   -62.18500   -62.18500   -62.18500   -62.18500   -62.18500   -62.18500   -62.18500   -62.18500   -62.18500   -62.18500   -62.18500   -62.18500   -62.18500   -62.18500   -62.18500   -62.18500   -62.18500   -62.18500   -62.18500   -62.18500   -62.18500   -62.18500   -62.18500   -62.18500   -62.18500   -62.18500   -62.18500   -62.18500   -62.18500   -62.18500   -62.18500   -62.18500   -62.18500   -62.18500   -62.18500   -62.18500   -62.18500   -62.18500   -62.18500   -62.18500   -62.18500   -62.18500   -62.18500   -62.18500   -62.18500   -62.18500   -62.18500   -62.18500   -62.18500   -62.18500   -62.18500   -62.18500   -62.18500   -62.18500   -62.18500   -62.18500   -62.18500   -62.18500   -62.18500   -62.18500   -62.18500   -62.18500   -62.18500   -62.18500   -62.18500   -62.18500   -62.18500   -62.18500   -62.18500   -62.18500   -62.18500   -62.18500   -62.18500   -62.18500   -62.18500   -62.18500   -62.18500   -62.18500   -62.18500   -62.18500   -62.18500   -62.18500   -62.18500   -62.18500   -62.18500   -62.18500   -62.18500   -62.18500   -62.18500   -62.18500   -62.18500   -62.18500   -62.18500   -62.18500   -62.18500   -62.18500   -62.18500   -62.18500   -62.18500   -62.18500   -62.18500   -62.18500   -62.18500   -62.18500   -62.18500   -62.18500   -62.18500   -62.18500   -62.18500   -62.18500   -62.18500   -62.18500   -62.18500   -62.18500   -62.18500   -62.18500   -62.18500   -62.18500   -62.18500
   -62.17500   -62.17500   -62.17500   -62.17500   -62.17500   -62.17500   -62.17500   -62.17500   -62.17500   -62.17500   -62.17500   -62.17500   -62.17500   -62.17500   -62.17500   -62.17500   -62.17500   -62.17500   -62.17500   -62.17500   -62.17500   -62.17500   -62.17500   -62.17500   -62.17500   -62.17500   -62.17500   -62.17500   -62.17500   -62.17500   -62.17500   -62.17500   -62.17500   -62.17500   -62.17500   -62.17500   -62.17500   -62.17500   -62.17500   -62.17500   -62.17500   -62.17500   -62.17500   -62.17500   -62.17500   -62.17500   -62.17500   -62.17500   -62.17500   -62.17500   -62.17500   -62.17500   -62.17500   -62.17500   -62.17500   -62.17500   -62.17500   -62.17500   -62.17500   -62.17500   -62.17500   -62.17500   -62.17500   -62.17500   -62.17500   -62.17500   -62.17500   -62.17500   -62.17500   -62.17500   -62.17500   -62.17500   -62.17500   -62.17500   -62.17500   -62.17500   -62.17500   -62.17500   -62.17500   -62.17500   -62.17500   -62.17500   -62.17500   -62.17500   -62.17500   -62.17500   -62.17500   -62.17500   -62.17500   -62.17500   -62.17500   -62.17500   -62.17500   -62.17500   -62.17500   -62.17500   -62.17500   -62.17500   -62.17500   -62.17500   -62.17500   -62.17500   -62.17500   -62.17500   -62.17500   -62.17500   -62.17500   -62.17500   -62.17500   -62.17500   -62.17500   -62.17500   -62.17500   -62.17500   -62.17500   -62.17500   -62.17500   -62.17500   -62.17500   -62.17500   -62.17500   -62.17500   -62.17500   -62.17500   -62.17500   -62.17500   -62.17500   -62.17500   -62.17500   -62.17500   -62.17500   -62.17500   -62.17500   -62.17500   -62.17500   -62.17500   -62.17500   -62.17500   -62.17500   -62.17500   -62.17500   -62.17500   -62.17500   -62.17500   -62.17500   -62.17500   -62.17500   -62.17500   -62.17500   -62.17500   -62.17500   -62.17500   -62.17500   -62.17500   -62.17500   -62.17500   -62.17500   -62.17500   -62.17500   -62.17500   -62.17500   -62.17500
   -62.16500   -62.16500   -62.16500   -62.16500   -62.16500   -62.16500   -62.16500   -62.16500   -62.16500   -62.16500   -62.16500   -62.16500   -62.16500   -62.16500   -62.16500   -62.16500   -62.16500   -62.16500   -62.16500   -62.16500   -62.16500   -62.16500   -62.16500   -62.16500   -62.16500   -62.16500   -62.16500   -62.16500   -62.16500   -62.16500   -62.16500   -62.16500   -62.16500   -62.16500   -62.16500   -62.16500   -62.16500   -62.16500   -62.16500   -62.16500   -62.16500   -62.16500   -62.16500   -62.16500   -62.16500   -62.16500   -62.16500   -62.16500   -62.16500   -62.16500   -62.16500   -62.16500   -62.16500   -62.16500   -62.16500   -62.16500   -62.16500   -62.16500   -62.16500   -62.16500   -62.16500   -62.16500   -62.16500   -62.16500   -62.16500   -62.16500   -62.16500   -62.16500   -62.16500   -62.16500   -62.16500   -62.16500   -62.16500   -62.16500   -62.16500   -62.16500   -62.16500   -62.16500   -62.16500   -62.16500   -62.16500   -62.16500   -62.16500   -62.16500   -62.16500   -62.16500   -62.16500   -62.16500   -62.16500   -62.16500   -62.16500   -62.16500   -62.16500   -62.16500   -62.16500   -62.16500   -62.16500   -62.16500   -62.16500   -62.16500   -62.16500   -62.16500   -62.16500   -62.16500   -62.16500   -62.16500   -62.16500   -62.16500   -62.16500   -62.16500   -62.16500   -62.16500   -62.16500   -62.16500   -62.16500   -62.16500   -62.16500   -62.16500   -62.16500   -62.16500   -62.16500   -62.16500   -62.16500   -62.16500   -62.16500   -62.16500   -62.16500   -62.16500   -62.16500   -62.16500   -62.16500   -62.16500   -62.16500   -62.16500   -62.16500   -62.16500   -62.16500   -62.16500   -62.16500   -62.16500   -62.16500   -62.16500   -62.16500   -62.16500   -62.16500   -62.16500   -62.16500   -62.16500   -62.16500   -62.16500   -62.16500   -62.16500   -62.16500   -62.16500   -62.16500   -62.16500   -62.16500   -62.16500   -62.16500   -62.16500   -62.16500   -62.16500
   -62.15500   -62.15500   -62.15500   -62.15500   -62.15500   -62.15500   -62.15500   -62.15500   -62.15500   -62.15500   -62.15500   -62.15500   -62.15500   -62.15500   -62.15500   -62.15500   -62.15500   -62.15500   -62.15500   -62.15500   -62.15500   -62.15500   -62.15500   -62.15500   -62.15500   -62.15500   -62.15500   -62.15500   -62.15500   -62.15500   -62.15500   -62.15500   -62.15500   -62.15500   -62.15500   -62.15500   -62.15500   -62.15500   -62.15500   -62.15500   -62.15500   -62.15500   -62.15500   -62.15500   -62.15500   -62.15500   -62.15500   -62.15500   -62.15500   -62.15500   -62.15500   -62.15500   -62.15500   -62.15500   -62.15500   -62.15500   -62.15500   -62.15500   -62.15500   -62.15500   -62.15500   -62.15500   -62.15500   -62.15500   -62.15500   -62.15500   -62.15500   -62.15500   -62.15500   -62.15500   -62.15500   -62.15500   -62.15500   -62.15500   -62.15500   -62.15500   -62.15500   -62.15500   -62.15500   -62.15500   -62.15500   -62.15500   -62.15500   -62.15500   -62.15500   -62.15500   -62.15500   -62.15500   -62.15500   -62.15500   -62.15500   -62.15500   -62.15500   -62.15500   -62.15500   -62.15500   -62.15500   -62.15500   -62.15500   -62.15500   -62.15500   -62.15500   -62.15500   -62.15500   -62.15500   -62.15500   -62.15500   -62.15500   -62.15500   -62.15500   -62.15500   -62.15500   -62.15500   -62.15500   -62.15500   -62.15500   -62.15500   -62.15500   -62.15500   -62.15500   -62.15500   -62.15500   -62.15500   -62.15500   -62.15500   -62.15500   -62.15500   -62.15500   -62.15500   -62.15500   -62.15500   -62.15500   -62.15500   -62.15500   -62.15500   -62.15500   -62.15500   -62.15500   -62.15500   -62.15500   -62.15500   -62.15500   -62.15500   -62.15500   -62.15500   -62.15500   -62.15500   -62.15500   -62.15500   -62.15500   -62.15500   -62.15500   -62.15500   -62.15500   -62.15500   -62.15500   -62.15500   -62.15500   -62.15500   -62.15500   -62.15500   -62.15500
   -62.14500   -62.14500   -62.14500   -62.14500   -62.14500   -62.14500   -62.14500   -62.14500   -62.14500   -62.14500   -62.14500   -62.14500   -62.14500   -62.14500   -62.14500   -62.14500   -62.14500   -62.14500   -62.14500   -62.14500   -62.14500   -62.14500   -62.14500   -62.14500   -62.14500   -62.14500   -62.14500   -62.14500   -62.14500   -62.14500   -62.14500   -62.14500   -62.14500   -62.14500   -62.14500   -62.14500   -62.14500   -62.14500   -62.14500   -62.14500   -62.14500   -62.14500   -62.14500   -62.14500   -62.14500   -62.14500   -62.14500   -62.14500   -62.14500   -62.14500   -62.14500   -62.14500   -62.14500   -62.14500   -62.14500   -62.14500   -62.14500   -62.14500   -62.14500   -62.14500   -62.14500   -62.14500   -62.14500   -62.14500   -62.14500   -62.14500   -62.14500   -62.14500   -62.14500   -62.14500   -62.14500   -62.14500   -62.14500   -62.14500   -62.14500   -62.14500   -62.14500   -62.14500   -62.14500   -62.14500   -62.14500   -62.14500   -62.14500   -62.14500   -62.14500   -62.14500   -62.14500   -62.14500   -62.14500   -62.14500   -62.14500   -62.14500   -62.14500   -62.14500   -62.14500   -62.14500   -62.14500   -62.14500   -62.14500   -62.14500   -62.14500   -62.14500   -62.14500   -62.14500   -62.14500   -62.14500   -62.14500   -62.14500   -62.14500   -62.14500   -62.14500   -62.14500   -62.14500   -62.14500   -62.14500   -62.14500   -62.14500   -62.14500   -62.14500   -62.14500   -62.14500   -62.14500   -62.14500   -62.14500   -62.14500   -62.14500   -62.14500   -62.14500   -62.14500   -62.14500   -62.14500   -62.14500   -62.14500   -62.14500   -62.14500   -62.14500   -62.14500   -62.14500   -62.14500   -62.14500   -62.14500   -62.14500   -62.14500   -62.14500   -62.14500   -62.14500   -62.14500   -62.14500   -62.14500   -62.14500   -62.14500   -62.14500   -62.14500   -62.14500   -62.14500   -62.14500   -62.14500   -62.14500   -62.14500   -62.14500   -62.14500   -62.14500
   -62.13500   -62.13500   -62.13500   -62.13500   -62.13500   -62.13500   -62.13500   -62.13500   -62.13500   -62.13500   -62.13500   -62.13500   -62.13500   -62.13500   -62.13500   -62.13500   -62.13500   -62.13500   -62.13500   -62.13500   -62.13500   -62.13500   -62.13500   -62.13500   -62.13500   -62.13500   -62.13500   -62.13500   -62.13500   -62.13500   -62.13500   -62.13500   -62.13500   -62.13500   -62.13500   -62.13500   -62.13500   -62.13500   -62.13500   -62.13500   -62.13500   -62.13500   -62.13500   -62.13500   -62.13500   -62.13500   -62.13500   -62.13500   -62.13500   -62.13500   -62.13500   -62.13500   -62.13500   -62.13500   -62.13500   -62.13500   -62.13500   -62.13500   -62.13500   -62.13500   -62.13500   -62.13500   -62.13500   -62.13500   -62.13500   -62.13500   -62.13500   -62.13500   -62.13500   -62.13500   -62.13500   -62.13500   -62.13500   -62.13500   -62.13500   -62.13500   -62.13500   -62.13500   -62.13500   -62.13500   -62.13500   -62.13500   -62.13500   -62.13500   -62.13500   -62.13500   -62.13500   -62.13500   -62.13500   -62.13500   -62.13500   -62.13500   -62.13500   -62.13500   -62.13500   -62.13500   -62.13500   -62.13500   -62.13500   -62.13500   -62.13500   -62.13500   -62.13500   -62.13500   -62.13500   -62.13500   -62.13500   -62.13500   -62.13500   -62.13500   -62.13500   -62.13500   -62.13500   -62.13500   -62.13500   -62.13500   -62.13500   -62.13500   -62.13500   -62.13500   -62.13500   -62.13500   -62.13500   -62.13500   -62.13500   -62.13500   -62.13500   -62.13500   -62.13500   -62.13500   -62.13500   -62.13500   -62.13500   -62.13500   -62.13500   -62.13500   -62.13500   -62.13500   -62.13500   -62.13500   -62.13500   -62.13500   -62.13500   -62.13500   -62.13500   -62.13500   -62.13500   -62.13500   -62.13500   -62.13500   -62.13500   -62.13500   -62.13500   -62.13500   -62.13500   -62.13500   -62.13500   -62.13500   -62.13500   -62.13500   -62.13500   -62.13500
   -62.12500   -62.12500   -62.12500   -62.12500   -62.12500   -62.12500   -62.12500   -62.12500   -62.12500   -62.12500   -62.12500   -62.12500   -62.12500   -62.12500   -62.12500   -62.12500   -62.12500   -62.12500   -62.12500   -62.12500   -62.12500   -62.12500   -62.12500   -62.12500   -62.12500   -62.12500   -62.12500   -62.12500   -62.12500   -62.12500   -62.12500   -62.12500   -62.12500   -62.12500   -62.12500   -62.12500   -62.12500   -62.12500   -62.12500   -62.12500   -62.12500   -62.12500   -62.12500   -62.12500   -62.12500   -62.12500   -62.12500   -62.12500   -62.12500   -62.12500   -62.12500   -62.12500   -62.12500   -62.12500   -62.12500   -62.12500   -62.12500   -62.12500   -62.12500   -62.12500   -62.12500   -62.12500   -62.12500   -62.12500   -62.12500   -62.12500   -62.12500   -62.12500   -62.12500   -62.12500   -62.12500   -62.12500   -62.12500   -62.12500   -62.12500   -62.12500   -62.12500   -62.12500   -62.12500   -62.12500   -62.12500   -62.12500   -62.12500   -62.12500   -62.12500   -62.12500   -62.12500   -62.12500   -62.12500   -62.12500   -62.12500   -62.12500   -62.12500   -62.12500   -62.12500   -62.12500   -62.12500   -62.12500   -62.12500   -62.12500   -62.12500   -62.12500   -62.12500   -62.12500   -62.12500   -62.12500   -62.12500   -62.12500   -62.12500   -62.12500   -62.12500   -62.12500   -62.12500   -62.12500   -62.12500   -62.12500   -62.12500   -62.12500   -62.12500   -62.12500   -62.12500   -62.12500   -62.12500   -62.12500   -62.12500   -62.12500   -62.12500   -62.12500   -62.12500   -62.12500   -62.12500   -62.12500   -62.12500   -62.12500   -62.12500   -62.12500   -62.12500   -62.12500   -62.12500   -62.12500   -62.12500   -62.12500   -62.12500   -62.12500   -62.12500   -62.12500   -62.12500   -62.12500   -62.12500   -62.12500   -62.12500   -62.12500   -62.12500   -62.12500   -62.12500   -62.12500   -62.12500   -62.12500   -62.12500   -62.12500   -62.12500   -62.12500
   -62.11500   -62.11500   -62.11500   -62.11500   -62.11500   -62.11500   -62.11500   -62.11500   -62.11500   -62.11500   -62.11500   -62.11500   -62.11500   -62.11500   -62.11500   -62.11500   -62.11500   -62.11500   -62.11500   -62.11500   -62.11500   -62.11500   -62.11500   -62.11500   -62.11500   -62.11500   -62.11500   -62.11500   -62.11500   -62.11500   -62.11500   -62.11500   -62.11500   -62.11500   -62.11500   -62.11500   -62.11500   -62.11500   -62.11500   -62.11500   -62.11500   -62.11500   -62.11500   -62.11500   -62.11500   -62.11500   -62.11500   -62.11500   -62.11500   -62.11500   -62.11500   -62.11500   -62.11500   -62.11500   -62.11500   -62.11500   -62.11500   -62.11500   -62.11500   -62.11500   -62.11500   -62.11500   -62.11500   -62.11500   -62.11500   -62.11500   -62.11500   -62.11500   -62.11500   -62.11500   -62.11500   -62.11500   -62.11500   -62.11500   -62.11500   -62.11500   -62.11500   -62.11500   -62.11500   -62.11500   -62.11500   -62.11500   -62.11500   -62.11500   -62.11500   -62.11500   -62.11500   -62.11500   -62.11500   -62.11500   -62.11500   -62.11500   -62.11500   -62.11500   -62.11500   -62.11500   -62.11500   -62.11500   -62.11500   -62.11500   -62.11500   -62.11500   -62.11500   -62.11500   -62.11500   -62.11500   -62.11500   -62.11500   -62.11500   -62.11500   -62.11500   -62.11500   -62.11500   -62.11500   -62.11500   -62.11500   -62.11500   -62.11500   -62.11500   -62.11500   -62.11500   -62.11500   -62.11500   -62.11500   -62.11500   -62.11500   -62.11500   -62.11500   -62.11500   -62.11500   -62.11500   -62.11500   -62.11500   -62.11500   -62.11500   -62.11500   -62.11500   -62.11500   -62.11500   -62.11500   -62.11500   -62.11500   -62.11500   -62.11500   -62.11500   -62.11500   -62.11500   -62.11500   -62.11500   -62.11500   -62.11500   -62.11500   -62.11500   -62.11500   -62.11500   -62.11500   -62.11500   -62.11500   -62.11500   -62.11500   -62.11500   -62.11500
   -62.10500   -62.10500   -62.10500   -62.10500   -62.10500   -62.10500   -62.10500   -62.10500   -62.10500   -62.10500   -62.10500   -62.10500   -62.10500   -62.10500   -62.10500   -62.10500   -62.10500   -62.10500   -62.10500   -62.10500   -62.10500   -62.10500   -62.10500   -62.10500   -62.10500   -62.10500   -62.10500   -62.10500   -62.10500   -62.10500   -62.10500   -62.10500   -62.10500   -62.10500   -62.10500   -62.10500   -62.10500   -62.10500   -62.10500   -62.10500   -62.10500   -62.10500   -62.10500   -62.10500   -62.10500   -62.10500   -62.10500   -62.10500   -62.10500   -62.10500   -62.10500   -62.10500   -62.10500   -62.10500   -62.10500   -62.10500   -62.10500   -62.10500   -62.10500   -62.10500   -62.10500   -62.10500   -62.10500   -62.10500   -62.10500   -62.10500   -62.10500   -62.10500   -62.10500   -62.10500   -62.10500   -62.10500   -62.10500   -62.10500   -62.10500   -62.10500   -62.10500   -62.10500   -62.10500   -62.10500   -62.10500   -62.10500   -62.10500   -62.10500   -62.10500   -62.10500   -62.10500   -62.10500   -62.10500   -62.10500   -62.10500   -62.10500   -62.10500   -62.10500   -62.10500   -62.10500   -62.10500   -62.10500   -62.10500   -62.10500   -62.10500   -62.10500   -62.10500   -62.10500   -62.10500   -62.10500   -62.10500   -62.10500   -62.10500   -62.10500   -62.10500   -62.10500   -62.10500   -62.10500   -62.10500   -62.10500   -62.10500   -62.10500   -62.10500   -62.10500   -62.10500   -62.10500   -62.10500   -62.10500   -62.10500   -62.10500   -62.10500   -62.10500   -62.10500   -62.10500   -62.10500   -62.10500   -62.10500   -62.10500   -62.10500   -62.10500   -62.10500   -62.10500   -62.10500   -62.10500   -62.10500   -62.10500   -62.10500   -62.10500   -62.10500   -62.10500   -62.10500   -62.10500   -62.10500   -62.10500   -62.10500   -62.10500   -62.10500   -62.10500   -62.10500   -62.10500   -62.10500   -62.10500   -62.10500   -62.10500   -62.10500   -62.10500
   -62.09500   -62.09500   -62.09500   -62.09500   -62.09500   -62.09500   -62.09500   -62.09500   -62.09500   -62.09500   -62.09500   -62.09500   -62.09500   -62.09500   -62.09500   -62.09500   -62.09500   -62.09500   -62.09500   -62.09500   -62.09500   -62.09500   -62.09500   -62.09500   -62.09500   -62.09500   -62.09500   -62.09500   -62.09500   -62.09500   -62.09500   -62.09500   -62.09500   -62.09500   -62.09500   -62.09500   -62.09500   -62.09500   -62.09500   -62.09500   -62.09500   -62.09500   -62.09500   -62.09500   -62.09500   -62.09500   -62.09500   -62.09500   -62.09500   -62.09500   -62.09500   -62.09500   -62.09500   -62.09500   -62.09500   -62.09500   -62.09500   -62.09500   -62.09500   -62.09500   -62.09500   -62.09500   -62.09500   -62.09500   -62.09500   -62.09500   -62.09500   -62.09500   -62.09500   -62.09500   -62.09500   -62.09500   -62.09500   -62.09500   -62.09500   -62.09500   -62.09500   -62.09500   -62.09500   -62.09500   -62.09500   -62.09500   -62.09500   -62.09500   -62.09500   -62.09500   -62.09500   -62.09500   -62.09500   -62.09500   -62.09500   -62.09500   -62.09500   -62.09500   -62.09500   -62.09500   -62.09500   -62.09500   -62.09500   -62.09500   -62.09500   -62.09500   -62.09500   -62.09500   -62.09500   -62.09500   -62.09500   -62.09500   -62.09500   -62.09500   -62.09500   -62.09500   -62.09500   -62.09500   -62.09500   -62.09500   -62.09500   -62.09500   -62.09500   -62.09500   -62.09500   -62.09500   -62.09500   -62.09500   -62.09500   -62.09500   -62.09500   -62.09500   -62.09500   -62.09500   -62.09500   -62.09500   -62.09500   -62.09500   -62.09500   -62.09500   -62.09500   -62.09500   -62.09500   -62.09500   -62.09500   -62.09500   -62.09500   -62.09500   -62.09500   -62.09500   -62.09500   -62.09500   -62.09500   -62.09500   -62.09500   -62.09500   -62.09500   -62.09500   -62.09500   -62.09500   -62.09500   -62.09500   -62.09500   -62.09500   -62.09500   -62.09500
   -62.08500   -62.08500   -62.08500   -62.08500   -62.08500   -62.08500   -62.08500   -62.08500   -62.08500   -62.08500   -62.08500   -62.08500   -62.08500   -62.08500   -62.08500   -62.08500   -62.08500   -62.08500   -62.08500   -62.08500   -62.08500   -62.08500   -62.08500   -62.08500   -62.08500   -62.08500   -62.08500   -62.08500   -62.08500   -62.08500   -62.08500   -62.08500   -62.08500   -62.08500   -62.08500   -62.08500   -62.08500   -62.08500   -62.08500   -62.08500   -62.08500   -62.08500   -62.08500   -62.08500   -62.08500   -62.08500   -62.08500   -62.08500   -62.08500   -62.08500   -62.08500   -62.08500   -62.08500   -62.08500   -62.08500   -62.08500   -62.08500   -62.08500   -62.08500   -62.08500   -62.08500   -62.08500   -62.08500   -62.08500   -62.08500   -62.08500   -62.08500   -62.08500   -62.08500   -62.08500   -62.08500   -62.08500   -62.08500   -62.08500   -62.08500   -62.08500   -62.08500   -62.08500   -62.08500   -62.08500   -62.08500   -62.08500   -62.08500   -62.08500   -62.08500   -62.08500   -62.08500   -62.08500   -62.08500   -62.08500   -62.08500   -62.08500   -62.08500   -62.08500   -62.08500   -62.08500   -62.08500   -62.08500   -62.08500   -62.08500   -62.08500   -62.08500   -62.08500   -62.08500   -62.08500   -62.08500   -62.08500   -62.08500   -62.08500   -62.08500   -62.08500   -62.08500   -62.08500   -62.08500   -62.08500   -62.08500   -62.08500   -62.08500   -62.08500   -62.08500   -62.08500   -62.08500   -62.08500   -62.08500   -62.08500   -62.08500   -62.08500   -62.08500   -62.08500   -62.08500   -62.08500   -62.08500   -62.08500   -62.08500   -62.08500   -62.08500   -62.08500   -62.08500   -62.08500   -62.08500   -62.08500   -62.08500   -62.08500   -62.08500   -62.08500   -62.08500   -62.08500   -62.08500   -62.08500   -62.08500   -62.08500   -62.08500   -62.08500   -62.08500   -62.08500   -62.08500   -62.08500   -62.08500   -62.08500   -62.08500   -62.08500   -62.08500
   -62.07500   -62.07500   -62.07500   -62.07500   -62.07500   -62.07500   -62.07500   -62.07500   -62.07500   -62.07500   -62.07500   -62.07500   -62.07500   -62.07500   -62.07500   -62.07500   -62.07500   -62.07500   -62.07500   -62.07500   -62.07500   -62.07500   -62.07500   -62.07500   -62.07500   -62.07500   -62.07500   -62.07500   -62.07500   -62.07500   -62.07500   -62.07500   -62.07500   -62.07500   -62.07500   -62.07500   -62.07500   -62.07500   -62.07500   -62.07500   -62.07500   -62.07500   -62.07500   -62.07500   -62.07500   -62.07500   -62.07500   -62.07500   -62.07500   -62.07500   -62.07500   -62.07500   -62.07500   -62.07500   -62.07500   -62.07500   -62.07500   -62.07500   -62.07500   -62.07500   -62.07500   -62.07500   -62.07500   -62.07500   -62.07500   -62.07500   -62.07500   -62.07500   -62.07500   -62.07500   -62.07500   -62.07500   -62.07500   -62.07500   -62.07500   -62.07500   -62.07500   -62.07500   -62.07500   -62.07500   -62.07500   -62.07500   -62.07500   -62.07500   -62.07500   -62.07500   -62.07500   -62.07500   -62.07500   -62.07500   -62.07500   -62.07500   -62.07500   -62.07500   -62.07500   -62.07500   -62.07500   -62.07500   -62.07500   -62.07500   -62.07500   -62.07500   -62.07500   -62.07500   -62.07500   -62.07500   -62.07500   -62.07500   -62.07500   -62.07500   -62.07500   -62.07500   -62.07500   -62.07500   -62.07500   -62.07500   -62.07500   -62.07500   -62.07500   -62.07500   -62.07500   -62.07500   -62.07500   -62.07500   -62.07500   -62.07500   -62.07500   -62.07500   -62.07500   -62.07500   -62.07500   -62.07500   -62.07500   -62.07500   -62.07500   -62.07500   -62.07500   -62.07500   -62.07500   -62.07500   -62.07500   -62.07500   -62.07500   -62.07500   -62.07500   -62.07500   -62.07500   -62.07500   -62.07500   -62.07500   -62.07500   -62.07500   -62.07500   -62.07500   -62.07500   -62.07500   -62.07500   -62.07500   -62.07500   -62.07500   -62.07500   -62.07500
   -62.06500   -62.06500   -62.06500   -62.06500   -62.06500   -62.06500   -62.06500   -62.06500   -62.06500   -62.06500   -62.06500   -62.06500   -62.06500   -62.06500   -62.06500   -62.06500   -62.06500   -62.06500   -62.06500   -62.06500   -62.06500   -62.06500   -62.06500   -62.06500   -62.06500   -62.06500   -62.06500   -62.06500   -62.06500   -62.06500   -62.06500   -62.06500   -62.06500   -62.06500   -62.06500   -62.06500   -62.06500   -62.06500   -62.06500   -62.06500   -62.06500   -62.06500   -62.06500   -62.06500   -62.06500   -62.06500   -62.06500   -62.06500   -62.06500   -62.06500   -62.06500   -62.06500   -62.06500   -62.06500   -62.06500   -62.06500   -62.06500   -62.06500   -62.06500   -62.06500   -62.06500   -62.06500   -62.06500   -62.06500   -62.06500   -62.06500   -62.06500   -62.06500   -62.06500   -62.06500   -62.06500   -62.06500   -62.06500   -62.06500   -62.06500   -62.06500   -62.06500   -62.06500   -62.06500   -62.06500   -62.06500   -62.06500   -62.06500   -62.06500   -62.06500   -62.06500   -62.06500   -62.06500   -62.06500   -62.06500   -62.06500   -62.06500   -62.06500   -62.06500   -62.06500   -62.06500   -62.06500   -62.06500   -62.06500   -62.06500   -62.06500   -62.06500   -62.06500   -62.06500   -62.06500   -62.06500   -62.06500   -62.06500   -62.06500   -62.06500   -62.06500   -62.06500   -62.06500   -62.06500   -62.06500   -62.06500   -62.06500   -62.06500   -62.06500   -62.06500   -62.06500   -62.06500   -62.06500   -62.06500   -62.06500   -62.06500   -62.06500   -62.06500   -62.06500   -62.06500   -62.06500   -62.06500   -62.06500   -62.06500   -62.06500   -62.06500   -62.06500   -62.06500   -62.06500   -62.06500   -62.06500   -62.06500   -62.06500   -62.06500   -62.06500   -62.06500   -62.06500   -62.06500   -62.06500   -62.06500   -62.06500   -62.06500   -62.06500   -62.06500   -62.06500   -62.06500   -62.06500   -62.06500   -62.06500   -62.06500   -62.06500   -62.06500
   -62.05500   -62.05500   -62.05500   -62.05500   -62.05500   -62.05500   -62.05500   -62.05500   -62.05500   -62.05500   -62.05500   -62.05500   -62.05500   -62.05500   -62.05500   -62.05500   -62.05500   -62.05500   -62.05500   -62.05500   -62.05500   -62.05500   -62.05500   -62.05500   -62.05500   -62.05500   -62.05500   -62.05500   -62.05500   -62.05500   -62.05500   -62.05500   -62.05500   -62.05500   -62.05500   -62.05500   -62.05500   -62.05500   -62.05500   -62.05500   -62.05500   -62.05500   -62.05500   -62.05500   -62.05500   -62.05500   -62.05500   -62.05500   -62.05500   -62.05500   -62.05500   -62.05500   -62.05500   -62.05500   -62.05500   -62.05500   -62.05500   -62.05500   -62.05500   -62.05500   -62.05500   -62.05500   -62.05500   -62.05500   -62.05500   -62.05500   -62.05500   -62.05500   -62.05500   -62.05500   -62.05500   -62.05500   -62.05500   -62.05500   -62.05500   -62.05500   -62.05500   -62.05500   -62.05500   -62.05500   -62.05500   -62.05500   -62.05500   -62.05500   -62.05500   -62.05500   -62.05500   -62.05500   -62.05500   -62.05500   -62.05500   -62.05500   -62.05500   -62.05500   -62.05500   -62.05500   -62.05500   -62.05500   -62.05500   -62.05500   -62.05500   -62.05500   -62.05500   -62.05500   -62.05500   -62.05500   -62.05500   -62.05500   -62.05500   -62.05500   -62.05500   -62.05500   -62.05500   -62.05500   -62.05500   -62.05500   -62.05500   -62.05500   -62.05500   -62.05500   -62.05500   -62.05500   -62.05500   -62.05500   -62.05500   -62.05500   -62.05500   -62.05500   -62.05500   -62.05500   -62.05500   -62.05500   -62.05500   -62.05500   -62.05500   -62.05500   -62.05500   -62.05500   -62.05500   -62.05500   -62.05500   -62.05500   -62.05500   -62.05500   -62.05500   -62.05500   -62.05500   -62.05500   -62.05500   -62.05500   -62.05500   -62.05500   -62.05500   -62.05500   -62.05500   -62.05500   -62.05500   -62.05500   -62.05500   -62.05500   -62.05500   -62.05500
   -62.04500   -62.04500   -62.04500   -62.04500   -62.04500   -62.04500   -62.04500   -62.04500   -62.04500   -62.04500   -62.04500   -62.04500   -62.04500   -62.04500   -62.04500   -62.04500   -62.04500   -62.04500   -62.04500   -62.04500   -62.04500   -62.04500   -62.04500   -62.04500   -62.04500   -62.04500   -62.04500   -62.04500   -62.04500   -62.04500   -62.04500   -62.04500   -62.04500   -62.04500   -62.04500   -62.04500   -62.04500   -62.04500   -62.04500   -62.04500   -62.04500   -62.04500   -62.04500   -62.04500   -62.04500   -62.04500   -62.04500   -62.04500   -62.04500   -62.04500   -62.04500   -62.04500   -62.04500   -62.04500   -62.04500   -62.04500   -62.04500   -62.04500   -62.04500   -62.04500   -62.04500   -62.04500   -62.04500   -62.04500   -62.04500   -62.04500   -62.04500   -62.04500   -62.04500   -62.04500   -62.04500   -62.04500   -62.04500   -62.04500   -62.04500   -62.04500   -62.04500   -62.04500   -62.04500   -62.04500   -62.04500   -62.04500   -62.04500   -62.04500   -62.04500   -62.04500   -62.04500   -62.04500   -62.04500   -62.04500   -62.04500   -62.04500   -62.04500   -62.04500   -62.04500   -62.04500   -62.04500   -62.04500   -62.04500   -62.04500   -62.04500   -62.04500   -62.04500   -62.04500   -62.04500   -62.04500   -62.04500   -62.04500   -62.04500   -62.04500   -62.04500   -62.04500   -62.04500   -62.04500   -62.04500   -62.04500   -62.04500   -62.04500   -62.04500   -62.04500   -62.04500   -62.04500   -62.04500   -62.04500   -62.04500   -62.04500   -62.04500   -62.04500   -62.04500   -62.04500   -62.04500   -62.04500   -62.04500   -62.04500   -62.04500   -62.04500   -62.04500   -62.04500   -62.04500   -62.04500   -62.04500   -62.04500   -62.04500   -62.04500   -62.04500   -62.04500   -62.04500   -62.04500   -62.04500   -62.04500   -62.04500   -62.04500   -62.04500   -62.04500   -62.04500   -62.04500   -62.04500   -62.04500   -62.04500   -62.04500   -62.04500   -62.04500
   -62.03500   -62.03500   -62.03500   -62.03500   -62.03500   -62.03500   -62.03500   -62.03500   -62.03500   -62.03500   -62.03500   -62.03500   -62.03500   -62.03500   -62.03500   -62.03500   -62.03500   -62.03500   -62.03500   -62.03500   -62.03500   -62.03500   -62.03500   -62.03500   -62.03500   -62.03500   -62.03500   -62.03500   -62.03500   -62.03500   -62.03500   -62.03500   -62.03500   -62.03500   -62.03500   -62.03500   -62.03500   -62.03500   -62.03500   -62.03500   -62.03500   -62.03500   -62.03500   -62.03500   -62.03500   -62.03500   -62.03500   -62.03500   -62.03500   -62.03500   -62.03500   -62.03500   -62.03500   -62.03500   -62.03500   -62.03500   -62.03500   -62.03500   -62.03500   -62.03500   -62.03500   -62.03500   -62.03500   -62.03500   -62.03500   -62.03500   -62.03500   -62.03500   -62.03500   -62.03500   -62.03500   -62.03500   -62.03500   -62.03500   -62.03500   -62.03500   -62.03500   -62.03500   -62.03500   -62.03500   -62.03500   -62.03500   -62.03500   -62.03500   -62.03500   -62.03500   -62.03500   -62.03500   -62.03500   -62.03500   -62.03500   -62.03500   -62.03500   -62.03500   -62.03500   -62.03500   -62.03500   -62.03500   -62.03500   -62.03500   -62.03500   -62.03500   -62.03500   -62.03500   -62.03500   -62.03500   -62.03500   -62.03500   -62.03500   -62.03500   -62.03500   -62.03500   -62.03500   -62.03500   -62.03500   -62.03500   -62.03500   -62.03500   -62.03500   -62.03500   -62.03500   -62.03500   -62.03500   -62.03500   -62.03500   -62.03500   -62.03500   -62.03500   -62.03500   -62.03500   -62.03500   -62.03500   -62.03500   -62.03500   -62.03500   -62.03500   -62.03500   -62.03500   -62.03500   -62.03500   -62.03500   -62.03500   -62.03500   -62.03500   -62.03500   -62.03500   -62.03500   -62.03500   -62.03500   -62.03500   -62.03500   -62.03500   -62.03500   -62.03500   -62.03500   -62.03500   -62.03500   -62.03500   -62.03500   -62.03500   -62.03500   -62.03500
   -62.02500   -62.02500   -62.02500   -62.02500   -62.02500   -62.02500   -62.02500   -62.02500   -62.02500   -62.02500   -62.02500   -62.02500   -62.02500   -62.02500   -62.02500   -62.02500   -62.02500   -62.02500   -62.02500   -62.02500   -62.02500   -62.02500   -62.02500   -62.02500   -62.02500   -62.02500   -62.02500   -62.02500   -62.02500   -62.02500   -62.02500   -62.02500   -62.02500   -62.02500   -62.02500   -62.02500   -62.02500   -62.02500   -62.02500   -62.02500   -62.02500   -62.02500   -62.02500   -62.02500   -62.02500   -62.02500   -62.02500   -62.02500   -62.02500   -62.02500   -62.02500   -62.02500   -62.02500   -62.02500   -62.02500   -62.02500   -62.02500   -62.02500   -62.02500   -62.02500   -62.02500   -62.02500   -62.02500   -62.02500   -62.02500   -62.02500   -62.02500   -62.02500   -62.02500   -62.02500   -62.02500   -62.02500   -62.02500   -62.02500   -62.02500   -62.02500   -62.02500   -62.02500   -62.02500   -62.02500   -62.02500   -62.02500   -62.02500   -62.02500   -62.02500   -62.02500   -62.02500   -62.02500   -62.02500   -62.02500   -62.02500   -62.02500   -62.02500   -62.02500   -62.02500   -62.02500   -62.02500   -62.02500   -62.02500   -62.02500   -62.02500   -62.02500   -62.02500   -62.02500   -62.02500   -62.02500   -62.02500   -62.02500   -62.02500   -62.02500   -62.02500   -62.02500   -62.02500   -62.02500   -62.02500   -62.02500   -62.02500   -62.02500   -62.02500   -62.02500   -62.02500   -62.02500   -62.02500   -62.02500   -62.02500   -62.02500   -62.02500   -62.02500   -62.02500   -62.02500   -62.02500   -62.02500   -62.02500   -62.02500   -62.02500   -62.02500   -62.02500   -62.02500   -62.02500   -62.02500   -62.02500   -62.02500   -62.02500   -62.02500   -62.02500   -62.02500   -62.02500   -62.02500   -62.02500   -62.02500   -62.02500   -62.02500   -62.02500   -62.02500   -62.02500   -62.02500   -62.02500   -62.02500   -62.02500   -62.02500   -62.02500   -62.02500
   -62.01500   -62.01500   -62.01500   -62.01500   -62.01500   -62.01500   -62.01500   -62.01500   -62.01500   -62.01500   -62.01500   -62.01500   -62.01500   -62.01500   -62.01500   -62.01500   -62.01500   -62.01500   -62.01500   -62.01500   -62.01500   -62.01500   -62.01500   -62.01500   -62.01500   -62.01500   -62.01500   -62.01500   -62.01500   -62.01500   -62.01500   -62.01500   -62.01500   -62.01500   -62.01500   -62.01500   -62.01500   -62.01500   -62.01500   -62.01500   -62.01500   -62.01500   -62.01500   -62.01500   -62.01500   -62.01500   -62.01500   -62.01500   -62.01500   -62.01500   -62.01500   -62.01500   -62.01500   -62.01500   -62.01500   -62.01500   -62.01500   -62.01500   -62.01500   -62.01500   -62.01500   -62.01500   -62.01500   -62.01500   -62.01500   -62.01500   -62.01500   -62.01500   -62.01500   -62.01500   -62.01500   -62.01500   -62.01500   -62.01500   -62.01500   -62.01500   -62.01500   -62.01500   -62.01500   -62.01500   -62.01500   -62.01500   -62.01500   -62.01500   -62.01500   -62.01500   -62.01500   -62.01500   -62.01500   -62.01500   -62.01500   -62.01500   -62.01500   -62.01500   -62.01500   -62.01500   -62.01500   -62.01500   -62.01500   -62.01500   -62.01500   -62.01500   -62.01500   -62.01500   -62.01500   -62.01500   -62.01500   -62.01500   -62.01500   -62.01500   -62.01500   -62.01500   -62.01500   -62.01500   -62.01500   -62.01500   -62.01500   -62.01500   -62.01500   -62.01500   -62.01500   -62.01500   -62.01500   -62.01500   -62.01500   -62.01500   -62.01500   -62.01500   -62.01500   -62.01500   -62.01500   -62.01500   -62.01500   -62.01500   -62.01500   -62.01500   -62.01500   -62.01500   -62.01500   -62.01500   -62.01500   -62.01500   -62.01500   -62.01500   -62.01500   -62.01500   -62.01500   -62.01500   -62.01500   -62.01500   -62.01500   -62.01500   -62.01500   -62.01500   -62.01500   -62.01500   -62.01500   -62.01500   -62.01500   -62.01500   -62.01500   -62.01500
   -62.00500   -62.00500   -62.00500   -62.00500   -62.00500   -62.00500   -62.00500   -62.00500   -62.00500   -62.00500   -62.00500   -62.00500   -62.00500   -62.00500   -62.00500   -62.00500   -62.00500   -62.00500   -62.00500   -62.00500   -62.00500   -62.00500   -62.00500   -62.00500   -62.00500   -62.00500   -62.00500   -62.00500   -62.00500   -62.00500   -62.00500   -62.00500   -62.00500   -62.00500   -62.00500   -62.00500   -62.00500   -62.00500   -62.00500   -62.00500   -62.00500   -62.00500   -62.00500   -62.00500   -62.00500   -62.00500   -62.00500   -62.00500   -62.00500   -62.00500   -62.00500   -62.00500   -62.00500   -62.00500   -62.00500   -62.00500   -62.00500   -62.00500   -62.00500   -62.00500   -62.00500   -62.00500   -62.00500   -62.00500   -62.00500   -62.00500   -62.00500   -62.00500   -62.00500   -62.00500   -62.00500   -62.00500   -62.00500   -62.00500   -62.00500   -62.00500   -62.00500   -62.00500   -62.00500   -62.00500   -62.00500   -62.00500   -62.00500   -62.00500   -62.00500   -62.00500   -62.00500   -62.00500   -62.00500   -62.00500   -62.00500   -62.00500   -62.00500   -62.00500   -62.00500   -62.00500   -62.00500   -62.00500   -62.00500   -62.00500   -62.00500   -62.00500   -62.00500   -62.00500   -62.00500   -62.00500   -62.00500   -62.00500   -62.00500   -62.00500   -62.00500   -62.00500   -62.00500   -62.00500   -62.00500   -62.00500   -62.00500   -62.00500   -62.00500   -62.00500   -62.00500   -62.00500   -62.00500   -62.00500   -62.00500   -62.00500   -62.00500   -62.00500   -62.00500   -62.00500   -62.00500   -62.00500   -62.00500   -62.00500   -62.00500   -62.00500   -62.00500   -62.00500   -62.00500   -62.00500   -62.00500   -62.00500   -62.00500   -62.00500   -62.00500   -62.00500   -62.00500   -62.00500   -62.00500   -62.00500   -62.00500   -62.00500   -62.00500   -62.00500   -62.00500   -62.00500   -62.00500   -62.00500   -62.00500   -62.00500   -62.00500   -62.00500
   300.00000   298.00000   296.00000   294.00000   292.00000   290.00000   288.00000   286.00000   284.00000   282.00000   280.00000   278.00000   276.00000   274.00000   272.00000   270.00000   268.00000   266.00000   264.00000   262.00000   260.00000   258.00000   256.00000   254.00000   252.00000   250.00000   248.00000   246.00000   244.00000   242.00000   240.00000   238.00000   236.00000   234.00000   232.00000   230.00000   228.00000   226.00000   224.00000   222.00000   220.00000   218.00000   216.00000   214.00000   212.00000   210.00000   208.00000   206.00000   204.00000   202.00000   200.00000   198.00000   196.00000   194.00000   192.00000   190.00000   188.00000   186.00000   184.00000   182.00000   180.00000   178.00000   176.00000   174.00000   172.00000   170.00000   168.00000   166.00000   164.00000   162.00000   160.00000   158.00000   156.00000   154.00000   152.00000   150.00000   148.00000   146.00000   144.00000   142.00000   140.00000   140.00000   142.00000   144.00000   146.00000   148.00000   150.00000   152.00000   154.00000   156.00000   158.00000   160.00000   162.00000   164.00000   166.00000   168.00000   170.00000   172.00000   174.00000   176.00000   178.00000   180.00000   182.00000   184.00000   186.00000   188.00000   190.00000   192.00000   194.00000   196.00000   198.00000   200.00000   202.00000   204.00000   206.00000   208.00000   210.00000   212.00000   214.00000   216.00000   218.00000   220.00000   222.00000   224.00000   226.00000   228.00000   230.00000   232.00000   234.00000   236.00000   238.00000   240.00000   242.00000   244.00000   246.00000   248.00000   250.00000   252.00000   254.00000   256.00000   258.00000   260.00000   262.00000   264.00000   266.00000   268.00000   270.00000   272.00000   274.00000   276.00000   278.00000   280.00000   282.00000   284.00000   286.00000   288.00000   290.00000   292.00000   294.00000   296.00000   298.00000   300.00000
   302.00000   300.00000   298.00000   296.00000   294.00000   292.00000   290.00000   288.00000   286.00000   284.00000   282.00000   280.00000   278.00000   276.00000   274.00000   272.00000   270.00000   268.00000   266.00000   264.00000   262.00000   260.00000   258.00000   256.00000   254.00000   252.00000   250.00000   248.00000   246.00000   244.00000   242.00000   240.00000   238.00000   236.00000   234.00000   232.00000   230.00000   228.00000   226.00000   224.00000   222.00000   220.00000   218.00000   216.00000   214.00000   212.00000   210.00000   208.00000   206.00000   204.00000   202.00000   200.00000   198.00000   196.00000   194.00000   192.00000   190.00000   188.00000   186.00000   184.00000   182.00000   180.00000   178.00000   176.00000   174.00000   172.00000   170.00000   168.00000   166.00000   164.00000   162.00000   160.00000   158.00000   156.00000   154.00000   152.00000   150.00000   148.00000   146.00000   144.00000   142.00000   142.00000   144.00000   146.00000   148.00000   150.00000   152.00000   154.00000   156.00000   158.00000   160.00000   162.00000   164.00000   166.00000   168.00000   170.00000   172.00000   174.00000   176.00000   178.00000   180.00000   182.00000   184.00000   186.00000   188.00000   190.00000   192.00000   194.00000   196.00000   198.00000   200.00000   202.00000   204.00000   206.00000   208.00000   210.00000   212.00000   214.00000   216.00000   218.00000   220.00000   222.00000   224.00000   226.00000   228.00000   230.00000   232.00000   234.00000   236.00000   238.00000   240.00000   242.00000   244.00000   246.00000   248.00000   250.00000   252.00000   254.00000   256.00000   258.00000   260.00000   262.00000   264.00000   266.00000   268.00000   270.00000   272.00000   274.00000   276.00000   278.00000   280.00000   282.00000   284.00000   286.00000   288.00000   290.00000   292.00000   294.00000   296.00000   298.00000   300.00000   302.00000
   304.00000   302.00000   300.00000   298.00000   296.00000   294.00000   292.00000   290.00000   288.00000   286.00000   284.00000   282.00000   280.00000   278.00000   276.00000   274.00000   272.00000   270.00000   268.00000   266.00000   264.00000   262.00000   260.00000   258.00000   256.00000   254.00000   252.00000   250.00000   248.00000   246.00000   244.00000   242.00000   240.00000   238.00000   236.00000   234.00000   232.00000   230.00000   228.00000   226.00000   224.00000   222.00000   220.00000   218.00000   216.00000   214.00000   212.00000   210.00000   208.00000   206.00000   204.00000   202.00000   200.00000   198.00000   196.00000   194.00000   192.00000   190.00000   188.00000   186.00000   184.00000   182.00000   180.00000   178.00000   176.00000   174.00000   172.00000   170.00000   168.00000   166.00000   164.00000   162.00000   160.00000   158.00000   156.00000   154.00000   152.00000   150.00000   148.00000   146.00000   144.00000   144.00000   146.00000   148.00000   150.00000   152.00000   154.00000   156.00000   158.00000   160.00000   162.00000   164.00000   166.00000   168.00000   170.00000   172.00000   174.00000   176.00000   178.00000   180.00000   182.00000   184.00000   186.00000   188.00000   190.00000   192.00000   194.00000   196.00000   198.00000   200.00000   202.00000   204.00000   206.00000   208.00000   210.00000   212.00000   214.00000   216.00000   218.00000   220.00000   222.00000   224.00000   226.00000   228.00000   230.00000   232.00000   234.00000   236.00000   238.00000   240.00000   242.00000   244.00000   246.00000   248.00000   250.00000   252.00000   254.00000   256.00000   258.00000   260.00000   262.00000   264.00000   266.00000   268.00000   270.00000   272.00000   274.00000   276.00000   278.00000   280.00000   282.00000   284.00000   286.00000   288.00000   290.00000   292.00000   294.00000   296.00000   298.00000   300.00000   302.00000   304.00000
   306.00000   304.00000   302.00000   300.00000   298.00000   296.00000   294.00000   292.00000   290.00000   288.00000   286.00000   284.00000   282.00000   280.00000   278.00000   276.00000   274.00000   272.00000   270.00000   268.00000   266.00000   264.00000   262.00000   260.00000   258.00000   256.00000   254.00000   252.00000   250.00000   248.00000   246.00000   244.00000   242.00000   240.00000   238.00000   236.00000   234.00000   232.00000   230.00000   228.00000   226.00000   224.00000   222.00000   220.00000   218.00000   216.00000   214.00000   212.00000   210.00000   208.00000   206.00000   204.00000   202.00000   200.00000   198.00000   196.00000   194.00000   192.00000   190.00000   188.00000   186.00000   184.00000   182.00000   180.00000   178.00000   176.00000   174.00000   172.00000   170.00000   168.00000   166.00000   164.00000   162.00000   160.00000   158.00000   156.00000   154.00000   152.00000   150.00000   148.00000   146.00000   146.00000   148.00000   150.00000   152.00000   154.00000   156.00000   158.00000   160.00000   162.00000   164.00000   166.00000   168.00000   170.00000   172.00000   174.00000   176.00000   178.00000   180.00000   182.00000   184.00000   186.00000   188.00000   190.00000   192.00000   194.00000   196.00000   198.00000   200.00000   202.00000   204.00000   206.00000   208.00000   210.00000   212.00000   214.00000   216.00000   218.00000   220.00000   222.00000   224.00000   226.00000   228.00000   230.00000   232.00000   234.00000   236.00000   238.00000   240.00000   242.00000   244.00000   246.00000   248.00000   250.00000   252.00000   254.00000   256.00000   258.00000   260.00000   262.00000   264.00000   266.00000   268.00000   270.00000   272.00000   274.00000   276.00000   278.00000   280.00000   282.00000   284.00000   286.00000   288.00000   290.00000   292.00000   294.00000   296.00000   298.00000   300.00000   302.00000   304.00000   306.00000
   308.00000   306.00000   304.00000   302.00000   300.00000   298.00000   296.00000   294.00000   292.00000   290.00000   288.00000   286.00000   284.00000   282.00000   280.00000   278.00000   276.00000   274.00000   272.00000   270.00000   268.00000   266.00000   264.00000   262.00000   260.00000   258.00000   256.00000   254.00000   252.00000   250.00000   248.00000   246.00000   244.00000   242.00000   240.00000   238.00000   236.00000   234.00000   232.00000   230.00000   228.00000   226.00000   224.00000   222.00000   220.00000   218.00000   216.00000   214.00000   212.00000   210.00000   208.00000   206.00000   204.00000   202.00000   200.00000   198.00000   196.00000   194.00000   192.00000   190.00000   188.00000   186.00000   184.00000   182.00000   180.00000   178.00000   176.00000   174.00000   172.00000   170.00000   168.00000   166.00000   164.00000   162.00000   160.00000   158.00000   156.00000   154.00000   152.00000   150.00000   148.00000   148.00000   150.00000   152.00000   154.00000   156.00000   158.00000   160.00000   162.00000   164.00000   166.00000   168.00000   170.00000   172.00000   174.00000   176.00000   178.00000   180.00000   182.00000   184.00000   186.00000   188.00000   190.00000   192.00000   194.00000   196.00000   198.00000   200.00000   202.00000   204.00000   206.00000   208.00000   210.00000   212.00000   214.00000   216.00000   218.00000   220.00000   222.00000   224.00000   226.00000   228.00000   230.00000   232.00000   234.00000   236.00000   238.00000   240.00000   242.00000   244.00000   246.00000   248.00000   250.00000   252.00000   254.00000   256.00000   258.00000   260.00000   262.00000   264.00000   266.00000   268.00000   270.00000   272.00000   274.00000   276.00000   278.00000   280.00000   282.00000   284.00000   286.00000   288.00000   290.00000   292.00000   294.00000   296.00000   298.00000   300.00000   302.00000   304.00000   306.00000   308.00000
   310.00000   308.00000   306.00000   304.00000   302.00000   300.00000   298.00000   296.00000   294.00000   292.00000   290.00000   288.00000   286.00000   284.00000   282.00000   280.00000   278.00000   276.00000   274.00000   272.00000   270.00000   268.00000   266.00000   264.00000   262.00000   260.00000   258.00000   256.00000   254.00000   252.00000   250.00000   248.00000   246.00000   244.00000   242.00000   240.00000   238.00000   236.00000   234.00000   232.00000   230.00000   228.00000   226.00000   224.00000   222.00000   220.00000   218.00000   216.00000   214.00000   212.00000   210.00000   208.00000   206.00000   204.00000   202.00000   200.00000   198.00000   196.00000   194.00000   192.00000   190.00000   188.00000   186.00000   184.00000   182.00000   180.00000   178.00000   176.00000   174.00000   172.00000   170.00000   168.00000   166.00000   164.00000   162.00000   160.00000   158.00000   156.00000   154.00000   152.00000   150.00000   150.00000   152.00000   154.00000   156.00000   158.00000   160.00000   162.00000   164.00000   166.00000   168.00000   170.00000   172.00000   174.00000   176.00000   178.00000   180.00000   182.00000   184.00000   186.00000   188.00000   190.00000   192.00000   194.00000   196.00000   198.00000   200.00000   202.00000   204.00000   206.00000   208.00000   210.00000   212.00000   214.00000   216.00000   218.00000   220.00000   222.00000   224.00000   226.00000   228.00000   230.00000   232.00000   234.00000   236.00000   238.00000   240.00000   242.00000   244.00000   246.00000   248.00000   250.00000   252.00000   254.00000   256.00000   258.00000   260.00000   262.00000   264.00000   266.00000   268.00000   270.00000   272.00000   274.00000   276.00000   278.00000   280.00000   282.00000   284.00000   286.00000   288.00000   290.00000   292.00000   294.00000   296.00000   298.00000   300.00000   302.00000   304.00000   306.00000   308.00000   310.00000
   312.00000   310.00000   308.00000   306.00000   304.00000   302.00000   300.00000   298.00000   296.00000   294.00000   292.00000   290.00000   288.00000   286.00000   284.00000   282.00000   280.00000   278.00000   276.00000   274.00000   272.00000   270.00000   268.00000   266.00000   264.00000   262.00000   260.00000   258.00000   256.00000   254.00000   252.00000   250.00000   248.00000   246.00000   244.00000   242.00000   240.00000   238.00000   236.00000   234.00000   232.00000   230.00000   228.00000   226.00000   224.00000   222.00000   220.00000   218.00000   216.00000   214.00000   212.00000   210.00000   208.00000   206.00000   204.00000   202.00000   200.00000   198.00000   196.00000   194.00000   192.00000   190.00000   188.00000   186.00000   184.00000   182.00000   180.00000   178.00000   176.00000   174.00000   172.00000   170.00000   168.00000   166.00000   164.00000   162.00000   160.00000   158.00000   156.00000   154.00000   152.00000   152.00000   154.00000   156.00000   158.00000   160.00000   162.00000   164.00000   166.00000   168.00000   170.00000   172.00000   174.00000   176.00000   178.00000   180.00000   182.00000   184.00000   186.00000   188.00000   190.00000   192.00000   194.00000   196.00000   198.00000   200.00000   202.00000   204.00000   206.00000   208.00000   210.00000   212.00000   214.00000   216.00000   218.00000   220.00000   222.00000   224.00000   226.00000   228.00000   230.00000   232.00000   234.00000   236.00000   238.00000   240.00000   242.00000   244.00000   246.00000   248.00000   250.00000   252.00000   254.00000   256.00000   258.00000   260.00000   262.00000   264.00000   266.00000   268.00000   270.00000   272.00000   274.00000   276.00000   278.00000   280.00000   282.00000   284.00000   286.00000   288.00000   290.00000   292.00000   294.00000   296.00000   298.00000   300.00000   302.00000   304.00000   306.00000   308.00000   310.00000   312.00000
   314.00000   312.00000   310.00000   308.00000   306.00000   304.00000   302.00000   300.00000   298.00000   296.00000   294.00000   292.00000   290.00000   288.00000   286.00000   284.00000   282.00000   280.00000   278.00000   276.00000   274.00000   272.00000   270.00000   268.00000   266.00000   264.00000   262.00000   260.00000   258.00000   256.00000   254.00000   252.00000   250.00000   248.00000   246.00000   244.00000   242.00000   240.00000   238.00000   236.00000   234.00000   232.00000   230.00000   228.00000   226.00000   224.00000   222.00000   220.00000   218.00000   216.00000   214.00000   212.00000   210.00000   208.00000   206.00000   204.00000   202.00000   200.00000   198.00000   196.00000   194.00000   192.00000   190.00000   188.00000   186.00000   184.00000   182.00000   180.00000   178.00000   176.00000   174.00000   172.00000   170.00000   168.00000   166.00000   164.00000   162.00000   160.00000   158.00000   156.00000   154.00000   154.00000   156.00000   158.00000   160.00000   162.00000   164.00000   166.00000   168.00000   170.00000   172.00000   174.00000   176.00000   178.00000   180.00000   182.00000   184.00000   186.00000   188.00000   190.00000   192.00000   194.00000   196.00000   198.00000   200.00000   202.00000   204.00000   206.00000   208.00000   210.00000   212.00000   214.00000   216.00000   218.00000   220.00000   222.00000   224.00000   226.00000   228.00000   230.00000   232.00000   234.00000   236.00000   238.00000   240.00000   242.00000   244.00000   246.00000   248.00000   250.00000   252.00000   254.00000   256.00000   258.00000   260.00000   262.00000   264.00000   266.00000   268.00000   270.00000   272.00000   274.00000   276.00000   278.00000   280.00000   282.00000   284.00000   286.00000   288.00000   290.00000   292.00000   294.00000   296.00000   298.00000   300.00000   302.00000   304.00000   306.00000   308.00000   310.00000   312.00000   314.00000
   316.00000   314.00000   312.00000   310.00000   308.00000   306.00000   304.00000   302.00000   300.00000   298.00000   296.00000   294.00000   292.00000   290.00000   288.00000   286.00000   284.00000   282.00000   280.00000   278.00000   276.00000   274.00000   272.00000   270.00000   268.00000   266.00000   264.00000   262.00000   260.00000   258.00000   256.00000   254.00000   252.00000   250.00000   248.00000   246.00000   244.00000   242.00000   240.00000   238.00000   236.00000   234.00000   232.00000   230.00000   228.00000   226.00000   224.00000   222.00000   220.00000   218.00000   216.00000   214.00000   212.00000   210.00000   208.00000   206.00000   204.00000   202.00000   200.00000   198.00000   196.00000   194.00000   192.00000   190.00000   188.00000   186.00000   184.00000   182.00000   180.00000   178.00000   176.00000   174.00000   172.00000   170.00000   168.00000   166.00000   164.00000   162.00000   160.00000   158.00000   156.00000   156.00000   158.00000   160.00000   162.00000   164.00000   166.00000   168.00000   170.00000   172.00000   174.00000   176.00000   178.00000   180.00000   182.00000   184.00000   186.00000   188.00000   190.00000   192.00000   194.00000   196.00000   198.00000   200.00000   202.00000   204.00000   206.00000   208.00000   210.00000   212.00000   214.00000   216.00000   218.00000   220.00000   222.00000   224.00000   226.00000   228.00000   230.00000   232.00000   234.00000   236.00000   238.00000   240.00000   242.00000   244.00000   246.00000   248.00000   250.00000   252.00000   254.00000   256.00000   258.00000   260.00000   262.00000   264.00000   266.00000   268.00000   270.00000   272.00000   274.00000   276.00000   278.00000   280.00000   282.00000   284.00000   286.00000   288.00000   290.00000   292.00000   294.00000   296.00000   298.00000   300.00000   302.00000   304.00000   306.00000   308.00000   310.00000   312.00000   314.00000   316.00000
   318.00000   316.00000   314.00000   312.00000   310.00000   308.00000   306.00000   304.00000   302.00000   300.00000   298.00000   296.00000   294.00000   292.00000   290.00000   288.00000   286.00000   284.00000   282.00000   280.00000   278.00000   276.00000   274.00000   272.00000   270.00000   268.00000   266.00000   264.00000   262.00000   260.00000   258.00000   256.00000   254.00000   252.00000   250.00000   248.00000   246.00000   244.00000   242.00000   240.00000   238.00000   236.00000   234.00000   232.00000   230.00000   228.00000   226.00000   224.00000   222.00000   220.00000   218.00000   216.00000   214.00000   212.00000   210.00000   208.00000   206.00000   204.00000   202.00000   200.00000   198.00000   196.00000   194.00000   192.00000   190.00000   188.00000   186.00000   184.00000   182.00000   180.00000   178.00000   176.00000   174.00000   172.00000   170.00000   168.00000   166.00000   164.00000   162.00000   160.00000   158.00000   158.00000   160.00000   162.00000   164.00000   166.00000   168.00000   170.00000   172.00000   174.00000   176.00000   178.00000   180.00000   182.00000   184.00000   186.00000   188.00000   190.00000   192.00000   194.00000   196.00000   198.00000   200.00000   202.00000   204.00000   206.00000   208.00000   210.00000   212.00000   214.00000   216.00000   218.00000   220.00000   222.00000   224.00000   226.00000   228.00000   230.00000   232.00000   234.00000   236.00000   238.00000   240.00000   242.00000   244.00000   246.00000   248.00000   250.00000   252.00000   254.00000   256.00000   258.00000   260.00000   262.00000   264.00000   266.00000   268.00000   270.00000   272.00000   274.00000   276.00000   278.00000   280.00000   282.00000   284.00000   286.00000   288.00000   290.00000   292.00000   294.00000   296.00000   298.00000   300.00000   302.00000   304.00000   306.00000   308.00000   310.00000   312.00000   314.00000   316.00000   318.00000
   320.00000   318.00000   316.00000   314.00000   312.00000   310.00000   308.00000   306.00000   304.00000   302.00000   300.00000   298.00000   296.00000   294.00000   292.00000   290.00000   288.00000   286.00000   284.00000   282.00000   280.00000   278.00000   276.00000   274.00000   272.00000   270.00000   268.00000   266.00000   264.00000   262.00000   260.00000   258.00000   256.00000   254.00000   252.00000   250.00000   248.00000   246.00000   244.00000   242.00000   240.00000   238.00000   236.00000   234.00000   232.00000   230.00000   228.00000   226.00000   224.00000   222.00000   220.00000   218.00000   216.00000   214.00000   212.00000   210.00000   208.00000   206.00000   204.00000   202.00000   200.00000   198.00000   196.00000   194.00000   192.00000   190.00000   188.00000   186.00000   184.00000   182.00000   180.00000   178.00000   176.00000   174.00000   172.00000   170.00000   168.00000   166.00000   164.00000   162.00000   160.00000   160.00000   162.00000   164.00000   166.00000   168.00000   170.00000   172.00000   174.00000   176.00000   178.00000   180.00000   182.00000   184.00000   186.00000   188.00000   190.00000   192.00000   194.00000   196.00000   198.00000   200.00000   202.00000   204.00000   206.00000   208.00000   210.00000   212.00000   214.00000   216.00000   218.00000   220.00000   222.00000   224.00000   226.00000   228.00000   230.00000   232.00000   234.00000   236.00000   238.00000   240.00000   242.00000   244.00000   246.00000   248.00000   250.00000   252.00000   254.00000   256.00000   258.00000   260.00000   262.00000   264.00000   266.00000   268.00000   270.00000   272.00000   274.00000   276.00000   278.00000   280.00000   282.00000   284.00000   286.00000   288.00000   290.00000   292.00000   294.00000   296.00000   298.00000   300.00000   302.00000   304.00000   306.00000   308.00000   310.00000   312.00000   314.00000   316.00000   318.00000   320.00000
   322.00000   320.00000   318.00000   316.00000   314.00000   312.00000   310.00000   308.00000   306.00000   304.00000   302.00000   300.00000   298.00000   296.00000   294.00000   292.00000   290.00000   288.00000   286.00000   284.00000   282.00000   280.00000   278.00000   276.00000   274.00000   272.00000   270.00000   268.00000   266.00000   264.00000   262.00000   260.00000   258.00000   256.00000   254.00000   252.00000   250.00000   248.00000   246.00000   244.00000   242.00000   240.00000   238.00000   236.00000   234.00000   232.00000   230.00000   228.00000   226.00000   224.00000   222.00000   220.00000   218.00000   216.00000   214.00000   212.00000   210.00000   208.00000   206.00000   204.00000   202.00000   200.00000   198.00000   196.00000   194.00000   192.00000   190.00000   188.00000   186.00000   184.00000   182.00000   180.00000   178.00000   176.00000   174.00000   172.00000   170.00000   168.00000   166.00000   164.00000   162.00000   162.00000   164.00000   166.00000   168.00000   170.00000   172.00000   174.00000   176.00000   178.00000   180.00000   182.00000   184.00000   186.00000   188.00000   190.00000   192.00000   194.00000   196.00000   198.00000   200.00000   202.00000   204.00000   206.00000   208.00000   210.00000   212.00000   214.00000   216.00000   218.00000   220.00000   222.00000   224.00000   226.00000   228.00000   230.00000   232.00000   234.00000   236.00000   238.00000   240.00000   242.00000   244.00000   246.00000   248.00000   250.00000   252.00000   254.00000   256.00000   258.00000   260.00000   262.00000   264.00000   266.00000   268.00000   270.00000   272.00000   274.00000   276.00000   278.00000   280.00000   282.00000   284.00000   286.00000   288.00000   290.00000   292.00000   294.00000   296.00000   298.00000   300.00000   302.00000   304.00000   306.00000   308.00000   310.00000   312.00000   314.00000   316.00000   318.00000   320.00000   322.00000
   324.00000   322.00000   320.00000   318.00000   316.00000   314.00000   312.00000   310.00000   308.00000   306.00000   304.00000   302.00000   300.00000   298.00000   296.00000   294.00000   292.00000   290.00000   288.00000   286.00000   284.00000   282.00000   280.00000   278.00000   276.00000   274.00000   272.00000   270.00000   268.00000   266.00000   264.00000   262.00000   260.00000   258.00000   256.00000   254.00000   252.00000   250.00000   248.00000   246.00000   244.00000   242.00000   240.00000   238.00000   236.00000   234.00000   232.00000   230.00000   228.00000   226.00000   224.00000   222.00000   220.00000   218.00000   216.00000   214.00000   212.00000   210.00000   208.00000   206.00000   204.00000   202.00000   200.00000   198.00000   196.00000   194.00000   192.00000   190.00000   188.00000   186.00000   184.00000   182.00000   180.00000   178.00000   176.00000   174.00000   172.00000   170.00000   168.00000   166.00000   164.00000   164.00000   166.00000   168.00000   170.00000   172.00000   174.00000   176.00000   178.00000   180.00000   182.00000   184.00000   186.00000   188.00000   190.00000   192.00000   194.00000   196.00000   198.00000   200.00000   202.00000   204.00000   206.00000   208.00000   210.00000   212.00000   214.00000   216.00000   218.00000   220.00000   222.00000   224.00000   226.00000   228.00000   230.00000   232.00000   234.00000   236.00000   238.00000   240.00000   242.00000   244.00000   246.00000   248.00000   250.00000   252.00000   254.00000   256.00000   258.00000   260.00000   262.00000   264.00000   266.00000   268.00000   270.00000   272.00000   274.00000   276.00000   278.00000   280.00000   282.00000   284.00000   286.00000   288.00000   290.00000   292.00000   294.00000   296.00000   298.00000   300.00000   302.00000   304.00000   306.00000   308.00000   310.00000   312.00000   314.00000   316.00000   318.00000   320.00000   322.00000   324.00000
   326.00000   324.00000   322.00000   320.00000   318.00000   316.00000   314.00000   312.00000   310.00000   308.00000   306.00000   304.00000   302.00000   300.00000   298.00000   296.00000   294.00000   292.00000   290.00000   288.00000   286.00000   284.00000   282.00000   280.00000   278.00000   276.00000   274.00000   272.00000   270.00000   268.00000   266.00000   264.00000   262.00000   260.00000   258.00000   256.00000   254.00000   252.00000   250.00000   248.00000   246.00000   244.00000   242.00000   240.00000   238.00000   236.00000   234.00000   232.00000   230.00000   228.00000   226.00000   224.00000   222.00000   220.00000   218.00000   216.00000   214.00000   212.00000   210.00000   208.00000   206.00000   204.00000   202.00000   200.00000   198.00000   196.00000   194.00000   192.00000   190.00000   188.00000   186.00000   184.00000   182.00000   180.00000   178.00000   176.00000   174.00000   172.00000   170.00000   168.00000   166.00000   166.00000   168.00000   170.00000   172.00000   174.00000   176.00000   178.00000   180.00000   182.00000   184.00000   186.00000   188.00000   190.00000   192.00000   194.00000   196.00000   198.00000   200.00000   202.00000   204.00000   206.00000   208.00000   210.00000   212.00000   214.00000   216.00000   218.00000   220.00000   222.00000   224.00000   226.00000   228.00000   230.00000   232.00000   234.00000   236.00000   238.00000   240.00000   242.00000   244.00000   246.00000   248.00000   250.00000   252.00000   254.00000   256.00000   258.00000   260.00000   262.00000   264.00000   266.00000   268.00000   270.00000   272.00000   274.00000   276.00000   278.00000   280.00000   282.00000   284.00000   286.00000   288.00000   290.00000   292.00000   294.00000   296.00000   298.00000   300.00000   302.00000   304.00000   306.00000   308.00000   310.00000   312.00000   314.00000   316.00000   318.00000   320.00000   322.00000   324.00000   326.00000
   328.00000   326.00000   324.00000   322.00000   320.00000   318.00000   316.00000   314.00000   312.00000   310.00000   308.00000   306.00000   304.00000   302.00000   300.00000   298.00000   296.00000   294.00000   292.00000   290.00000   288.00000   286.00000   284.00000   282.00000   280.00000   278.00000   276.00000   274.00000   272.00000   270.00000   268.00000   266.00000   264.00000   262.00000   260.00000   258.00000   256.00000   254.00000   252.00000   250.00000   248.00000   246.00000   244.00000   242.00000   240.00000   238.00000   236.00000   234.00000   232.00000   230.00000   228.00000   226.00000   224.00000   222.00000   220.00000   218.00000   216.00000   214.00000   212.00000   210.00000   208.00000   206.00000   204.00000   202.00000   200.00000   198.00000   196.00000   194.00000   192.00000   190.00000   188.00000   186.00000   184.00000   182.00000   180.00000   178.00000   176.00000   174.00000   172.00000   170.00000   168.00000   168.00000   170.00000   172.00000   174.00000   176.00000   178.00000   180.00000   182.00000   184.00000   186.00000   188.00000   190.00000   192.00000   194.00000   196.00000   198.00000   200.00000   202.00000   204.00000   206.00000   208.00000   210.00000   212.00000   214.00000   216.00000   218.00000   220.00000   222.00000   224.00000   226.00000   228.00000   230.00000   232.00000   234.00000   236.00000   238.00000   240.00000   242.00000   244.00000   246.00000   248.00000   250.00000   252.00000   254.00000   256.00000   258.00000   260.00000   262.00000   264.00000   266.00000   268.00000   270.00000   272.00000   274.00000   276.00000   278.00000   280.00000   282.00000   284.00000   286.00000   288.00000   290.00000   292.00000   294.00000   296.00000   298.00000   300.00000   302.00000   304.00000   306.00000   308.00000   310.00000   312.00000   314.00000   316.00000   318.00000   320.00000   322.00000   324.00000   326.00000   328.00000
   330.00000   328.00000   326.00000   324.00000   322.00000   320.00000   318.00000   316.00000   314.00000   312.00000   310.00000   308.00000   306.00000   304.00000   302.00000   300.00000   298.00000   296.00000   294.00000   292.00000   290.00000   288.00000   286.00000   284.00000   282.00000   280.00000   278.00000   276.00000   274.00000   272.00000   270.00000   268.00000   266.00000   264.00000   262.00000   260.00000   258.00000   256.00000   254.00000   252.00000   250.00000   248.00000   246.00000   244.00000   242.00000   240.00000   238.00000   236.00000   234.00000   232.00000   230.00000   228.00000   226.00000   224.00000   222.00000   220.00000   218.00000   216.00000   214.00000   212.00000   210.00000   208.00000   206.00000   204.00000   202.00000   200.00000   198.00000   196.00000   194.00000   192.00000   190.00000   188.00000   186.00000   184.00000   182.00000   180.00000   178.00000   176.00000   174.00000   172.00000   170.00000   170.00000   172.00000   174.00000   176.00000   178.00000   180.00000   182.00000   184.00000   186.00000   188.00000   190.00000   192.00000   194.00000   196.00000   198.00000   200.00000   202.00000   204.00000   206.00000   208.00000   210.00000   212.00000   214.00000   216.00000   218.00000   220.00000   222.00000   224.00000   226.00000   228.00000   230.00000   232.00000   234.00000   236.00000   238.00000   240.00000   242.00000   244.00000   246.00000   248.00000   250.00000   252.00000   254.00000   256.00000   258.00000   260.00000   262.00000   264.00000   266.00000   268.00000   270.00000   272.00000   274.00000   276.00000   278.00000   280.00000   282.00000   284.00000   286.00000   288.00000   290.00000   292.00000   294.00000   296.00000   298.00000   300.00000   302.00000   304.00000   306.00000   308.00000   310.00000   312.00000   314.00000   316.00000   318.00000   320.00000   322.00000   324.00000   326.00000   328.00000   330.00000
   332.00000   330.00000   328.00000   326.00000   324.00000   322.00000   320.00000   318.00000   316.00000   314.00000   312.00000   310.00000   308.00000   306.00000   304.00000   302.00000   300.00000   298.00000   296.00000   294.00000   292.00000   290.00000   288.00000   286.00000   284.00000   282.00000   280.00000   278.00000   276.00000   274.00000   272.00000   270.00000   268.00000   266.00000   264.00000   262.00000   260.00000   258.00000   256.00000   254.00000   252.00000   250.00000   248.00000   246.00000   244.00000   242.00000   240.00000   238.00000   236.00000   234.00000   232.00000   230.00000   228.00000   226.00000   224.00000   222.00000   220.00000   218.00000   216.00000   214.00000   212.00000   210.00000   208.00000   206.00000   204.00000   202.00000   200.00000   198.00000   196.00000   194.00000   192.00000   190.00000   188.00000   186.00000   184.00000   182.00000   180.00000   178.00000   176.00000   174.00000   172.00000   172.00000   174.00000   176.00000   178.00000   180.00000   182.00000   184.00000   186.00000   188.00000   190.00000   192.00000   194.00000   196.00000   198.00000   200.00000   202.00000   204.00000   206.00000   208.00000   210.00000   212.00000   214.00000   216.00000   218.00000   220.00000   222.00000   224.00000   226.00000   228.00000   230.00000   232.00000   234.00000   236.00000   238.00000   240.00000   242.00000   244.00000   246.00000   248.00000   250.00000   252.00000   254.00000   256.00000   258.00000   260.00000   262.00000   264.00000   266.00000   268.00000   270.00000   272.00000   274.00000   276.00000   278.00000   280.00000   282.00000   284.00000   286.00000   288.00000   290.00000   292.00000   294.00000   296.00000   298.00000   300.00000   302.00000   304.00000   306.00000   308.00000   310.00000   312.00000   314.00000   316.00000   318.00000   320.00000   322.00000   324.00000   326.00000   328.00000   330.00000   332.00000
   334.00000   332.00000   330.00000   328.00000   326.00000   324.00000   322.00000   320.00000   318.00000   316.00000   314.00000   312.00000   310.00000   308.00000   306.00000   304.00000   302.00000   300.00000   298.00000   296.00000   294.00000   292.00000   290.00000   288.00000   286.00000   284.00000   282.00000   280.00000   278.00000   276.00000   274.00000   272.00000   270.00000   268.00000   266.00000   264.00000   262.00000   260.00000   258.00000   256.00000   254.00000   252.00000   250.00000   248.00000   246.00000   244.00000   242.00000   240.00000   238.00000   236.00000   234.00000   232.00000   230.00000   228.00000   226.00000   224.00000   222.00000   220.00000   218.00000   216.00000   214.00000   212.00000   210.00000   208.00000   206.00000   204.00000   202.00000   200.00000   198.00000   196.00000   194.00000   192.00000   190.00000   188.00000   186.00000   184.00000   182.00000   180.00000   178.00000   176.00000   174.00000   174.00000   176.00000   178.00000   180.00000   182.00000   184.00000   186.00000   188.00000   190.00000   192.00000   194.00000   196.00000   198.00000   200.00000   202.00000   204.00000   206.00000   208.00000   210.00000   212.00000   214.00000   216.00000   218.00000   220.00000   222.00000   224.00000   226.00000   228.00000   230.00000   232.00000   234.00000   236.00000   238.00000   240.00000   242.00000   244.00000   246.00000   248.00000   250.00000   252.00000   254.00000   256.00000   258.00000   260.00000   262.00000   264.00000   266.00000   268.00000   270.00000   272.00000   274.00000   276.00000   278.00000   280.00000   282.00000   284.00000   286.00000   288.00000   290.00000   292.00000   294.00000   296.00000   298.00000   300.00000   302.00000   304.00000   306.00000   308.00000   310.00000   312.00000   314.00000   316.00000   318.00000   320.00000   322.00000   324.00000   326.00000   328.00000   330.00000   332.00000   334.00000
   336.00000   334.00000   332.00000   330.00000   328.00000   326.00000   324.00000   322.00000   320.00000   318.00000   316.00000   314.00000   312.00000   310.00000   308.00000   306.00000   304.00000   302.00000   300.00000   298.00000   296.00000   294.00000   292.00000   290.00000   288.00000   286.00000   284.00000   282.00000   280.00000   278.00000   276.00000   274.00000   272.00000   270.00000   268.00000   266.00000   264.00000   262.00000   260.00000   258.00000   256.00000   254.00000   252.00000   250.00000   248.00000   246.00000   244.00000   242.00000   240.00000   238.00000   236.00000   234.00000   232.00000   230.00000   228.00000   226.00000   224.00000   222.00000   220.00000   218.00000   216.00000   214.00000   212.00000   210.00000   208.00000   206.00000   204.00000   202.00000   200.00000   198.00000   196.00000   194.00000   192.00000   190.00000   188.00000   186.00000   184.00000   182.00000   180.00000   178.00000   176.00000   176.00000   178.00000   180.00000   182.00000   184.00000   186.00000   188.00000   190.00000   192.00000   194.00000   196.00000   198.00000   200.00000   202.00000   204.00000   206.00000   208.00000   210.00000   212.00000   214.00000   216.00000   218.00000   220.00000   222.00000   224.00000   226.00000   228.00000   230.00000   232.00000   234.00000   236.00000   238.00000   240.00000   242.00000   244.00000   246.00000   248.00000   250.00000   252.00000   254.00000   256.00000   258.00000   260.00000   262.00000   264.00000   266.00000   268.00000   270.00000   272.00000   274.00000   276.00000   278.00000   280.00000   282.00000   284.00000   286.00000   288.00000   290.00000   292.00000   294.00000   296.00000   298.00000   300.00000   302.00000   304.00000   306.00000   308.00000   310.00000   312.00000   314.00000   316.00000   318.00000   320.00000   322.00000   324.00000   326.00000   328.00000   330.00000   332.00000   334.00000   336.00000
   338.00000   336.00000   334.00000   332.00000   330.00000   328.00000   326.00000   324.00000   322.00000   320.00000   318.00000   316.00000   314.00000   312.00000   310.00000   308.00000   306.00000   304.00000   302.00000   300.00000   298.00000   296.00000   294.00000   292.00000   290.00000   288.00000   286.00000   284.00000   282.00000   280.00000   278.00000   276.00000   274.00000   272.00000   270.00000   268.00000   266.00000   264.00000   262.00000   260.00000   258.00000   256.00000   254.00000   252.00000   250.00000   248.00000   246.00000   244.00000   242.00000   240.00000   238.00000   236.00000   234.00000   232.00000   230.00000   228.00000   226.00000   224.00000   222.00000   220.00000   218.00000   216.00000   214.00000   212.00000   210.00000   208.00000   206.00000   204.00000   202.00000   200.00000   198.00000   196.00000   194.00000   192.00000   190.00000   188.00000   186.00000   184.00000   182.00000   180.00000   178.00000   178.00000   180.00000   182.00000   184.00000   186.00000   188.00000   190.00000   192.00000   194.00000   196.00000   198.00000   200.00000   202.00000   204.00000   206.00000   208.00000   210.00000   212.00000   214.00000   216.00000   218.00000   220.00000   222.00000   224.00000   226.00000   228.00000   230.00000   232.00000   234.00000   236.00000   238.00000   240.00000   242.00000   244.00000   246.00000   248.00000   250.00000   252.00000   254.00000   256.00000   258.00000   260.00000   262.00000   264.00000   266.00000   268.00000   270.00000   272.00000   274.00000   276.00000   278.00000   280.00000   282.00000   284.00000   286.00000   288.00000   290.00000   292.00000   294.00000   296.00000   298.00000   300.00000   302.00000   304.00000   306.00000   308.00000   310.00000   312.00000   314.00000   316.00000   318.00000   320.00000   322.00000   324.00000   326.00000   328.00000   330.00000   332.00000   334.00000   336.00000   338.00000
   340.00000   338.00000   336.00000   334.00000   332.00000   330.00000   328.00000   326.00000   324.00000   322.00000   320.00000   318.00000   316.00000   314.00000   312.00000   310.00000   308.00000   306.00000   304.00000   302.00000   300.00000   298.00000   296.00000   294.00000   292.00000   290.00000   288.00000   286.00000   284.00000   282.00000   280.00000   278.00000   276.00000   274.00000   272.00000   270.00000   268.00000   266.00000   264.00000   262.00000   260.00000   258.00000   256.00000   254.00000   252.00000   250.00000   248.00000   246.00000   244.00000   242.00000   240.00000   238.00000   236.00000   234.00000   232.00000   230.00000   228.00000   226.00000   224.00000   222.00000   220.00000   218.00000   216.00000   214.00000   212.00000   210.00000   208.00000   206.00000   204.00000   202.00000   200.00000   198.00000   196.00000   194.00000   192.00000   190.00000   188.00000   186.00000   184.00000   182.00000   180.00000   180.00000   182.00000   184.00000   186.00000   188.00000   190.00000   192.00000   194.00000   196.00000   198.00000   200.00000   202.00000   204.00000   206.00000   208.00000   210.00000   212.00000   214.00000   216.00000   218.00000   220.00000   222.00000   224.00000   226.00000   228.00000   230.00000   232.00000   234.00000   236.00000   238.00000   240.00000   242.00000   244.00000   246.00000   248.00000   250.00000   252.00000   254.00000   256.00000   258.00000   260.00000   262.00000   264.00000   266.00000   268.00000   270.00000   272.00000   274.00000   276.00000   278.00000   280.00000   282.00000   284.00000   286.00000   288.00000   290.00000   292.00000   294.00000   296.00000   298.00000   300.00000   302.00000   304.00000   306.00000   308.00000   310.00000   312.00000   314.00000   316.00000   318.00000   320.00000   322.00000   324.00000   326.00000   328.00000   330.00000   332.00000   334.00000   336.00000   338.00000   340.00000
   342.00000   340.00000   338.00000   336.00000   334.00000   332.00000   330.00000   328.00000   326.00000   324.00000   322.00000   320.00000   318.00000   316.00000   314.00000   312.00000   310.00000   308.00000   306.00000   304.00000   302.00000   300.00000   298.00000   296.00000   294.00000   292.00000   290.00000   288.00000   286.00000   284.00000   282.00000   280.00000   278.00000   276.00000   274.00000   272.00000   270.00000   268.00000   266.00000   264.00000   262.00000   260.00000   258.00000   256.00000   254.00000   252.00000   250.00000   248.00000   246.00000   244.00000   242.00000   240.00000   238.00000   236.00000   234.00000   232.00000   230.00000   228.00000   226.00000   224.00000   222.00000   220.00000   218.00000   216.00000   214.00000   212.00000   210.00000   208.00000   206.00000   204.00000   202.00000   200.00000   198.00000   196.00000   194.00000   192.00000   190.00000   188.00000   186.00000   184.00000   182.00000   182.00000   184.00000   186.00000   188.00000   190.00000   192.00000   194.00000   196.00000   198.00000   200.00000   202.00000   204.00000   206.00000   208.00000   210.00000   212.00000   214.00000   216.00000   218.00000   220.00000   222.00000   224.00000   226.00000   228.00000   230.00000   232.00000   234.00000   236.00000   238.00000   240.00000   242.00000   244.00000   246.00000   248.00000   250.00000   252.00000   254.00000   256.00000   258.00000   260.00000   262.00000   264.00000   266.00000   268.00000   270.00000   272.00000   274.00000   276.00000   278.00000   280.00000   282.00000   284.00000   286.00000   288.00000   290.00000   292.00000   294.00000   296.00000   298.00000   300.00000   302.00000   304.00000   306.00000   308.00000   310.00000   312.00000   314.00000   316.00000   318.00000   320.00000   322.00000   324.00000   326.00000   328.00000   330.00000   332.00000   334.00000   336.00000   338.00000   340.00000   342.00000
   344.00000   342.00000   340.00000   338.00000   336.00000   334.00000   332.00000   330.00000   328.00000   326.00000   324.00000   322.00000   320.00000   318.00000   316.00000   314.00000   312.00000   310.00000   308.00000   306.00000   304.00000   302.00000   300.00000   298.00000   296.00000   294.00000   292.00000   290.00000   288.00000   286.00000   284.00000   282.00000   280.00000   278.00000   276.00000   274.00000   272.00000   270.00000   268.00000   266.00000   264.00000   262.00000   260.00000   258.00000   256.00000   254.00000   252.00000   250.00000   248.00000   246.00000   244.00000   242.00000   240.00000   238.00000   236.00000   234.00000   232.00000   230.00000   228.00000   226.00000   224.00000   222.00000   220.00000   218.00000   216.00000   214.00000   212.00000   210.00000   208.00000   206.00000   204.00000   202.00000   200.00000   198.00000   196.00000   194.00000   192.00000   190.00000   188.00000   186.00000   184.00000   184.00000   186.00000   188.00000   190.00000   192.00000   194.00000   196.00000   198.00000   200.00000   202.00000   204.00000   206.00000   208.00000   210.00000   212.00000   214.00000   216.00000   218.00000   220.00000   222.00000   224.00000   226.00000   228.00000   230.00000   232.00000   234.00000   236.00000   238.00000   240.00000   242.00000   244.00000   246.00000   248.00000   250.00000   252.00000   254.00000   256.00000   258.00000   260.00000   262.00000   264.00000   266.00000   268.00000   270.00000   272.00000   274.00000   276.00000   278.00000   280.00000   282.00000   284.00000   286.00000   288.00000   290.00000   292.00000   294.00000   296.00000   298.00000   300.00000   302.00000   304.00000   306.00000   308.00000   310.00000   312.00000   314.00000   316.00000   318.00000   320.00000   322.00000   324.00000   326.00000   328.00000   330.00000   332.00000   334.00000   336.00000   338.00000   340.00000   342.00000   344.00000
   346.00000   344.00000   342.00000   340.00000   338.00000   336.00000   334.00000   332.00000   330.00000   328.00000   326.00000   324.00000   322.00000   320.00000   318.00000   316.00000   314.00000   312.00000   310.00000   308.00000   306.00000   304.00000   302.00000   300.00000   298.00000   296.00000   294.00000   292.00000   290.00000   288.00000   286.00000   284.00000   282.00000   280.00000   278.00000   276.00000   274.00000   272.00000   270.00000   268.00000   266.00000   264.00000   262.00000   260.00000   258.00000   256.00000   254.00000   252.00000   250.00000   248.00000   246.00000   244.00000   242.00000   240.00000   238.00000   236.00000   234.00000   232.00000   230.00000   228.00000   226.00000   224.00000   222.00000   220.00000   218.00000   216.00000   214.00000   212.00000   210.00000   208.00000   206.00000   204.00000   202.00000   200.00000   198.00000   196.00000   194.00000   192.00000   190.00000   188.00000   186.00000   186.00000   188.00000   190.00000   192.00000   194.00000   196.00000   198.00000   200.00000   202.00000   204.00000   206.00000   208.00000   210.00000   212.00000   214.00000   216.00000   218.00000   220.00000   222.00000   224.00000   226.00000   228.00000   230.00000   232.00000   234.00000   236.00000   238.00000   240.00000   242.00000   244.00000   246.00000   248.00000   250.00000   252.00000   254.00000   256.00000   258.00000   260.00000   262.00000   264.00000   266.00000   268.00000   270.00000   272.00000   274.00000   276.00000   278.00000   280.00000   282.00000   284.00000   286.00000   288.00000   290.00000   292.00000   294.00000   296.00000   298.00000   300.00000   302.00000   304.00000   306.00000   308.00000   310.00000   312.00000   314.00000   316.00000   318.00000   320.00000   322.00000   324.00000   326.00000   328.00000   330.00000   332.00000   334.00000   336.00000   338.00000   340.00000   342.00000   344.00000   346.00000
   348.00000   346.00000   344.00000   342.00000   340.00000   338.00000   336.00000   334.00000   332.00000   330.00000   328.00000   326.00000   324.00000   322.00000   320.00000   318.00000   316.00000   314.00000   312.00000   310.00000   308.00000   306.00000   304.00000   302.00000   300.00000   298.00000   296.00000   294.00000   292.00000   290.00000   288.00000   286.00000   284.00000   282.00000   280.00000   278.00000   276.00000   274.00000   272.00000   270.00000   268.00000   266.00000   264.00000   262.00000   260.00000   258.00000   256.00000   254.00000   252.00000   250.00000   248.00000   246.00000   244.00000   242.00000   240.00000   238.00000   236.00000   234.00000   232.00000   230.00000   228.00000   226.00000   224.00000   222.00000   220.00000   218.00000   216.00000   214.00000   212.00000   210.00000   208.00000   206.00000   204.00000   202.00000   200.00000   198.00000   196.00000   194.00000   192.00000   190.00000   188.00000   188.00000   190.00000   192.00000   194.00000   196.00000   198.00000   200.00000   202.00000   204.00000   206.00000   208.00000   210.00000   212.00000   214.00000   216.00000   218.00000   220.00000   222.00000   224.00000   226.00000   228.00000   230.00000   232.00000   234.00000   236.00000   238.00000   240.00000   242.00000   244.00000   246.00000   248.00000   250.00000   252.00000   254.00000   256.00000   258.00000   260.00000   262.00000   264.00000   266.00000   268.00000   270.00000   272.00000   274.00000   276.00000   278.00000   280.00000   282.00000   284.00000   286.00000   288.00000   290.00000   292.00000   294.00000   296.00000   298.00000   300.00000   302.00000   304.00000   306.00000   308.00000   310.00000   312.00000   314.00000   316.00000   318.00000   320.00000   322.00000   324.00000   326.00000   328.00000   330.00000   332.00000   334.00000   336.00000   338.00000   340.00000   342.00000   344.00000   346.00000   348.00000
   350.00000   348.00000   346.00000   344.00000   342.00000   340.00000   338.00000   336.00000   334.00000   332.00000   330.00000   328.00000   326.00000   324.00000   322.00000   320.00000   318.00000   316.00000   314.00000   312.00000   310.00000   308.00000   306.00000   304.00000   302.00000   300.00000   298.00000   296.00000   294.00000   292.00000   290.00000   288.00000   286.00000   284.00000   282.00000   280.00000   278.00000   276.00000   274.00000   272.00000   270.00000   268.00000   266.00000   264.00000   262.00000   260.00000   258.00000   256.00000   254.00000   252.00000   250.00000   248.00000   246.00000   244.00000   242.00000   240.00000   238.00000   236.00000   234.00000   232.00000   230.00000   228.00000   226.00000   224.00000   222.00000   220.00000   218.00000   216.00000   214.00000   212.00000   210.00000   208.00000   206.00000   204.00000   202.00000   200.00000   198.00000   196.00000   194.00000   192.00000   190.00000   190.00000   192.00000   194.00000   196.00000   198.00000   200.00000   202.00000   204.00000   206.00000   208.00000   210.00000   212.00000   214.00000   216.00000   218.00000   220.00000   222.00000   224.00000   226.00000   228.00000   230.00000   232.00000   234.00000   236.00000   238.00000   240.00000   242.00000   244.00000   246.00000   248.00000   250.00000   252.00000   254.00000   256.00000   258.00000   260.00000   262.00000   264.00000   266.00000   268.00000   270.00000   272.00000   274.00000   276.00000   278.00000   280.00000   282.00000   284.00000   286.00000   288.00000   290.00000   292.00000   294.00000   296.00000   298.00000   300.00000   302.00000   304.00000   306.00000   308.00000   310.00000   312.00000   314.00000   316.00000   318.00000   320.00000   322.00000   324.00000   326.00000   328.00000   330.00000   332.00000   334.00000   336.00000   338.00000   340.00000   342.00000   344.00000   346.00000   348.00000   350.00000
   352.00000   350.00000   348.00000   346.00000   344.00000   342.00000   340.00000   338.00000   336.00000   334.00000   332.00000   330.00000   328.00000   326.00000   324.00000   322.00000   320.00000   318.00000   316.00000   314.00000   312.00000   310.00000   308.00000   306.00000   304.00000   302.00000   300.00000   298.00000   296.00000   294.00000   292.00000   290.00000   288.00000   286.00000   284.00000   282.00000   280.00000   278.00000   276.00000   274.00000   272.00000   270.00000   268.00000   266.00000   264.00000   262.00000   260.00000   258.00000   256.00000   254.00000   252.00000   250.00000   248.00000   246.00000   244.00000   242.00000   240.00000   238.00000   236.00000   234.00000   232.00000   230.00000   228.00000   226.00000   224.00000   222.00000   220.00000   218.00000   216.00000   214.00000   212.00000   210.00000   208.00000   206.00000   204.00000   202.00000   200.00000   198.00000   196.00000   194.00000   192.00000   192.00000   194.00000   196.00000   198.00000   200.00000   202.00000   204.00000   206.00000   208.00000   210.00000   212.00000   214.00000   216.00000   218.00000   220.00000   222.00000   224.00000   226.00000   228.00000   230.00000   232.00000   234.00000   236.00000   238.00000   240.00000   242.00000   244.00000   246.00000   248.00000   250.00000   252.00000   254.00000   256.00000   258.00000   260.00000   262.00000   264.00000   266.00000   268.00000   270.00000   272.00000   274.00000   276.00000   278.00000   280.00000   282.00000   284.00000   286.00000   288.00000   290.00000   292.00000   294.00000   296.00000   298.00000   300.00000   302.00000   304.00000   306.00000   308.00000   310.00000   312.00000   314.00000   316.00000   318.00000   320.00000   322.00000   324.00000   326.00000   328.00000   330.00000   332.00000   334.00000   336.00000   338.00000   340.00000   342.00000   344.00000   346.00000   348.00000   350.00000   352.00000
   354.00000   352.00000   350.00000   348.00000   346.00000   344.00000   342.00000   340.00000   338.00000   336.00000   334.00000   332.00000   330.00000   328.00000   326.00000   324.00000   322.00000   320.00000   318.00000   316.00000   314.00000   312.00000   310.00000   308.00000   306.00000   304.00000   302.00000   300.00000   298.00000   296.00000   294.00000   292.00000   290.00000   288.00000   286.00000   284.00000   282.00000   280.00000   278.00000   276.00000   274.00000   272.00000   270.00000   268.00000   266.00000   264.00000   262.00000   260.00000   258.00000   256.00000   254.00000   252.00000   250.00000   248.00000   246.00000   244.00000   242.00000   240.00000   238.00000   236.00000   234.00000   232.00000   230.00000   228.00000   226.00000   224.00000   222.00000   220.00000   218.00000   216.00000   214.00000   212.00000   210.00000   208.00000   206.00000   204.00000   202.00000   200.00000   198.00000   196.00000   194.00000   194.00000   196.00000   198.00000   200.00000   202.00000   204.00000   206.00000   208.00000   210.00000   212.00000   214.00000   216.00000   218.00000   220.00000   222.00000   224.00000   226.00000   228.00000   230.00000   232.00000   234.00000   236.00000   238.00000   240.00000   242.00000   244.00000   246.00000   248.00000   250.00000   252.00000   254.00000   256.00000   258.00000   260.00000   262.00000   264.00000   266.00000   268.00000   270.00000   272.00000   274.00000   276.00000   278.00000   280.00000   282.00000   284.00000   286.00000   288.00000   290.00000   292.00000   294.00000   296.00000   298.00000   300.00000   302.00000   304.00000   306.00000   308.00000   310.00000   312.00000   314.00000   316.00000   318.00000   320.00000   322.00000   324.00000   326.00000   328.00000   330.00000   332.00000   334.00000   336.00000   338.00000   340.00000   342.00000   344.00000   346.00000   348.00000   350.00000   352.00000   354.00000
   356.00000   354.00000   352.00000   350.00000   348.00000   346.00000   344.00000   342.00000   340.00000   338.00000   336.00000   334.00000   332.00000   330.00000   328.00000   326.00000   324.00000   322.00000   320.00000   318.00000   316.00000   314.00000   312.00000   310.00000   308.00000   306.00000   304.00000   302.00000   300.00000   298.00000   296.00000   294.00000   292.00000   290.00000   288.00000   286.00000   284.00000   282.00000   280.00000   278.00000   276.00000   274.00000   272.00000   270.00000   268.00000   266.00000   264.00000   262.00000   260.00000   258.00000   256.00000   254.00000   252.00000   250.00000   248.00000   246.00000   244.00000   242.00000   240.00000   238.00000   236.00000   234.00000   232.00000   230.00000   228.00000   226.00000   224.00000   222.00000   220.00000   218.00000   216.00000   214.00000   212.00000   210.00000   208.00000   206.00000   204.00000   202.00000   200.00000   198.00000   196.00000   196.00000   198.00000   200.00000   202.00000   204.00000   206.00000   208.00000   210.00000   212.00000   214.00000   216.00000   218.00000   220.00000   222.00000   224.00000   226.00000   228.00000   230.00000   232.00000   234.00000   236.00000   238.00000   240.00000   242.00000   244.00000   246.00000   248.00000   250.00000   252.00000   254.00000   256.00000   258.00000   260.00000   262.00000   264.00000   266.00000   268.00000   270.00000   272.00000   274.00000   276.00000   278.00000   280.00000   282.00000   284.00000   286.00000   288.00000   290.00000   292.00000   294.00000   296.00000   298.00000   300.00000   302.00000   304.00000   306.00000   308.00000   310.00000   312.00000   314.00000   316.00000   318.00000   320.00000   322.00000   324.00000   326.00000   328.00000   330.00000   332.00000   334.00000   336.00000   338.00000   340.00000   342.00000   344.00000   346.00000   348.00000   350.00000   352.00000   354.00000   356.00000
   358.00000   356.00000   354.00000   352.00000   350.00000   348.00000   346.00000   344.00000   342.00000   340.00000   338.00000   336.00000   334.00000   332.00000   330.00000   328.00000   326.00000   324.00000   322.00000   320.00000   318.00000   316.00000   314.00000   312.00000   310.00000   308.00000   306.00000   304.00000   302.00000   300.00000   298.00000   296.00000   294.00000   292.00000   290.00000   288.00000   286.00000   284.00000   282.00000   280.00000   278.00000   276.00000   274.00000   272.00000   270.00000   268.00000   266.00000   264.00000   262.00000   260.00000   258.00000   256.00000   254.00000   252.00000   250.00000   248.00000   246.00000   244.00000   242.00000   240.00000   238.00000   236.00000   234.00000   232.00000   230.00000   228.00000   226.00000   224.00000   222.00000   220.00000   218.00000   216.00000   214.00000   212.00000   210.00000   208.00000   206.00000   204.00000   202.00000   200.00000   198.00000   198.00000   200.00000   202.00000   204.00000   206.00000   208.00000   210.00000   212.00000   214.00000   216.00000   218.00000   220.00000   222.00000   224.00000   226.00000   228.00000   230.00000   232.00000   234.00000   236.00000   238.00000   240.00000   242.00000   244.00000   246.00000   248.00000   250.00000   252.00000   254.00000   256.00000   258.00000   260.00000   262.00000   264.00000   266.00000   268.00000   270.00000   272.00000   274.00000   276.00000   278.00000   280.00000   282.00000   284.00000   286.00000   288.00000   290.00000   292.00000   294.00000   296.00000   298.00000   300.00000   302.00000   304.00000   306.00000   308.00000   310.00000   312.00000   314.00000   316.00000   318.00000   320.00000   322.00000   324.00000   326.00000   328.00000   330.00000   332.00000   334.00000   336.00000   338.00000   340.00000   342.00000   344.00000   346.00000   348.00000   350.00000   352.00000   354.00000   356.00000   358.00000
   360.00000   358.00000   356.00000   354.00000   352.00000   350.00000   348.00000   346.00000   344.00000   342.00000   340.00000   338.00000   336.00000   334.00000   332.00000   330.00000   328.00000   326.00000   324.00000   322.00000   320.00000   318.00000   316.00000   314.00000   312.00000   310.00000   308.00000   306.00000   304.00000   302.00000   300.00000   298.00000   296.00000   294.00000   292.00000   290.00000   288.00000   286.00000   284.00000   282.00000   280.00000   278.00000   276.00000   274.00000   272.00000   270.00000   268.00000   266.00000   264.00000   262.00000   260.00000   258.00000   256.00000   254.00000   252.00000   250.00000   248.00000   246.00000   244.00000   242.00000   240.00000   238.00000   236.00000   234.00000   232.00000   230.00000   228.00000   226.00000   224.00000   222.00000   220.00000   218.00000   216.00000   214.00000   212.00000   210.00000   208.00000   206.00000   204.00000   202.00000   200.00000   200.00000   202.00000   204.00000   206.00000   208.00000   210.00000   212.00000   214.00000   216.00000   218.00000   220.00000   222.00000   224.00000   226.00000   228.00000   230.00000   232.00000   234.00000   236.00000   238.00000   240.00000   242.00000   244.00000   246.00000   248.00000   250.00000   252.00000   254.00000   256.00000   258.00000   260.00000   262.00000   264.00000   266.00000   268.00000   270.00000   272.00000   274.00000   276.00000   278.00000   280.00000   282.00000   284.00000   286.00000   288.00000   290.00000   292.00000   294.00000   296.00000   298.00000   300.00000   302.00000   304.00000   306.00000   308.00000   310.00000   312.00000   314.00000   316.00000   318.00000   320.00000   322.00000   324.00000   326.00000   328.00000   330.00000   332.00000   334.00000   336.00000   338.00000   340.00000   342.00000   344.00000   346.00000   348.00000   350.00000   352.00000   354.00000   356.00000   358.00000   360.00000
   362.00000   360.00000   358.00000   356.00000   354.00000   352.00000   350.00000   348.00000   346.00000   344.00000   342.00000   340.00000   338.00000   336.00000   334.00000   332.00000   330.00000   328.00000   326.00000   324.00000   322.00000   320.00000   318.00000   316.00000   314.00000   312.00000   310.00000   308.00000   306.00000   304.00000   302.00000   300.00000   298.00000   296.00000   294.00000   292.00000   290.00000   288.00000   286.00000   284.00000   282.00000   280.00000   278.00000   276.00000   274.00000   272.00000   270.00000   268.00000   266.00000   264.00000   262.00000   260.00000   258.00000   256.00000   254.00000   252.00000   250.00000   248.00000   246.00000   244.00000   242.00000   240.00000   238.00000   236.00000   234.00000   232.00000   230.00000   228.00000   226.00000   224.00000   222.00000   220.00000   218.00000   216.00000   214.00000   212.00000   210.00000   208.00000   206.00000   204.00000   202.00000   202.00000   204.00000   206.00000   208.00000   210.00000   212.00000   214.00000   216.00000   218.00000   220.00000   222.00000   224.00000   226.00000   228.00000   230.00000   232.00000   234.00000   236.00000   238.00000   240.00000   242.00000   244.00000   246.00000   248.00000   250.00000   252.00000   254.00000   256.00000   258.00000   260.00000   262.00000   264.00000   266.00000   268.00000   270.00000   272.00000   274.00000   276.00000   278.00000   280.00000   282.00000   284.00000   286.00000   288.00000   290.00000   292.00000   294.00000   296.00000   298.00000   300.00000   302.00000   304.00000   306.00000   308.00000   310.00000   312.00000   314.00000   316.00000   318.00000   320.00000   322.00000   324.00000   326.00000   328.00000   330.00000   332.00000   334.00000   336.00000   338.00000   340.00000   342.00000   344.00000   346.00000   348.00000   350.00000   352.00000   354.00000   356.00000   358.00000   360.00000   362.00000
   364.00000   362.00000   360.00000   358.00000   356.00000   354.00000   352.00000   350.00000   348.00000   346.00000   344.00000   342.00000   340.00000   338.00000   336.00000   334.00000   332.00000   330.00000   328.00000   326.00000   324.00000   322.00000   320.00000   318.00000   316.00000   314.00000   312.00000   310.00000   308.00000   306.00000   304.00000   302.00000   300.00000   298.00000   296.00000   294.00000   292.00000   290.00000   288.00000   286.00000   284.00000   282.00000   280.00000   278.00000   276.00000   274.00000   272.00000   270.00000   268.00000   266.00000   264.00000   262.00000   260.00000   258.00000   256.00000   254.00000   252.00000   250.00000   248.00000   246.00000   244.00000   242.00000   240.00000   238.00000   236.00000   234.00000   232.00000   230.00000   228.00000   226.00000   224.00000   222.00000   220.00000   218.00000   216.00000   214.00000   212.00000   210.00000   208.00000   206.00000   204.00000   204.00000   206.00000   208.00000   210.00000   212.00000   214.00000   216.00000   218.00000   220.00000   222.00000   224.00000   226.00000   228.00000   230.00000   232.00000   234.00000   236.00000   238.00000   240.00000   242.00000   244.00000   246.00000   248.00000   250.00000   252.00000   254.00000   256.00000   258.00000   260.00000   262.00000   264.00000   266.00000   268.00000   270.00000   272.00000   274.00000   276.00000   278.00000   280.00000   282.00000   284.00000   286.00000   288.00000   290.00000   292.00000   294.00000   296.00000   298.00000   300.00000   302.00000   304.00000   306.00000   308.00000   310.00000   312.00000   314.00000   316.00000   318.00000   320.00000   322.00000   324.00000   326.00000   328.00000   330.00000   332.00000   334.00000   336.00000   338.00000   340.00000   342.00000   344.00000   346.00000   348.00000   350.00000   352.00000   354.00000   356.00000   358.00000   360.00000   362.00000   364.00000
   366.00000   364.00000   362.00000   360.00000   358.00000   356.00000   354.00000   352.00000   350.00000   348.00000   346.00000   344.00000   342.00000   340.00000   338.00000   336.00000   334.00000   332.00000   330.00000   328.00000   326.00000   324.00000   322.00000   320.00000   318.00000   316.00000   314.00000   312.00000   310.00000   308.00000   306.00000   304.00000   302.00000   300.00000   298.00000   296.00000   294.00000   292.00000   290.00000   288.00000   286.00000   284.00000   282.00000   280.00000   278.00000   276.00000   274.00000   272.00000   270.00000   268.00000   266.00000   264.00000   262.00000   260.00000   258.00000   256.00000   254.00000   252.00000   250.00000   248.00000   246.00000   244.00000   242.00000   240.00000   238.00000   236.00000   234.00000   232.00000   230.00000   228.00000   226.00000   224.00000   222.00000   220.00000   218.00000   216.00000   214.00000   212.00000   210.00000   208.00000   206.00000   206.00000   208.00000   210.00000   212.00000   214.00000   216.00000   218.00000   220.00000   222.00000   224.00000   226.00000   228.00000   230.00000   232.00000   234.00000   236.00000   238.00000   240.00000   242.00000   244.00000   246.00000   248.00000   250.00000   252.00000   254.00000   256.00000   258.00000   260.00000   262.00000   264.00000   266.00000   268.00000   270.00000   272.00000   274.00000   276.00000   278.00000   280.00000   282.00000   284.00000   286.00000   288.00000   290.00000   292.00000   294.00000   296.00000   298.00000   300.00000   302.00000   304.00000   306.00000   308.00000   310.00000   312.00000   314.00000   316.00000   318.00000   320.00000   322.00000   324.00000   326.00000   328.00000   330.00000   332.00000   334.00000   336.00000   338.00000   340.00000   342.00000   344.00000   346.00000   348.00000   350.00000   352.00000   354.00000   356.00000   358.00000   360.00000   362.00000   364.00000   366.00000
   368.00000   366.00000   364.00000   362.00000   360.00000   358.00000   356.00000   354.00000   352.00000   350.00000   348.00000   346.00000   344.00000   342.00000   340.00000   338.00000   336.00000   334.00000   332.00000   330.00000   328.00000   326.00000   324.00000   322.00000   320.00000   318.00000   316.00000   314.00000   312.00000   310.00000   308.00000   306.00000   304.00000   302.00000   300.00000   298.00000   296.00000   294.00000   292.00000   290.00000   288.00000   286.00000   284.00000   282.00000   280.00000   278.00000   276.00000   274.00000   272.00000   270.00000   268.00000   266.00000   264.00000   262.00000   260.00000   258.00000   256.00000   254.00000   252.00000   250.00000   248.00000   246.00000   244.00000   242.00000   240.00000   238.00000   236.00000   234.00000   232.00000   230.00000   228.00000   226.00000   224.00000   222.00000   220.00000   218.00000   216.00000   214.00000   212.00000   210.00000   208.00000   208.00000   210.00000   212.00000   214.00000   216.00000   218.00000   220.00000   222.00000   224.00000   226.00000   228.00000   230.00000   232.00000   234.00000   236.00000   238.00000   240.00000   242.00000   244.00000   246.00000   248.00000   250.00000   252.00000   254.00000   256.00000   258.00000   260.00000   262.00000   264.00000   266.00000   268.00000   270.00000   272.00000   274.00000   276.00000   278.00000   280.00000   282.00000   284.00000   286.00000   288.00000   290.00000   292.00000   294.00000   296.00000   298.00000   300.00000   302.00000   304.00000   306.00000   308.00000   310.00000   312.00000   314.00000   316.00000   318.00000   320.00000   322.00000   324.00000   326.00000   328.00000   330.00000   332.00000   334.00000   336.00000   338.00000   340.00000   342.00000   344.00000   346.00000   348.00000   350.00000   352.00000   354.00000   356.00000   358.00000   360.00000   362.00000   364.00000   366.00000   368.00000
   370.00000   368.00000   366.00000   364.00000   362.00000   360.00000   358.00000   356.00000   354.00000   352.00000   350.00000   348.00000   346.00000   344.00000   342.00000   340.00000   338.00000   336.00000   334.00000   332.00000   330.00000   328.00000   326.00000   324.00000   322.00000   320.00000   318.00000   316.00000   314.00000   312.00000   310.00000   308.00000   306.00000   304.00000   302.00000   300.00000   298.00000   296.00000   294.00000   292.00000   290.00000   288.00000   286.00000   284.00000   282.00000   280.00000   278.00000   276.00000   274.00000   272.00000   270.00000   268.00000   266.00000   264.00000   262.00000   260.00000   258.00000   256.00000   254.00000   252.00000   250.00000   248.00000   246.00000   244.00000   242.00000   240.00000   238.00000   236.00000   234.00000   232.00000   230.00000   228.00000   226.00000   224.00000   222.00000   220.00000   218.00000   216.00000   214.00000   212.00000   210.00000   210.00000   212.00000   214.00000   216.00000   218.00000   220.00000   222.00000   224.00000   226.00000   228.00000   230.00000   232.00000   234.00000   236.00000   238.00000   240.00000   242.00000   244.00000   246.00000   248.00000   250.00000   252.00000   254.00000   256.00000   258.00000   260.00000   262.00000   264.00000   266.00000   268.00000   270.00000   272.00000   274.00000   276.00000   278.00000   280.00000   282.00000   284.00000   286.00000   288.00000   290.00000   292.00000   294.00000   296.00000   298.00000   300.00000   302.00000   304.00000   306.00000   308.00000   310.00000   312.00000   314.00000   316.00000   318.00000   320.00000   322.00000   324.00000   326.00000   328.00000   330.00000   332.00000   334.00000   336.00000   338.00000   340.00000   342.00000   344.00000   346.00000   348.00000   350.00000   352.00000   354.00000   356.00000   358.00000   360.00000   362.00000   364.00000   366.00000   368.00000   370.00000
   372.00000   370.00000   368.00000   366.00000   364.00000   362.00000   360.00000   358.00000   356.00000   354.00000   352.00000   350.00000   348.00000   346.00000   344.00000   342.00000   340.00000   338.00000   336.00000   334.00000   332.00000   330.00000   328.00000   326.00000   324.00000   322.00000   320.00000   318.00000   316.00000   314.00000   312.00000   310.00000   308.00000   306.00000   304.00000   302.00000   300.00000   298.00000   296.00000   294.00000   292.00000   290.00000   288.00000   286.00000   284.00000   282.00000   280.00000   278.00000   276.00000   274.00000   272.00000   270.00000   268.00000   266.00000   264.00000   262.00000   260.00000   258.00000   256.00000   254.00000   252.00000   250.00000   248.00000   246.00000   244.00000   242.00000   240.00000   238.00000   236.00000   234.00000   232.00000   230.00000   228.00000   226.00000   224.00000   222.00000   220.00000   218.00000   216.00000   214.00000   212.00000   212.00000   214.00000   216.00000   218.00000   220.00000   222.00000   224.00000   226.00000   228.00000   230.00000   232.00000   234.00000   236.00000   238.00000   240.00000   242.00000   244.00000   246.00000   248.00000   250.00000   252.00000   254.00000   256.00000   258.00000   260.00000   262.00000   264.00000   266.00000   268.00000   270.00000   272.00000   274.00000   276.00000   278.00000   280.00000   282.00000   284.00000   286.00000   288.00000   290.00000   292.00000   294.00000   296.00000   298.00000   300.00000   302.00000   304.00000   306.00000   308.00000   310.00000   312.00000   314.00000   316.00000   318.00000   320.00000   322.00000   324.00000   326.00000   328.00000   330.00000   332.00000   334.00000   336.00000   338.00000   340.00000   342.00000   344.00000   346.00000   348.00000   350.00000   352.00000   354.00000   356.00000   358.00000   360.00000   362.00000   364.00000   366.00000   368.00000   370.00000   372.00000
   374.00000   372.00000   370.00000   368.00000   366.00000   364.00000   362.00000   360.00000   358.00000   356.00000   354.00000   352.00000   350.00000   348.00000   346.00000   344.00000   342.00000   340.00000   338.00000   336.00000   334.00000   332.00000   330.00000   328.00000   326.00000   324.00000   322.00000   320.00000   318.00000   316.00000   314.00000   312.00000   310.00000   308.00000   306.00000   304.00000   302.00000   300.00000   298.00000   296.00000   294.00000   292.00000   290.00000   288.00000   286.00000   284.00000   282.00000   280.00000   278.00000   276.00000   274.00000   272.00000   270.00000   268.00000   266.00000   264.00000   262.00000   260.00000   258.00000   256.00000   254.00000   252.00000   250.00000   248.00000   246.00000   244.00000   242.00000   240.00000   238.00000   236.00000   234.00000   232.00000   230.00000   228.00000   226.00000   224.00000   222.00000   220.00000   218.00000   216.00000   214.00000   214.00000   216.00000   218.00000   220.00000   222.00000   224.00000   226.00000   228.00000   230.00000   232.00000   234.00000   236.00000   238.00000   240.00000   242.00000   244.00000   246.00000   248.00000   250.00000   252.00000   254.00000   256.00000   258.00000   260.00000   262.00000   264.00000   266.00000   268.00000   270.00000   272.00000   274.00000   276.00000   278.00000   280.00000   282.00000   284.00000   286.00000   288.00000   290.00000   292.00000   294.00000   296.00000   298.00000   300.00000   302.00000   304.00000   306.00000   308.00000   310.00000   312.00000   314.00000   316.00000   318.00000   320.00000   322.00000   324.00000   326.00000   328.00000   330.00000   332.00000   334.00000   336.00000   338.00000   340.00000   342.00000   344.00000   346.00000   348.00000   350.00000   352.00000   354.00000   356.00000   358.00000   360.00000   362.00000   364.00000   366.00000   368.00000   370.00000   372.00000   374.00000
   376.00000   374.00000   372.00000   370.00000   368.00000   366.00000   364.00000   362.00000   360.00000   358.00000   356.00000   354.00000   352.00000   350.00000   348.00000   346.00000   344.00000   342.00000   340.00000   338.00000   336.00000   334.00000   332.00000   330.00000   328.00000   326.00000   324.00000   322.00000   320.00000   318.00000   316.00000   314.00000   312.00000   310.00000   308.00000   306.00000   304.00000   302.00000   300.00000   298.00000   296.00000   294.00000   292.00000   290.00000   288.00000   286.00000   284.00000   282.00000   280.00000   278.00000   276.00000   274.00000   272.00000   270.00000   268.00000   266.00000   264.00000   262.00000   260.00000   258.00000   256.00000   254.00000   252.00000   250.00000   248.00000   246.00000   244.00000   242.00000   240.00000   238.00000   236.00000   234.00000   232.00000   230.00000   228.00000   226.00000   224.00000   222.00000   220.00000   218.00000   216.00000   216.00000   218.00000   220.00000   222.00000   224.00000   226.00000   228.00000   230.00000   232.00000   234.00000   236.00000   238.00000   240.00000   242.00000   244.00000   246.00000   248.00000   250.00000   252.00000   254.00000   256.00000   258.00000   260.00000   262.00000   264.00000   266.00000   268.00000   270.00000   272.00000   274.00000   276.00000   278.00000   280.00000   282.00000   284.00000   286.00000   288.00000   290.00000   292.00000   294.00000   296.00000   298.00000   300.00000   302.00000   304.00000   306.00000   308.00000   310.00000   312.00000   314.00000   316.00000   318.00000   320.00000   322.00000   324.00000   326.00000   328.00000   330.00000   332.00000   334.00000   336.00000   338.00000   340.00000   342.00000   344.00000   346.00000   348.00000   350.00000   352.00000   354.00000   356.00000   358.00000   360.00000   362.00000   364.00000   366.00000   368.00000   370.00000   372.00000   374.00000   376.00000
   378.00000   376.00000   374.00000   372.00000   370.00000   368.00000   366.00000   364.00000   362.00000   360.00000   358.00000   356.00000   354.00000   352.00000   350.00000   348.00000   346.00000   344.00000   342.00000   340.00000   338.00000   336.00000   334.00000   332.00000   330.00000   328.00000   326.00000   324.00000   322.00000   320.00000   318.00000   316.00000   314.00000   312.00000   310.00000   308.00000   306.00000   304.00000   302.00000   300.00000   298.00000   296.00000   294.00000   292.00000   290.00000   288.00000   286.00000   284.00000   282.00000   280.00000   278.00000   276.00000   274.00000   272.00000   270.00000   268.00000   266.00000   264.00000   262.00000   260.00000   258.00000   256.00000   254.00000   252.00000   250.00000   248.00000   246.00000   244.00000   242.00000   240.00000   238.00000   236.00000   234.00000   232.00000   230.00000   228.00000   226.00000   224.00000   222.00000   220.00000   218.00000   218.00000   220.00000   222.00000   224.00000   226.00000   228.00000   230.00000   232.00000   234.00000   236.00000   238.00000   240.00000   242.00000   244.00000   246.00000   248.00000   250.00000   252.00000   254.00000   256.00000   258.00000   260.00000   262.00000   264.00000   266.00000   268.00000   270.00000   272.00000   274.00000   276.00000   278.00000   280.00000   282.00000   284.00000   286.00000   288.00000   290.00000   292.00000   294.00000   296.00000   298.00000   300.00000   302.00000   304.00000   306.00000   308.00000   310.00000   312.00000   314.00000   316.00000   318.00000   320.00000   322.00000   324.00000   326.00000   328.00000   330.00000   332.00000   334.00000   336.00000   338.00000   340.00000   342.00000   344.00000   346.00000   348.00000   350.00000   352.00000   354.00000   356.00000   358.00000   360.00000   362.00000   364.00000   366.00000   368.00000   370.00000   372.00000   374.00000   376.00000   378.00000
   380.00000   378.00000   376.00000   374.00000   372.00000   370.00000   368.00000   366.00000   364.00000   362.00000   360.00000   358.00000   356.00000   354.00000   352.00000   350.00000   348.00000   346.00000   344.00000   342.00000   340.00000   338.00000   336.00000   334.00000   332.00000   330.00000   328.00000   326.00000   324.00000   322.00000   320.00000   318.00000   316.00000   314.00000   312.00000   310.00000   308.00000   306.00000   304.00000   302.00000   300.00000   298.00000   296.00000   294.00000   292.00000   290.00000   288.00000   286.00000   284.00000   282.00000   280.00000   278.00000   276.00000   274.00000   272.00000   270.00000   268.00000   266.00000   264.00000   262.00000   260.00000   258.00000   256.00000   254.00000   252.00000   250.00000   248.00000   246.00000   244.00000   242.00000   240.00000   238.00000   236.00000   234.00000   232.00000   230.00000   228.00000   226.00000   224.00000   222.00000   220.00000   220.00000   222.00000   224.00000   226.00000   228.00000   230.00000   232.00000   234.00000   236.00000   238.00000   240.00000   242.00000   244.00000   246.00000   248.00000   250.00000   252.00000   254.00000   256.00000   258.00000   260.00000   262.00000   264.00000   266.00000   268.00000   270.00000   272.00000   274.00000   276.00000   278.00000   280.00000   282.00000   284.00000   286.00000   288.00000   290.00000   292.00000   294.00000   296.00000   298.00000   300.00000   302.00000   304.00000   306.00000   308.00000   310.00000   312.00000   314.00000   316.00000   318.00000   320.00000   322.00000   324.00000   326.00000   328.00000   330.00000   332.00000   334.00000   336.00000   338.00000   340.00000   342.00000   344.00000   346.00000   348.00000   350.00000   352.00000   354.00000   356.00000   358.00000   360.00000   362.00000   364.00000   366.00000   368.00000   370.00000   372.00000   374.00000   376.00000   378.00000   380.00000
   382.00000   380.00000   378.00000   376.00000   374.00000   372.00000   370.00000   368.00000   366.00000   364.00000   362.00000   360.00000   358.00000   356.00000   354.00000   352.00000   350.00000   348.00000   346.00000   344.00000   342.00000   340.00000   338.00000   336.00000   334.00000   332.00000   330.00000   328.00000   326.00000   324.00000   322.00000   320.00000   318.00000   316.00000   314.00000   312.00000   310.00000   308.00000   306.00000   304.00000   302.00000   300.00000   298.00000   296.00000   294.00000   292.00000   290.00000   288.00000   286.00000   284.00000   282.00000   280.00000   278.00000   276.00000   274.00000   272.00000   270.00000   268.00000   266.00000   264.00000   262.00000   260.00000   258.00000   256.00000   254.00000   252.00000   250.00000   248.00000   246.00000   244.00000   242.00000   240.00000   238.00000   236.00000   234.00000   232.00000   230.00000   228.00000   226.00000   224.00000   222.00000   222.00000   224.00000   226.00000   228.00000   230.00000   232.00000   234.00000   236.00000   238.00000   240.00000   242.00000   244.00000   246.00000   248.00000   250.00000   252.00000   254.00000   256.00000   258.00000   260.00000   262.00000   264.00000   266.00000   268.00000   270.00000   272.00000   274.00000   276.00000   278.00000   280.00000   282.00000   284.00000   286.00000   288.00000   290.00000   292.00000   294.00000   296.00000   298.00000   300.00000   302.00000   304.00000   306.00000   308.00000   310.00000   312.00000   314.00000   316.00000   318.00000   320.00000   322.00000   324.00000   326.00000   328.00000   330.00000   332.00000   334.00000   336.00000   338.00000   340.00000   342.00000   344.00000   346.00000   348.00000   350.00000   352.00000   354.00000   356.00000   358.00000   360.00000   362.00000   364.00000   366.00000   368.00000   370.00000   372.00000   374.00000   376.00000   378.00000   380.00000   382.00000
   384.00000   382.00000   380.00000   378.00000   376.00000   374.00000   372.00000   370.00000   368.00000   366.00000   364.00000   362.00000   360.00000   358.00000   356.00000   354.00000   352.00000   350.00000   348.00000   346.00000   344.00000   342.00000   340.00000   338.00000   336.00000   334.00000   332.00000   330.00000   328.00000   326.00000   324.00000   322.00000   320.00000   318.00000   316.00000   314.00000   312.00000   310.00000   308.00000   306.00000   304.00000   302.00000   300.00000   298.00000   296.00000   294.00000   292.00000   290.00000   288.00000   286.00000   284.00000   282.00000   280.00000   278.00000   276.00000   274.00000   272.00000   270.00000   268.00000   266.00000   264.00000   262.00000   260.00000   258.00000   256.00000   254.00000   252.00000   250.00000   248.00000   246.00000   244.00000   242.00000   240.00000   238.00000   236.00000   234.00000   232.00000   230.00000   228.00000   226.00000   224.00000   224.00000   226.00000   228.00000   230.00000   232.00000   234.00000   236.00000   238.00000   240.00000   242.00000   244.00000   246.00000   248.00000   250.00000   252.00000   254.00000   256.00000   258.00000   260.00000   262.00000   264.00000   266.00000   268.00000   270.00000   272.00000   274.00000   276.00000   278.00000   280.00000   282.00000   284.00000   286.00000   288.00000   290.00000   292.00000   294.00000   296.00000   298.00000   300.00000   302.00000   304.00000   306.00000   308.00000   310.00000   312.00000   314.00000   316.00000   318.00000   320.00000   322.00000   324.00000   326.00000   328.00000   330.00000   332.00000   334.00000   336.00000   338.00000   340.00000   342.00000   344.00000   346.00000   348.00000   350.00000   352.00000   354.00000   356.00000   358.00000   360.00000   362.00000   364.00000   366.00000   368.00000   370.00000   372.00000   374.00000   376.00000   378.00000   380.00000   382.00000   384.00000
   386.00000   384.00000   382.00000   380.00000   378.00000   376.00000   374.00000   372.00000   370.00000   368.00000   366.00000   364.00000   362.00000   360.00000   358.00000   356.00000   354.00000   352.00000   350.00000   348.00000   346.00000   344.00000   342.00000   340.00000   338.00000   336.00000   334.00000   332.00000   330.00000   328.00000   326.00000   324.00000   322.00000   320.00000   318.00000   316.00000   314.00000   312.00000   310.00000   308.00000   306.00000   304.00000   302.00000   300.00000   298.00000   296.00000   294.00000   292.00000   290.00000   288.00000   286.00000   284.00000   282.00000   280.00000   278.00000   276.00000   274.00000   272.00000   270.00000   268.00000   266.00000   264.00000   262.00000   260.00000   258.00000   256.00000   254.00000   252.00000   250.00000   248.00000   246.00000   244.00000   242.00000   240.00000   238.00000   236.00000   234.00000   232.00000   230.00000   228.00000   226.00000   226.00000   228.00000   230.00000   232.00000   234.00000   236.00000   238.00000   240.00000   242.00000   244.00000   246.00000   248.00000   250.00000   252.00000   254.00000   256.00000   258.00000   260.00000   262.00000   264.00000   266.00000   268.00000   270.00000   272.00000   274.00000   276.00000   278.00000   280.00000   282.00000   284.00000   286.00000   288.00000   290.00000   292.00000   294.00000   296.00000   298.00000   300.00000   302.00000   304.00000   306.00000   308.00000   310.00000   312.00000   314.00000   316.00000   318.00000   320.00000   322.00000   324.00000   326.00000   328.00000   330.00000   332.00000   334.00000   336.00000   338.00000   340.00000   342.00000   344.00000   346.00000   348.00000   350.00000   352.00000   354.00000   356.00000   358.00000   360.00000   362.00000   364.00000   366.00000   368.00000   370.00000   372.00000   374.00000   376.00000   378.00000   380.00000   382.00000   384.00000   386.00000
   388.00000   386.00000   384.00000   382.00000   380.00000   378.00000   376.00000   374.00000   372.00000   370.00000   368.00000   366.00000   364.00000   362.00000   360.00000   358.00000   356.00000   354.00000   352.00000   350.00000   348.00000   346.00000   344.00000   342.00000   340.00000   338.00000   336.00000   334.00000   332.00000   330.00000   328.00000   326.00000   324.00000   322.00000   320.00000   318.00000   316.00000   314.00000   312.00000   310.00000   308.00000   306.00000   304.00000   302.00000   300.00000   298.00000   296.00000   294.00000   292.00000   290.00000   288.00000   286.00000   284.00000   282.00000   280.00000   278.00000   276.00000   274.00000   272.00000   270.00000   268.00000   266.00000   264.00000   262.00000   260.00000   258.00000   256.00000   254.00000   252.00000   250.00000   248.00000   246.00000   244.00000   242.00000   240.00000   238.00000   236.00000   234.00000   232.00000   230.00000   228.00000   228.00000   230.00000   232.00000   234.00000   236.00000   238.00000   240.00000   242.00000   244.00000   246.00000   248.00000   250.00000   252.00000   254.00000   256.00000   258.00000   260.00000   262.00000   264.00000   266.00000   268.00000   270.00000   272.00000   274.00000   276.00000   278.00000   280.00000   282.00000   284.00000   286.00000   288.00000   290.00000   292.00000   294.00000   296.00000   298.00000   300.00000   302.00000   304.00000   306.00000   308.00000   310.00000   312.00000   314.00000   316.00000   318.00000   320.00000   322.00000   324.00000   326.00000   328.00000   330.00000   332.00000   334.00000   336.00000   338.00000   340.00000   342.00000   344.00000   346.00000   348.00000   350.00000   352.00000   354.00000   356.00000   358.00000   360.00000   362.00000   364.00000   366.00000   368.00000   370.00000   372.00000   374.00000   376.00000   378.00000   380.00000   382.00000   384.00000   386.00000   388.00000
   390.00000   388.00000   386.00000   384.00000   382.00000   380.00000   378.00000   376.00000   374.00000   372.00000   370.00000   368.00000   366.00000   364.00000   362.00000   360.00000   358.00000   356.00000   354.00000   352.00000   350.00000   348.00000   346.00000   344.00000   342.00000   340.00000   338.00000   336.00000   334.00000   332.00000   330.00000   328.00000   326.00000   324.00000   322.00000   320.00000   318.00000   316.00000   314.00000   312.00000   310.00000   308.00000   306.00000   304.00000   302.00000   300.00000   298.00000   296.00000   294.00000   292.00000   290.00000   288.00000   286.00000   284.00000   282.00000   280.00000   278.00000   276.00000   274.00000   272.00000   270.00000   268.00000   266.00000   264.00000   262.00000   260.00000   258.00000   256.00000   254.00000   252.00000   250.00000   248.00000   246.00000   244.00000   242.00000   240.00000   238.00000   236.00000   234.00000   232.00000   230.00000   230.00000   232.00000   234.00000   236.00000   238.00000   240.00000   242.00000   244.00000   246.00000   248.00000   250.00000   252.00000   254.00000   256.00000   258.00000   260.00000   262.00000   264.00000   266.00000   268.00000   270.00000   272.00000   274.00000   276.00000   278.00000   280.00000   282.00000   284.00000   286.00000   288.00000   290.00000   292.00000   294.00000   296.00000   298.00000   300.00000   302.00000   304.00000   306.00000   308.00000   310.00000   312.00000   314.00000   316.00000   318.00000   320.00000   322.00000   324.00000   326.00000   328.00000   330.00000   332.00000   334.00000   336.00000   338.00000   340.00000   342.00000   344.00000   346.00000   348.00000   350.00000   352.00000   354.00000   356.00000   358.00000   360.00000   362.00000   364.00000   366.00000   368.00000   370.00000   372.00000   374.00000   376.00000   378.00000   380.00000   382.00000   384.00000   386.00000   388.00000   390.00000
   392.00000   390.00000   388.00000   386.00000   384.00000   382.00000   380.00000   378.00000   376.00000   374.00000   372.00000   370.00000   368.00000   366.00000   364.00000   362.00000   360.00000   358.00000   356.00000   354.00000   352.00000   350.00000   348.00000   346.00000   344.00000   342.00000   340.00000   338.00000   336.00000   334.00000   332.00000   330.00000   328.00000   326.00000   324.00000   322.00000   320.00000   318.00000   316.00000   314.00000   312.00000   310.00000   308.00000   306.00000   304.00000   302.00000   300.00000   298.00000   296.00000   294.00000   292.00000   290.00000   288.00000   286.00000   284.00000   282.00000   280.00000   278.00000   276.00000   274.00000   272.00000   270.00000   268.00000   266.00000   264.00000   262.00000   260.00000   258.00000   256.00000   254.00000   252.00000   250.00000   248.00000   246.00000   244.00000   242.00000   240.00000   238.00000   236.00000   234.00000   232.00000   232.00000   234.00000   236.00000   238.00000   240.00000   242.00000   244.00000   246.00000   248.00000   250.00000   252.00000   254.00000   256.00000   258.00000   260.00000   262.00000   264.00000   266.00000   268.00000   270.00000   272.00000   274.00000   276.00000   278.00000   280.00000   282.00000   284.00000   286.00000   288.00000   290.00000   292.00000   294.00000   296.00000   298.00000   300.00000   302.00000   304.00000   306.00000   308.00000   310.00000   312.00000   314.00000   316.00000   318.00000   320.00000   322.00000   324.00000   326.00000   328.00000   330.00000   332.00000   334.00000   336.00000   338.00000   340.00000   342.00000   344.00000   346.00000   348.00000   350.00000   352.00000   354.00000   356.00000   358.00000   360.00000   362.00000   364.00000   366.00000   368.00000   370.00000   372.00000   374.00000   376.00000   378.00000   380.00000   382.00000   384.00000   386.00000   388.00000   390.00000   392.00000
   394.00000   392.00000   390.00000   388.00000   386.00000   384.00000   382.00000   380.00000   378.00000   376.00000   374.00000   372.00000   370.00000   368.00000   366.00000   364.00000   362.00000   360.00000   358.00000   356.00000   354.00000   352.00000   350.00000   348.00000   346.00000   344.00000   342.00000   340.00000   338.00000   336.00000   334.00000   332.00000   330.00000   328.00000   326.00000   324.00000   322.00000   320.00000   318.00000   316.00000   314.00000   312.00000   310.00000   308.00000   306.00000   304.00000   302.00000   300.00000   298.00000   296.00000   294.00000   292.00000   290.00000   288.00000   286.00000   284.00000   282.00000   280.00000   278.00000   276.00000   274.00000   272.00000   270.00000   268.00000   266.00000   264.00000   262.00000   260.00000   258.00000   256.00000   254.00000   252.00000   250.00000   248.00000   246.00000   244.00000   242.00000   240.00000   238.00000   236.00000   234.00000   234.00000   236.00000   238.00000   240.00000   242.00000   244.00000   246.00000   248.00000   250.00000   252.00000   254.00000   256.00000   258.00000   260.00000   262.00000   264.00000   266.00000   268.00000   270.00000   272.00000   274.00000   276.00000   278.00000   280.00000   282.00000   284.00000   286.00000   288.00000   290.00000   292.00000   294.00000   296.00000   298.00000   300.00000   302.00000   304.00000   306.00000   308.00000   310.00000   312.00000   314.00000   316.00000   318.00000   320.00000   322.00000   324.00000   326.00000   328.00000   330.00000   332.00000   334.00000   336.00000   338.00000   340.00000   342.00000   344.00000   346.00000   348.00000   350.00000   352.00000   354.00000   356.00000   358.00000   360.00000   362.00000   364.00000   366.00000   368.00000   370.00000   372.00000   374.00000   376.00000   378.00000   380.00000   382.00000   384.00000   386.00000   388.00000   390.00000   392.00000   394.00000
   396.00000   394.00000   392.00000   390.00000   388.00000   386.00000   384.00000   382.00000   380.00000   378.00000   376.00000   374.00000   372.00000   370.00000   368.00000   366.00000   364.00000   362.00000   360.00000   358.00000   356.00000   354.00000   352.00000   350.00000   348.00000   346.00000   344.00000   342.00000   340.00000   338.00000   336.00000   334.00000   332.00000   330.00000   328.00000   326.00000   324.00000   322.00000   320.00000   318.00000   316.00000   314.00000   312.00000   310.00000   308.00000   306.00000   304.00000   302.00000   300.00000   298.00000   296.00000   294.00000   292.00000   290.00000   288.00000   286.00000   284.00000   282.00000   280.00000   278.00000   276.00000   274.00000   272.00000   270.00000   268.00000   266.00000   264.00000   262.00000   260.00000   258.00000   256.00000   254.00000   252.00000   250.00000   248.00000   246.00000   244.00000   242.00000   240.00000   238.00000   236.00000   236.00000   238.00000   240.00000   242.00000   244.00000   246.00000   248.00000   250.00000   252.00000   254.00000   256.00000   258.00000   260.00000   262.00000   264.00000   266.00000   268.00000   270.00000   272.00000   274.00000   276.00000   278.00000   280.00000   282.00000   284.00000   286.00000   288.00000   290.00000   292.00000   294.00000   296.00000   298.00000   300.00000   302.00000   304.00000   306.00000   308.00000   310.00000   312.00000   314.00000   316.00000   318.00000   320.00000   322.00000   324.00000   326.00000   328.00000   330.00000   332.00000   334.00000   336.00000   338.00000   340.00000   342.00000   344.00000   346.00000   348.00000   350.00000   352.00000   354.00000   356.00000   358.00000   360.00000   362.00000   364.00000   366.00000   368.00000   370.00000   372.00000   374.00000   376.00000   378.00000   380.00000   382.00000   384.00000   386.00000   388.00000   390.00000   392.00000   394.00000   396.00000
   398.00000   396.00000   394.00000   392.00000   390.00000   388.00000   386.00000   384.00000   382.00000   380.00000   378.00000   376.00000   374.00000   372.00000   370.00000   368.00000   366.00000   364.00000   362.00000   360.00000   358.00000   356.00000   354.00000   352.00000   350.00000   348.00000   346.00000   344.00000   342.00000   340.00000   338.00000   336.00000   334.00000   332.00000   330.00000   328.00000   326.00000   324.00000   322.00000   320.00000   318.00000   316.00000   314.00000   312.00000   310.00000   308.00000   306.00000   304.00000   302.00000   300.00000   298.00000   296.00000   294.00000   292.00000   290.00000   288.00000   286.00000   284.00000   282.00000   280.00000   278.00000   276.00000   274.00000   272.00000   270.00000   268.00000   266.00000   264.00000   262.00000   260.00000   258.00000   256.00000   254.00000   252.00000   250.00000   248.00000   246.00000   244.00000   242.00000   240.00000   238.00000   238.00000   240.00000   242.00000   244.00000   246.00000   248.00000   250.00000   252.00000   254.00000   256.00000   258.00000   260.00000   262.00000   264.00000   266.00000   268.00000   270.00000   272.00000   274.00000   276.00000   278.00000   280.00000   282.00000   284.00000   286.00000   288.00000   290.00000   292.00000   294.00000   296.00000   298.00000   300.00000   302.00000   304.00000   306.00000   308.00000   310.00000   312.00000   314.00000   316.00000   318.00000   320.00000   322.00000   324.00000   326.00000   328.00000   330.00000   332.00000   334.00000   336.00000   338.00000   340.00000   342.00000   344.00000   346.00000   348.00000   350.00000   352.00000   354.00000   356.00000   358.00000   360.00000   362.00000   364.00000   366.00000   368.00000   370.00000   372.00000   374.00000   376.00000   378.00000   380.00000   382.00000   384.00000   386.00000   388.00000   390.00000   392.00000   394.00000   396.00000   398.00000
   400.00000   398.00000   396.00000   394.00000   392.00000   390.00000   388.00000   386.00000   384.00000   382.00000   380.00000   378.00000   376.00000   374.00000   372.00000   370.00000   368.00000   366.00000   364.00000   362.00000   360.00000   358.00000   356.00000   354.00000   352.00000   350.00000   348.00000   346.00000   344.00000   342.00000   340.00000   338.00000   336.00000   334.00000   332.00000   330.00000   328.00000   326.00000   324.00000   322.00000   320.00000   318.00000   316.00000   314.00000   312.00000   310.00000   308.00000   306.00000   304.00000   302.00000   300.00000   298.00000   296.00000   294.00000   292.00000   290.00000   288.00000   286.00000   284.00000   282.00000   280.00000   278.00000   276.00000   274.00000   272.00000   270.00000   268.00000   266.00000   264.00000   262.00000   260.00000   258.00000   256.00000   254.00000   252.00000   250.00000   248.00000   246.00000   244.00000   242.00000   240.00000   240.00000   242.00000   244.00000   246.00000   248.00000   250.00000   252.00000   254.00000   256.00000   258.00000   260.00000   262.00000   264.00000   266.00000   268.00000   270.00000   272.00000   274.00000   276.00000   278.00000   280.00000   282.00000   284.00000   286.00000   288.00000   290.00000   292.00000   294.00000   296.00000   298.00000   300.00000   302.00000   304.00000   306.00000   308.00000   310.00000   312.00000   314.00000   316.00000   318.00000   320.00000   322.00000   324.00000   326.00000   328.00000   330.00000   332.00000   334.00000   336.00000   338.00000   340.00000   342.00000   344.00000   346.00000   348.00000   350.00000   352.00000   354.00000   356.00000   358.00000   360.00000   362.00000   364.00000   366.00000   368.00000   370.00000   372.00000   374.00000   376.00000   378.00000   380.00000   382.00000   384.00000   386.00000   388.00000   390.00000   392.00000   394.00000   396.00000   398.00000   400.00000
   402.00000   400.00000   398.00000   396.00000   394.00000   392.00000   390.00000   388.00000   386.00000   384.00000   382.00000   380.00000   378.00000   376.00000   374.00000   372.00000   370.00000   368.00000   366.00000   364.00000   362.00000   360.00000   358.00000   356.00000   354.00000   352.00000   350.00000   348.00000   346.00000   344.00000   342.00000   340.00000   338.00000   336.00000   334.00000   332.00000   330.00000   328.00000   326.00000   324.00000   322.00000   320.00000   318.00000   316.00000   314.00000   312.00000   310.00000   308.00000   306.00000   304.00000   302.00000   300.00000   298.00000   296.00000   294.00000   292.00000   290.00000   288.00000   286.00000   284.00000   282.00000   280.00000   278.00000   276.00000   274.00000   272.00000   270.00000   268.00000   266.00000   264.00000   262.00000   260.00000   258.00000   256.00000   254.00000   252.00000   250.00000   248.00000   246.00000   244.00000   242.00000   242.00000   244.00000   246.00000   248.00000   250.00000   252.00000   254.00000   256.00000   258.00000   260.00000   262.00000   264.00000   266.00000   268.00000   270.00000   272.00000   274.00000   276.00000   278.00000   280.00000   282.00000   284.00000   286.00000   288.00000   290.00000   292.00000   294.00000   296.00000   298.00000   300.00000   302.00000   304.00000   306.00000   308.00000   310.00000   312.00000   314.00000   316.00000   318.00000   320.00000   322.00000   324.00000   326.00000   328.00000   330.00000   332.00000   334.00000   336.00000   338.00000   340.00000   342.00000   344.00000   346.00000   348.00000   350.00000   352.00000   354.00000   356.00000   358.00000   360.00000   362.00000   364.00000   366.00000   368.00000   370.00000   372.00000   374.00000   376.00000   378.00000   380.00000   382.00000   384.00000   386.00000   388.00000   390.00000   392.00000   394.00000   396.00000   398.00000   400.00000   402.00000
   404.00000   402.00000   400.00000   398.00000   396.00000   394.00000   392.00000   390.00000   388.00000   386.00000   384.00000   382.00000   380.00000   378.00000   376.00000   374.00000   372.00000   370.00000   368.00000   366.00000   364.00000   362.00000   360.00000   358.00000   356.00000   354.00000   352.00000   350.00000   348.00000   346.00000   344.00000   342.00000   340.00000   338.00000   336.00000   334.00000   332.00000   330.00000   328.00000   326.00000   324.00000   322.00000   320.00000   318.00000   316.00000   314.00000   312.00000   310.00000   308.00000   306.00000   304.00000   302.00000   300.00000   298.00000   296.00000   294.00000   292.00000   290.00000   288.00000   286.00000   284.00000   282.00000   280.00000   278.00000   276.00000   274.00000   272.00000   270.00000   268.00000   266.00000   264.00000   262.00000   260.00000   258.00000   256.00000   254.00000   252.00000   250.00000   248.00000   246.00000   244.00000   244.00000   246.00000   248.00000   250.00000   252.00000   254.00000   256.00000   258.00000   260.00000   262.00000   264.00000   266.00000   268.00000   270.00000   272.00000   274.00000   276.00000   278.00000   280.00000   282.00000   284.00000   286.00000   288.00000   290.00000   292.00000   294.00000   296.00000   298.00000   300.00000   302.00000   304.00000   306.00000   308.00000   310.00000   312.00000   314.00000   316.00000   318.00000   320.00000   322.00000   324.00000   326.00000   328.00000   330.00000   332.00000   334.00000   336.00000   338.00000   340.00000   342.00000   344.00000   346.00000   348.00000   350.00000   352.00000   354.00000   356.00000   358.00000   360.00000   362.00000   364.00000   366.00000   368.00000   370.00000   372.00000   374.00000   376.00000   378.00000   380.00000   382.00000   384.00000   386.00000   388.00000   390.00000   392.00000   394.00000   396.00000   398.00000   400.00000   402.00000   404.00000
   406.00000   404.00000   402.00000   400.00000   398.00000   396.00000   394.00000   392.00000   390.00000   388.00000   386.00000   384.00000   382.00000   380.00000   378.00000   376.00000   374.00000   372.00000   370.00000   368.00000   366.00000   364.00000   362.00000   360.00000   358.00000   356.00000   354.00000   352.00000   350.00000   348.00000   346.00000   344.00000   342.00000   340.00000   338.00000   336.00000   334.00000   332.00000   330.00000   328.00000   326.00000   324.00000   322.00000   320.00000   318.00000   316.00000   314.00000   312.00000   310.00000   308.00000   306.00000   304.00000   302.00000   300.00000   298.00000   296.00000   294.00000   292.00000   290.00000   288.00000   286.00000   284.00000   282.00000   280.00000   278.00000   276.00000   274.00000   272.00000   270.00000   268.00000   266.00000   264.00000   262.00000   260.00000   258.00000   256.00000   254.00000   252.00000   250.00000   248.00000   246.00000   246.00000   248.00000   250.00000   252.00000   254.00000   256.00000   258.00000   260.00000   262.00000   264.00000   266.00000   268.00000   270.00000   272.00000   274.00000   276.00000   278.00000   280.00000   282.00000   284.00000   286.00000   288.00000   290.00000   292.00000   294.00000   296.00000   298.00000   300.00000   302.00000   304.00000   306.00000   308.00000   310.00000   312.00000   314.00000   316.00000   318.00000   320.00000   322.00000   324.00000   326.00000   328.00000   330.00000   332.00000   334.00000   336.00000   338.00000   340.00000   342.00000   344.00000   346.00000   348.00000   350.00000   352.00000   354.00000   356.00000   358.00000   360.00000   362.00000   364.00000   366.00000   368.00000   370.00000   372.00000   374.00000   376.00000   378.00000   380.00000   382.00000   384.00000   386.00000   388.00000   390.00000   392.00000   394.00000   396.00000   398.00000   400.00000   402.00000   404.00000   406.00000
   408.00000   406.00000   404.00000   402.00000   400.00000   398.00000   396.00000   394.00000   392.00000   390.00000   388.00000   386.00000   384.00000   382.00000   380.00000   378.00000   376.00000   374.00000   372.00000   370.00000   368.00000   366.00000   364.00000   362.00000   360.00000   358.00000   356.00000   354.00000   352.00000   350.00000   348.00000   346.00000   344.00000   342.00000   340.00000   338.00000   336.00000   334.00000   332.00000   330.00000   328.00000   326.00000   324.00000   322.00000   320.00000   318.00000   316.00000   314.00000   312.00000   310.00000   308.00000   306.00000   304.00000   302.00000   300.00000   298.00000   296.00000   294.00000   292.00000   290.00000   288.00000   286.00000   284.00000   282.00000   280.00000   278.00000   276.00000   274.00000   272.00000   270.00000   268.00000   266.00000   264.00000   262.00000   260.00000   258.00000   256.00000   254.00000   252.00000   250.00000   248.00000   248.00000   250.00000   252.00000   254.00000   256.00000   258.00000   260.00000   262.00000   264.00000   266.00000   268.00000   270.00000   272.00000   274.00000   276.00000   278.00000   280.00000   282.00000   284.00000   286.00000   288.00000   290.00000   292.00000   294.00000   296.00000   298.00000   300.00000   302.00000   304.00000   306.00000   308.00000   310.00000   312.00000   314.00000   316.00000   318.00000   320.00000   322.00000   324.00000   326.00000   328.00000   330.00000   332.00000   334.00000   336.00000   338.00000   340.00000   342.00000   344.00000   346.00000   348.00000   350.00000   352.00000   354.00000   356.00000   358.00000   360.00000   362.00000   364.00000   366.00000   368.00000   370.00000   372.00000   374.00000   376.00000   378.00000   380.00000   382.00000   384.00000   386.00000   388.00000   390.00000   392.00000   394.00000   396.00000   398.00000   400.00000   402.00000   404.00000   406.00000   408.00000
   410.00000   408.00000   406.00000   404.00000   402.00000   400.00000   398.00000   396.00000   394.00000   392.00000   390.00000   388.00000   386.00000   384.00000   382.00000   380.00000   378.00000   376.00000   374.00000   372.00000   370.00000   368.00000   366.00000   364.00000   362.00000   360.00000   358.00000   356.00000   354.00000   352.00000   350.00000   348.00000   346.00000   344.00000   342.00000   340.00000   338.00000   336.00000   334.00000   332.00000   330.00000   328.00000   326.00000   324.00000   322.00000   320.00000   318.00000   316.00000   314.00000   312.00000   310.00000   308.00000   306.00000   304.00000   302.00000   300.00000   298.00000   296.00000   294.00000   292.00000   290.00000   288.00000   286.00000   284.00000   282.00000   280.00000   278.00000   276.00000   274.00000   272.00000   270.00000   268.00000   266.00000   264.00000   262.00000   260.00000   258.00000   256.00000   254.00000   252.00000   250.00000   250.00000   252.00000   254.00000   256.00000   258.00000   260.00000   262.00000   264.00000   266.00000   268.00000   270.00000   272.00000   274.00000   276.00000   278.00000   280.00000   282.00000   284.00000   286.00000   288.00000   290.00000   292.00000   294.00000   296.00000   298.00000   300.00000   302.00000   304.00000   306.00000   308.00000   310.00000   312.00000   314.00000   316.00000   318.00000   320.00000   322.00000   324.00000   326.00000   328.00000   330.00000   332.00000   334.00000   336.00000   338.00000   340.00000   342.00000   344.00000   346.00000   348.00000   350.00000   352.00000   354.00000   356.00000   358.00000   360.00000   362.00000   364.00000   366.00000   368.00000   370.00000   372.00000   374.00000   376.00000   378.00000   380.00000   382.00000   384.00000   386.00000   388.00000   390.00000   392.00000   394.00000   396.00000   398.00000   400.00000   402.00000   404.00000   406.00000   408.00000   410.00000
   412.00000   410.00000   408.00000   406.00000   404.00000   402.00000   400.00000   398.00000   396.00000   394.00000   392.00000   390.00000   388.00000   386.00000   384.00000   382.00000   380.00000   378.00000   376.00000   374.00000   372.00000   370.00000   368.00000   366.00000   364.00000   362.00000   360.00000   358.00000   356.00000   354.00000   352.00000   350.00000   348.00000   346.00000   344.00000   342.00000   340.00000   338.00000   336.00000   334.00000   332.00000   330.00000   328.00000   326.00000   324.00000   322.00000   320.00000   318.00000   316.00000   314.00000   312.00000   310.00000   308.00000   306.00000   304.00000   302.00000   300.00000   298.00000   296.00000   294.00000   292.00000   290.00000   288.00000   286.00000   284.00000   282.00000   280.00000   278.00000   276.00000   274.00000   272.00000   270.00000   268.00000   266.00000   264.00000   262.00000   260.00000   258.00000   256.00000   254.00000   252.00000   252.00000   254.00000   256.00000   258.00000   260.00000   262.00000   264.00000   266.00000   268.00000   270.00000   272.00000   274.00000   276.00000   278.00000   280.00000   282.00000   284.00000   286.00000   288.00000   290.00000   292.00000   294.00000   296.00000   298.00000   300.00000   302.00000   304.00000   306.00000   308.00000   310.00000   312.00000   314.00000   316.00000   318.00000   320.00000   322.00000   324.00000   326.00000   328.00000   330.00000   332.00000   334.00000   336.00000   338.00000   340.00000   342.00000   344.00000   346.00000   348.00000   350.00000   352.00000   354.00000   356.00000   358.00000   360.00000   362.00000   364.00000   366.00000   368.00000   370.00000   372.00000   374.00000   376.00000   378.00000   380.00000   382.00000   384.00000   386.00000   388.00000   390.00000   392.00000   394.00000   396.00000   398.00000   400.00000   402.00000   404.00000   406.00000   408.00000   410.00000   412.00000
   414.00000   412.00000   410.00000   408.00000   406.00000   404.00000   402.00000   400.00000   398.00000   396.00000   394.00000   392.00000   390.00000   388.00000   386.00000   384.00000   382.00000   380.00000   378.00000   376.00000   374.00000   372.00000   370.00000   368.00000   366.00000   364.00000   362.00000   360.00000   358.00000   356.00000   354.00000   352.00000   350.00000   348.00000   346.00000   344.00000   342.00000   340.00000   338.00000   336.00000   334.00000   332.00000   330.00000   328.00000   326.00000   324.00000   322.00000   320.00000   318.00000   316.00000   314.00000   312.00000   310.00000   308.00000   306.00000   304.00000   302.00000   300.00000   298.00000   296.00000   294.00000   292.00000   290.00000   288.00000   286.00000   284.00000   282.00000   280.00000   278.00000   276.00000   274.00000   272.00000   270.00000   268.00000   266.00000   264.00000   262.00000   260.00000   258.00000   256.00000   254.00000   254.00000   256.00000   258.00000   260.00000   262.00000   264.00000   266.00000   268.00000   270.00000   272.00000   274.00000   276.00000   278.00000   280.00000   282.00000   284.00000   286.00000   288.00000   290.00000   292.00000   294.00000   296.00000   298.00000   300.00000   302.00000   304.00000   306.00000   308.00000   310.00000   312.00000   314.00000   316.00000   318.00000   320.00000   322.00000   324.00000   326.00000   328.00000   330.00000   332.00000   334.00000   336.00000   338.00000   340.00000   342.00000   344.00000   346.00000   348.00000   350.00000   352.00000   354.00000   356.00000   358.00000   360.00000   362.00000   364.00000   366.00000   368.00000   370.00000   372.00000   374.00000   376.00000   378.00000   380.00000   382.00000   384.00000   386.00000   388.00000   390.00000   392.00000   394.00000   396.00000   398.00000   400.00000   402.00000   404.00000   406.00000   408.00000   410.00000   412.00000   414.00000
   416.00000   414.00000   412.00000   410.00000   408.00000   406.00000   404.00000   402.00000   400.00000   398.00000   396.00000   394.00000   392.00000   390.00000   388.00000   386.00000   384.00000   382.00000   380.00000   378.00000   376.00000   374.00000   372.00000   370.00000   368.00000   366.00000   364.00000   362.00000   360.00000   358.00000   356.00000   354.00000   352.00000   350.00000   348.00000   346.00000   344.00000   342.00000   340.00000   338.00000   336.00000   334.00000   332.00000   330.00000   328.00000   326.00000   324.00000   322.00000   320.00000   318.00000   316.00000   314.00000   312.00000   310.00000   308.00000   306.00000   304.00000   302.00000   300.00000   298.00000   296.00000   294.00000   292.00000   290.00000   288.00000   286.00000   284.00000   282.00000   280.00000   278.00000   276.00000   274.00000   272.00000   270.00000   268.00000   266.00000   264.00000   262.00000   260.00000   258.00000   256.00000   256.00000   258.00000   260.00000   262.00000   264.00000   266.00000   268.00000   270.00000   272.00000   274.00000   276.00000   278.00000   280.00000   282.00000   284.00000   286.00000   288.00000   290.00000   292.00000   294.00000   296.00000   298.00000   300.00000   302.00000   304.00000   306.00000   308.00000   310.00000   312.00000   314.00000   316.00000   318.00000   320.00000   322.00000   324.00000   326.00000   328.00000   330.00000   332.00000   334.00000   336.00000   338.00000   340.00000   342.00000   344.00000   346.00000   348.00000   350.00000   352.00000   354.00000   356.00000   358.00000   360.00000   362.00000   364.00000   366.00000   368.00000   370.00000   372.00000   374.00000   376.00000   378.00000   380.00000   382.00000   384.00000   386.00000   388.00000   390.00000   392.00000   394.00000   396.00000   398.00000   400.00000   402.00000   404.00000   406.00000   408.00000   410.00000   412.00000   414.00000   416.00000
   418.00000   416.00000   414.00000   412.00000   410.00000   408.00000   406.00000   404.00000   402.00000   400.00000   398.00000   396.00000   394.00000   392.00000   390.00000   388.00000   386.00000   384.00000   382.00000   380.00000   378.00000   376.00000   374.00000   372.00000   370.00000   368.00000   366.00000   364.00000   362.00000   360.00000   358.00000   356.00000   354.00000   352.00000   350.00000   348.00000   346.00000   344.00000   342.00000   340.00000   338.00000   336.00000   334.00000   332.00000   330.00000   328.00000   326.00000   324.00000   322.00000   320.00000   318.00000   316.00000   314.00000   312.00000   310.00000   308.00000   306.00000   304.00000   302.00000   300.00000   298.00000   296.00000   294.00000   292.00000   290.00000   288.00000   286.00000   284.00000   282.00000   280.00000   278.00000   276.00000   274.00000   272.00000   270.00000   268.00000   266.00000   264.00000   262.00000   260.00000   258.00000   258.00000   260.00000   262.00000   264.00000   266.00000   268.00000   270.00000   272.00000   274.00000   276.00000   278.00000   280.00000   282.00000   284.00000   286.00000   288.00000   290.00000   292.00000   294.00000   296.00000   298.00000   300.00000   302.00000   304.00000   306.00000   308.00000   310.00000   312.00000   314.00000   316.00000   318.00000   320.00000   322.00000   324.00000   326.00000   328.00000   330.00000   332.00000   334.00000   336.00000   338.00000   340.00000   342.00000   344.00000   346.00000   348.00000   350.00000   352.00000   354.00000   356.00000   358.00000   360.00000   362.00000   364.00000   366.00000   368.00000   370.00000   372.00000   374.00000   376.00000   378.00000   380.00000   382.00000   384.00000   386.00000   388.00000   390.00000   392.00000   394.00000   396.00000   398.00000   400.00000   402.00000   404.00000   406.00000   408.00000   410.00000   412.00000   414.00000   416.00000   418.00000
   420.00000   418.00000   416.00000   414.00000   412.00000   410.00000   408.00000   406.00000   404.00000   402.00000   400.00000   398.00000   396.00000   394.00000   392.00000   390.00000   388.00000   386.00000   384.00000   382.00000   380.00000   378.00000   376.00000   374.00000   372.00000   370.00000   368.00000   366.00000   364.00000   362.00000   360.00000   358.00000   356.00000   354.00000   352.00000   350.00000   348.00000   346.00000   344.00000   342.00000   340.00000   338.00000   336.00000   334.00000   332.00000   330.00000   328.00000   326.00000   324.00000   322.00000   320.00000   318.00000   316.00000   314.00000   312.00000   310.00000   308.00000   306.00000   304.00000   302.00000   300.00000   298.00000   296.00000   294.00000   292.00000   290.00000   288.00000   286.00000   284.00000   282.00000   280.00000   278.00000   276.00000   274.00000   272.00000   270.00000   268.00000   266.00000   264.00000   262.00000   260.00000   260.00000   262.00000   264.00000   266.00000   268.00000   270.00000   272.00000   274.00000   276.00000   278.00000   280.00000   282.00000   284.00000   286.00000   288.00000   290.00000   292.00000   294.00000   296.00000   298.00000   300.00000   302.00000   304.00000   306.00000   308.00000   310.00000   312.00000   314.00000   316.00000   318.00000   320.00000   322.00000   324.00000   326.00000   328.00000   330.00000   332.00000   334.00000   336.00000   338.00000   340.00000   342.00000   344.00000   346.00000   348.00000   350.00000   352.00000   354.00000   356.00000   358.00000   360.00000   362.00000   364.00000   366.00000   368.00000   370.00000   372.00000   374.00000   376.00000   378.00000   380.00000   382.00000   384.00000   386.00000   388.00000   390.00000   392.00000   394.00000   396.00000   398.00000   400.00000   402.00000   404.00000   406.00000   408.00000   410.00000   412.00000   414.00000   416.00000   418.00000   420.00000
   422.00000   420.00000   418.00000   416.00000   414.00000   412.00000   410.00000   408.00000   406.00000   404.00000   402.00000   400.00000   398.00000   396.00000   394.00000   392.00000   390.00000   388.00000   386.00000   384.00000   382.00000   380.00000   378.00000   376.00000   374.00000   372.00000   370.00000   368.00000   366.00000   364.00000   362.00000   360.00000   358.00000   356.00000   354.00000   352.00000   350.00000   348.00000   346.00000   344.00000   342.00000   340.00000   338.00000   336.00000   334.00000   332.00000   330.00000   328.00000   326.00000   324.00000   322.00000   320.00000   318.00000   316.00000   314.00000   312.00000   310.00000   308.00000   306.00000   304.00000   302.00000   300.00000   298.00000   296.00000   294.00000   292.00000   290.00000   288.00000   286.00000   284.00000   282.00000   280.00000   278.00000   276.00000   274.00000   272.00000   270.00000   268.00000   266.00000   264.00000   262.00000   262.00000   264.00000   266.00000   268.00000   270.00000   272.00000   274.00000   276.00000   278.00000   280.00000   282.00000   284.00000   286.00000   288.00000   290.00000   292.00000   294.00000   296.00000   298.00000   300.00000   302.00000   304.00000   306.00000   308.00000   310.00000   312.00000   314.00000   316.00000   318.00000   320.00000   322.00000   324.00000   326.00000   328.00000   330.00000   332.00000   334.00000   336.00000   338.00000   340.00000   342.00000   344.00000   346.00000   348.00000   350.00000   352.00000   354.00000   356.00000   358.00000   360.00000   362.00000   364.00000   366.00000   368.00000   370.00000   372.00000   374.00000   376.00000   378.00000   380.00000   382.00000   384.00000   386.00000   388.00000   390.00000   392.00000   394.00000   396.00000   398.00000   400.00000   402.00000   404.00000   406.00000   408.00000   410.00000   412.00000   414.00000   416.00000   418.00000   420.00000   422.00000
   424.00000   422.00000   420.00000   418.00000   416.00000   414.00000   412.00000   410.00000   408.00000   406.00000   404.00000   402.00000   400.00000   398.00000   396.00000   394.00000   392.00000   390.00000   388.00000   386.00000   384.00000   382.00000   380.00000   378.00000   376.00000   374.00000   372.00000   370.00000   368.00000   366.00000   364.00000   362.00000   360.00000   358.00000   356.00000   354.00000   352.00000   350.00000   348.00000   346.00000   344.00000   342.00000   340.00000   338.00000   336.00000   334.00000   332.00000   330.00000   328.00000   326.00000   324.00000   322.00000   320.00000   318.00000   316.00000   314.00000   312.00000   310.00000   308.00000   306.00000   304.00000   302.00000   300.00000   298.00000   296.00000   294.00000   292.00000   290.00000   288.00000   286.00000   284.00000   282.00000   280.00000   278.00000   276.00000   274.00000   272.00000   270.00000   268.00000   266.00000   264.00000   264.00000   266.00000   268.00000   270.00000   272.00000   274.00000   276.00000   278.00000   280.00000   282.00000   284.00000   286.00000   288.00000   290.00000   292.00000   294.00000   296.00000   298.00000   300.00000   302.00000   304.00000   306.00000   308.00000   310.00000   312.00000   314.00000   316.00000   318.00000   320.00000   322.00000   324.00000   326.00000   328.00000   330.00000   332.00000   334.00000   336.00000   338.00000   340.00000   342.00000   344.00000   346.00000   348.00000   350.00000   352.00000   354.00000   356.00000   358.00000   360.00000   362.00000   364.00000   366.00000   368.00000   370.00000   372.00000   374.00000   376.00000   378.00000   380.00000   382.00000   384.00000   386.00000   388.00000   390.00000   392.00000   394.00000   396.00000   398.00000   400.00000   402.00000   404.00000   406.00000   408.00000   410.00000   412.00000   414.00000   416.00000   418.00000   420.00000   422.00000   424.00000
   426.00000   424.00000   422.00000   420.00000   418.00000   416.00000   414.00000   412.00000   410.00000   408.00000   406.00000   404.00000   402.00000   400.00000   398.00000   396.00000   394.00000   392.00000   390.00000   388.00000   386.00000   384.00000   382.00000   380.00000   378.00000   376.00000   374.00000   372.00000   370.00000   368.00000   366.00000   364.00000   362.00000   360.00000   358.00000   356.00000   354.00000   352.00000   350.00000   348.00000   346.00000   344.00000   342.00000   340.00000   338.00000   336.00000   334.00000   332.00000   330.00000   328.00000   326.00000   324.00000   322.00000   320.00000   318.00000   316.00000   314.00000   312.00000   310.00000   308.00000   306.00000   304.00000   302.00000   300.00000   298.00000   296.00000   294.00000   292.00000   290.00000   288.00000   286.00000   284.00000   282.00000   280.00000   278.00000   276.00000   274.00000   272.00000   270.00000   268.00000   266.00000   266.00000   268.00000   270.00000   272.00000   274.00000   276.00000   278.00000   280.00000   282.00000   284.00000   286.00000   288.00000   290.00000   292.00000   294.00000   296.00000   298.00000   300.00000   302.00000   304.00000   306.00000   308.00000   310.00000   312.00000   314.00000   316.00000   318.00000   320.00000   322.00000   324.00000   326.00000   328.00000   330.00000   332.00000   334.00000   336.00000   338.00000   340.00000   342.00000   344.00000   346.00000   348.00000   350.00000   352.00000   354.00000   356.00000   358.00000   360.00000   362.00000   364.00000   366.00000   368.00000   370.00000   372.00000   374.00000   376.00000   378.00000   380.00000   382.00000   384.00000   386.00000   388.00000   390.00000   392.00000   394.00000   396.00000   398.00000   400.00000   402.00000   404.00000   406.00000   408.00000   410.00000   412.00000   414.00000   416.00000   418.00000   420.00000   422.00000   424.00000   426.00000
   428.00000   426.00000   424.00000   422.00000   420.00000   418.00000   416.00000   414.00000   412.00000   410.00000   408.00000   406.00000   404.00000   402.00000   400.00000   398.00000   396.00000   394.00000   392.00000   390.00000   388.00000   386.00000   384.00000   382.00000   380.00000   378.00000   376.00000   374.00000   372.00000   370.00000   368.00000   366.00000   364.00000   362.00000   360.00000   358.00000   356.00000   354.00000   352.00000   350.00000   348.00000   346.00000   344.00000   342.00000   340.00000   338.00000   336.00000   334.00000   332.00000   330.00000   328.00000   326.00000   324.00000   322.00000   320.00000   318.00000   316.00000   314.00000   312.00000   310.00000   308.00000   306.00000   304.00000   302.00000   300.00000   298.00000   296.00000   294.00000   292.00000   290.00000   288.00000   286.00000   284.00000   282.00000   280.00000   278.00000   276.00000   274.00000   272.00000   270.00000   268.00000   268.00000   270.00000   272.00000   274.00000   276.00000   278.00000   280.00000   282.00000   284.00000   286.00000   288.00000   290.00000   292.00000   294.00000   296.00000   298.00000   300.00000   302.00000   304.00000   306.00000   308.00000   310.00000   312.00000   314.00000   316.00000   318.00000   320.00000   322.00000   324.00000   326.00000   328.00000   330.00000   332.00000   334.00000   336.00000   338.00000   340.00000   342.00000   344.00000   346.00000   348.00000   350.00000   352.00000   354.00000   356.00000   358.00000   360.00000   362.00000   364.00000   366.00000   368.00000   370.00000   372.00000   374.00000   376.00000   378.00000   380.00000   382.00000   384.00000   386.00000   388.00000   390.00000   392.00000   394.00000   396.00000   398.00000   400.00000   402.00000   404.00000   406.00000   408.00000   410.00000   412.00000   414.00000   416.00000   418.00000   420.00000   422.00000   424.00000   426.00000   428.00000
   430.00000   428.00000   426.00000   424.00000   422.00000   420.00000   418.00000   416.00000   414.00000   412.00000   410.00000   408.00000   406.00000   404.00000   402.00000   400.00000   398.00000   396.00000   394.00000   392.00000   390.00000   388.00000   386.00000   384.00000   382.00000   380.00000   378.00000   376.00000   374.00000   372.00000   370.00000   368.00000   366.00000   364.00000   362.00000   360.00000   358.00000   356.00000   354.00000   352.00000   350.00000   348.00000   346.00000   344.00000   342.00000   340.00000   338.00000   336.00000   334.00000   332.00000   330.00000   328.00000   326.00000   324.00000   322.00000   320.00000   318.00000   316.00000   314.00000   312.00000   310.00000   308.00000   306.00000   304.00000   302.00000   300.00000   298.00000   296.00000   294.00000   292.00000   290.00000   288.00000   286.00000   284.00000   282.00000   280.00000   278.00000   276.00000   274.00000   272.00000   270.00000   270.00000   272.00000   274.00000   276.00000   278.00000   280.00000   282.00000   284.00000   286.00000   288.00000   290.00000   292.00000   294.00000   296.00000   298.00000   300.00000   302.00000   304.00000   306.00000   308.00000   310.00000   312.00000   314.00000   316.00000   318.00000   320.00000   322.00000   324.00000   326.00000   328.00000   330.00000   332.00000   334.00000   336.00000   338.00000   340.00000   342.00000   344.00000   346.00000   348.00000   350.00000   352.00000   354.00000   356.00000   358.00000   360.00000   362.00000   364.00000   366.00000   368.00000   370.00000   372.00000   374.00000   376.00000   378.00000   380.00000   382.00000   384.00000   386.00000   388.00000   390.00000   392.00000   394.00000   396.00000   398.00000   400.00000   402.00000   404.00000   406.00000   408.00000   410.00000   412.00000   414.00000   416.00000   418.00000   420.00000   422.00000   424.00000   426.00000   428.00000   430.00000
   432.00000   430.00000   428.00000   426.00000   424.00000   422.00000   420.00000   418.00000   416.00000   414.00000   412.00000   410.00000   408.00000   406.00000   404.00000   402.00000   400.00000   398.00000   396.00000   394.00000   392.00000   390.00000   388.00000   386.00000   384.00000   382.00000   380.00000   378.00000   376.00000   374.00000   372.00000   370.00000   368.00000   366.00000   364.00000   362.00000   360.00000   358.00000   356.00000   354.00000   352.00000   350.00000   348.00000   346.00000   344.00000   342.00000   340.00000   338.00000   336.00000   334.00000   332.00000   330.00000   328.00000   326.00000   324.00000   322.00000   320.00000   318.00000   316.00000   314.00000   312.00000   310.00000   308.00000   306.00000   304.00000   302.00000   300.00000   298.00000   296.00000   294.00000   292.00000   290.00000   288.00000   286.00000   284.00000   282.00000   280.00000   278.00000   276.00000   274.00000   272.00000   272.00000   274.00000   276.00000   278.00000   280.00000   282.00000   284.00000   286.00000   288.00000   290.00000   292.00000   294.00000   296.00000   298.00000   300.00000   302.00000   304.00000   306.00000   308.00000   310.00000   312.00000   314.00000   316.00000   318.00000   320.00000   322.00000   324.00000   326.00000   328.00000   330.00000   332.00000   334.00000   336.00000   338.00000   340.00000   342.00000   344.00000   346.00000   348.00000   350.00000   352.00000   354.00000   356.00000   358.00000   360.00000   362.00000   364.00000   366.00000   368.00000   370.00000   372.00000   374.00000   376.00000   378.00000   380.00000   382.00000   384.00000   386.00000   388.00000   390.00000   392.00000   394.00000   396.00000   398.00000   400.00000   402.00000   404.00000   406.00000   408.00000   410.00000   412.00000   414.00000   416.00000   418.00000   420.00000   422.00000   424.00000   426.00000   428.00000   430.00000   432.00000
   434.00000   432.00000   430.00000   428.00000   426.00000   424.00000   422.00000   420.00000   418.00000   416.00000   414.00000   412.00000   410.00000   408.00000   406.00000   404.00000   402.00000   400.00000   398.00000   396.00000   394.00000   392.00000   390.00000   388.00000   386.00000   384.00000   382.00000   380.00000   378.00000   376.00000   374.00000   372.00000   370.00000   368.00000   366.00000   364.00000   362.00000   360.00000   358.00000   356.00000   354.00000   352.00000   350.00000   348.00000   346.00000   344.00000   342.00000   340.00000   338.00000   336.00000   334.00000   332.00000   330.00000   328.00000   326.00000   324.00000   322.00000   320.00000   318.00000   316.00000   314.00000   312.00000   310.00000   308.00000   306.00000   304.00000   302.00000   300.00000   298.00000   296.00000   294.00000   292.00000   290.00000   288.00000   286.00000   284.00000   282.00000   280.00000   278.00000   276.00000   274.00000   274.00000   276.00000   278.00000   280.00000   282.00000   284.00000   286.00000   288.00000   290.00000   292.00000   294.00000   296.00000   298.00000   300.00000   302.00000   304.00000   306.00000   308.00000   310.00000   312.00000   314.00000   316.00000   318.00000   320.00000   322.00000   324.00000   326.00000   328.00000   330.00000   332.00000   334.00000   336.00000   338.00000   340.00000   342.00000   344.00000   346.00000   348.00000   350.00000   352.00000   354.00000   356.00000   358.00000   360.00000   362.00000   364.00000   366.00000   368.00000   370.00000   372.00000   374.00000   376.00000   378.00000   380.00000   382.00000   384.00000   386.00000   388.00000   390.00000   392.00000   394.00000   396.00000   398.00000   400.00000   402.00000   404.00000   406.00000   408.00000   410.00000   412.00000   414.00000   416.00000   418.00000   420.00000   422.00000   424.00000   426.00000   428.00000   430.00000   432.00000   434.00000
   436.00000   434.00000   432.00000   430.00000   428.00000   426.00000   424.00000   422.00000   420.00000   418.00000   416.00000   414.00000   412.00000   410.00000   408.00000   406.00000   404.00000   402.00000   400.00000   398.00000   396.00000   394.00000   392.00000   390.00000   388.00000   386.00000   384.00000   382.00000   380.00000   378.00000   376.00000   374.00000   372.00000   370.00000   368.00000   366.00000   364.00000   362.00000   360.00000   358.00000   356.00000   354.00000   352.00000   350.00000   348.00000   346.00000   344.00000   342.00000   340.00000   338.00000   336.00000   334.00000   332.00000   330.00000   328.00000   326.00000   324.00000   322.00000   320.00000   318.00000   316.00000   314.00000   312.00000   310.00000   308.00000   306.00000   304.00000   302.00000   300.00000   298.00000   296.00000   294.00000   292.00000   290.00000   288.00000   286.00000   284.00000   282.00000   280.00000   278.00000   276.00000   276.00000   278.00000   280.00000   282.00000   284.00000   286.00000   288.00000   290.00000   292.00000   294.00000   296.00000   298.00000   300.00000   302.00000   304.00000   306.00000   308.00000   310.00000   312.00000   314.00000   316.00000   318.00000   320.00000   322.00000   324.00000   326.00000   328.00000   330.00000   332.00000   334.00000   336.00000   338.00000   340.00000   342.00000   344.00000   346.00000   348.00000   350.00000   352.00000   354.00000   356.00000   358.00000   360.00000   362.00000   364.00000   366.00000   368.00000   370.00000   372.00000   374.00000   376.00000   378.00000   380.00000   382.00000   384.00000   386.00000   388.00000   390.00000   392.00000   394.00000   396.00000   398.00000   400.00000   402.00000   404.00000   406.00000   408.00000   410.00000   412.00000   414.00000   416.00000   418.00000   420.00000   422.00000   424.00000   426.00000   428.00000   430.00000   432.00000   434.00000   436.00000
   438.00000   436.00000   434.00000   432.00000   430.00000   428.00000   426.00000   424.00000   422.00000   420.00000   418.00000   416.00000   414.00000   412.00000   410.00000   408.00000   406.00000   404.00000   402.00000   400.00000   398.00000   396.00000   394.00000   392.00000   390.00000   388.00000   386.00000   384.00000   382.00000   380.00000   378.00000   376.00000   374.00000   372.00000   370.00000   368.00000   366.00000   364.00000   362.00000   360.00000   358.00000   356.00000   354.00000   352.00000   350.00000   348.00000   346.00000   344.00000   342.00000   340.00000   338.00000   336.00000   334.00000   332.00000   330.00000   328.00000   326.00000   324.00000   322.00000   320.00000   318.00000   316.00000   314.00000   312.00000   310.00000   308.00000   306.00000   304.00000   302.00000   300.00000   298.00000   296.00000   294.00000   292.00000   290.00000   288.00000   286.00000   284.00000   282.00000   280.00000   278.00000   278.00000   280.00000   282.00000   284.00000   286.00000   288.00000   290.00000   292.00000   294.00000   296.00000   298.00000   300.00000   302.00000   304.00000   306.00000   308.00000   310.00000   312.00000   314.00000   316.00000   318.00000   320.00000   322.00000   324.00000   326.00000   328.00000   330.00000   332.00000   334.00000   336.00000   338.00000   340.00000   342.00000   344.00000   346.00000   348.00000   350.00000   352.00000   354.00000   356.00000   358.00000   360.00000   362.00000   364.00000   366.00000   368.00000   370.00000   372.00000   374.00000   376.00000   378.00000   380.00000   382.00000   384.00000   386.00000   388.00000   390.00000   392.00000   394.00000   396.00000   398.00000   400.00000   402.00000   404.00000   406.00000   408.00000   410.00000   412.00000   414.00000   416.00000   418.00000   420.00000   422.00000   424.00000   426.00000   428.00000   430.00000   432.00000   434.00000   436.00000   438.00000
   440.00000   438.00000   436.00000   434.00000   432.00000   430.00000   428.00000   426.00000   424.00000   422.00000   420.00000   418.00000   416.00000   414.00000   412.00000   410.00000   408.00000   406.00000   404.00000   402.00000   400.00000   398.00000   396.00000   394.00000   392.00000   390.00000   388.00000   386.00000   384.00000   382.00000   380.00000   378.00000   376.00000   374.00000   372.00000   370.00000   368.00000   366.00000   364.00000   362.00000   360.00000   358.00000   356.00000   354.00000   352.00000   350.00000   348.00000   346.00000   344.00000   342.00000   340.00000   338.00000   336.00000   334.00000   332.00000   330.00000   328.00000   326.00000   324.00000   322.00000   320.00000   318.00000   316.00000   314.00000   312.00000   310.00000   308.00000   306.00000   304.00000   302.00000   300.00000   298.00000   296.00000   294.00000   292.00000   290.00000   288.00000   286.00000   284.00000   282.00000   280.00000   280.00000   282.00000   284.00000   286.00000   288.00000   290.00000   292.00000   294.00000   296.00000   298.00000   300.00000   302.00000   304.00000   306.00000   308.00000   310.00000   312.00000   314.00000   316.00000   318.00000   320.00000   322.00000   324.00000   326.00000   328.00000   330.00000   332.00000   334.00000   336.00000   338.00000   340.00000   342.00000   344.00000   346.00000   348.00000   350.00000   352.00000   354.00000   356.00000   358.00000   360.00000   362.00000   364.00000   366.00000   368.00000   370.00000   372.00000   374.00000   376.00000   378.00000   380.00000   382.00000   384.00000   386.00000   388.00000   390.00000   392.00000   394.00000   396.00000   398.00000   400.00000   402.00000   404.00000   406.00000   408.00000   410.00000   412.00000   414.00000   416.00000   418.00000   420.00000   422.00000   424.00000   426.00000   428.00000   430.00000   432.00000   434.00000   436.00000   438.00000   440.00000
   442.00000   440.00000   438.00000   436.00000   434.00000   432.00000   430.00000   428.00000   426.00000   424.00000   422.00000   420.00000   418.00000   416.00000   414.00000   412.00000   410.00000   408.00000   406.00000   404.00000   402.00000   400.00000   398.00000   396.00000   394.00000   392.00000   390.00000   388.00000   386.00000   384.00000   382.00000   380.00000   378.00000   376.00000   374.00000   372.00000   370.00000   368.00000   366.00000   364.00000   362.00000   360.00000   358.00000   356.00000   354.00000   352.00000   350.00000   348.00000   346.00000   344.00000   342.00000   340.00000   338.00000   336.00000   334.00000   332.00000   330.00000   328.00000   326.00000   324.00000   322.00000   320.00000   318.00000   316.00000   314.00000   312.00000   310.00000   308.00000   306.00000   304.00000   302.00000   300.00000   298.00000   296.00000   294.00000   292.00000   290.00000   288.00000   286.00000   284.00000   282.00000   282.00000   284.00000   286.00000   288.00000   290.00000   292.00000   294.00000   296.00000   298.00000   300.00000   302.00000   304.00000   306.00000   308.00000   310.00000   312.00000   314.00000   316.00000   318.00000   320.00000   322.00000   324.00000   326.00000   328.00000   330.00000   332.00000   334.00000   336.00000   338.00000   340.00000   342.00000   344.00000   346.00000   348.00000   350.00000   352.00000   354.00000   356.00000   358.00000   360.00000   362.00000   364.00000   366.00000   368.00000   370.00000   372.00000   374.00000   376.00000   378.00000   380.00000   382.00000   384.00000   386.00000   388.00000   390.00000   392.00000   394.00000   396.00000   398.00000   400.00000   402.00000   404.00000   406.00000   408.00000   410.00000   412.00000   414.00000   416.00000   418.00000   420.00000   422.00000   424.00000   426.00000   428.00000   430.00000   432.00000   434.00000   436.00000   438.00000   440.00000   442.00000
   444.00000   442.00000   440.00000   438.00000   436.00000   434.00000   432.00000   430.00000   428.00000   426.00000   424.00000   422.00000   420.00000   418.00000   416.00000   414.00000   412.00000   410.00000   408.00000   406.00000   404.00000   402.00000   400.00000   398.00000   396.00000   394.00000   392.00000   390.00000   388.00000   386.00000   384.00000   382.00000   380.00000   378.00000   376.00000   374.00000   372.00000   370.00000   368.00000   366.00000   364.00000   362.00000   360.00000   358.00000   356.00000   354.00000   352.00000   350.00000   348.00000   346.00000   344.00000   342.00000   340.00000   338.00000   336.00000   334.00000   332.00000   330.00000   328.00000   326.00000   324.00000   322.00000   320.00000   318.00000   316.00000   314.00000   312.00000   310.00000   308.00000   306.00000   304.00000   302.00000   300.00000   298.00000   296.00000   294.00000   292.00000   290.00000   288.00000   286.00000   284.00000   284.00000   286.00000   288.00000   290.00000   292.00000   294.00000   296.00000   298.00000   300.00000   302.00000   304.00000   306.00000   308.00000   310.00000   312.00000   314.00000   316.00000   318.00000   320.00000   322.00000   324.00000   326.00000   328.00000   330.00000   332.00000   334.00000   336.00000   338.00000   340.00000   342.00000   344.00000   346.00000   348.00000   350.00000   352.00000   354.00000   356.00000   358.00000   360.00000   362.00000   364.00000   366.00000   368.00000   370.00000   372.00000   374.00000   376.00000   378.00000   380.00000   382.00000   384.00000   386.00000   388.00000   390.00000   392.00000   394.00000   396.00000   398.00000   400.00000   402.00000   404.00000   406.00000   408.00000   410.00000   412.00000   414.00000   416.00000   418.00000   420.00000   422.00000   424.00000   426.00000   428.00000   430.00000   432.00000   434.00000   436.00000   438.00000   440.00000   442.00000   444.00000
   446.00000   444.00000   442.00000   440.00000   438.00000   436.00000   434.00000   432.00000   430.00000   428.00000   426.00000   424.00000   422.00000   420.00000   418.00000   416.00000   414.00000   412.00000   410.00000   408.00000   406.00000   404.00000   402.00000   400.00000   398.00000   396.00000   394.00000   392.00000   390.00000   388.00000   386.00000   384.00000   382.00000   380.00000   378.00000   376.00000   374.00000   372.00000   370.00000   368.00000   366.00000   364.00000   362.00000   360.00000   358.00000   356.00000   354.00000   352.00000   350.00000   348.00000   346.00000   344.00000   342.00000   340.00000   338.00000   336.00000   334.00000   332.00000   330.00000   328.00000   326.00000   324.00000   322.00000   320.00000   318.00000   316.00000   314.00000   312.00000   310.00000   308.00000   306.00000   304.00000   302.00000   300.00000   298.00000   296.00000   294.00000   292.00000   290.00000   288.00000   286.00000   286.00000   288.00000   290.00000   292.00000   294.00000   296.00000   298.00000   300.00000   302.00000   304.00000   306.00000   308.00000   310.00000   312.00000   314.00000   316.00000   318.00000   320.00000   322.00000   324.00000   326.00000   328.00000   330.00000   332.00000   334.00000   336.00000   338.00000   340.00000   342.00000   344.00000   346.00000   348.00000   350.00000   352.00000   354.00000   356.00000   358.00000   360.00000   362.00000   364.00000   366.00000   368.00000   370.00000   372.00000   374.00000   376.00000   378.00000   380.00000   382.00000   384.00000   386.00000   388.00000   390.00000   392.00000   394.00000   396.00000   398.00000   400.00000   402.00000   404.00000   406.00000   408.00000   410.00000   412.00000   414.00000   416.00000   418.00000   420.00000   422.00000   424.00000   426.00000   428.00000   430.00000   432.00000   434.00000   436.00000   438.00000   440.00000   442.00000   444.00000   446.00000
   448.00000   446.00000   444.00000   442.00000   440.00000   438.00000   436.00000   434.00000   432.00000   430.00000   428.00000   426.00000   424.00000   422.00000   420.00000   418.00000   416.00000   414.00000   412.00000   410.00000   408.00000   406.00000   404.00000   402.00000   400.00000   398.00000   396.00000   394.00000   392.00000   390.00000   388.00000   386.00000   384.00000   382.00000   380.00000   378.00000   376.00000   374.00000   372.00000   370.00000   368.00000   366.00000   364.00000   362.00000   360.00000   358.00000   356.00000   354.00000   352.00000   350.00000   348.00000   346.00000   344.00000   342.00000   340.00000   338.00000   336.00000   334.00000   332.00000   330.00000   328.00000   326.00000   324.00000   322.00000   320.00000   318.00000   316.00000   314.00000   312.00000   310.00000   308.00000   306.00000   304.00000   302.00000   300.00000   298.00000   296.00000   294.00000   292.00000   290.00000   288.00000   288.00000   290.00000   292.00000   294.00000   296.00000   298.00000   300.00000   302.00000   304.00000   306.00000   308.00000   310.00000   312.00000   314.00000   316.00000   318.00000   320.00000   322.00000   324.00000   326.00000   328.00000   330.00000   332.00000   334.00000   336.00000   338.00000   340.00000   342.00000   344.00000   346.00000   348.00000   350.00000   352.00000   354.00000   356.00000   358.00000   360.00000   362.00000   364.00000   366.00000   368.00000   370.00000   372.00000   374.00000   376.00000   378.00000   380.00000   382.00000   384.00000   386.00000   388.00000   390.00000   392.00000   394.00000   396.00000   398.00000   400.00000   402.00000   404.00000   406.00000   408.00000   410.00000   412.00000   414.00000   416.00000   418.00000   420.00000   422.00000   424.00000   426.00000   428.00000   430.00000   432.00000   434.00000   436.00000   438.00000   440.00000   442.00000   444.00000   446.00000   448.00000
   450.00000   448.00000   446.00000   444.00000   442.00000   440.00000   438.00000   436.00000   434.00000   432.00000   430.00000   428.00000   426.00000   424.00000   422.00000   420.00000   418.00000   416.00000   414.00000   412.00000   410.00000   408.00000   406.00000   404.00000   402.00000   400.00000   398.00000   396.00000   394.00000   392.00000   390.00000   388.00000   386.00000   384.00000   382.00000   380.00000   378.00000   376.00000   374.00000   372.00000   370.00000   368.00000   366.00000   364.00000   362.00000   360.00000   358.00000   356.00000   354.00000   352.00000   350.00000   348.00000   346.00000   344.00000   342.00000   340.00000   338.00000   336.00000   334.00000   332.00000   330.00000   328.00000   326.00000   324.00000   322.00000   320.00000   318.00000   316.00000   314.00000   312.00000   310.00000   308.00000   306.00000   304.00000   302.00000   300.00000   298.00000   296.00000   294.00000   292.00000   290.00000   290.00000   292.00000   294.00000   296.00000   298.00000   300.00000   302.00000   304.00000   306.00000   308.00000   310.00000   312.00000   314.00000   316.00000   318.00000   320.00000   322.00000   324.00000   326.00000   328.00000   330.00000   332.00000   334.00000   336.00000   338.00000   340.00000   342.00000   344.00000   346.00000   348.00000   350.00000   352.00000   354.00000   356.00000   358.00000   360.00000   362.00000   364.00000   366.00000   368.00000   370.00000   372.00000   374.00000   376.00000   378.00000   380.00000   382.00000   384.00000   386.00000   388.00000   390.00000   392.00000   394.00000   396.00000   398.00000   400.00000   402.00000   404.00000   406.00000   408.00000   410.00000   412.00000   414.00000   416.00000   418.00000   420.00000   422.00000   424.00000   426.00000   428.00000   430.00000   432.00000   434.00000   436.00000   438.00000   440.00000   442.00000   444.00000   446.00000   448.00000   450.00000
   452.00000   450.00000   448.00000   446.00000   444.00000   442.00000   440.00000   438.00000   436.00000   434.00000   432.00000   430.00000   428.00000   426.00000   424.00000   422.00000   420.00000   418.00000   416.00000   414.00000   412.00000   410.00000   408.00000   406.00000   404.00000   402.00000   400.00000   398.00000   396.00000   394.00000   392.00000   390.00000   388.00000   386.00000   384.00000   382.00000   380.00000   378.00000   376.00000   374.00000   372.00000   370.00000   368.00000   366.00000   364.00000   362.00000   360.00000   358.00000   356.00000   354.00000   352.00000   350.00000   348.00000   346.00000   344.00000   342.00000   340.00000   338.00000   336.00000   334.00000   332.00000   330.00000   328.00000   326.00000   324.00000   322.00000   320.00000   318.00000   316.00000   314.00000   312.00000   310.00000   308.00000   306.00000   304.00000   302.00000   300.00000   298.00000   296.00000   294.00000   292.00000   292.00000   294.00000   296.00000   298.00000   300.00000   302.00000   304.00000   306.00000   308.00000   310.00000   312.00000   314.00000   316.00000   318.00000   320.00000   322.00000   324.00000   326.00000   328.00000   330.00000   332.00000   334.00000   336.00000   338.00000   340.00000   342.00000   344.00000   346.00000   348.00000   350.00000   352.00000   354.00000   356.00000   358.00000   360.00000   362.00000   364.00000   366.00000   368.00000   370.00000   372.00000   374.00000   376.00000   378.00000   380.00000   382.00000   384.00000   386.00000   388.00000   390.00000   392.00000   394.00000   396.00000   398.00000   400.00000   402.00000   404.00000   406.00000   408.00000   410.00000   412.00000   414.00000   416.00000   418.00000   420.00000   422.00000   424.00000   426.00000   428.00000   430.00000   432.00000   434.00000   436.00000   438.00000   440.00000   442.00000   444.00000   446.00000   448.00000   450.00000   452.00000
   454.00000   452.00000   450.00000   448.00000   446.00000   444.00000   442.00000   440.00000   438.00000   436.00000   434.00000   432.00000   430.00000   428.00000   426.00000   424.00000   422.00000   420.00000   418.00000   416.00000   414.00000   412.00000   410.00000   408.00000   406.00000   404.00000   402.00000   400.00000   398.00000   396.00000   394.00000   392.00000   390.00000   388.00000   386.00000   384.00000   382.00000   380.00000   378.00000   376.00000   374.00000   372.00000   370.00000   368.00000   366.00000   364.00000   362.00000   360.00000   358.00000   356.00000   354.00000   352.00000   350.00000   348.00000   346.00000   344.00000   342.00000   340.00000   338.00000   336.00000   334.00000   332.00000   330.00000   328.00000   326.00000   324.00000   322.00000   320.00000   318.00000   316.00000   314.00000   312.00000   310.00000   308.00000   306.00000   304.00000   302.00000   300.00000   298.00000   296.00000   294.00000   294.00000   296.00000   298.00000   300.00000   302.00000   304.00000   306.00000   308.00000   310.00000   312.00000   314.00000   316.00000   318.00000   320.00000   322.00000   324.00000   326.00000   328.00000   330.00000   332.00000   334.00000   336.00000   338.00000   340.00000   342.00000   344.00000   346.00000   348.00000   350.00000   352.00000   354.00000   356.00000   358.00000   360.00000   362.00000   364.00000   366.00000   368.00000   370.00000   372.00000   374.00000   376.00000   378.00000   380.00000   382.00000   384.00000   386.00000   388.00000   390.00000   392.00000   394.00000   396.00000   398.00000   400.00000   402.00000   404.00000   406.00000   408.00000   410.00000   412.00000   414.00000   416.00000   418.00000   420.00000   422.00000   424.00000   426.00000   428.00000   430.00000   432.00000   434.00000   436.00000   438.00000   440.00000   442.00000   444.00000   446.00000   448.00000   450.00000   452.00000   454.00000
   456.00000   454.00000   452.00000   450.00000   448.00000   446.00000   444.00000   442.00000   440.00000   438.00000   436.00000   434.00000   432.00000   430.00000   428.00000   426.00000   424.00000   422.00000   420.00000   418.00000   416.00000   414.00000   412.00000   410.00000   408.00000   406.00000   404.00000   402.00000   400.00000   398.00000   396.00000   394.00000   392.00000   390.00000   388.00000   386.00000   384.00000   382.00000   380.00000   378.00000   376.00000   374.00000   372.00000   370.00000   368.00000   366.00000   364.00000   362.00000   360.00000   358.00000   356.00000   354.00000   352.00000   350.00000   348.00000   346.00000   344.00000   342.00000   340.00000   338.00000   336.00000   334.00000   332.00000   330.00000   328.00000   326.00000   324.00000   322.00000   320.00000   318.00000   316.00000   314.00000   312.00000   310.00000   308.00000   306.00000   304.00000   302.00000   300.00000   298.00000   296.00000   296.00000   298.00000   300.00000   302.00000   304.00000   306.00000   308.00000   310.00000   312.00000   314.00000   316.00000   318.00000   320.00000   322.00000   324.00000   326.00000   328.00000   330.00000   332.00000   334.00000   336.00000   338.00000   340.00000   342.00000   344.00000   346.00000   348.00000   350.00000   352.00000   354.00000   356.00000   358.00000   360.00000   362.00000   364.00000   366.00000   368.00000   370.00000   372.00000   374.00000   376.00000   378.00000   380.00000   382.00000   384.00000   386.00000   388.00000   390.00000   392.00000   394.00000   396.00000   398.00000   400.00000   402.00000   404.00000   406.00000   408.00000   410.00000   412.00000   414.00000   416.00000   418.00000   420.00000   422.00000   424.00000   426.00000   428.00000   430.00000   432.00000   434.00000   436.00000   438.00000   440.00000   442.00000   444.00000   446.00000   448.00000   450.00000   452.00000   454.00000   456.00000
   458.00000   456.00000   454.00000   452.00000   450.00000   448.00000   446.00000   444.00000   442.00000   440.00000   438.00000   436.00000   434.00000   432.00000   430.00000   428.00000   426.00000   424.00000   422.00000   420.00000   418.00000   416.00000   414.00000   412.00000   410.00000   408.00000   406.00000   404.00000   402.00000   400.00000   398.00000   396.00000   394.00000   392.00000   390.00000   388.00000   386.00000   384.00000   382.00000   380.00000   378.00000   376.00000   374.00000   372.00000   370.00000   368.00000   366.00000   364.00000   362.00000   360.00000   358.00000   356.00000   354.00000   352.00000   350.00000   348.00000   346.00000   344.00000   342.00000   340.00000   338.00000   336.00000   334.00000   332.00000   330.00000   328.00000   326.00000   324.00000   322.00000   320.00000   318.00000   316.00000   314.00000   312.00000   310.00000   308.00000   306.00000   304.00000   302.00000   300.00000   298.00000   298.00000   300.00000   302.00000   304.00000   306.00000   308.00000   310.00000   312.00000   314.00000   316.00000   318.00000   320.00000   322.00000   324.00000   326.00000   328.00000   330.00000   332.00000   334.00000   336.00000   338.00000   340.00000   342.00000   344.00000   346.00000   348.00000   350.00000   352.00000   354.00000   356.00000   358.00000   360.00000   362.00000   364.00000   366.00000   368.00000   370.00000   372.00000   374.00000   376.00000   378.00000   380.00000   382.00000   384.00000   386.00000   388.00000   390.00000   392.00000   394.00000   396.00000   398.00000   400.00000   402.00000   404.00000   406.00000   408.00000   410.00000   412.00000   414.00000   416.00000   418.00000   420.00000   422.00000   424.00000   426.00000   428.00000   430.00000   432.00000   434.00000   436.00000   438.00000   440.00000   442.00000   444.00000   446.00000   448.00000   450.00000   452.00000   454.00000   456.00000   458.00000
   460.00000   458.00000   456.00000   454.00000   452.00000   450.00000   448.00000   446.00000   444.00000   442.00000   440.00000   438.00000   436.00000   434.00000   432.00000   430.00000   428.00000   426.00000   424.00000   422.00000   420.00000   418.00000   416.00000   414.00000   412.00000   410.00000   408.00000   406.00000   404.00000   402.00000   400.00000   398.00000   396.00000   394.00000   392.00000   390.00000   388.00000   386.00000   384.00000   382.00000   380.00000   378.00000   376.00000   374.00000   372.00000   370.00000   368.00000   366.00000   364.00000   362.00000   360.00000   358.00000   356.00000   354.00000   352.00000   350.00000   348.00000   346.00000   344.00000   342.00000   340.00000   338.00000   336.00000   334.00000   332.00000   330.00000   328.00000   326.00000   324.00000   322.00000   320.00000   318.00000   316.00000   314.00000   312.00000   310.00000   308.00000   306.00000   304.00000   302.00000   300.00000   300.00000   302.00000   304.00000   306.00000   308.00000   310.00000   312.00000   314.00000   316.00000   318.00000   320.00000   322.00000   324.00000   326.00000   328.00000   330.00000   332.00000   334.00000   336.00000   338.00000   340.00000   342.00000   344.00000   346.00000   348.00000   350.00000   352.00000   354.00000   356.00000   358.00000   360.00000   362.00000   364.00000   366.00000   368.00000   370.00000   372.00000   374.00000   376.00000   378.00000   380.00000   382.00000   384.00000   386.00000   388.00000   390.00000   392.00000   394.00000   396.00000   398.00000   400.00000   402.00000   404.00000   406.00000   408.00000   410.00000   412.00000   414.00000   416.00000   418.00000   420.00000   422.00000   424.00000   426.00000   428.00000   430.00000   432.00000   434.00000   436.00000   438.00000   440.00000   442.00000   444.00000   446.00000   448.00000   450.00000   452.00000   454.00000   456.00000   458.00000   460.00000
   462.00000   460.00000   458.00000   456.00000   454.00000   452.00000   450.00000   448.00000   446.00000   444.00000   442.00000   440.00000   438.00000   436.00000   434.00000   432.00000   430.00000   428.00000   426.00000   424.00000   422.00000   420.00000   418.00000   416.00000   414.00000   412.00000   410.00000   408.00000   406.00000   404.00000   402.00000   400.00000   398.00000   396.00000   394.00000   392.00000   390.00000   388.00000   386.00000   384.00000   382.00000   380.00000   378.00000   376.00000   374.00000   372.00000   370.00000   368.00000   366.00000   364.00000   362.00000   360.00000   358.00000   356.00000   354.00000   352.00000   350.00000   348.00000   346.00000   344.00000   342.00000   340.00000   338.00000   336.00000   334.00000   332.00000   330.00000   328.00000   326.00000   324.00000   322.00000   320.00000   318.00000   316.00000   314.00000   312.00000   310.00000   308.00000   306.00000   304.00000   302.00000   302.00000   304.00000   306.00000   308.00000   310.00000   312.00000   314.00000   316.00000   318.00000   320.00000   322.00000   324.00000   326.00000   328.00000   330.00000   332.00000   334.00000   336.00000   338.00000   340.00000   342.00000   344.00000   346.00000   348.00000   350.00000   352.00000   354.00000   356.00000   358.00000   360.00000   362.00000   364.00000   366.00000   368.00000   370.00000   372.00000   374.00000   376.00000   378.00000   380.00000   382.00000   384.00000   386.00000   388.00000   390.00000   392.00000   394.00000   396.00000   398.00000   400.00000   402.00000   404.00000   406.00000   408.00000   410.00000   412.00000   414.00000   416.00000   418.00000   420.00000   422.00000   424.00000   426.00000   428.00000   430.00000   432.00000   434.00000   436.00000   438.00000   440.00000   442.00000   444.00000   446.00000   448.00000   450.00000   452.00000   454.00000   456.00000   458.00000   460.00000   462.00000
   464.00000   462.00000   460.00000   458.00000   456.00000   454.00000   452.00000   450.00000   448.00000   446.00000   444.00000   442.00000   440.00000   438.00000   436.00000   434.00000   432.00000   430.00000   428.00000   426.00000   424.00000   422.00000   420.00000   418.00000   416.00000   414.00000   412.00000   410.00000   408.00000   406.00000   404.00000   402.00000   400.00000   398.00000   396.00000   394.00000   392.00000   390.00000   388.00000   386.00000   384.00000   382.00000   380.00000   378.00000   376.00000   374.00000   372.00000   370.00000   368.00000   366.00000   364.00000   362.00000   360.00000   358.00000   356.00000   354.00000   352.00000   350.00000   348.00000   346.00000   344.00000   342.00000   340.00000   338.00000   336.00000   334.00000   332.00000   330.00000   328.00000   326.00000   324.00000   322.00000   320.00000   318.00000   316.00000   314.00000   312.00000   310.00000   308.00000   306.00000   304.00000   304.00000   306.00000   308.00000   310.00000   312.00000   314.00000   316.00000   318.00000   320.00000   322.00000   324.00000   326.00000   328.00000   330.00000   332.00000   334.00000   336.00000   338.00000   340.00000   342.00000   344.00000   346.00000   348.00000   350.00000   352.00000   354.00000   356.00000   358.00000   360.00000   362.00000   364.00000   366.00000   368.00000   370.00000   372.00000   374.00000   376.00000   378.00000   380.00000   382.00000   384.00000   386.00000   388.00000   390.00000   392.00000   394.00000   396.00000   398.00000   400.00000   402.00000   404.00000   406.00000   408.00000   410.00000   412.00000   414.00000   416.00000   418.00000   420.00000   422.00000   424.00000   426.00000   428.00000   430.00000   432.00000   434.00000   436.00000   438.00000   440.00000   442.00000   444.00000   446.00000   448.00000   450.00000   452.00000   454.00000   456.00000   458.00000   460.00000   462.00000   464.00000
   466.00000   464.00000   462.00000   460.00000   458.00000   456.00000   454.00000   452.00000   450.00000   448.00000   446.00000   444.00000   442.00000   440.00000   438.00000   436.00000   434.00000   432.00000   430.00000   428.00000   426.00000   424.00000   422.00000   420.00000   418.00000   416.00000   414.00000   412.00000   410.00000   408.00000   406.00000   404.00000   402.00000   400.00000   398.00000   396.00000   394.00000   392.00000   390.00000   388.00000   386.00000   384.00000   382.00000   380.00000   378.00000   376.00000   374.00000   372.00000   370.00000   368.00000   366.00000   364.00000   362.00000   360.00000   358.00000   356.00000   354.00000   352.00000   350.00000   348.00000   346.00000   344.00000   342.00000   340.00000   338.00000   336.00000   334.00000   332.00000   330.00000   328.00000   326.00000   324.00000   322.00000   320.00000   318.00000   316.00000   314.00000   312.00000   310.00000   308.00000   306.00000   306.00000   308.00000   310.00000   312.00000   314.00000   316.00000   318.00000   320.00000   322.00000   324.00000   326.00000   328.00000   330.00000   332.00000   334.00000   336.00000   338.00000   340.00000   342.00000   344.00000   346.00000   348.00000   350.00000   352.00000   354.00000   356.00000   358.00000   360.00000   362.00000   364.00000   366.00000   368.00000   370.00000   372.00000   374.00000   376.00000   378.00000   380.00000   382.00000   384.00000   386.00000   388.00000   390.00000   392.00000   394.00000   396.00000   398.00000   400.00000   402.00000   404.00000   406.00000   408.00000   410.00000   412.00000   414.00000   416.00000   418.00000   420.00000   422.00000   424.00000   426.00000   428.00000   430.00000   432.00000   434.00000   436.00000   438.00000   440.00000   442.00000   444.00000   446.00000   448.00000   450.00000   452.00000   454.00000   456.00000   458.00000   460.00000   462.00000   464.00000   466.00000
   468.00000   466.00000   464.00000   462.00000   460.00000   458.00000   456.00000   454.00000   452.00000   450.00000   448.00000   446.00000   444.00000   442.00000   440.00000   438.00000   436.00000   434.00000   432.00000   430.00000   428.00000   426.00000   424.00000   422.00000   420.00000   418.00000   416.00000   414.00000   412.00000   410.00000   408.00000   406.00000   404.00000   402.00000   400.00000   398.00000   396.00000   394.00000   392.00000   390.00000   388.00000   386.00000   384.00000   382.00000   380.00000   378.00000   376.00000   374.00000   372.00000   370.00000   368.00000   366.00000   364.00000   362.00000   360.00000   358.00000   356.00000   354.00000   352.00000   350.00000   348.00000   346.00000   344.00000   342.00000   340.00000   338.00000   336.00000   334.00000   332.00000   330.00000   328.00000   326.00000   324.00000   322.00000   320.00000   318.00000   316.00000   314.00000   312.00000   310.00000   308.00000   308.00000   310.00000   312.00000   314.00000   316.00000   318.00000   320.00000   322.00000   324.00000   326.00000   328.00000   330.00000   332.00000   334.00000   336.00000   338.00000   340.00000   342.00000   344.00000   346.00000   348.00000   350.00000   352.00000   354.00000   356.00000   358.00000   360.00000   362.00000   364.00000   366.00000   368.00000   370.00000   372.00000   374.00000   376.00000   378.00000   380.00000   382.00000   384.00000   386.00000   388.00000   390.00000   392.00000   394.00000   396.00000   398.00000   400.00000   402.00000   404.00000   406.00000   408.00000   410.00000   412.00000   414.00000   416.00000   418.00000   420.00000   422.00000   424.00000   426.00000   428.00000   430.00000   432.00000   434.00000   436.00000   438.00000   440.00000   442.00000   444.00000   446.00000   448.00000   450.00000   452.00000   454.00000   456.00000   458.00000   460.00000   462.00000   464.00000   466.00000   468.00000
   470.00000   468.00000   466.00000   464.00000   462.00000   460.00000   458.00000   456.00000   454.00000   452.00000   450.00000   448.00000   446.00000   444.00000   442.00000   440.00000   438.00000   436.00000   434.00000   432.00000   430.00000   428.00000   426.00000   424.00000   422.00000   420.00000   418.00000   416.00000   414.00000   412.00000   410.00000   408.00000   406.00000   404.00000   402.00000   400.00000   398.00000   396.00000   394.00000   392.00000   390.00000   388.00000   386.00000   384.00000   382.00000   380.00000   378.00000   376.00000   374.00000   372.00000   370.00000   368.00000   366.00000   364.00000   362.00000   360.00000   358.00000   356.00000   354.00000   352.00000   350.00000   348.00000   346.00000   344.00000   342.00000   340.00000   338.00000   336.00000   334.00000   332.00000   330.00000   328.00000   326.00000   324.00000   322.00000   320.00000   318.00000   316.00000   314.00000   312.00000   310.00000   310.00000   312.00000   314.00000   316.00000   318.00000   320.00000   322.00000   324.00000   326.00000   328.00000   330.00000   332.00000   334.00000   336.00000   338.00000   340.00000   342.00000   344.00000   346.00000   348.00000   350.00000   352.00000   354.00000   356.00000   358.00000   360.00000   362.00000   364.00000   366.00000   368.00000   370.00000   372.00000   374.00000   376.00000   378.00000   380.00000   382.00000   384.00000   386.00000   388.00000   390.00000   392.00000   394.00000   396.00000   398.00000   400.00000   402.00000   404.00000   406.00000   408.00000   410.00000   412.00000   414.00000   416.00000   418.00000   420.00000   422.00000   424.00000   426.00000   428.00000   430.00000   432.00000   434.00000   436.00000   438.00000   440.00000   442.00000   444.00000   446.00000   448.00000   450.00000   452.00000   454.00000   456.00000   458.00000   460.00000   462.00000   464.00000   466.00000   468.00000   470.00000
   472.00000   470.00000   468.00000   466.00000   464.00000   462.00000   460.00000   458.00000   456.00000   454.00000   452.00000   450.00000   448.00000   446.00000   444.00000   442.00000   440.00000   438.00000   436.00000   434.00000   432.00000   430.00000   428.00000   426.00000   424.00000   422.00000   420.00000   418.00000   416.00000   414.00000   412.00000   410.00000   408.00000   406.00000   404.00000   402.00000   400.00000   398.00000   396.00000   394.00000   392.00000   390.00000   388.00000   386.00000   384.00000   382.00000   380.00000   378.00000   376.00000   374.00000   372.00000   370.00000   368.00000   366.00000   364.00000   362.00000   360.00000   358.00000   356.00000   354.00000   352.00000   350.00000   348.00000   346.00000   344.00000   342.00000   340.00000   338.00000   336.00000   334.00000   332.00000   330.00000   328.00000   326.00000   324.00000   322.00000   320.00000   318.00000   316.00000   314.00000   312.00000   312.00000   314.00000   316.00000   318.00000   320.00000   322.00000   324.00000   326.00000   328.00000   330.00000   332.00000   334.00000   336.00000   338.00000   340.00000   342.00000   344.00000   346.00000   348.00000   350.00000   352.00000   354.00000   356.00000   358.00000   360.00000   362.00000   364.00000   366.00000   368.00000   370.00000   372.00000   374.00000   376.00000   378.00000   380.00000   382.00000   384.00000   386.00000   388.00000   390.00000   392.00000   394.00000   396.00000   398.00000   400.00000   402.00000   404.00000   406.00000   408.00000   410.00000   412.00000   414.00000   416.00000   418.00000   420.00000   422.00000   424.00000   426.00000   428.00000   430.00000   432.00000   434.00000   436.00000   438.00000   440.00000   442.00000   444.00000   446.00000   448.00000   450.00000   452.00000   454.00000   456.00000   458.00000   460.00000   462.00000   464.00000   466.00000   468.00000   470.00000   472.00000
   474.00000   472.00000   470.00000   468.00000   466.00000   464.00000   462.00000   460.00000   458.00000   456.00000   454.00000   452.00000   450.00000   448.00000   446.00000   444.00000   442.00000   440.00000   438.00000   436.00000   434.00000   432.00000   430.00000   428.00000   426.00000   424.00000   422.00000   420.00000   418.00000   416.00000   414.00000   412.00000   410.00000   408.00000   406.00000   404.00000   402.00000   400.00000   398.00000   396.00000   394.00000   392.00000   390.00000   388.00000   386.00000   384.00000   382.00000   380.00000   378.00000   376.00000   374.00000   372.00000   370.00000   368.00000   366.00000   364.00000   362.00000   360.00000   358.00000   356.00000   354.00000   352.00000   350.00000   348.00000   346.00000   344.00000   342.00000   340.00000   338.00000   336.00000   334.00000   332.00000   330.00000   328.00000   326.00000   324.00000   322.00000   320.00000   318.00000   316.00000   314.00000   314.00000   316.00000   318.00000   320.00000   322.00000   324.00000   326.00000   328.00000   330.00000   332.00000   334.00000   336.00000   338.00000   340.00000   342.00000   344.00000   346.00000   348.00000   350.00000   352.00000   354.00000   356.00000   358.00000   360.00000   362.00000   364.00000   366.00000   368.00000   370.00000   372.00000   374.00000   376.00000   378.00000   380.00000   382.00000   384.00000   386.00000   388.00000   390.00000   392.00000   394.00000   396.00000   398.00000   400.00000   402.00000   404.00000   406.00000   408.00000   410.00000   412.00000   414.00000   416.00000   418.00000   420.00000   422.00000   424.00000   426.00000   428.00000   430.00000   432.00000   434.00000   436.00000   438.00000   440.00000   442.00000   444.00000   446.00000   448.00000   450.00000   452.00000   454.00000   456.00000   458.00000   460.00000   462.00000   464.00000   466.00000   468.00000   470.00000   472.00000   474.00000
   476.00000   474.00000   472.00000   470.00000   468.00000   466.00000   464.00000   462.00000   460.00000   458.00000   456.00000   454.00000   452.00000   450.00000   448.00000   446.00000   444.00000   442.00000   440.00000   438.00000   436.00000   434.00000   432.00000   430.00000   428.00000   426.00000   424.00000   422.00000   420.00000   418.00000   416.00000   414.00000   412.00000   410.00000   408.00000   406.00000   404.00000   402.00000   400.00000   398.00000   396.00000   394.00000   392.00000   390.00000   388.00000   386.00000   384.00000   382.00000   380.00000   378.00000   376.00000   374.00000   372.00000   370.00000   368.00000   366.00000   364.00000   362.00000   360.00000   358.00000   356.00000   354.00000   352.00000   350.00000   348.00000   346.00000   344.00000   342.00000   340.00000   338.00000   336.00000   334.00000   332.00000   330.00000   328.00000   326.00000   324.00000   322.00000   320.00000   318.00000   316.00000   316.00000   318.00000   320.00000   322.00000   324.00000   326.00000   328.00000   330.00000   332.00000   334.00000   336.00000   338.00000   340.00000   342.00000   344.00000   346.00000   348.00000   350.00000   352.00000   354.00000   356.00000   358.00000   360.00000   362.00000   364.00000   366.00000   368.00000   370.00000   372.00000   374.00000   376.00000   378.00000   380.00000   382.00000   384.00000   386.00000   388.00000   390.00000   392.00000   394.00000   396.00000   398.00000   400.00000   402.00000   404.00000   406.00000   408.00000   410.00000   412.00000   414.00000   416.00000   418.00000   420.00000   422.00000   424.00000   426.00000   428.00000   430.00000   432.00000   434.00000   436.00000   438.00000   440.00000   442.00000   444.00000   446.00000   448.00000   450.00000   452.00000   454.00000   456.00000   458.00000   460.00000   462.00000   464.00000   466.00000   468.00000   470.00000   472.00000   474.00000   476.00000
   478.00000   476.00000   474.00000   472.00000   470.00000   468.00000   466.00000   464.00000   462.00000   460.00000   458.00000   456.00000   454.00000   452.00000   450.00000   448.00000   446.00000   444.00000   442.00000   440.00000   438.00000   436.00000   434.00000   432.00000   430.00000   428.00000   426.00000   424.00000   422.00000   420.00000   418.00000   416.00000   414.00000   412.00000   410.00000   408.00000   406.00000   404.00000   402.00000   400.00000   398.00000   396.00000   394.00000   392.00000   390.00000   388.00000   386.00000   384.00000   382.00000   380.00000   378.00000   376.00000   374.00000   372.00000   370.00000   368.00000   366.00000   364.00000   362.00000   360.00000   358.00000   356.00000   354.00000   352.00000   350.00000   348.00000   346.00000   344.00000   342.00000   340.00000   338.00000   336.00000   334.00000   332.00000   330.00000   328.00000   326.00000   324.00000   322.00000   320.00000   318.00000   318.00000   320.00000   322.00000   324.00000   326.00000   328.00000   330.00000   332.00000   334.00000   336.00000   338.00000   340.00000   342.00000   344.00000   346.00000   348.00000   350.00000   352.00000   354.00000   356.00000   358.00000   360.00000   362.00000   364.00000   366.00000   368.00000   370.00000   372.00000   374.00000   376.00000   378.00000   380.00000   382.00000   384.00000   386.00000   388.00000   390.00000   392.00000   394.00000   396.00000   398.00000   400.00000   402.00000   404.00000   406.00000   408.00000   410.00000   412.00000   414.00000   416.00000   418.00000   420.00000   422.00000   424.00000   426.00000   428.00000   430.00000   432.00000   434.00000   436.00000   438.00000   440.00000   442.00000   444.00000   446.00000   448.00000   450.00000   452.00000   454.00000   456.00000   458.00000   460.00000   462.00000   464.00000   466.00000   468.00000   470.00000   472.00000   474.00000   476.00000   478.00000
   480.00000   478.00000   476.00000   474.00000   472.00000   470.00000   468.00000   466.00000   464.00000   462.00000   460.00000   458.00000   456.00000   454.00000   452.00000   450.00000   448.00000   446.00000   444.00000   442.00000   440.00000   438.00000   436.00000   434.00000   432.00000   430.00000   428.00000   426.00000   424.00000   422.00000   420.00000   418.00000   416.00000   414.00000   412.00000   410.00000   408.00000   406.00000   404.00000   402.00000   400.00000   398.00000   396.00000   394.00000   392.00000   390.00000   388.00000   386.00000   384.00000   382.00000   380.00000   378.00000   376.00000   374.00000   372.00000   370.00000   368.00000   366.00000   364.00000   362.00000   360.00000   358.00000   356.00000   354.00000   352.00000   350.00000   348.00000   346.00000   344.00000   342.00000   340.00000   338.00000   336.00000   334.00000   332.00000   330.00000   328.00000   326.00000   324.00000   322.00000   320.00000   320.00000   322.00000   324.00000   326.00000   328.00000   330.00000   332.00000   334.00000   336.00000   338.00000   340.00000   342.00000   344.00000   346.00000   348.00000   350.00000   352.00000   354.00000   356.00000   358.00000   360.00000   362.00000   364.00000   366.00000   368.00000   370.00000   372.00000   374.00000   376.00000   378.00000   380.00000   382.00000   384.00000   386.00000   388.00000   390.00000   392.00000   394.00000   396.00000   398.00000   400.00000   402.00000   404.00000   406.00000   408.00000   410.00000   412.00000   414.00000   416.00000   418.00000   420.00000   422.00000   424.00000   426.00000   428.00000   430.00000   432.00000   434.00000   436.00000   438.00000   440.00000   442.00000   444.00000   446.00000   448.00000   450.00000   452.00000   454.00000   456.00000   458.00000   460.00000   462.00000   464.00000   466.00000   468.00000   470.00000   472.00000   474.00000   476.00000   478.00000   480.00000
   482.00000   480.00000   478.00000   476.00000   474.00000   472.00000   470.00000   468.00000   466.00000   464.00000   462.00000   460.00000   458.00000   456.00000   454.00000   452.00000   450.00000   448.00000   446.00000   444.00000   442.00000   440.00000   438.00000   436.00000   434.00000   432.00000   430.00000   428.00000   426.00000   424.00000   422.00000   420.00000   418.00000   416.00000   414.00000   412.00000   410.00000   408.00000   406.00000   404.00000   402.00000   400.00000   398.00000   396.00000   394.00000   392.00000   390.00000   388.00000   386.00000   384.00000   382.00000   380.00000   378.00000   376.00000   374.00000   372.00000   370.00000   368.00000   366.00000   364.00000   362.00000   360.00000   358.00000   356.00000   354.00000   352.00000   350.00000   348.00000   346.00000   344.00000   342.00000   340.00000   338.00000   336.00000   334.00000   332.00000   330.00000   328.00000   326.00000   324.00000   322.00000   322.00000   324.00000   326.00000   328.00000   330.00000   332.00000   334.00000   336.00000   338.00000   340.00000   342.00000   344.00000   346.00000   348.00000   350.00000   352.00000   354.00000   356.00000   358.00000   360.00000   362.00000   364.00000   366.00000   368.00000   370.00000   372.00000   374.00000   376.00000   378.00000   380.00000   382.00000   384.00000   386.00000   388.00000   390.00000   392.00000   394.00000   396.00000   398.00000   400.00000   402.00000   404.00000   406.00000   408.00000   410.00000   412.00000   414.00000   416.00000   418.00000   420.00000   422.00000   424.00000   426.00000   428.00000   430.00000   432.00000   434.00000   436.00000   438.00000   440.00000   442.00000   444.00000   446.00000   448.00000   450.00000   452.00000   454.00000   456.00000   458.00000   460.00000   462.00000   464.00000   466.00000   468.00000   470.00000   472.00000   474.00000   476.00000   478.00000   480.00000   482.00000
   484.00000   482.00000   480.00000   478.00000   476.00000   474.00000   472.00000   470.00000   468.00000   466.00000   464.00000   462.00000   460.00000   458.00000   456.00000   454.00000   452.00000   450.00000   448.00000   446.00000   444.00000   442.00000   440.00000   438.00000   436.00000   434.00000   432.00000   430.00000   428.00000   426.00000   424.00000   422.00000   420.00000   418.00000   416.00000   414.00000   412.00000   410.00000   408.00000   406.00000   404.00000   402.00000   400.00000   398.00000   396.00000   394.00000   392.00000   390.00000   388.00000   386.00000   384.00000   382.00000   380.00000   378.00000   376.00000   374.00000   372.00000   370.00000   368.00000   366.00000   364.00000   362.00000   360.00000   358.00000   356.00000   354.00000   352.00000   350.00000   348.00000   346.00000   344.00000   342.00000   340.00000   338.00000   336.00000   334.00000   332.00000   330.00000   328.00000   326.00000   324.00000   324.00000   326.00000   328.00000   330.00000   332.00000   334.00000   336.00000   338.00000   340.00000   342.00000   344.00000   346.00000   348.00000   350.00000   352.00000   354.00000   356.00000   358.00000   360.00000   362.00000   364.00000   366.00000   368.00000   370.00000   372.00000   374.00000   376.00000   378.00000   380.00000   382.00000   384.00000   386.00000   388.00000   390.00000   392.00000   394.00000   396.00000   398.00000   400.00000   402.00000   404.00000   406.00000   408.00000   410.00000   412.00000   414.00000   416.00000   418.00000   420.00000   422.00000   424.00000   426.00000   428.00000   430.00000   432.00000   434.00000   436.00000   438.00000   440.00000   442.00000   444.00000   446.00000   448.00000   450.00000   452.00000   454.00000   456.00000   458.00000   460.00000   462.00000   464.00000   466.00000   468.00000   470.00000   472.00000   474.00000   476.00000   478.00000   480.00000   482.00000   484.00000
   486.00000   484.00000   482.00000   480.00000   478.00000   476.00000   474.00000   472.00000   470.00000   468.00000   466.00000   464.00000   462.00000   460.00000   458.00000   456.00000   454.00000   452.00000   450.00000   448.00000   446.00000   444.00000   442.00000   440.00000   438.00000   436.00000   434.00000   432.00000   430.00000   428.00000   426.00000   424.00000   422.00000   420.00000   418.00000   416.00000   414.00000   412.00000   410.00000   408.00000   406.00000   404.00000   402.00000   400.00000   398.00000   396.00000   394.00000   392.00000   390.00000   388.00000   386.00000   384.00000   382.00000   380.00000   378.00000   376.00000   374.00000   372.00000   370.00000   368.00000   366.00000   364.00000   362.00000   360.00000   358.00000   356.00000   354.00000   352.00000   350.00000   348.00000   346.00000   344.00000   342.00000   340.00000   338.00000   336.00000   334.00000   332.00000   330.00000   328.00000   326.00000   326.00000   328.00000   330.00000   332.00000   334.00000   336.00000   338.00000   340.00000   342.00000   344.00000   346.00000   348.00000   350.00000   352.00000   354.00000   356.00000   358.00000   360.00000   362.00000   364.00000   366.00000   368.00000   370.00000   372.00000   374.00000   376.00000   378.00000   380.00000   382.00000   384.00000   386.00000   388.00000   390.00000   392.00000   394.00000   396.00000   398.00000   400.00000   402.00000   404.00000   406.00000   408.00000   410.00000   412.00000   414.00000   416.00000   418.00000   420.00000   422.00000   424.00000   426.00000   428.00000   430.00000   432.00000   434.00000   436.00000   438.00000   440.00000   442.00000   444.00000   446.00000   448.00000   450.00000   452.00000   454.00000   456.00000   458.00000   460.00000   462.00000   464.00000   466.00000   468.00000   470.00000   472.00000   474.00000   476.00000   478.00000   480.00000   482.00000   484.00000   486.00000
   488.00000   486.00000   484.00000   482.00000   480.00000   478.00000   476.00000   474.00000   472.00000   470.00000   468.00000   466.00000   464.00000   462.00000   460.00000   458.00000   456.00000   454.00000   452.00000   450.00000   448.00000   446.00000   444.00000   442.00000   440.00000   438.00000   436.00000   434.00000   432.00000   430.00000   428.00000   426.00000   424.00000   422.00000   420.00000   418.00000   416.00000   414.00000   412.00000   410.00000   408.00000   406.00000   404.00000   402.00000   400.00000   398.00000   396.00000   394.00000   392.00000   390.00000   388.00000   386.00000   384.00000   382.00000   380.00000   378.00000   376.00000   374.00000   372.00000   370.00000   368.00000   366.00000   364.00000   362.00000   360.00000   358.00000   356.00000   354.00000   352.00000   350.00000   348.00000   346.00000   344.00000   342.00000   340.00000   338.00000   336.00000   334.00000   332.00000   330.00000   328.00000   328.00000   330.00000   332.00000   334.00000   336.00000   338.00000   340.00000   342.00000   344.00000   346.00000   348.00000   350.00000   352.00000   354.00000   356.00000   358.00000   360.00000   362.00000   364.00000   366.00000   368.00000   370.00000   372.00000   374.00000   376.00000   378.00000   380.00000   382.00000   384.00000   386.00000   388.00000   390.00000   392.00000   394.00000   396.00000   398.00000   400.00000   402.00000   404.00000   406.00000   408.00000   410.00000   412.00000   414.00000   416.00000   418.00000   420.00000   422.00000   424.00000   426.00000   428.00000   430.00000   432.00000   434.00000   436.00000   438.00000   440.00000   442.00000   444.00000   446.00000   448.00000   450.00000   452.00000   454.00000   456.00000   458.00000   460.00000   462.00000   464.00000   466.00000   468.00000   470.00000   472.00000   474.00000   476.00000   478.00000   480.00000   482.00000   484.00000   486.00000   488.00000
   490.00000   488.00000   486.00000   484.00000   482.00000   480.00000   478.00000   476.00000   474.00000   472.00000   470.00000   468.00000   466.00000   464.00000   462.00000   460.00000   458.00000   456.00000   454.00000   452.00000   450.00000   448.00000   446.00000   444.00000   442.00000   440.00000   438.00000   436.00000   434.00000   432.00000   430.00000   428.00000   426.00000   424.00000   422.00000   420.00000   418.00000   416.00000   414.00000   412.00000   410.00000   408.00000   406.00000   404.00000   402.00000   400.00000   398.00000   396.00000   394.00000   392.00000   390.00000   388.00000   386.00000   384.00000   382.00000   380.00000   378.00000   376.00000   374.00000   372.00000   370.00000   368.00000   366.00000   364.00000   362.00000   360.00000   358.00000   356.00000   354.00000   352.00000   350.00000   348.00000   346.00000   344.00000   342.00000   340.00000   338.00000   336.00000   334.00000   332.00000   330.00000   330.00000   332.00000   334.00000   336.00000   338.00000   340.00000   342.00000   344.00000   346.00000   348.00000   350.00000   352.00000   354.00000   356.00000   358.00000   360.00000   362.00000   364.00000   366.00000   368.00000   370.00000   372.00000   374.00000   376.00000   378.00000   380.00000   382.00000   384.00000   386.00000   388.00000   390.00000   392.00000   394.00000   396.00000   398.00000   400.00000   402.00000   404.00000   406.00000   408.00000   410.00000   412.00000   414.00000   416.00000   418.00000   420.00000   422.00000   424.00000   426.00000   428.00000   430.00000   432.00000   434.00000   436.00000   438.00000   440.00000   442.00000   444.00000   446.00000   448.00000   450.00000   452.00000   454.00000   456.00000   458.00000   460.00000   462.00000   464.00000   466.00000   468.00000   470.00000   472.00000   474.00000   476.00000   478.00000   480.00000   482.00000   484.00000   486.00000   488.00000   490.00000
   492.00000   490.00000   488.00000   486.00000   484.00000   482.00000   480.00000   478.00000   476.00000   474.00000   472.00000   470.00000   468.00000   466.00000   464.00000   462.00000   460.00000   458.00000   456.00000   454.00000   452.00000   450.00000   448.00000   446.00000   444.00000   442.00000   440.00000   438.00000   436.00000   434.00000   432.00000   430.00000   428.00000   426.00000   424.00000   422.00000   420.00000   418.00000   416.00000   414.00000   412.00000   410.00000   408.00000   406.00000   404.00000   402.00000   400.00000   398.00000   396.00000   394.00000   392.00000   390.00000   388.00000   386.00000   384.00000   382.00000   380.00000   378.00000   376.00000   374.00000   372.00000   370.00000   368.00000   366.00000   364.00000   362.00000   360.00000   358.00000   356.00000   354.00000   352.00000   350.00000   348.00000   346.00000   344.00000   342.00000   340.00000   338.00000   336.00000   334.00000   332.00000   332.00000   334.00000   336.00000   338.00000   340.00000   342.00000   344.00000   346.00000   348.00000   350.00000   352.00000   354.00000   356.00000   358.00000   360.00000   362.00000   364.00000   366.00000   368.00000   370.00000   372.00000   374.00000   376.00000   378.00000   380.00000   382.00000   384.00000   386.00000   388.00000   390.00000   392.00000   394.00000   396.00000   398.00000   400.00000   402.00000   404.00000   406.00000   408.00000   410.00000   412.00000   414.00000   416.00000   418.00000   420.00000   422.00000   424.00000   426.00000   428.00000   430.00000   432.00000   434.00000   436.00000   438.00000   440.00000   442.00000   444.00000   446.00000   448.00000   450.00000   452.00000   454.00000   456.00000   458.00000   460.00000   462.00000   464.00000   466.00000   468.00000   470.00000   472.00000   474.00000   476.00000   478.00000   480.00000   482.00000   484.00000   486.00000   488.00000   490.00000   492.00000
   494.00000   492.00000   490.00000   488.00000   486.00000   484.00000   482.00000   480.00000   478.00000   476.00000   474.00000   472.00000   470.00000   468.00000   466.00000   464.00000   462.00000   460.00000   458.00000   456.00000   454.00000   452.00000   450.00000   448.00000   446.00000   444.00000   442.00000   440.00000   438.00000   436.00000   434.00000   432.00000   430.00000   428.00000   426.00000   424.00000   422.00000   420.00000   418.00000   416.00000   414.00000   412.00000   410.00000   408.00000   406.00000   404.00000   402.00000   400.00000   398.00000   396.00000   394.00000   392.00000   390.00000   388.00000   386.00000   384.00000   382.00000   380.00000   378.00000   376.00000   374.00000   372.00000   370.00000   368.00000   366.00000   364.00000   362.00000   360.00000   358.00000   356.00000   354.00000   352.00000   350.00000   348.00000   346.00000   344.00000   342.00000   340.00000   338.00000   336.00000   334.00000   334.00000   336.00000   338.00000   340.00000   342.00000   344.00000   346.00000   348.00000   350.00000   352.00000   354.00000   356.00000   358.00000   360.00000   362.00000   364.00000   366.00000   368.00000   370.00000   372.00000   374.00000   376.00000   378.00000   380.00000   382.00000   384.00000   386.00000   388.00000   390.00000   392.00000   394.00000   396.00000   398.00000   400.00000   402.00000   404.00000   406.00000   408.00000   410.00000   412.00000   414.00000   416.00000   418.00000   420.00000   422.00000   424.00000   426.00000   428.00000   430.00000   432.00000   434.00000   436.00000   438.00000   440.00000   442.00000   444.00000   446.00000   448.00000   450.00000   452.00000   454.00000   456.00000   458.00000   460.00000   462.00000   464.00000   466.00000   468.00000   470.00000   472.00000   474.00000   476.00000   478.00000   480.00000   482.00000   484.00000   486.00000   488.00000   490.00000   492.00000   494.00000
   496.00000   494.00000   492.00000   490.00000   488.00000   486.00000   484.00000   482.00000   480.00000   478.00000   476.00000   474.00000   472.00000   470.00000   468.00000   466.00000   464.00000   462.00000   460.00000   458.00000   456.00000   454.00000   452.00000   450.00000   448.00000   446.00000   444.00000   442.00000   440.00000   438.00000   436.00000   434.00000   432.00000   430.00000   428.00000   426.00000   424.00000   422.00000   420.00000   418.00000   416.00000   414.00000   412.00000   410.00000   408.00000   406.00000   404.00000   402.00000   400.00000   398.00000   396.00000   394.00000   392.00000   390.00000   388.00000   386.00000   384.00000   382.00000   380.00000   378.00000   376.00000   374.00000   372.00000   370.00000   368.00000   366.00000   364.00000   362.00000   360.00000   358.00000   356.00000   354.00000   352.00000   350.00000   348.00000   346.00000   344.00000   342.00000   340.00000   338.00000   336.00000   336.00000   338.00000   340.00000   342.00000   344.00000   346.00000   348.00000   350.00000   352.00000   354.00000   356.00000   358.00000   360.00000   362.00000   364.00000   366.00000   368.00000   370.00000   372.00000   374.00000   376.00000   378.00000   380.00000   382.00000   384.00000   386.00000   388.00000   390.00000   392.00000   394.00000   396.00000   398.00000   400.00000   402.00000   404.00000   406.00000   408.00000   410.00000   412.00000   414.00000   416.00000   418.00000   420.00000   422.00000   424.00000   426.00000   428.00000   430.00000   432.00000   434.00000   436.00000   438.00000   440.00000   442.00000   444.00000   446.00000   448.00000   450.00000   452.00000   454.00000   456.00000   458.00000   460.00000   462.00000   464.00000   466.00000   468.00000   470.00000   472.00000   474.00000   476.00000   478.00000   480.00000   482.00000   484.00000   486.00000   488.00000   490.00000   492.00000   494.00000   496.00000
   498.00000   496.00000   494.00000   492.00000   490.00000   488.00000   486.00000   484.00000   482.00000   480.00000   478.00000   476.00000   474.00000   472.00000   470.00000   468.00000   466.00000   464.00000   462.00000   460.00000   458.00000   456.00000   454.00000   452.00000   450.00000   448.00000   446.00000   444.00000   442.00000   440.00000   438.00000   436.00000   434.00000   432.00000   430.00000   428.00000   426.00000   424.00000   422.00000   420.00000   418.00000   416.00000   414.00000   412.00000   410.00000   408.00000   406.00000   404.00000   402.00000   400.00000   398.00000   396.00000   394.00000   392.00000   390.00000   388.00000   386.00000   384.00000   382.00000   380.00000   378.00000   376.00000   374.00000   372.00000   370.00000   368.00000   366.00000   364.00000   362.00000   360.00000   358.00000   356.00000   354.00000   352.00000   350.00000   348.00000   346.00000   344.00000   342.00000   340.00000   338.00000   338.00000   340.00000   342.00000   344.00000   346.00000   348.00000   350.00000   352.00000   354.00000   356.00000   358.00000   360.00000   362.00000   364.00000   366.00000   368.00000   370.00000   372.00000   374.00000   376.00000   378.00000   380.00000   382.00000   384.00000   386.00000   388.00000   390.00000   392.00000   394.00000   396.00000   398.00000   400.00000   402.00000   404.00000   406.00000   408.00000   410.00000   412.00000   414.00000   416.00000   418.00000   420.00000   422.00000   424.00000   426.00000   428.00000   430.00000   432.00000   434.00000   436.00000   438.00000   440.00000   442.00000   444.00000   446.00000   448.00000   450.00000   452.00000   454.00000   456.00000   458.00000   460.00000   462.00000   464.00000   466.00000   468.00000   470.00000   472.00000   474.00000   476.00000   478.00000   480.00000   482.00000   484.00000   486.00000   488.00000   490.00000   492.00000   494.00000   496.00000   498.00000
   500.00000   498.00000   496.00000   494.00000   492.00000   490.00000   488.00000   486.00000   484.00000   482.00000   480.00000   478.00000   476.00000   474.00000   472.00000   470.00000   468.00000   466.00000   464.00000   462.00000   460.00000   458.00000   456.00000   454.00000   452.00000   450.00000   448.00000   446.00000   444.00000   442.00000   440.00000   438.00000   436.00000   434.00000   432.00000   430.00000   428.00000   426.00000   424.00000   422.00000   420.00000   418.00000   416.00000   414.00000   412.00000   410.00000   408.00000   406.00000   404.00000   402.00000   400.00000   398.00000   396.00000   394.00000   392.00000   390.00000   388.00000   386.00000   384.00000   382.00000   380.00000   378.00000   376.00000   374.00000   372.00000   370.00000   368.00000   366.00000   364.00000   362.00000   360.00000   358.00000   356.00000   354.00000   352.00000   350.00000   348.00000   346.00000   344.00000   342.00000   340.00000   340.00000   342.00000   344.00000   346.00000   348.00000   350.00000   352.00000   354.00000   356.00000   358.00000   360.00000   362.00000   364.00000   366.00000   368.00000   370.00000   372.00000   374.00000   376.00000   378.00000   380.00000   382.00000   384.00000   386.00000   388.00000   390.00000   392.00000   394.00000   396.00000   398.00000   400.00000   402.00000   404.00000   406.00000   408.00000   410.00000   412.00000   414.00000   416.00000   418.00000   420.00000   422.00000   424.00000   426.00000   428.00000   430.00000   432.00000   434.00000   436.00000   438.00000   440.00000   442.00000   444.00000   446.00000   448.00000   450.00000   452.00000   454.00000   456.00000   458.00000   460.00000   462.00000   464.00000   466.00000   468.00000   470.00000   472.00000   474.00000   476.00000   478.00000   480.00000   482.00000   484.00000   486.00000   488.00000   490.00000   492.00000   494.00000   496.00000   498.00000   500.00000
   502.00000   500.00000   498.00000   496.00000   494.00000   492.00000   490.00000   488.00000   486.00000   484.00000   482.00000   480.00000   478.00000   476.00000   474.00000   472.00000   470.00000   468.00000   466.00000   464.00000   462.00000   460.00000   458.00000   456.00000   454.00000   452.00000   450.00000   448.00000   446.00000   444.00000   442.00000   440.00000   438.00000   436.00000   434.00000   432.00000   430.00000   428.00000   426.00000   424.00000   422.00000   420.00000   418.00000   416.00000   414.00000   412.00000   410.00000   408.00000   406.00000   404.00000   402.00000   400.00000   398.00000   396.00000   394.00000   392.00000   390.00000   388.00000   386.00000   384.00000   382.00000   380.00000   378.00000   376.00000   374.00000   372.00000   370.00000   368.00000   366.00000   364.00000   362.00000   360.00000   358.00000   356.00000   354.00000   352.00000   350.00000   348.00000   346.00000   344.00000   342.00000   342.00000   344.00000   346.00000   348.00000   350.00000   352.00000   354.00000   356.00000   358.00000   360.00000   362.00000   364.00000   366.00000   368.00000   370.00000   372.00000   374.00000   376.00000   378.00000   380.00000   382.00000   384.00000   386.00000   388.00000   390.00000   392.00000   394.00000   396.00000   398.00000   400.00000   402.00000   404.00000   406.00000   408.00000   410.00000   412.00000   414.00000   416.00000   418.00000   420.00000   422.00000   424.00000   426.00000   428.00000   430.00000   432.00000   434.00000   436.00000   438.00000   440.00000   442.00000   444.00000   446.00000   448.00000   450.00000   452.00000   454.00000   456.00000   458.00000   460.00000   462.00000   464.00000   466.00000   468.00000   470.00000   472.00000   474.00000   476.00000   478.00000   480.00000   482.00000   484.00000   486.00000   488.00000   490.00000   492.00000   494.00000   496.00000   498.00000   500.00000   502.00000
   504.00000   502.00000   500.00000   498.00000   496.00000   494.00000   492.00000   490.00000   488.00000   486.00000   484.00000   482.00000   480.00000   478.00000   476.00000   474.00000   472.00000   470.00000   468.00000   466.00000   464.00000   462.00000   460.00000   458.00000   456.00000   454.00000   452.00000   450.00000   448.00000   446.00000   444.00000   442.00000   440.00000   438.00000   436.00000   434.00000   432.00000   430.00000   428.00000   426.00000   424.00000   422.00000   420.00000   418.00000   416.00000   414.00000   412.00000   410.00000   408.00000   406.00000   404.00000   402.00000   400.00000   398.00000   396.00000   394.00000   392.00000   390.00000   388.00000   386.00000   384.00000   382.00000   380.00000   378.00000   376.00000   374.00000   372.00000   370.00000   368.00000   366.00000   364.00000   362.00000   360.00000   358.00000   356.00000   354.00000   352.00000   350.00000   348.00000   346.00000   344.00000   344.00000   346.00000   348.00000   350.00000   352.00000   354.00000   356.00000   358.00000   360.00000   362.00000   364.00000   366.00000   368.00000   370.00000   372.00000   374.00000   376.00000   378.00000   380.00000   382.00000   384.00000   386.00000   388.00000   390.00000   392.00000   394.00000   396.00000   398.00000   400.00000   402.00000   404.00000   406.00000   408.00000   410.00000   412.00000   414.00000   416.00000   418.00000   420.00000   422.00000   424.00000   426.00000   428.00000   430.00000   432.00000   434.00000   436.00000   438.00000   440.00000   442.00000   444.00000   446.00000   448.00000   450.00000   452.00000   454.00000   456.00000   458.00000   460.00000   462.00000   464.00000   466.00000   468.00000   470.00000   472.00000   474.00000   476.00000   478.00000   480.00000   482.00000   484.00000   486.00000   488.00000   490.00000   492.00000   494.00000   496.00000   498.00000   500.00000   502.00000   504.00000
   506.00000   504.00000   502.00000   500.00000   498.00000   496.00000   494.00000   492.00000   490.00000   488.00000   486.00000   484.00000   482.00000   480.00000   478.00000   476.00000   474.00000   472.00000   470.00000   468.00000   466.00000   464.00000   462.00000   460.00000   458.00000   456.00000   454.00000   452.00000   450.00000   448.00000   446.00000   444.00000   442.00000   440.00000   438.00000   436.00000   434.00000   432.00000   430.00000   428.00000   426.00000   424.00000   422.00000   420.00000   418.00000   416.00000   414.00000   412.00000   410.00000   408.00000   406.00000   404.00000   402.00000   400.00000   398.00000   396.00000   394.00000   392.00000   390.00000   388.00000   386.00000   384.00000   382.00000   380.00000   378.00000   376.00000   374.00000   372.00000   370.00000   368.00000   366.00000   364.00000   362.00000   360.00000   358.00000   356.00000   354.00000   352.00000   350.00000   348.00000   346.00000   346.00000   348.00000   350.00000   352.00000   354.00000   356.00000   358.00000   360.00000   362.00000   364.00000   366.00000   368.00000   370.00000   372.00000   374.00000   376.00000   378.00000   380.00000   382.00000   384.00000   386.00000   388.00000   390.00000   392.00000   394.00000   396.00000   398.00000   400.00000   402.00000   404.00000   406.00000   408.00000   410.00000   412.00000   414.00000   416.00000   418.00000   420.00000   422.00000   424.00000   426.00000   428.00000   430.00000   432.00000   434.00000   436.00000   438.00000   440.00000   442.00000   444.00000   446.00000   448.00000   450.00000   452.00000   454.00000   456.00000   458.00000   460.00000   462.00000   464.00000   466.00000   468.00000   470.00000   472.00000   474.00000   476.00000   478.00000   480.00000   482.00000   484.00000   486.00000   488.00000   490.00000   492.00000   494.00000   496.00000   498.00000   500.00000   502.00000   504.00000   506.00000
   508.00000   506.00000   504.00000   502.00000   500.00000   498.00000   496.00000   494.00000   492.00000   490.00000   488.00000   486.00000   484.00000   482.00000   480.00000   478.00000   476.00000   474.00000   472.00000   470.00000   468.00000   466.00000   464.00000   462.00000   460.00000   458.00000   456.00000   454.00000   452.00000   450.00000   448.00000   446.00000   444.00000   442.00000   440.00000   438.00000   436.00000   434.00000   432.00000   430.00000   428.00000   426.00000   424.00000   422.00000   420.00000   418.00000   416.00000   414.00000   412.00000   410.00000   408.00000   406.00000   404.00000   402.00000   400.00000   398.00000   396.00000   394.00000   392.00000   390.00000   388.00000   386.00000   384.00000   382.00000   380.00000   378.00000   376.00000   374.00000   372.00000   370.00000   368.00000   366.00000   364.00000   362.00000   360.00000   358.00000   356.00000   354.00000   352.00000   350.00000   348.00000   348.00000   350.00000   352.00000   354.00000   356.00000   358.00000   360.00000   362.00000   364.00000   366.00000   368.00000   370.00000   372.00000   374.00000   376.00000   378.00000   380.00000   382.00000   384.00000   386.00000   388.00000   390.00000   392.00000   394.00000   396.00000   398.00000   400.00000   402.00000   404.00000   406.00000   408.00000   410.00000   412.00000   414.00000   416.00000   418.00000   420.00000   422.00000   424.00000   426.00000   428.00000   430.00000   432.00000   434.00000   436.00000   438.00000   440.00000   442.00000   444.00000   446.00000   448.00000   450.00000   452.00000   454.00000   456.00000   458.00000   460.00000   462.00000   464.00000   466.00000   468.00000   470.00000   472.00000   474.00000   476.00000   478.00000   480.00000   482.00000   484.00000   486.00000   488.00000   490.00000   492.00000   494.00000   496.00000   498.00000   500.00000   502.00000   504.00000   506.00000   508.00000
   510.00000   508.00000   506.00000   504.00000   502.00000   500.00000   498.00000   496.00000   494.00000   492.00000   490.00000   488.00000   486.00000   484.00000   482.00000   480.00000   478.00000   476.00000   474.00000   472.00000   470.00000   468.00000   466.00000   464.00000   462.00000   460.00000   458.00000   456.00000   454.00000   452.00000   450.00000   448.00000   446.00000   444.00000   442.00000   440.00000   438.00000   436.00000   434.00000   432.00000   430.00000   428.00000   426.00000   424.00000   422.00000   420.00000   418.00000   416.00000   414.00000   412.00000   410.00000   408.00000   406.00000   404.00000   402.00000   400.00000   398.00000   396.00000   394.00000   392.00000   390.00000   388.00000   386.00000   384.00000   382.00000   380.00000   378.00000   376.00000   374.00000   372.00000   370.00000   368.00000   366.00000   364.00000   362.00000   360.00000   358.00000   356.00000   354.00000   352.00000   350.00000   350.00000   352.00000   354.00000   356.00000   358.00000   360.00000   362.00000   364.00000   366.00000   368.00000   370.00000   372.00000   374.00000   376.00000   378.00000   380.00000   382.00000   384.00000   386.00000   388.00000   390.00000   392.00000   394.00000   396.00000   398.00000   400.00000   402.00000   404.00000   406.00000   408.00000   410.00000   412.00000   414.00000   416.00000   418.00000   420.00000   422.00000   424.00000   426.00000   428.00000   430.00000   432.00000   434.00000   436.00000   438.00000   440.00000   442.00000   444.00000   446.00000   448.00000   450.00000   452.00000   454.00000   456.00000   458.00000   460.00000   462.00000   464.00000   466.00000   468.00000   470.00000   472.00000   474.00000   476.00000   478.00000   480.00000   482.00000   484.00000   486.00000   488.00000   490.00000   492.00000   494.00000   496.00000   498.00000   500.00000   502.00000   504.00000   506.00000   508.00000   510.00000
   512.00000   510.00000   508.00000   506.00000   504.00000   502.00000   500.00000   498.00000   496.00000   494.00000   492.00000   490.00000   488.00000   486.00000   484.00000   482.00000   480.00000   478.00000   476.00000   474.00000   472.00000   470.00000   468.00000   466.00000   464.00000   462.00000   460.00000   458.00000   456.00000   454.00000   452.00000   450.00000   448.00000   446.00000   444.00000   442.00000   440.00000   438.00000   436.00000   434.00000   432.00000   430.00000   428.00000   426.00000   424.00000   422.00000   420.00000   418.00000   416.00000   414.00000   412.00000   410.00000   408.00000   406.00000   404.00000   402.00000   400.00000   398.00000   396.00000   394.00000   392.00000   390.00000   388.00000   386.00000   384.00000   382.00000   380.00000   378.00000   376.00000   374.00000   372.00000   370.00000   368.00000   366.00000   364.00000   362.00000   360.00000   358.00000   356.00000   354.00000   352.00000   352.00000   354.00000   356.00000   358.00000   360.00000   362.00000   364.00000   366.00000   368.00000   370.00000   372.00000   374.00000   376.00000   378.00000   380.00000   382.00000   384.00000   386.00000   388.00000   390.00000   392.00000   394.00000   396.00000   398.00000   400.00000   402.00000   404.00000   406.00000   408.00000   410.00000   412.00000   414.00000   416.00000   418.00000   420.00000   422.00000   424.00000   426.00000   428.00000   430.00000   432.00000   434.00000   436.00000   438.00000   440.00000   442.00000   444.00000   446.00000   448.00000   450.00000   452.00000   454.00000   456.00000   458.00000   460.00000   462.00000   464.00000   466.00000   468.00000   470.00000   472.00000   474.00000   476.00000   478.00000   480.00000   482.00000   484.00000   486.00000   488.00000   490.00000   492.00000   494.00000   496.00000   498.00000   500.00000   502.00000   504.00000   506.00000   508.00000   510.00000   512.00000
   514.00000   512.00000   510.00000   508.00000   506.00000   504.00000   502.00000   500.00000   498.00000   496.00000   494.00000   492.00000   490.00000   488.00000   486.00000   484.00000   482.00000   480.00000   478.00000   476.00000   474.00000   472.00000   470.00000   468.00000   466.00000   464.00000   462.00000   460.00000   458.00000   456.00000   454.00000   452.00000   450.00000   448.00000   446.00000   444.00000   442.00000   440.00000   438.00000   436.00000   434.00000   432.00000   430.00000   428.00000   426.00000   424.00000   422.00000   420.00000   418.00000   416.00000   414.00000   412.00000   410.00000   408.00000   406.00000   404.00000   402.00000   400.00000   398.00000   396.00000   394.00000   392.00000   390.00000   388.00000   386.00000   384.00000   382.00000   380.00000   378.00000   376.00000   374.00000   372.00000   370.00000   368.00000   366.00000   364.00000   362.00000   360.00000   358.00000   356.00000   354.00000   354.00000   356.00000   358.00000   360.00000   362.00000   364.00000   366.00000   368.00000   370.00000   372.00000   374.00000   376.00000   378.00000   380.00000   382.00000   384.00000   386.00000   388.00000   390.00000   392.00000   394.00000   396.00000   398.00000   400.00000   402.00000   404.00000   406.00000   408.00000   410.00000   412.00000   414.00000   416.00000   418.00000   420.00000   422.00000   424.00000   426.00000   428.00000   430.00000   432.00000   434.00000   436.00000   438.00000   440.00000   442.00000   444.00000   446.00000   448.00000   450.00000   452.00000   454.00000   456.00000   458.00000   460.00000   462.00000   464.00000   466.00000   468.00000   470.00000   472.00000   474.00000   476.00000   478.00000   480.00000   482.00000   484.00000   486.00000   488.00000   490.00000   492.00000   494.00000   496.00000   498.00000   500.00000   502.00000   504.00000   506.00000   508.00000   510.00000   512.00000   514.00000
   516.00000   514.00000   512.00000   510.00000   508.00000   506.00000   504.00000   502.00000   500.00000   498.00000   496.00000   494.00000   492.00000   490.00000   488.00000   486.00000   484.00000   482.00000   480.00000   478.00000   476.00000   474.00000   472.00000   470.00000   468.00000   466.00000   464.00000   462.00000   460.00000   458.00000   456.00000   454.00000   452.00000   450.00000   448.00000   446.00000   444.00000   442.00000   440.00000   438.00000   436.00000   434.00000   432.00000   430.00000   428.00000   426.00000   424.00000   422.00000   420.00000   418.00000   416.00000   414.00000   412.00000   410.00000   408.00000   406.00000   404.00000   402.00000   400.00000   398.00000   396.00000   394.00000   392.00000   390.00000   388.00000   386.00000   384.00000   382.00000   380.00000   378.00000   376.00000   374.00000   372.00000   370.00000   368.00000   366.00000   364.00000   362.00000   360.00000   358.00000   356.00000   356.00000   358.00000   360.00000   362.00000   364.00000   366.00000   368.00000   370.00000   372.00000   374.00000   376.00000   378.00000   380.00000   382.00000   384.00000   386.00000   388.00000   390.00000   392.00000   394.00000   396.00000   398.00000   400.00000   402.00000   404.00000   406.00000   408.00000   410.00000   412.00000   414.00000   416.00000   418.00000   420.00000   422.00000   424.00000   426.00000   428.00000   430.00000   432.00000   434.00000   436.00000   438.00000   440.00000   442.00000   444.00000   446.00000   448.00000   450.00000   452.00000   454.00000   456.00000   458.00000   460.00000   462.00000   464.00000   466.00000   468.00000   470.00000   472.00000   474.00000   476.00000   478.00000   480.00000   482.00000   484.00000   486.00000   488.00000   490.00000   492.00000   494.00000   496.00000   498.00000   500.00000   502.00000   504.00000   506.00000   508.00000   510.00000   512.00000   514.00000   516.00000
   518.00000   516.00000   514.00000   512.00000   510.00000   508.00000   506.00000   504.00000   502.00000   500.00000   498.00000   496.00000   494.00000   492.00000   490.00000   488.00000   486.00000   484.00000   482.00000   480.00000   478.00000   476.00000   474.00000   472.00000   470.00000   468.00000   466.00000   464.00000   462.00000   460.00000   458.00000   456.00000   454.00000   452.00000   450.00000   448.00000   446.00000   444.00000   442.00000   440.00000   438.00000   436.00000   434.00000   432.00000   430.00000   428.00000   426.00000   424.00000   422.00000   420.00000   418.00000   416.00000   414.00000   412.00000   410.00000   408.00000   406.00000   404.00000   402.00000   400.00000   398.00000   396.00000   394.00000   392.00000   390.00000   388.00000   386.00000   384.00000   382.00000   380.00000   378.00000   376.00000   374.00000   372.00000   370.00000   368.00000   366.00000   364.00000   362.00000   360.00000   358.00000   358.00000   360.00000   362.00000   364.00000   366.00000   368.00000   370.00000   372.00000   374.00000   376.00000   378.00000   380.00000   382.00000   384.00000   386.00000   388.00000   390.00000   392.00000   394.00000   396.00000   398.00000   400.00000   402.00000   404.00000   406.00000   408.00000   410.00000   412.00000   414.00000   416.00000   418.00000   420.00000   422.00000   424.00000   426.00000   428.00000   430.00000   432.00000   434.00000   436.00000   438.00000   440.00000   442.00000   444.00000   446.00000   448.00000   450.00000   452.00000   454.00000   456.00000   458.00000   460.00000   462.00000   464.00000   466.00000   468.00000   470.00000   472.00000   474.00000   476.00000   478.00000   480.00000   482.00000   484.00000   486.00000   488.00000   490.00000   492.00000   494.00000   496.00000   498.00000   500.00000   502.00000   504.00000   506.00000   508.00000   510.00000   512.00000   514.00000   516.00000   518.00000
   520.00000   518.00000   516.00000   514.00000   512.00000   510.00000   508.00000   506.00000   504.00000   502.00000   500.00000   498.00000   496.00000   494.00000   492.00000   490.00000   488.00000   486.00000   484.00000   482.00000   480.00000   478.00000   476.00000   474.00000   472.00000   470.00000   468.00000   466.00000   464.00000   462.00000   460.00000   458.00000   456.00000   454.00000   452.00000   450.00000   448.00000   446.00000   444.00000   442.00000   440.00000   438.00000   436.00000   434.00000   432.00000   430.00000   428.00000   426.00000   424.00000   422.00000   420.00000   418.00000   416.00000   414.00000   412.00000   410.00000   408.00000   406.00000   404.00000   402.00000   400.00000   398.00000   396.00000   394.00000   392.00000   390.00000   388.00000   386.00000   384.00000   382.00000   380.00000   378.00000   376.00000   374.00000   372.00000   370.00000   368.00000   366.00000   364.00000   362.00000   360.00000   360.00000   362.00000   364.00000   366.00000   368.00000   370.00000   372.00000   374.00000   376.00000   378.00000   380.00000   382.00000   384.00000   386.00000   388.00000   390.00000   392.00000   394.00000   396.00000   398.00000   400.00000   402.00000   404.00000   406.00000   408.00000   410.00000   412.00000   414.00000   416.00000   418.00000   420.00000   422.00000   424.00000   426.00000   428.00000   430.00000   432.00000   434.00000   436.00000   438.00000   440.00000   442.00000   444.00000   446.00000   448.00000   450.00000   452.00000   454.00000   456.00000   458.00000   460.00000   462.00000   464.00000   466.00000   468.00000   470.00000   472.00000   474.00000   476.00000   478.00000   480.00000   482.00000   484.00000   486.00000   488.00000   490.00000   492.00000   494.00000   496.00000   498.00000   500.00000   502.00000   504.00000   506.00000   508.00000   510.00000   512.00000   514.00000   516.00000   518.00000   520.00000
   522.00000   520.00000   518.00000   516.00000   514.00000   512.00000   510.00000   508.00000   506.00000   504.00000   502.00000   500.00000   498.00000   496.00000   494.00000   492.00000   490.00000   488.00000   486.00000   484.00000   482.00000   480.00000   478.00000   476.00000   474.00000   472.00000   470.00000   468.00000   466.00000   464.00000   462.00000   460.00000   458.00000   456.00000   454.00000   452.00000   450.00000   448.00000   446.00000   444.00000   442.00000   440.00000   438.00000   436.00000   434.00000   432.00000   430.00000   428.00000   426.00000   424.00000   422.00000   420.00000   418.00000   416.00000   414.00000   412.00000   410.00000   408.00000   406.00000   404.00000   402.00000   400.00000   398.00000   396.00000   394.00000   392.00000   390.00000   388.00000   386.00000   384.00000   382.00000   380.00000   378.00000   376.00000   374.00000   372.00000   370.00000   368.00000   366.00000   364.00000   362.00000   362.00000   364.00000   366.00000   368.00000   370.00000   372.00000   374.00000   376.00000   378.00000   380.00000   382.00000   384.00000   386.00000   388.00000   390.00000   392.00000   394.00000   396.00000   398.00000   400.00000   402.00000   404.00000   406.00000   408.00000   410.00000   412.00000   414.00000   416.00000   418.00000   420.00000   422.00000   424.00000   426.00000   428.00000   430.00000   432.00000   434.00000   436.00000   438.00000   440.00000   442.00000   444.00000   446.00000   448.00000   450.00000   452.00000   454.00000   456.00000   458.00000   460.00000   462.00000   464.00000   466.00000   468.00000   470.00000   472.00000   474.00000   476.00000   478.00000   480.00000   482.00000   484.00000   486.00000   488.00000   490.00000   492.00000   494.00000   496.00000   498.00000   500.00000   502.00000   504.00000   506.00000   508.00000   510.00000   512.00000   514.00000   516.00000   518.00000   520.00000   522.00000
   524.00000   522.00000   520.00000   518.00000   516.00000   514.00000   512.00000   510.00000   508.00000   506.00000   504.00000   502.00000   500.00000   498.00000   496.00000   494.00000   492.00000   490.00000   488.00000   486.00000   484.00000   482.00000   480.00000   478.00000   476.00000   474.00000   472.00000   470.00000   468.00000   466.00000   464.00000   462.00000   460.00000   458.00000   456.00000   454.00000   452.00000   450.00000   448.00000   446.00000   444.00000   442.00000   440.00000   438.00000   436.00000   434.00000   432.00000   430.00000   428.00000   426.00000   424.00000   422.00000   420.00000   418.00000   416.00000   414.00000   412.00000   410.00000   408.00000   406.00000   404.00000   402.00000   400.00000   398.00000   396.00000   394.00000   392.00000   390.00000   388.00000   386.00000   384.00000   382.00000   380.00000   378.00000   376.00000   374.00000   372.00000   370.00000   368.00000   366.00000   364.00000   364.00000   366.00000   368.00000   370.00000   372.00000   374.00000   376.00000   378.00000   380.00000   382.00000   384.00000   386.00000   388.00000   390.00000   392.00000   394.00000   396.00000   398.00000   400.00000   402.00000   404.00000   406.00000   408.00000   410.00000   412.00000   414.00000   416.00000   418.00000   420.00000   422.00000   424.00000   426.00000   428.00000   430.00000   432.00000   434.00000   436.00000   438.00000   440.00000   442.00000   444.00000   446.00000   448.00000   450.00000   452.00000   454.00000   456.00000   458.00000   460.00000   462.00000   464.00000   466.00000   468.00000   470.00000   472.00000   474.00000   476.00000   478.00000   480.00000   482.00000   484.00000   486.00000   488.00000   490.00000   492.00000   494.00000   496.00000   498.00000   500.00000   502.00000   504.00000   506.00000   508.00000   510.00000   512.00000   514.00000   516.00000   518.00000   520.00000   522.00000   524.00000
   526.00000   524.00000   522.00000   520.00000   518.00000   516.00000   514.00000   512.00000   510.00000   508.00000   506.00000   504.00000   502.00000   500.00000   498.00000   496.00000   494.00000   492.00000   490.00000   488.00000   486.00000   484.00000   482.00000   480.00000   478.00000   476.00000   474.00000   472.00000   470.00000   468.00000   466.00000   464.00000   462.00000   460.00000   458.00000   456.00000   454.00000   452.00000   450.00000   448.00000   446.00000   444.00000   442.00000   440.00000   438.00000   436.00000   434.00000   432.00000   430.00000   428.00000   426.00000   424.00000   422.00000   420.00000   418.00000   416.00000   414.00000   412.00000   410.00000   408.00000   406.00000   404.00000   402.00000   400.00000   398.00000   396.00000   394.00000   392.00000   390.00000   388.00000   386.00000   384.00000   382.00000   380.00000   378.00000   376.00000   374.00000   372.00000   370.00000   368.00000   366.00000   366.00000   368.00000   370.00000   372.00000   374.00000   376.00000   378.00000   380.00000   382.00000   384.00000   386.00000   388.00000   390.00000   392.00000   394.00000   396.00000   398.00000   400.00000   402.00000   404.00000   406.00000   408.00000   410.00000   412.00000   414.00000   416.00000   418.00000   420.00000   422.00000   424.00000   426.00000   428.00000   430.00000   432.00000   434.00000   436.00000   438.00000   440.00000   442.00000   444.00000   446.00000   448.00000   450.00000   452.00000   454.00000   456.00000   458.00000   460.00000   462.00000   464.00000   466.00000   468.00000   470.00000   472.00000   474.00000   476.00000   478.00000   480.00000   482.00000   484.00000   486.00000   488.00000   490.00000   492.00000   494.00000   496.00000   498.00000   500.00000   502.00000   504.00000   506.00000   508.00000   510.00000   512.00000   514.00000   516.00000   518.00000   520.00000   522.00000   524.00000   526.00000
   528.00000   526.00000   524.00000   522.00000   520.00000   518.00000   516.00000   514.00000   512.00000   510.00000   508.00000   506.00000   504.00000   502.00000   500.00000   498.00000   496.00000   494.00000   492.00000   490.00000   488.00000   486.00000   484.00000   482.00000   480.00000   478.00000   476.00000   474.00000   472.00000   470.00000   468.00000   466.00000   464.00000   462.00000   460.00000   458.00000   456.00000   454.00000   452.00000   450.00000   448.00000   446.00000   444.00000   442.00000   440.00000   438.00000   436.00000   434.00000   432.00000   430.00000   428.00000   426.00000   424.00000   422.00000   420.00000   418.00000   416.00000   414.00000   412.00000   410.00000   408.00000   406.00000   404.00000   402.00000   400.00000   398.00000   396.00000   394.00000   392.00000   390.00000   388.00000   386.00000   384.00000   382.00000   380.00000   378.00000   376.00000   374.00000   372.00000   370.00000   368.00000   368.00000   370.00000   372.00000   374.00000   376.00000   378.00000   380.00000   382.00000   384.00000   386.00000   388.00000   390.00000   392.00000   394.00000   396.00000   398.00000   400.00000   402.00000   404.00000   406.00000   408.00000   410.00000   412.00000   414.00000   416.00000   418.00000   420.00000   422.00000   424.00000   426.00000   428.00000   430.00000   432.00000   434.00000   436.00000   438.00000   440.00000   442.00000   444.00000   446.00000   448.00000   450.00000   452.00000   454.00000   456.00000   458.00000   460.00000   462.00000   464.00000   466.00000   468.00000   470.00000   472.00000   474.00000   476.00000   478.00000   480.00000   482.00000   484.00000   486.00000   488.00000   490.00000   492.00000   494.00000   496.00000   498.00000   500.00000   502.00000   504.00000   506.00000   508.00000   510.00000   512.00000   514.00000   516.00000   518.00000   520.00000   522.00000   524.00000   526.00000   528.00000
   530.00000   528.00000   526.00000   524.00000   522.00000   520.00000   518.00000   516.00000   514.00000   512.00000   510.00000   508.00000   506.00000   504.00000   502.00000   500.00000   498.00000   496.00000   494.00000   492.00000   490.00000   488.00000   486.00000   484.00000   482.00000   480.00000   478.00000   476.00000   474.00000   472.00000   470.00000   468.00000   466.00000   464.00000   462.00000   460.00000   458.00000   456.00000   454.00000   452.00000   450.00000   448.00000   446.00000   444.00000   442.00000   440.00000   438.00000   436.00000   434.00000   432.00000   430.00000   428.00000   426.00000   424.00000   422.00000   420.00000   418.00000   416.00000   414.00000   412.00000   410.00000   408.00000   406.00000   404.00000   402.00000   400.00000   398.00000   396.00000   394.00000   392.00000   390.00000   388.00000   386.00000   384.00000   382.00000   380.00000   378.00000   376.00000   374.00000   372.00000   370.00000   370.00000   372.00000   374.00000   376.00000   378.00000   380.00000   382.00000   384.00000   386.00000   388.00000   390.00000   392.00000   394.00000   396.00000   398.00000   400.00000   402.00000   404.00000   406.00000   408.00000   410.00000   412.00000   414.00000   416.00000   418.00000   420.00000   422.00000   424.00000   426.00000   428.00000   430.00000   432.00000   434.00000   436.00000   438.00000   440.00000   442.00000   444.00000   446.00000   448.00000   450.00000   452.00000   454.00000   456.00000   458.00000   460.00000   462.00000   464.00000   466.00000   468.00000   470.00000   472.00000   474.00000   476.00000   478.00000   480.00000   482.00000   484.00000   486.00000   488.00000   490.00000   492.00000   494.00000   496.00000   498.00000   500.00000   502.00000   504.00000   506.00000   508.00000   510.00000   512.00000   514.00000   516.00000   518.00000   520.00000   522.00000   524.00000   526.00000   528.00000   530.00000
   532.00000   530.00000   528.00000   526.00000   524.00000   522.00000   520.00000   518.00000   516.00000   514.00000   512.00000   510.00000   508.00000   506.00000   504.00000   502.00000   500.00000   498.00000   496.00000   494.00000   492.00000   490.00000   488.00000   486.00000   484.00000   482.00000   480.00000   478.00000   476.00000   474.00000   472.00000   470.00000   468.00000   466.00000   464.00000   462.00000   460.00000   458.00000   456.00000   454.00000   452.00000   450.00000   448.00000   446.00000   444.00000   442.00000   440.00000   438.00000   436.00000   434.00000   432.00000   430.00000   428.00000   426.00000   424.00000   422.00000   420.00000   418.00000   416.00000   414.00000   412.00000   410.00000   408.00000   406.00000   404.00000   402.00000   400.00000   398.00000   396.00000   394.00000   392.00000   390.00000   388.00000   386.00000   384.00000   382.00000   380.00000   378.00000   376.00000   374.00000   372.00000   372.00000   374.00000   376.00000   378.00000   380.00000   382.00000   384.00000   386.00000   388.00000   390.00000   392.00000   394.00000   396.00000   398.00000   400.00000   402.00000   404.00000   406.00000   408.00000   410.00000   412.00000   414.00000   416.00000   418.00000   420.00000   422.00000   424.00000   426.00000   428.00000   430.00000   432.00000   434.00000   436.00000   438.00000   440.00000   442.00000   444.00000   446.00000   448.00000   450.00000   452.00000   454.00000   456.00000   458.00000   460.00000   462.00000   464.00000   466.00000   468.00000   470.00000   472.00000   474.00000   476.00000   478.00000   480.00000   482.00000   484.00000   486.00000   488.00000   490.00000   492.00000   494.00000   496.00000   498.00000   500.00000   502.00000   504.00000   506.00000   508.00000   510.00000   512.00000   514.00000   516.00000   518.00000   520.00000   522.00000   524.00000   526.00000   528.00000   530.00000   532.00000
   534.00000   532.00000   530.00000   528.00000   526.00000   524.00000   522.00000   520.00000   518.00000   516.00000   514.00000   512.00000   510.00000   508.00000   506.00000   504.00000   502.00000   500.00000   498.00000   496.00000   494.00000   492.00000   490.00000   488.00000   486.00000   484.00000   482.00000   480.00000   478.00000   476.00000   474.00000   472.00000   470.00000   468.00000   466.00000   464.00000   462.00000   460.00000   458.00000   456.00000   454.00000   452.00000   450.00000   448.00000   446.00000   444.00000   442.00000   440.00000   438.00000   436.00000   434.00000   432.00000   430.00000   428.00000   426.00000   424.00000   422.00000   420.00000   418.00000   416.00000   414.00000   412.00000   410.00000   408.00000   406.00000   404.00000   402.00000   400.00000   398.00000   396.00000   394.00000   392.00000   390.00000   388.00000   386.00000   384.00000   382.00000   380.00000   378.00000   376.00000   374.00000   374.00000   376.00000   378.00000   380.00000   382.00000   384.00000   386.00000   388.00000   390.00000   392.00000   394.00000   396.00000   398.00000   400.00000   402.00000   404.00000   406.00000   408.00000   410.00000   412.00000   414.00000   416.00000   418.00000   420.00000   422.00000   424.00000   426.00000   428.00000   430.00000   432.00000   434.00000   436.00000   438.00000   440.00000   442.00000   444.00000   446.00000   448.00000   450.00000   452.00000   454.00000   456.00000   458.00000   460.00000   462.00000   464.00000   466.00000   468.00000   470.00000   472.00000   474.00000   476.00000   478.00000   480.00000   482.00000   484.00000   486.00000   488.00000   490.00000   492.00000   494.00000   496.00000   498.00000   500.00000   502.00000   504.00000   506.00000   508.00000   510.00000   512.00000   514.00000   516.00000   518.00000   520.00000   522.00000   524.00000   526.00000   528.00000   530.00000   532.00000   534.00000
   536.00000   534.00000   532.00000   530.00000   528.00000   526.00000   524.00000   522.00000   520.00000   518.00000   516.00000   514.00000   512.00000   510.00000   508.00000   506.00000   504.00000   502.00000   500.00000   498.00000   496.00000   494.00000   492.00000   490.00000   488.00000   486.00000   484.00000   482.00000   480.00000   478.00000   476.00000   474.00000   472.00000   470.00000   468.00000   466.00000   464.00000   462.00000   460.00000   458.00000   456.00000   454.00000   452.00000   450.00000   448.00000   446.00000   444.00000   442.00000   440.00000   438.00000   436.00000   434.00000   432.00000   430.00000   428.00000   426.00000   424.00000   422.00000   420.00000   418.00000   416.00000   414.00000   412.00000   410.00000   408.00000   406.00000   404.00000   402.00000   400.00000   398.00000   396.00000   394.00000   392.00000   390.00000   388.00000   386.00000   384.00000   382.00000   380.00000   378.00000   376.00000   376.00000   378.00000   380.00000   382.00000   384.00000   386.00000   388.00000   390.00000   392.00000   394.00000   396.00000   398.00000   400.00000   402.00000   404.00000   406.00000   408.00000   410.00000   412.00000   414.00000   416.00000   418.00000   420.00000   422.00000   424.00000   426.00000   428.00000   430.00000   432.00000   434.00000   436.00000   438.00000   440.00000   442.00000   444.00000   446.00000   448.00000   450.00000   452.00000   454.00000   456.00000   458.00000   460.00000   462.00000   464.00000   466.00000   468.00000   470.00000   472.00000   474.00000   476.00000   478.00000   480.00000   482.00000   484.00000   486.00000   488.00000   490.00000   492.00000   494.00000   496.00000   498.00000   500.00000   502.00000   504.00000   506.00000   508.00000   510.00000   512.00000   514.00000   516.00000   518.00000   520.00000   522.00000   524.00000   526.00000   528.00000   530.00000   532.00000   534.00000   536.00000
   538.00000   536.00000   534.00000   532.00000   530.00000   528.00000   526.00000   524.00000   522.00000   520.00000   518.00000   516.00000   514.00000   512.00000   510.00000   508.00000   506.00000   504.00000   502.00000   500.00000   498.00000   496.00000   494.00000   492.00000   490.00000   488.00000   486.00000   484.00000   482.00000   480.00000   478.00000   476.00000   474.00000   472.00000   470.00000   468.00000   466.00000   464.00000   462.00000   460.00000   458.00000   456.00000   454.00000   452.00000   450.00000   448.00000   446.00000   444.00000   442.00000   440.00000   438.00000   436.00000   434.00000   432.00000   430.00000   428.00000   426.00000   424.00000   422.00000   420.00000   418.00000   416.00000   414.00000   412.00000   410.00000   408.00000   406.00000   404.00000   402.00000   400.00000   398.00000   396.00000   394.00000   392.00000   390.00000   388.00000   386.00000   384.00000   382.00000   380.00000   378.00000   378.00000   380.00000   382.00000   384.00000   386.00000   388.00000   390.00000   392.00000   394.00000   396.00000   398.00000   400.00000   402.00000   404.00000   406.00000   408.00000   410.00000   412.00000   414.00000   416.00000   418.00000   420.00000   422.00000   424.00000   426.00000   428.00000   430.00000   432.00000   434.00000   436.00000   438.00000   440.00000   442.00000   444.00000   446.00000   448.00000   450.00000   452.00000   454.00000   456.00000   458.00000   460.00000   462.00000   464.00000   466.00000   468.00000   470.00000   472.00000   474.00000   476.00000   478.00000   480.00000   482.00000   484.00000   486.00000   488.00000   490.00000   492.00000   494.00000   496.00000   498.00000   500.00000   502.00000   504.00000   506.00000   508.00000   510.00000   512.00000   514.00000   516.00000   518.00000   520.00000   522.00000   524.00000   526.00000   528.00000   530.00000   532.00000   534.00000   536.00000   538.00000
   540.00000   538.00000   536.00000   534.00000   532.00000   530.00000   528.00000   526.00000   524.00000   522.00000   520.00000   518.00000   516.00000   514.00000   512.00000   510.00000   508.00000   506.00000   504.00000   502.00000   500.00000   498.00000   496.00000   494.00000   492.00000   490.00000   488.00000   486.00000   484.00000   482.00000   480.00000   478.00000   476.00000   474.00000   472.00000   470.00000   468.00000   466.00000   464.00000   462.00000   460.00000   458.00000   456.00000   454.00000   452.00000   450.00000   448.00000   446.00000   444.00000   442.00000   440.00000   438.00000   436.00000   434.00000   432.00000   430.00000   428.00000   426.00000   424.00000   422.00000   420.00000   418.00000   416.00000   414.00000   412.00000   410.00000   408.00000   406.00000   404.00000   402.00000   400.00000   398.00000   396.00000   394.00000   392.00000   390.00000   388.00000   386.00000   384.00000   382.00000   380.00000   380.00000   382.00000   384.00000   386.00000   388.00000   390.00000   392.00000   394.00000   396.00000   398.00000   400.00000   402.00000   404.00000   406.00000   408.00000   410.00000   412.00000   414.00000   416.00000   418.00000   420.00000   422.00000   424.00000   426.00000   428.00000   430.00000   432.00000   434.00000   436.00000   438.00000   440.00000   442.00000   444.00000   446.00000   448.00000   450.00000   452.00000   454.00000   456.00000   458.00000   460.00000   462.00000   464.00000   466.00000   468.00000   470.00000   472.00000   474.00000   476.00000   478.00000   480.00000   482.00000   484.00000   486.00000   488.00000   490.00000   492.00000   494.00000   496.00000   498.00000   500.00000   502.00000   504.00000   506.00000   508.00000   510.00000   512.00000   514.00000   516.00000   518.00000   520.00000   522.00000   524.00000   526.00000   528.00000   530.00000   532.00000   534.00000   536.00000   538.00000   540.00000
   542.00000   540.00000   538.00000   536.00000   534.00000   532.00000   530.00000   528.00000   526.00000   524.00000   522.00000   520.00000   518.00000   516.00000   514.00000   512.00000   510.00000   508.00000   506.00000   504.00000   502.00000   500.00000   498.00000   496.00000   494.00000   492.00000   490.00000   488.00000   486.00000   484.00000   482.00000   480.00000   478.00000   476.00000   474.00000   472.00000   470.00000   468.00000   466.00000   464.00000   462.00000   460.00000   458.00000   456.00000   454.00000   452.00000   450.00000   448.00000   446.00000   444.00000   442.00000   440.00000   438.00000   436.00000   434.00000   432.00000   430.00000   428.00000   426.00000   424.00000   422.00000   420.00000   418.00000   416.00000   414.00000   412.00000   410.00000   408.00000   406.00000   404.00000   402.00000   400.00000   398.00000   396.00000   394.00000   392.00000   390.00000   388.00000   386.00000   384.00000   382.00000   382.00000   384.00000   386.00000   388.00000   390.00000   392.00000   394.00000   396.00000   398.00000   400.00000   402.00000   404.00000   406.00000   408.00000   410.00000   412.00000   414.00000   416.00000   418.00000   420.00000   422.00000   424.00000   426.00000   428.00000   430.00000   432.00000   434.00000   436.00000   438.00000   440.00000   442.00000   444.00000   446.00000   448.00000   450.00000   452.00000   454.00000   456.00000   458.00000   460.00000   462.00000   464.00000   466.00000   468.00000   470.00000   472.00000   474.00000   476.00000   478.00000   480.00000   482.00000   484.00000   486.00000   488.00000   490.00000   492.00000   494.00000   496.00000   498.00000   500.00000   502.00000   504.00000   506.00000   508.00000   510.00000   512.00000   514.00000   516.00000   518.00000   520.00000   522.00000   524.00000   526.00000   528.00000   530.00000   532.00000   534.00000   536.00000   538.00000   540.00000   542.00000
   544.00000   542.00000   540.00000   538.00000   536.00000   534.00000   532.00000   530.00000   528.00000   526.00000   524.00000   522.00000   520.00000   518.00000   516.00000   514.00000   512.00000   510.00000   508.00000   506.00000   504.00000   502.00000   500.00000   498.00000   496.00000   494.00000   492.00000   490.00000   488.00000   486.00000   484.00000   482.00000   480.00000   478.00000   476.00000   474.00000   472.00000   470.00000   468.00000   466.00000   464.00000   462.00000   460.00000   458.00000   456.00000   454.00000   452.00000   450.00000   448.00000   446.00000   444.00000   442.00000   440.00000   438.00000   436.00000   434.00000   432.00000   430.00000   428.00000   426.00000   424.00000   422.00000   420.00000   418.00000   416.00000   414.00000   412.00000   410.00000   408.00000   406.00000   404.00000   402.00000   400.00000   398.00000   396.00000   394.00000   392.00000   390.00000   388.00000   386.00000   384.00000   384.00000   386.00000   388.00000   390.00000   392.00000   394.00000   396.00000   398.00000   400.00000   402.00000   404.00000   406.00000   408.00000   410.00000   412.00000   414.00000   416.00000   418.00000   420.00000   422.00000   424.00000   426.00000   428.00000   430.00000   432.00000   434.00000   436.00000   438.00000   440.00000   442.00000   444.00000   446.00000   448.00000   450.00000   452.00000   454.00000   456.00000   458.00000   460.00000   462.00000   464.00000   466.00000   468.00000   470.00000   472.00000   474.00000   476.00000   478.00000   480.00000   482.00000   484.00000   486.00000   488.00000   490.00000   492.00000   494.00000   496.00000   498.00000   500.00000   502.00000   504.00000   506.00000   508.00000   510.00000   512.00000   514.00000   516.00000   518.00000   520.00000   522.00000   524.00000   526.00000   528.00000   530.00000   532.00000   534.00000   536.00000   538.00000   540.00000   542.00000   544.00000
   546.00000   544.00000   542.00000   540.00000   538.00000   536.00000   534.00000   532.00000   530.00000   528.00000   526.00000   524.00000   522.00000   520.00000   518.00000   516.00000   514.00000   512.00000   510.00000   508.00000   506.00000   504.00000   502.00000   500.00000   498.00000   496.00000   494.00000   492.00000   490.00000   488.00000   486.00000   484.00000   482.00000   480.00000   478.00000   476.00000   474.00000   472.00000   470.00000   468.00000   466.00000   464.00000   462.00000   460.00000   458.00000   456.00000   454.00000   452.00000   450.00000   448.00000   446.00000   444.00000   442.00000   440.00000   438.00000   436.00000   434.00000   432.00000   430.00000   428.00000   426.00000   424.00000   422.00000   420.00000   418.00000   416.00000   414.00000   412.00000   410.00000   408.00000   406.00000   404.00000   402.00000   400.00000   398.00000   396.00000   394.00000   392.00000   390.00000   388.00000   386.00000   386.00000   388.00000   390.00000   392.00000   394.00000   396.00000   398.00000   400.00000   402.00000   404.00000   406.00000   408.00000   410.00000   412.00000   414.00000   416.00000   418.00000   420.00000   422.00000   424.00000   426.00000   428.00000   430.00000   432.00000   434.00000   436.00000   438.00000   440.00000   442.00000   444.00000   446.00000   448.00000   450.00000   452.00000   454.00000   456.00000   458.00000   460.00000   462.00000   464.00000   466.00000   468.00000   470.00000   472.00000   474.00000   476.00000   478.00000   480.00000   482.00000   484.00000   486.00000   488.00000   490.00000   492.00000   494.00000   496.00000   498.00000   500.00000   502.00000   504.00000   506.00000   508.00000   510.00000   512.00000   514.00000   516.00000   518.00000   520.00000   522.00000   524.00000   526.00000   528.00000   530.00000   532.00000   534.00000   536.00000   538.00000   540.00000   542.00000   544.00000   546.00000
   548.00000   546.00000   544.00000   542.00000   540.00000   538.00000   536.00000   534.00000   532.00000   530.00000   528.00000   526.00000   524.00000   522.00000   520.00000   518.00000   516.00000   514.00000   512.00000   510.00000   508.00000   506.00000   504.00000   502.00000   500.00000   498.00000   496.00000   494.00000   492.00000   490.00000   488.00000   486.00000   484.00000   482.00000   480.00000   478.00000   476.00000   474.00000   472.00000   470.00000   468.00000   466.00000   464.00000   462.00000   460.00000   458.00000   456.00000   454.00000   452.00000   450.00000   448.00000   446.00000   444.00000   442.00000   440.00000   438.00000   436.00000   434.00000   432.00000   430.00000   428.00000   426.00000   424.00000   422.00000   420.00000   418.00000   416.00000   414.00000   412.00000   410.00000   408.00000   406.00000   404.00000   402.00000   400.00000   398.00000   396.00000   394.00000   392.00000   390.00000   388.00000   388.00000   390.00000   392.00000   394.00000   396.00000   398.00000   400.00000   402.00000   404.00000   406.00000   408.00000   410.00000   412.00000   414.00000   416.00000   418.00000   420.00000   422.00000   424.00000   426.00000   428.00000   430.00000   432.00000   434.00000   436.00000   438.00000   440.00000   442.00000   444.00000   446.00000   448.00000   450.00000   452.00000   454.00000   456.00000   458.00000   460.00000   462.00000   464.00000   466.00000   468.00000   470.00000   472.00000   474.00000   476.00000   478.00000   480.00000   482.00000   484.00000   486.00000   488.00000   490.00000   492.00000   494.00000   496.00000   498.00000   500.00000   502.00000   504.00000   506.00000   508.00000   510.00000   512.00000   514.00000   516.00000   518.00000   520.00000   522.00000   524.00000   526.00000   528.00000   530.00000   532.00000   534.00000   536.00000   538.00000   540.00000   542.00000   544.00000   546.00000   548.00000
   550.00000   548.00000   546.00000   544.00000   542.00000   540.00000   538.00000   536.00000   534.00000   532.00000   530.00000   528.00000   526.00000   524.00000   522.00000   520.00000   518.00000   516.00000   514.00000   512.00000   510.00000   508.00000   506.00000   504.00000   502.00000   500.00000   498.00000   496.00000   494.00000   492.00000   490.00000   488.00000   486.00000   484.00000   482.00000   480.00000   478.00000   476.00000   474.00000   472.00000   470.00000   468.00000   466.00000   464.00000   462.00000   460.00000   458.00000   456.00000   454.00000   452.00000   450.00000   448.00000   446.00000   444.00000   442.00000   440.00000   438.00000   436.00000   434.00000   432.00000   430.00000   428.00000   426.00000   424.00000   422.00000   420.00000   418.00000   416.00000   414.00000   412.00000   410.00000   408.00000   406.00000   404.00000   402.00000   400.00000   398.00000   396.00000   394.00000   392.00000   390.00000   390.00000   392.00000   394.00000   396.00000   398.00000   400.00000   402.00000   404.00000   406.00000   408.00000   410.00000   412.00000   414.00000   416.00000   418.00000   420.00000   422.00000   424.00000   426.00000   428.00000   430.00000   432.00000   434.00000   436.00000   438.00000   440.00000   442.00000   444.00000   446.00000   448.00000   450.00000   452.00000   454.00000   456.00000   458.00000   460.00000   462.00000   464.00000   466.00000   468.00000   470.00000   472.00000   474.00000   476.00000   478.00000   480.00000   482.00000   484.00000   486.00000   488.00000   490.00000   492.00000   494.00000   496.00000   498.00000   500.00000   502.00000   504.00000   506.00000   508.00000   510.00000   512.00000   514.00000   516.00000   518.00000   520.00000   522.00000   524.00000   526.00000   528.00000   530.00000   532.00000   534.00000   536.00000   538.00000   540.00000   542.00000   544.00000   546.00000   548.00000   550.00000
   552.00000   550.00000   548.00000   546.00000   544.00000   542.00000   540.00000   538.00000   536.00000   534.00000   532.00000   530.00000   528.00000   526.00000   524.00000   522.00000   520.00000   518.00000   516.00000   514.00000   512.00000   510.00000   508.00000   506.00000   504.00000   502.00000   500.00000   498.00000   496.00000   494.00000   492.00000   490.00000   488.00000   486.00000   484.00000   482.00000   480.00000   478.00000   476.00000   474.00000   472.00000   470.00000   468.00000   466.00000   464.00000   462.00000   460.00000   458.00000   456.00000   454.00000   452.00000   450.00000   448.00000   446.00000   444.00000   442.00000   440.00000   438.00000   436.00000   434.00000   432.00000   430.00000   428.00000   426.00000   424.00000   422.00000   420.00000   418.00000   416.00000   414.00000   412.00000   410.00000   408.00000   406.00000   404.00000   402.00000   400.00000   398.00000   396.00000   394.00000   392.00000   392.00000   394.00000   396.00000   398.00000   400.00000   402.00000   404.00000   406.00000   408.00000   410.00000   412.00000   414.00000   416.00000   418.00000   420.00000   422.00000   424.00000   426.00000   428.00000   430.00000   432.00000   434.00000   436.00000   438.00000   440.00000   442.00000   444.00000   446.00000   448.00000   450.00000   452.00000   454.00000   456.00000   458.00000   460.00000   462.00000   464.00000   466.00000   468.00000   470.00000   472.00000   474.00000   476.00000   478.00000   480.00000   482.00000   484.00000   486.00000   488.00000   490.00000   492.00000   494.00000   496.00000   498.00000   500.00000   502.00000   504.00000   506.00000   508.00000   510.00000   512.00000   514.00000   516.00000   518.00000   520.00000   522.00000   524.00000   526.00000   528.00000   530.00000   532.00000   534.00000   536.00000   538.00000   540.00000   542.00000   544.00000   546.00000   548.00000   550.00000   552.00000
   554.00000   552.00000   550.00000   548.00000   546.00000   544.00000   542.00000   540.00000   538.00000   536.00000   534.00000   532.00000   530.00000   528.00000   526.00000   524.00000   522.00000   520.00000   518.00000   516.00000   514.00000   512.00000   510.00000   508.00000   506.00000   504.00000   502.00000   500.00000   498.00000   496.00000   494.00000   492.00000   490.00000   488.00000   486.00000   484.00000   482.00000   480.00000   478.00000   476.00000   474.00000   472.00000   470.00000   468.00000   466.00000   464.00000   462.00000   460.00000   458.00000   456.00000   454.00000   452.00000   450.00000   448.00000   446.00000   444.00000   442.00000   440.00000   438.00000   436.00000   434.00000   432.00000   430.00000   428.00000   426.00000   424.00000   422.00000   420.00000   418.00000   416.00000   414.00000   412.00000   410.00000   408.00000   406.00000   404.00000   402.00000   400.00000   398.00000   396.00000   394.00000   394.00000   396.00000   398.00000   400.00000   402.00000   404.00000   406.00000   408.00000   410.00000   412.00000   414.00000   416.00000   418.00000   420.00000   422.00000   424.00000   426.00000   428.00000   430.00000   432.00000   434.00000   436.00000   438.00000   440.00000   442.00000   444.00000   446.00000   448.00000   450.00000   452.00000   454.00000   456.00000   458.00000   460.00000   462.00000   464.00000   466.00000   468.00000   470.00000   472.00000   474.00000   476.00000   478.00000   480.00000   482.00000   484.00000   486.00000   488.00000   490.00000   492.00000   494.00000   496.00000   498.00000   500.00000   502.00000   504.00000   506.00000   508.00000   510.00000   512.00000   514.00000   516.00000   518.00000   520.00000   522.00000   524.00000   526.00000   528.00000   530.00000   532.00000   534.00000   536.00000   538.00000   540.00000   542.00000   544.00000   546.00000   548.00000   550.00000   552.00000   554.00000
   556.00000   554.00000   552.00000   550.00000   548.00000   546.00000   544.00000   542.00000   540.00000   538.00000   536.00000   534.00000   532.00000   530.00000   528.00000   526.00000   524.00000   522.00000   520.00000   518.00000   516.00000   514.00000   512.00000   510.00000   508.00000   506.00000   504.00000   502.00000   500.00000   498.00000   496.00000   494.00000   492.00000   490.00000   488.00000   486.00000   484.00000   482.00000   480.00000   478.00000   476.00000   474.00000   472.00000   470.00000   468.00000   466.00000   464.00000   462.00000   460.00000   458.00000   456.00000   454.00000   452.00000   450.00000   448.00000   446.00000   444.00000   442.00000   440.00000   438.00000   436.00000   434.00000   432.00000   430.00000   428.00000   426.00000   424.00000   422.00000   420.00000   418.00000   416.00000   414.00000   412.00000   410.00000   408.00000   406.00000   404.00000   402.00000   400.00000   398.00000   396.00000   396.00000   398.00000   400.00000   402.00000   404.00000   406.00000   408.00000   410.00000   412.00000   414.00000   416.00000   418.00000   420.00000   422.00000   424.00000   426.00000   428.00000   430.00000   432.00000   434.00000   436.00000   438.00000   440.00000   442.00000   444.00000   446.00000   448.00000   450.00000   452.00000   454.00000   456.00000   458.00000   460.00000   462.00000   464.00000   466.00000   468.00000   470.00000   472.00000   474.00000   476.00000   478.00000   480.00000   482.00000   484.00000   486.00000   488.00000   490.00000   492.00000   494.00000   496.00000   498.00000   500.00000   502.00000   504.00000   506.00000   508.00000   510.00000   512.00000   514.00000   516.00000   518.00000   520.00000   522.00000   524.00000   526.00000   528.00000   530.00000   532.00000   534.00000   536.00000   538.00000   540.00000   542.00000   544.00000   546.00000   548.00000   550.00000   552.00000   554.00000   556.00000
   558.00000   556.00000   554.00000   552.00000   550.00000   548.00000   546.00000   544.00000   542.00000   540.00000   538.00000   536.00000   534.00000   532.00000   530.00000   528.00000   526.00000   524.00000   522.00000   520.00000   518.00000   516.00000   514.00000   512.00000   510.00000   508.00000   506.00000   504.00000   502.00000   500.00000   498.00000   496.00000   494.00000   492.00000   490.00000   488.00000   486.00000   484.00000   482.00000   480.00000   478.00000   476.00000   474.00000   472.00000   470.00000   468.00000   466.00000   464.00000   462.00000   460.00000   458.00000   456.00000   454.00000   452.00000   450.00000   448.00000   446.00000   444.00000   442.00000   440.00000   438.00000   436.00000   434.00000   432.00000   430.00000   428.00000   426.00000   424.00000   422.00000   420.00000   418.00000   416.00000   414.00000   412.00000   410.00000   408.00000   406.00000   404.00000   402.00000   400.00000   398.00000   398.00000   400.00000   402.00000   404.00000   406.00000   408.00000   410.00000   412.00000   414.00000   416.00000   418.00000   420.00000   422.00000   424.00000   426.00000   428.00000   430.00000   432.00000   434.00000   436.00000   438.00000   440.00000   442.00000   444.00000   446.00000   448.00000   450.00000   452.00000   454.00000   456.00000   458.00000   460.00000   462.00000   464.00000   466.00000   468.00000   470.00000   472.00000   474.00000   476.00000   478.00000   480.00000   482.00000   484.00000   486.00000   488.00000   490.00000   492.00000   494.00000   496.00000   498.00000   500.00000   502.00000   504.00000   506.00000   508.00000   510.00000   512.00000   514.00000   516.00000   518.00000   520.00000   522.00000   524.00000   526.00000   528.00000   530.00000   532.00000   534.00000   536.00000   538.00000   540.00000   542.00000   544.00000   546.00000   548.00000   550.00000   552.00000   554.00000   556.00000   558.00000
   560.00000   558.00000   556.00000   554.00000   552.00000   550.00000   548.00000   546.00000   544.00000   542.00000   540.00000   538.00000   536.00000   534.00000   532.00000   530.00000   528.00000   526.00000   524.00000   522.00000   520.00000   518.00000   516.00000   514.00000   512.00000   510.00000   508.00000   506.00000   504.00000   502.00000   500.00000   498.00000   496.00000   494.00000   492.00000   490.00000   488.00000   486.00000   484.00000   482.00000   480.00000   478.00000   476.00000   474.00000   472.00000   470.00000   468.00000   466.00000   464.00000   462.00000   460.00000   458.00000   456.00000   454.00000   452.00000   450.00000   448.00000   446.00000   444.00000   442.00000   440.00000   438.00000   436.00000   434.00000   432.00000   430.00000   428.00000   426.00000   424.00000   422.00000   420.00000   418.00000   416.00000   414.00000   412.00000   410.00000   408.00000   406.00000   404.00000   402.00000   400.00000   400.00000   402.00000   404.00000   406.00000   408.00000   410.00000   412.00000   414.00000   416.00000   418.00000   420.00000   422.00000   424.00000   426.00000   428.00000   430.00000   432.00000   434.00000   436.00000   438.00000   440.00000   442.00000   444.00000   446.00000   448.00000   450.00000   452.00000   454.00000   456.00000   458.00000   460.00000   462.00000   464.00000   466.00000   468.00000   470.00000   472.00000   474.00000   476.00000   478.00000   480.00000   482.00000   484.00000   486.00000   488.00000   490.00000   492.00000   494.00000   496.00000   498.00000   500.00000   502.00000   504.00000   506.00000   508.00000   510.00000   512.00000   514.00000   516.00000   518.00000   520.00000   522.00000   524.00000   526.00000   528.00000   530.00000   532.00000   534.00000   536.00000   538.00000   540.00000   542.00000   544.00000   546.00000   548.00000   550.00000   552.00000   554.00000   556.00000   558.00000   560.00000
