     0.00000     0.00000     0.00000     0.00000     0.00000     0.00000     0.00000     0.00000     0.00000     0.00000     0.00000     0.00000     0.00000     0.00000     0.00000     0.00000     0.00000     0.00000     0.00000     0.00000     0.00000     0.00000     0.00000     0.00000     0.00000     0.00000     0.00000     0.00000     0.00000     0.00000     0.00000     0.00000     0.00000     0.00000     0.00000     0.00000     0.00000     0.00000     0.00000     0.00000     0.00000     0.00000     0.00000     0.00000     0.00000     0.00000     0.00000     0.00000     0.00000     0.00000     0.00000     0.00000     0.00000     0.00000     0.00000     0.00000     0.00000     0.00000     0.00000     0.00000     0.00000     0.00000     0.00000     0.00000     0.00000     0.00000     0.00000     0.00000     0.00000     0.00000     0.00000     0.00000     0.00000     0.00000     0.00000     0.00000     0.00000     0.00000     0.00000     0.00000     0.00000     0.00000     0.00000     0.00000     0.00000     0.00000     0.00000     0.00000     0.00000     0.00000     0.00000     0.00000     0.00000     0.00000     0.00000     0.00000     0.00000     0.00000     0.00000     0.00000     0.00000     0.00000     0.00000     0.00000     0.00000     0.00000     0.00000     0.00000     0.00000     0.00000     0.00000     0.00000     0.00000     0.00000  -310.30682     0.00000     0.00000     0.00000     0.00000     0.00000     0.00000     0.00000     0.00000     0.00000     0.00000     0.00000     0.00000     0.00000     0.00000     0.00000     0.00000     0.00000     0.00000     0.00000     0.00000     0.00000     0.00000     0.00000     0.00000     0.00000     0.00000     0.00000     0.00000     0.00000     0.00000     0.00000     0.00000     0.00000     0.00000     0.00000     0.00000     0.00000     0.00000     0.00000     0.00000     0.00000     0.00000     0.00000     0.00000     0.00000     0.00000     0.00000     0.00000     0.00000     0.00000     0.00000     0.00000     0.00000     0.00000     0.00000     0.00000     0.00000     0.00000     0.00000     0.00000     0.00000     0.00000     0.00000     0.00000     0.00000     0.00000     0.00000     0.00000     0.00000     0.00000     0.00000     0.00000     0.00000     0.00000     0.00000     0.00000     0.00000     0.00000     0.00000     0.00000     0.00000     0.00000     0.00000     0.00000     0.00000     0.00000     0.00000     0.00000     0.00000     0.00000     0.00000     0.00000     0.00000     0.00000     0.00000     0.00000     0.00000     0.00000     0.00000     0.00000     0.00000     0.00000     0.00000     0.00000     0.00000     0.00000     0.00000     0.00000     0.00000     0.00000     0.00000     0.00000     0.00000     0.00000
     0.00000     0.00000     0.00000     0.00000     0.00000     0.00000     0.00000     0.00000     0.00000     0.00000     0.00000     0.00000     0.00000     0.00000     0.00000     0.00000     0.00000     0.00000     0.00000     0.00000     0.00000     0.00000     0.00000     0.00000     0.00000     0.00000     0.00000     0.00000     0.00000     0.00000     0.00000     0.00000     0.00000     0.00000     0.00000     0.00000     0.00000     0.00000     0.00000     0.00000     0.00000     0.00000     0.00000     0.00000     0.00000     0.00000     0.00000     0.00000     0.00000     0.00000     0.00000     0.00000     0.00000     0.00000     0.00000     0.00000     0.00000     0.00000     0.00000     0.00000     0.00000     0.00000     0.00000     0.00000     0.00000     0.00000     0.00000     0.00000     0.00000     0.00000     0.00000     0.00000     0.00000     0.00000     0.00000     0.00000     0.00000     0.00000     0.00000     0.00000     0.00000     0.00000     0.00000     0.00000     0.00000     0.00000     0.00000     0.00000     0.00000     0.00000     0.00000     0.00000     0.00000     0.00000     0.00000     0.00000     0.00000     0.00000     0.00000     0.00000     0.00000     0.00000     0.00000     0.00000     0.00000     0.00000     0.00000     0.00000     0.00000     0.00000     0.00000     0.00000     0.00000  -310.30682  -310.29974  -310.29269     0.00000     0.00000     0.00000     0.00000     0.00000     0.00000     0.00000     0.00000     0.00000     0.00000     0.00000     0.00000     0.00000     0.00000     0.00000     0.00000     0.00000     0.00000     0.00000     0.00000     0.00000     0.00000     0.00000     0.00000     0.00000     0.00000     0.00000     0.00000     0.00000     0.00000     0.00000     0.00000     0.00000     0.00000     0.00000     0.00000     0.00000     0.00000     0.00000     0.00000     0.00000     0.00000     0.00000     0.00000     0.00000     0.00000     0.00000     0.00000     0.00000     0.00000     0.00000     0.00000     0.00000     0.00000     0.00000     0.00000     0.00000     0.00000     0.00000     0.00000     0.00000     0.00000     0.00000     0.00000     0.00000     0.00000     0.00000     0.00000     0.00000     0.00000     0.00000     0.00000     0.00000     0.00000     0.00000     0.00000     0.00000     0.00000     0.00000     0.00000     0.00000     0.00000     0.00000     0.00000     0.00000     0.00000     0.00000     0.00000     0.00000     0.00000     0.00000     0.00000     0.00000     0.00000     0.00000     0.00000     0.00000     0.00000     0.00000     0.00000     0.00000     0.00000     0.00000     0.00000     0.00000     0.00000     0.00000     0.00000     0.00000     0.00000     0.00000     0.00000     0.00000
     0.00000     0.00000     0.00000     0.00000     0.00000     0.00000     0.00000     0.00000     0.00000     0.00000     0.00000     0.00000     0.00000     0.00000     0.00000     0.00000     0.00000     0.00000     0.00000     0.00000     0.00000     0.00000     0.00000     0.00000     0.00000     0.00000     0.00000     0.00000     0.00000     0.00000     0.00000     0.00000     0.00000     0.00000     0.00000     0.00000     0.00000     0.00000     0.00000     0.00000     0.00000     0.00000     0.00000     0.00000     0.00000     0.00000     0.00000     0.00000     0.00000     0.00000     0.00000     0.00000     0.00000     0.00000     0.00000     0.00000     0.00000     0.00000     0.00000     0.00000     0.00000     0.00000     0.00000     0.00000     0.00000     0.00000     0.00000     0.00000     0.00000     0.00000     0.00000     0.00000     0.00000     0.00000     0.00000     0.00000     0.00000     0.00000     0.00000     0.00000     0.00000     0.00000     0.00000     0.00000     0.00000     0.00000     0.00000     0.00000     0.00000     0.00000     0.00000     0.00000     0.00000     0.00000     0.00000     0.00000     0.00000     0.00000     0.00000     0.00000     0.00000     0.00000     0.00000     0.00000     0.00000     0.00000     0.00000     0.00000     0.00000     0.00000     0.00000     0.00000  -310.30682  -310.29974  -310.29269  -310.28561  -310.27853     0.00000     0.00000     0.00000     0.00000     0.00000     0.00000     0.00000     0.00000     0.00000     0.00000     0.00000     0.00000     0.00000     0.00000     0.00000     0.00000     0.00000     0.00000     0.00000     0.00000     0.00000     0.00000     0.00000     0.00000     0.00000     0.00000     0.00000     0.00000     0.00000     0.00000     0.00000     0.00000     0.00000     0.00000     0.00000     0.00000     0.00000     0.00000     0.00000     0.00000     0.00000     0.00000     0.00000     0.00000     0.00000     0.00000     0.00000     0.00000     0.00000     0.00000     0.00000     0.00000     0.00000     0.00000     0.00000     0.00000     0.00000     0.00000     0.00000     0.00000     0.00000     0.00000     0.00000     0.00000     0.00000     0.00000     0.00000     0.00000     0.00000     0.00000     0.00000     0.00000     0.00000     0.00000     0.00000     0.00000     0.00000     0.00000     0.00000     0.00000     0.00000     0.00000     0.00000     0.00000     0.00000     0.00000     0.00000     0.00000     0.00000     0.00000     0.00000     0.00000     0.00000     0.00000     0.00000     0.00000     0.00000     0.00000     0.00000     0.00000     0.00000     0.00000     0.00000     0.00000     0.00000     0.00000     0.00000     0.00000     0.00000     0.00000     0.00000     0.00000
     0.00000     0.00000     0.00000     0.00000     0.00000     0.00000     0.00000     0.00000     0.00000     0.00000     0.00000     0.00000     0.00000     0.00000     0.00000     0.00000     0.00000     0.00000     0.00000     0.00000     0.00000     0.00000     0.00000     0.00000     0.00000     0.00000     0.00000     0.00000     0.00000     0.00000     0.00000     0.00000     0.00000     0.00000     0.00000     0.00000     0.00000     0.00000     0.00000     0.00000     0.00000     0.00000     0.00000     0.00000     0.00000     0.00000     0.00000     0.00000     0.00000     0.00000     0.00000     0.00000     0.00000     0.00000     0.00000     0.00000     0.00000     0.00000     0.00000     0.00000     0.00000     0.00000     0.00000     0.00000     0.00000     0.00000     0.00000     0.00000     0.00000     0.00000     0.00000     0.00000     0.00000     0.00000     0.00000     0.00000     0.00000     0.00000     0.00000     0.00000     0.00000     0.00000     0.00000     0.00000     0.00000     0.00000     0.00000     0.00000     0.00000     0.00000     0.00000     0.00000     0.00000     0.00000     0.00000     0.00000     0.00000     0.00000     0.00000     0.00000     0.00000     0.00000     0.00000     0.00000     0.00000     0.00000     0.00000     0.00000     0.00000     0.00000     0.00000  -310.30682  -310.29974  -310.29269  -310.28561  -310.27853  -310.27148  -310.26440     0.00000     0.00000     0.00000     0.00000     0.00000     0.00000     0.00000     0.00000     0.00000     0.00000     0.00000     0.00000     0.00000     0.00000     0.00000     0.00000     0.00000     0.00000     0.00000     0.00000     0.00000     0.00000     0.00000     0.00000     0.00000     0.00000     0.00000     0.00000     0.00000     0.00000     0.00000     0.00000     0.00000     0.00000     0.00000     0.00000     0.00000     0.00000     0.00000     0.00000     0.00000     0.00000     0.00000     0.00000     0.00000     0.00000     0.00000     0.00000     0.00000     0.00000     0.00000     0.00000     0.00000     0.00000     0.00000     0.00000     0.00000     0.00000     0.00000     0.00000     0.00000     0.00000     0.00000     0.00000     0.00000     0.00000     0.00000     0.00000     0.00000     0.00000     0.00000     0.00000     0.00000     0.00000     0.00000     0.00000     0.00000     0.00000     0.00000     0.00000     0.00000     0.00000     0.00000     0.00000     0.00000     0.00000     0.00000     0.00000     0.00000     0.00000     0.00000     0.00000     0.00000     0.00000     0.00000     0.00000     0.00000     0.00000     0.00000     0.00000     0.00000     0.00000     0.00000     0.00000     0.00000     0.00000     0.00000     0.00000     0.00000     0.00000     0.00000
     0.00000     0.00000     0.00000     0.00000     0.00000     0.00000     0.00000     0.00000     0.00000     0.00000     0.00000     0.00000     0.00000     0.00000     0.00000     0.00000     0.00000     0.00000     0.00000     0.00000     0.00000     0.00000     0.00000     0.00000     0.00000     0.00000     0.00000     0.00000     0.00000     0.00000     0.00000     0.00000     0.00000     0.00000     0.00000     0.00000     0.00000     0.00000     0.00000     0.00000     0.00000     0.00000     0.00000     0.00000     0.00000     0.00000     0.00000     0.00000     0.00000     0.00000     0.00000     0.00000     0.00000     0.00000     0.00000     0.00000     0.00000     0.00000     0.00000     0.00000     0.00000     0.00000     0.00000     0.00000     0.00000     0.00000     0.00000     0.00000     0.00000     0.00000     0.00000     0.00000     0.00000     0.00000     0.00000     0.00000     0.00000     0.00000     0.00000     0.00000     0.00000     0.00000     0.00000     0.00000     0.00000     0.00000     0.00000     0.00000     0.00000     0.00000     0.00000     0.00000     0.00000     0.00000     0.00000     0.00000     0.00000     0.00000     0.00000     0.00000     0.00000     0.00000     0.00000     0.00000     0.00000     0.00000     0.00000     0.00000     0.00000     0.00000  -310.30682  -310.29974  -310.29269  -310.28561  -310.27853  -310.27148  -310.26440  -310.25732  -310.25024     0.00000     0.00000     0.00000     0.00000     0.00000     0.00000     0.00000     0.00000     0.00000     0.00000     0.00000     0.00000     0.00000     0.00000     0.00000     0.00000     0.00000     0.00000     0.00000     0.00000     0.00000     0.00000     0.00000     0.00000     0.00000     0.00000     0.00000     0.00000     0.00000     0.00000     0.00000     0.00000     0.00000     0.00000     0.00000     0.00000     0.00000     0.00000     0.00000     0.00000     0.00000     0.00000     0.00000     0.00000     0.00000     0.00000     0.00000     0.00000     0.00000     0.00000     0.00000     0.00000     0.00000     0.00000     0.00000     0.00000     0.00000     0.00000     0.00000     0.00000     0.00000     0.00000     0.00000     0.00000     0.00000     0.00000     0.00000     0.00000     0.00000     0.00000     0.00000     0.00000     0.00000     0.00000     0.00000     0.00000     0.00000     0.00000     0.00000     0.00000     0.00000     0.00000     0.00000     0.00000     0.00000     0.00000     0.00000     0.00000     0.00000     0.00000     0.00000     0.00000     0.00000     0.00000     0.00000     0.00000     0.00000     0.00000     0.00000     0.00000     0.00000     0.00000     0.00000     0.00000     0.00000     0.00000     0.00000     0.00000     0.00000     0.00000
     0.00000     0.00000     0.00000     0.00000     0.00000     0.00000     0.00000     0.00000     0.00000     0.00000     0.00000     0.00000     0.00000     0.00000     0.00000     0.00000     0.00000     0.00000     0.00000     0.00000     0.00000     0.00000     0.00000     0.00000     0.00000     0.00000     0.00000     0.00000     0.00000     0.00000     0.00000     0.00000     0.00000     0.00000     0.00000     0.00000     0.00000     0.00000     0.00000     0.00000     0.00000     0.00000     0.00000     0.00000     0.00000     0.00000     0.00000     0.00000     0.00000     0.00000     0.00000     0.00000     0.00000     0.00000     0.00000     0.00000     0.00000     0.00000     0.00000     0.00000     0.00000     0.00000     0.00000     0.00000     0.00000     0.00000     0.00000     0.00000     0.00000     0.00000     0.00000     0.00000     0.00000     0.00000     0.00000     0.00000     0.00000     0.00000     0.00000     0.00000     0.00000     0.00000     0.00000     0.00000     0.00000     0.00000     0.00000     0.00000     0.00000     0.00000     0.00000     0.00000     0.00000     0.00000     0.00000     0.00000     0.00000     0.00000     0.00000     0.00000     0.00000     0.00000     0.00000     0.00000     0.00000     0.00000     0.00000     0.00000     0.00000  -310.30682  -310.29974  -310.29269  -310.28561  -310.27853  -310.27148  -310.26440  -310.25732  -310.25024  -310.24319  -310.23611     0.00000     0.00000     0.00000     0.00000     0.00000     0.00000     0.00000     0.00000     0.00000     0.00000     0.00000     0.00000     0.00000     0.00000     0.00000     0.00000     0.00000     0.00000     0.00000     0.00000     0.00000     0.00000     0.00000     0.00000     0.00000     0.00000     0.00000     0.00000     0.00000     0.00000     0.00000     0.00000     0.00000     0.00000     0.00000     0.00000     0.00000     0.00000     0.00000     0.00000     0.00000     0.00000     0.00000     0.00000     0.00000     0.00000     0.00000     0.00000     0.00000     0.00000     0.00000     0.00000     0.00000     0.00000     0.00000     0.00000     0.00000     0.00000     0.00000     0.00000     0.00000     0.00000     0.00000     0.00000     0.00000     0.00000     0.00000     0.00000     0.00000     0.00000     0.00000     0.00000     0.00000     0.00000     0.00000     0.00000     0.00000     0.00000     0.00000     0.00000     0.00000     0.00000     0.00000     0.00000     0.00000     0.00000     0.00000     0.00000     0.00000     0.00000     0.00000     0.00000     0.00000     0.00000     0.00000     0.00000     0.00000     0.00000     0.00000     0.00000     0.00000     0.00000     0.00000     0.00000     0.00000     0.00000     0.00000     0.00000     0.00000
     0.00000     0.00000     0.00000     0.00000     0.00000     0.00000     0.00000     0.00000     0.00000     0.00000     0.00000     0.00000     0.00000     0.00000     0.00000     0.00000     0.00000     0.00000     0.00000     0.00000     0.00000     0.00000     0.00000     0.00000     0.00000     0.00000     0.00000     0.00000     0.00000     0.00000     0.00000     0.00000     0.00000     0.00000     0.00000     0.00000     0.00000     0.00000     0.00000     0.00000     0.00000     0.00000     0.00000     0.00000     0.00000     0.00000     0.00000     0.00000     0.00000     0.00000     0.00000     0.00000     0.00000     0.00000     0.00000     0.00000     0.00000     0.00000     0.00000     0.00000     0.00000     0.00000     0.00000     0.00000     0.00000     0.00000     0.00000     0.00000     0.00000     0.00000     0.00000     0.00000     0.00000     0.00000     0.00000     0.00000     0.00000     0.00000     0.00000     0.00000     0.00000     0.00000     0.00000     0.00000     0.00000     0.00000     0.00000     0.00000     0.00000     0.00000     0.00000     0.00000     0.00000     0.00000     0.00000     0.00000     0.00000     0.00000     0.00000     0.00000     0.00000     0.00000     0.00000     0.00000     0.00000     0.00000     0.00000     0.00000  -310.30682  -310.29974  -310.29269  -310.28561  -310.27853  -310.27148  -310.26440  -310.25732  -310.25024  -310.24319  -310.23611  -310.22903  -310.22198     0.00000     0.00000     0.00000     0.00000     0.00000     0.00000     0.00000     0.00000     0.00000     0.00000     0.00000     0.00000     0.00000     0.00000     0.00000     0.00000     0.00000     0.00000     0.00000     0.00000     0.00000     0.00000     0.00000     0.00000     0.00000     0.00000     0.00000     0.00000     0.00000     0.00000     0.00000     0.00000     0.00000     0.00000     0.00000     0.00000     0.00000     0.00000     0.00000     0.00000     0.00000     0.00000     0.00000     0.00000     0.00000     0.00000     0.00000     0.00000     0.00000     0.00000     0.00000     0.00000     0.00000     0.00000     0.00000     0.00000     0.00000     0.00000     0.00000     0.00000     0.00000     0.00000     0.00000     0.00000     0.00000     0.00000     0.00000     0.00000     0.00000     0.00000     0.00000     0.00000     0.00000     0.00000     0.00000     0.00000     0.00000     0.00000     0.00000     0.00000     0.00000     0.00000     0.00000     0.00000     0.00000     0.00000     0.00000     0.00000     0.00000     0.00000     0.00000     0.00000     0.00000     0.00000     0.00000     0.00000     0.00000     0.00000     0.00000     0.00000     0.00000     0.00000     0.00000     0.00000     0.00000     0.00000     0.00000     0.00000
     0.00000     0.00000     0.00000     0.00000     0.00000     0.00000     0.00000     0.00000     0.00000     0.00000     0.00000     0.00000     0.00000     0.00000     0.00000     0.00000     0.00000     0.00000     0.00000     0.00000     0.00000     0.00000     0.00000     0.00000     0.00000     0.00000     0.00000     0.00000     0.00000     0.00000     0.00000     0.00000     0.00000     0.00000     0.00000     0.00000     0.00000     0.00000     0.00000     0.00000     0.00000     0.00000     0.00000     0.00000     0.00000     0.00000     0.00000     0.00000     0.00000     0.00000     0.00000     0.00000     0.00000     0.00000     0.00000     0.00000     0.00000     0.00000     0.00000     0.00000     0.00000     0.00000     0.00000     0.00000     0.00000     0.00000     0.00000     0.00000     0.00000     0.00000     0.00000     0.00000     0.00000     0.00000     0.00000     0.00000     0.00000     0.00000     0.00000     0.00000     0.00000     0.00000     0.00000     0.00000     0.00000     0.00000     0.00000     0.00000     0.00000     0.00000     0.00000     0.00000     0.00000     0.00000     0.00000     0.00000     0.00000     0.00000     0.00000     0.00000     0.00000     0.00000     0.00000     0.00000     0.00000     0.00000     0.00000  -310.30682  -310.29974  -310.29269  -310.28561  -310.27853  -310.27148  -310.26440  -310.25732  -310.25024  -310.24319  -310.23611  -310.22903  -310.22198  -310.21490  -310.20782     0.00000     0.00000     0.00000     0.00000     0.00000     0.00000     0.00000     0.00000     0.00000     0.00000     0.00000     0.00000     0.00000     0.00000     0.00000     0.00000     0.00000     0.00000     0.00000     0.00000     0.00000     0.00000     0.00000     0.00000     0.00000     0.00000     0.00000     0.00000     0.00000     0.00000     0.00000     0.00000     0.00000     0.00000     0.00000     0.00000     0.00000     0.00000     0.00000     0.00000     0.00000     0.00000     0.00000     0.00000     0.00000     0.00000     0.00000     0.00000     0.00000     0.00000     0.00000     0.00000     0.00000     0.00000     0.00000     0.00000     0.00000     0.00000     0.00000     0.00000     0.00000     0.00000     0.00000     0.00000     0.00000     0.00000     0.00000     0.00000     0.00000     0.00000     0.00000     0.00000     0.00000     0.00000     0.00000     0.00000     0.00000     0.00000     0.00000     0.00000     0.00000     0.00000     0.00000     0.00000     0.00000     0.00000     0.00000     0.00000     0.00000     0.00000     0.00000     0.00000     0.00000     0.00000     0.00000     0.00000     0.00000     0.00000     0.00000     0.00000     0.00000     0.00000     0.00000     0.00000     0.00000     0.00000     0.00000
     0.00000     0.00000     0.00000     0.00000     0.00000     0.00000     0.00000     0.00000     0.00000     0.00000     0.00000     0.00000     0.00000     0.00000     0.00000     0.00000     0.00000     0.00000     0.00000     0.00000     0.00000     0.00000     0.00000     0.00000     0.00000     0.00000     0.00000     0.00000     0.00000     0.00000     0.00000     0.00000     0.00000     0.00000     0.00000     0.00000     0.00000     0.00000     0.00000     0.00000     0.00000     0.00000     0.00000     0.00000     0.00000     0.00000     0.00000     0.00000     0.00000     0.00000     0.00000     0.00000     0.00000     0.00000     0.00000     0.00000     0.00000     0.00000     0.00000     0.00000     0.00000     0.00000     0.00000     0.00000     0.00000     0.00000     0.00000     0.00000     0.00000     0.00000     0.00000     0.00000     0.00000     0.00000     0.00000     0.00000     0.00000     0.00000     0.00000     0.00000     0.00000     0.00000     0.00000     0.00000     0.00000     0.00000     0.00000     0.00000     0.00000     0.00000     0.00000     0.00000     0.00000     0.00000     0.00000     0.00000     0.00000     0.00000     0.00000     0.00000     0.00000     0.00000     0.00000     0.00000     0.00000     0.00000  -310.30682  -310.29974  -310.29269  -310.28561  -310.27853  -310.27148  -310.26440  -310.25732  -310.25024  -310.24319  -310.23611  -310.22903  -310.22198  -310.21490  -310.20782  -310.20078  -310.19370     0.00000     0.00000     0.00000     0.00000     0.00000     0.00000     0.00000     0.00000     0.00000     0.00000     0.00000     0.00000     0.00000     0.00000     0.00000     0.00000     0.00000     0.00000     0.00000     0.00000     0.00000     0.00000     0.00000     0.00000     0.00000     0.00000     0.00000     0.00000     0.00000     0.00000     0.00000     0.00000     0.00000     0.00000     0.00000     0.00000     0.00000     0.00000     0.00000     0.00000     0.00000     0.00000     0.00000     0.00000     0.00000     0.00000     0.00000     0.00000     0.00000     0.00000     0.00000     0.00000     0.00000     0.00000     0.00000     0.00000     0.00000     0.00000     0.00000     0.00000     0.00000     0.00000     0.00000     0.00000     0.00000     0.00000     0.00000     0.00000     0.00000     0.00000     0.00000     0.00000     0.00000     0.00000     0.00000     0.00000     0.00000     0.00000     0.00000     0.00000     0.00000     0.00000     0.00000     0.00000     0.00000     0.00000     0.00000     0.00000     0.00000     0.00000     0.00000     0.00000     0.00000     0.00000     0.00000     0.00000     0.00000     0.00000     0.00000     0.00000     0.00000     0.00000     0.00000     0.00000     0.00000     0.00000
     0.00000     0.00000     0.00000     0.00000     0.00000     0.00000     0.00000     0.00000     0.00000     0.00000     0.00000     0.00000     0.00000     0.00000     0.00000     0.00000     0.00000     0.00000     0.00000     0.00000     0.00000     0.00000     0.00000     0.00000     0.00000     0.00000     0.00000     0.00000     0.00000     0.00000     0.00000     0.00000     0.00000     0.00000     0.00000     0.00000     0.00000     0.00000     0.00000     0.00000     0.00000     0.00000     0.00000     0.00000     0.00000     0.00000     0.00000     0.00000     0.00000     0.00000     0.00000     0.00000     0.00000     0.00000     0.00000     0.00000     0.00000     0.00000     0.00000     0.00000     0.00000     0.00000     0.00000     0.00000     0.00000     0.00000     0.00000     0.00000     0.00000     0.00000     0.00000     0.00000     0.00000     0.00000     0.00000     0.00000     0.00000     0.00000     0.00000     0.00000     0.00000     0.00000     0.00000     0.00000     0.00000     0.00000     0.00000     0.00000     0.00000     0.00000     0.00000     0.00000     0.00000     0.00000     0.00000     0.00000     0.00000     0.00000     0.00000     0.00000     0.00000     0.00000     0.00000     0.00000     0.00000  -310.30682  -310.29974  -310.29269  -310.28561  -310.27853  -310.27148  -310.26440  -310.25732  -310.25024  -310.24319  -310.23611  -310.22903  -310.22198  -310.21490  -310.20782  -310.20078  -310.19370  -310.18661  -310.17953     0.00000     0.00000     0.00000     0.00000     0.00000     0.00000     0.00000     0.00000     0.00000     0.00000     0.00000     0.00000     0.00000     0.00000     0.00000     0.00000     0.00000     0.00000     0.00000     0.00000     0.00000     0.00000     0.00000     0.00000     0.00000     0.00000     0.00000     0.00000     0.00000     0.00000     0.00000     0.00000     0.00000     0.00000     0.00000     0.00000     0.00000     0.00000     0.00000     0.00000     0.00000     0.00000     0.00000     0.00000     0.00000     0.00000     0.00000     0.00000     0.00000     0.00000     0.00000     0.00000     0.00000     0.00000     0.00000     0.00000     0.00000     0.00000     0.00000     0.00000     0.00000     0.00000     0.00000     0.00000     0.00000     0.00000     0.00000     0.00000     0.00000     0.00000     0.00000     0.00000     0.00000     0.00000     0.00000     0.00000     0.00000     0.00000     0.00000     0.00000     0.00000     0.00000     0.00000     0.00000     0.00000     0.00000     0.00000     0.00000     0.00000     0.00000     0.00000     0.00000     0.00000     0.00000     0.00000     0.00000     0.00000     0.00000     0.00000     0.00000     0.00000     0.00000     0.00000     0.00000     0.00000
     0.00000     0.00000     0.00000     0.00000     0.00000     0.00000     0.00000     0.00000     0.00000     0.00000     0.00000     0.00000     0.00000     0.00000     0.00000     0.00000     0.00000     0.00000     0.00000     0.00000     0.00000     0.00000     0.00000     0.00000     0.00000     0.00000     0.00000     0.00000     0.00000     0.00000     0.00000     0.00000     0.00000     0.00000     0.00000     0.00000     0.00000     0.00000     0.00000     0.00000     0.00000     0.00000     0.00000     0.00000     0.00000     0.00000     0.00000     0.00000     0.00000     0.00000     0.00000     0.00000     0.00000     0.00000     0.00000     0.00000     0.00000     0.00000     0.00000     0.00000     0.00000     0.00000     0.00000     0.00000     0.00000     0.00000     0.00000     0.00000     0.00000     0.00000     0.00000     0.00000     0.00000     0.00000     0.00000     0.00000     0.00000     0.00000     0.00000     0.00000     0.00000     0.00000     0.00000     0.00000     0.00000     0.00000     0.00000     0.00000     0.00000     0.00000     0.00000     0.00000     0.00000     0.00000     0.00000     0.00000     0.00000     0.00000     0.00000     0.00000     0.00000     0.00000     0.00000     0.00000  -310.30682  -310.29974  -310.29269  -310.28561  -310.27853  -310.27148  -310.26440  -310.25732  -310.25024  -310.24319  -310.23611  -310.22903  -310.22198  -310.21490  -310.20782  -310.20078  -310.19370  -310.18661  -310.17953  -310.17249  -310.16541     0.00000     0.00000     0.00000     0.00000     0.00000     0.00000     0.00000     0.00000     0.00000     0.00000     0.00000     0.00000     0.00000     0.00000     0.00000     0.00000     0.00000     0.00000     0.00000     0.00000     0.00000     0.00000     0.00000     0.00000     0.00000     0.00000     0.00000     0.00000     0.00000     0.00000     0.00000     0.00000     0.00000     0.00000     0.00000     0.00000     0.00000     0.00000     0.00000     0.00000     0.00000     0.00000     0.00000     0.00000     0.00000     0.00000     0.00000     0.00000     0.00000     0.00000     0.00000     0.00000     0.00000     0.00000     0.00000     0.00000     0.00000     0.00000     0.00000     0.00000     0.00000     0.00000     0.00000     0.00000     0.00000     0.00000     0.00000     0.00000     0.00000     0.00000     0.00000     0.00000     0.00000     0.00000     0.00000     0.00000     0.00000     0.00000     0.00000     0.00000     0.00000     0.00000     0.00000     0.00000     0.00000     0.00000     0.00000     0.00000     0.00000     0.00000     0.00000     0.00000     0.00000     0.00000     0.00000     0.00000     0.00000     0.00000     0.00000     0.00000     0.00000     0.00000     0.00000     0.00000
     0.00000     0.00000     0.00000     0.00000     0.00000     0.00000     0.00000     0.00000     0.00000     0.00000     0.00000     0.00000     0.00000     0.00000     0.00000     0.00000     0.00000     0.00000     0.00000     0.00000     0.00000     0.00000     0.00000     0.00000     0.00000     0.00000     0.00000     0.00000     0.00000     0.00000     0.00000     0.00000     0.00000     0.00000     0.00000     0.00000     0.00000     0.00000     0.00000     0.00000     0.00000     0.00000     0.00000     0.00000     0.00000     0.00000     0.00000     0.00000     0.00000     0.00000     0.00000     0.00000     0.00000     0.00000     0.00000     0.00000     0.00000     0.00000     0.00000     0.00000     0.00000     0.00000     0.00000     0.00000     0.00000     0.00000     0.00000     0.00000     0.00000     0.00000     0.00000     0.00000     0.00000     0.00000     0.00000     0.00000     0.00000     0.00000     0.00000     0.00000     0.00000     0.00000     0.00000     0.00000     0.00000     0.00000     0.00000     0.00000     0.00000     0.00000     0.00000     0.00000     0.00000     0.00000     0.00000     0.00000     0.00000     0.00000     0.00000     0.00000     0.00000     0.00000     0.00000  -310.30682  -310.29974  -310.29269  -310.28561  -310.27853  -310.27148  -310.26440  -310.25732  -310.25024  -310.24319  -310.23611  -310.22903  -310.22198  -310.21490  -310.20782  -310.20078  -310.19370  -310.18661  -310.17953  -310.17249  -310.16541  -310.15833  -310.15128     0.00000     0.00000     0.00000     0.00000     0.00000     0.00000     0.00000     0.00000     0.00000     0.00000     0.00000     0.00000     0.00000     0.00000     0.00000     0.00000     0.00000     0.00000     0.00000     0.00000     0.00000     0.00000     0.00000     0.00000     0.00000     0.00000     0.00000     0.00000     0.00000     0.00000     0.00000     0.00000     0.00000     0.00000     0.00000     0.00000     0.00000     0.00000     0.00000     0.00000     0.00000     0.00000     0.00000     0.00000     0.00000     0.00000     0.00000     0.00000     0.00000     0.00000     0.00000     0.00000     0.00000     0.00000     0.00000     0.00000     0.00000     0.00000     0.00000     0.00000     0.00000     0.00000     0.00000     0.00000     0.00000     0.00000     0.00000     0.00000     0.00000     0.00000     0.00000     0.00000     0.00000     0.00000     0.00000     0.00000     0.00000     0.00000     0.00000     0.00000     0.00000     0.00000     0.00000     0.00000     0.00000     0.00000     0.00000     0.00000     0.00000     0.00000     0.00000     0.00000     0.00000     0.00000     0.00000     0.00000     0.00000     0.00000     0.00000     0.00000     0.00000     0.00000     0.00000
     0.00000     0.00000     0.00000     0.00000     0.00000     0.00000     0.00000     0.00000     0.00000     0.00000     0.00000     0.00000     0.00000     0.00000     0.00000     0.00000     0.00000     0.00000     0.00000     0.00000     0.00000     0.00000     0.00000     0.00000     0.00000     0.00000     0.00000     0.00000     0.00000     0.00000     0.00000     0.00000     0.00000     0.00000     0.00000     0.00000     0.00000     0.00000     0.00000     0.00000     0.00000     0.00000     0.00000     0.00000     0.00000     0.00000     0.00000     0.00000     0.00000     0.00000     0.00000     0.00000     0.00000     0.00000     0.00000     0.00000     0.00000     0.00000     0.00000     0.00000     0.00000     0.00000     0.00000     0.00000     0.00000     0.00000     0.00000     0.00000     0.00000     0.00000     0.00000     0.00000     0.00000     0.00000     0.00000     0.00000     0.00000     0.00000     0.00000     0.00000     0.00000     0.00000     0.00000     0.00000     0.00000     0.00000     0.00000     0.00000     0.00000     0.00000     0.00000     0.00000     0.00000     0.00000     0.00000     0.00000     0.00000     0.00000     0.00000     0.00000     0.00000     0.00000  -310.30682  -310.29974  -310.29269  -310.28561  -310.27853  -310.27148  -310.26440  -310.25732  -310.25024  -310.24319  -310.23611  -310.22903  -310.22198  -310.21490  -310.20782  -310.20078  -310.19370  -310.18661  -310.17953  -310.17249  -310.16541  -310.15833  -310.15128  -310.14420  -310.13712     0.00000     0.00000     0.00000     0.00000     0.00000     0.00000     0.00000     0.00000     0.00000     0.00000     0.00000     0.00000     0.00000     0.00000     0.00000     0.00000     0.00000     0.00000     0.00000     0.00000     0.00000     0.00000     0.00000     0.00000     0.00000     0.00000     0.00000     0.00000     0.00000     0.00000     0.00000     0.00000     0.00000     0.00000     0.00000     0.00000     0.00000     0.00000     0.00000     0.00000     0.00000     0.00000     0.00000     0.00000     0.00000     0.00000     0.00000     0.00000     0.00000     0.00000     0.00000     0.00000     0.00000     0.00000     0.00000     0.00000     0.00000     0.00000     0.00000     0.00000     0.00000     0.00000     0.00000     0.00000     0.00000     0.00000     0.00000     0.00000     0.00000     0.00000     0.00000     0.00000     0.00000     0.00000     0.00000     0.00000     0.00000     0.00000     0.00000     0.00000     0.00000     0.00000     0.00000     0.00000     0.00000     0.00000     0.00000     0.00000     0.00000     0.00000     0.00000     0.00000     0.00000     0.00000     0.00000     0.00000     0.00000     0.00000     0.00000     0.00000     0.00000     0.00000
     0.00000     0.00000     0.00000     0.00000     0.00000     0.00000     0.00000     0.00000     0.00000     0.00000     0.00000     0.00000     0.00000     0.00000     0.00000     0.00000     0.00000     0.00000     0.00000     0.00000     0.00000     0.00000     0.00000     0.00000     0.00000     0.00000     0.00000     0.00000     0.00000     0.00000     0.00000     0.00000     0.00000     0.00000     0.00000     0.00000     0.00000     0.00000     0.00000     0.00000     0.00000     0.00000     0.00000     0.00000     0.00000     0.00000     0.00000     0.00000     0.00000     0.00000     0.00000     0.00000     0.00000     0.00000     0.00000     0.00000     0.00000     0.00000     0.00000     0.00000     0.00000     0.00000     0.00000     0.00000     0.00000     0.00000     0.00000     0.00000     0.00000     0.00000     0.00000     0.00000     0.00000     0.00000     0.00000     0.00000     0.00000     0.00000     0.00000     0.00000     0.00000     0.00000     0.00000     0.00000     0.00000     0.00000     0.00000     0.00000     0.00000     0.00000     0.00000     0.00000     0.00000     0.00000     0.00000     0.00000     0.00000     0.00000     0.00000     0.00000     0.00000  -310.30682  -310.29974  -310.29269  -310.28561  -310.27853  -310.27148  -310.26440  -310.25732  -310.25024  -310.24319  -310.23611  -310.22903  -310.22198  -310.21490  -310.20782  -310.20078  -310.19370  -310.18661  -310.17953  -310.17249  -310.16541  -310.15833  -310.15128  -310.14420  -310.13712  -310.13004  -310.12299     0.00000     0.00000     0.00000     0.00000     0.00000     0.00000     0.00000     0.00000     0.00000     0.00000     0.00000     0.00000     0.00000     0.00000     0.00000     0.00000     0.00000     0.00000     0.00000     0.00000     0.00000     0.00000     0.00000     0.00000     0.00000     0.00000     0.00000     0.00000     0.00000     0.00000     0.00000     0.00000     0.00000     0.00000     0.00000     0.00000     0.00000     0.00000     0.00000     0.00000     0.00000     0.00000     0.00000     0.00000     0.00000     0.00000     0.00000     0.00000     0.00000     0.00000     0.00000     0.00000     0.00000     0.00000     0.00000     0.00000     0.00000     0.00000     0.00000     0.00000     0.00000     0.00000     0.00000     0.00000     0.00000     0.00000     0.00000     0.00000     0.00000     0.00000     0.00000     0.00000     0.00000     0.00000     0.00000     0.00000     0.00000     0.00000     0.00000     0.00000     0.00000     0.00000     0.00000     0.00000     0.00000     0.00000     0.00000     0.00000     0.00000     0.00000     0.00000     0.00000     0.00000     0.00000     0.00000     0.00000     0.00000     0.00000     0.00000     0.00000     0.00000
     0.00000     0.00000     0.00000     0.00000     0.00000     0.00000     0.00000     0.00000     0.00000     0.00000     0.00000     0.00000     0.00000     0.00000     0.00000     0.00000     0.00000     0.00000     0.00000     0.00000     0.00000     0.00000     0.00000     0.00000     0.00000     0.00000     0.00000     0.00000     0.00000     0.00000     0.00000     0.00000     0.00000     0.00000     0.00000     0.00000     0.00000     0.00000     0.00000     0.00000     0.00000     0.00000     0.00000     0.00000     0.00000     0.00000     0.00000     0.00000     0.00000     0.00000     0.00000     0.00000     0.00000     0.00000     0.00000     0.00000     0.00000     0.00000     0.00000     0.00000     0.00000     0.00000     0.00000     0.00000     0.00000     0.00000     0.00000     0.00000     0.00000     0.00000     0.00000     0.00000     0.00000     0.00000     0.00000     0.00000     0.00000     0.00000     0.00000     0.00000     0.00000     0.00000     0.00000     0.00000     0.00000     0.00000     0.00000     0.00000     0.00000     0.00000     0.00000     0.00000     0.00000     0.00000     0.00000     0.00000     0.00000     0.00000     0.00000     0.00000  -310.30682  -310.29974  -310.29269  -310.28561  -310.27853  -310.27148  -310.26440  -310.25732  -310.25024  -310.24319  -310.23611  -310.22903  -310.22198  -310.21490  -310.20782  -310.20078  -310.19370  -310.18661  -310.17953  -310.17249  -310.16541  -310.15833  -310.15128  -310.14420  -310.13712  -310.13004  -310.12299  -310.11591  -310.10883     0.00000     0.00000     0.00000     0.00000     0.00000     0.00000     0.00000     0.00000     0.00000     0.00000     0.00000     0.00000     0.00000     0.00000     0.00000     0.00000     0.00000     0.00000     0.00000     0.00000     0.00000     0.00000     0.00000     0.00000     0.00000     0.00000     0.00000     0.00000     0.00000     0.00000     0.00000     0.00000     0.00000     0.00000     0.00000     0.00000     0.00000     0.00000     0.00000     0.00000     0.00000     0.00000     0.00000     0.00000     0.00000     0.00000     0.00000     0.00000     0.00000     0.00000     0.00000     0.00000     0.00000     0.00000     0.00000     0.00000     0.00000     0.00000     0.00000     0.00000     0.00000     0.00000     0.00000     0.00000     0.00000     0.00000     0.00000     0.00000     0.00000     0.00000     0.00000     0.00000     0.00000     0.00000     0.00000     0.00000     0.00000     0.00000     0.00000     0.00000     0.00000     0.00000     0.00000     0.00000     0.00000     0.00000     0.00000     0.00000     0.00000     0.00000     0.00000     0.00000     0.00000     0.00000     0.00000     0.00000     0.00000     0.00000     0.00000     0.00000
     0.00000     0.00000     0.00000     0.00000     0.00000     0.00000     0.00000     0.00000     0.00000     0.00000     0.00000     0.00000     0.00000     0.00000     0.00000     0.00000     0.00000     0.00000     0.00000     0.00000     0.00000     0.00000     0.00000     0.00000     0.00000     0.00000     0.00000     0.00000     0.00000     0.00000     0.00000     0.00000     0.00000     0.00000     0.00000     0.00000     0.00000     0.00000     0.00000     0.00000     0.00000     0.00000     0.00000     0.00000     0.00000     0.00000     0.00000     0.00000     0.00000     0.00000     0.00000     0.00000     0.00000     0.00000     0.00000     0.00000     0.00000     0.00000     0.00000     0.00000     0.00000     0.00000     0.00000     0.00000     0.00000     0.00000     0.00000     0.00000     0.00000     0.00000     0.00000     0.00000     0.00000     0.00000     0.00000     0.00000     0.00000     0.00000     0.00000     0.00000     0.00000     0.00000     0.00000     0.00000     0.00000     0.00000     0.00000     0.00000     0.00000     0.00000     0.00000     0.00000     0.00000     0.00000     0.00000     0.00000     0.00000     0.00000     0.00000  -310.30682  -310.29974  -310.29269  -310.28561  -310.27853  -310.27148  -310.26440  -310.25732  -310.25024  -310.24319  -310.23611  -310.22903  -310.22198  -310.21490  -310.20782  -310.20078  -310.19370  -310.18661  -310.17953  -310.17249  -310.16541  -310.15833  -310.15128  -310.14420  -310.13712  -310.13004  -310.12299  -310.11591  -310.10883  -310.10178  -310.09470     0.00000     0.00000     0.00000     0.00000     0.00000     0.00000     0.00000     0.00000     0.00000     0.00000     0.00000     0.00000     0.00000     0.00000     0.00000     0.00000     0.00000     0.00000     0.00000     0.00000     0.00000     0.00000     0.00000     0.00000     0.00000     0.00000     0.00000     0.00000     0.00000     0.00000     0.00000     0.00000     0.00000     0.00000     0.00000     0.00000     0.00000     0.00000     0.00000     0.00000     0.00000     0.00000     0.00000     0.00000     0.00000     0.00000     0.00000     0.00000     0.00000     0.00000     0.00000     0.00000     0.00000     0.00000     0.00000     0.00000     0.00000     0.00000     0.00000     0.00000     0.00000     0.00000     0.00000     0.00000     0.00000     0.00000     0.00000     0.00000     0.00000     0.00000     0.00000     0.00000     0.00000     0.00000     0.00000     0.00000     0.00000     0.00000     0.00000     0.00000     0.00000     0.00000     0.00000     0.00000     0.00000     0.00000     0.00000     0.00000     0.00000     0.00000     0.00000     0.00000     0.00000     0.00000     0.00000     0.00000     0.00000     0.00000     0.00000
     0.00000     0.00000     0.00000     0.00000     0.00000     0.00000     0.00000     0.00000     0.00000     0.00000     0.00000     0.00000     0.00000     0.00000     0.00000     0.00000     0.00000     0.00000     0.00000     0.00000     0.00000     0.00000     0.00000     0.00000     0.00000     0.00000     0.00000     0.00000     0.00000     0.00000     0.00000     0.00000     0.00000     0.00000     0.00000     0.00000     0.00000     0.00000     0.00000     0.00000     0.00000     0.00000     0.00000     0.00000     0.00000     0.00000     0.00000     0.00000     0.00000     0.00000     0.00000     0.00000     0.00000     0.00000     0.00000     0.00000     0.00000     0.00000     0.00000     0.00000     0.00000     0.00000     0.00000     0.00000     0.00000     0.00000     0.00000     0.00000     0.00000     0.00000     0.00000     0.00000     0.00000     0.00000     0.00000     0.00000     0.00000     0.00000     0.00000     0.00000     0.00000     0.00000     0.00000     0.00000     0.00000     0.00000     0.00000     0.00000     0.00000     0.00000     0.00000     0.00000     0.00000     0.00000     0.00000     0.00000     0.00000     0.00000  -310.30682  -310.29974  -310.29269  -310.28561  -310.27853  -310.27148  -310.26440  -310.25732  -310.25024  -310.24319  -310.23611  -310.22903  -310.22198  -310.21490  -310.20782  -310.20078  -310.19370  -310.18661  -310.17953  -310.17249  -310.16541  -310.15833  -310.15128  -310.14420  -310.13712  -310.13004  -310.12299  -310.11591  -310.10883  -310.10178  -310.09470  -310.08762  -310.08057     0.00000     0.00000     0.00000     0.00000     0.00000     0.00000     0.00000     0.00000     0.00000     0.00000     0.00000     0.00000     0.00000     0.00000     0.00000     0.00000     0.00000     0.00000     0.00000     0.00000     0.00000     0.00000     0.00000     0.00000     0.00000     0.00000     0.00000     0.00000     0.00000     0.00000     0.00000     0.00000     0.00000     0.00000     0.00000     0.00000     0.00000     0.00000     0.00000     0.00000     0.00000     0.00000     0.00000     0.00000     0.00000     0.00000     0.00000     0.00000     0.00000     0.00000     0.00000     0.00000     0.00000     0.00000     0.00000     0.00000     0.00000     0.00000     0.00000     0.00000     0.00000     0.00000     0.00000     0.00000     0.00000     0.00000     0.00000     0.00000     0.00000     0.00000     0.00000     0.00000     0.00000     0.00000     0.00000     0.00000     0.00000     0.00000     0.00000     0.00000     0.00000     0.00000     0.00000     0.00000     0.00000     0.00000     0.00000     0.00000     0.00000     0.00000     0.00000     0.00000     0.00000     0.00000     0.00000     0.00000     0.00000     0.00000
     0.00000     0.00000     0.00000     0.00000     0.00000     0.00000     0.00000     0.00000     0.00000     0.00000     0.00000     0.00000     0.00000     0.00000     0.00000     0.00000     0.00000     0.00000     0.00000     0.00000     0.00000     0.00000     0.00000     0.00000     0.00000     0.00000     0.00000     0.00000     0.00000     0.00000     0.00000     0.00000     0.00000     0.00000     0.00000     0.00000     0.00000     0.00000     0.00000     0.00000     0.00000     0.00000     0.00000     0.00000     0.00000     0.00000     0.00000     0.00000     0.00000     0.00000     0.00000     0.00000     0.00000     0.00000     0.00000     0.00000     0.00000     0.00000     0.00000     0.00000     0.00000     0.00000     0.00000     0.00000     0.00000     0.00000     0.00000     0.00000     0.00000     0.00000     0.00000     0.00000     0.00000     0.00000     0.00000     0.00000     0.00000     0.00000     0.00000     0.00000     0.00000     0.00000     0.00000     0.00000     0.00000     0.00000     0.00000     0.00000     0.00000     0.00000     0.00000     0.00000     0.00000     0.00000     0.00000     0.00000     0.00000  -310.30682  -310.29974  -310.29269  -310.28561  -310.27853  -310.27148  -310.26440  -310.25732  -310.25024  -310.24319  -310.23611  -310.22903  -310.22198  -310.21490  -310.20782  -310.20078  -310.19370  -310.18661  -310.17953  -310.17249  -310.16541  -310.15833  -310.15128  -310.14420  -310.13712  -310.13004  -310.12299  -310.11591  -310.10883  -310.10178  -310.09470  -310.08762  -310.08057  -310.07349  -310.06641     0.00000     0.00000     0.00000     0.00000     0.00000     0.00000     0.00000     0.00000     0.00000     0.00000     0.00000     0.00000     0.00000     0.00000     0.00000     0.00000     0.00000     0.00000     0.00000     0.00000     0.00000     0.00000     0.00000     0.00000     0.00000     0.00000     0.00000     0.00000     0.00000     0.00000     0.00000     0.00000     0.00000     0.00000     0.00000     0.00000     0.00000     0.00000     0.00000     0.00000     0.00000     0.00000     0.00000     0.00000     0.00000     0.00000     0.00000     0.00000     0.00000     0.00000     0.00000     0.00000     0.00000     0.00000     0.00000     0.00000     0.00000     0.00000     0.00000     0.00000     0.00000     0.00000     0.00000     0.00000     0.00000     0.00000     0.00000     0.00000     0.00000     0.00000     0.00000     0.00000     0.00000     0.00000     0.00000     0.00000     0.00000     0.00000     0.00000     0.00000     0.00000     0.00000     0.00000     0.00000     0.00000     0.00000     0.00000     0.00000     0.00000     0.00000     0.00000     0.00000     0.00000     0.00000     0.00000     0.00000     0.00000
     0.00000     0.00000     0.00000     0.00000     0.00000     0.00000     0.00000     0.00000     0.00000     0.00000     0.00000     0.00000     0.00000     0.00000     0.00000     0.00000     0.00000     0.00000     0.00000     0.00000     0.00000     0.00000     0.00000     0.00000     0.00000     0.00000     0.00000     0.00000     0.00000     0.00000     0.00000     0.00000     0.00000     0.00000     0.00000     0.00000     0.00000     0.00000     0.00000     0.00000     0.00000     0.00000     0.00000     0.00000     0.00000     0.00000     0.00000     0.00000     0.00000     0.00000     0.00000     0.00000     0.00000     0.00000     0.00000     0.00000     0.00000     0.00000     0.00000     0.00000     0.00000     0.00000     0.00000     0.00000     0.00000     0.00000     0.00000     0.00000     0.00000     0.00000     0.00000     0.00000     0.00000     0.00000     0.00000     0.00000     0.00000     0.00000     0.00000     0.00000     0.00000     0.00000     0.00000     0.00000     0.00000     0.00000     0.00000     0.00000     0.00000     0.00000     0.00000     0.00000     0.00000     0.00000     0.00000     0.00000  -310.30682  -310.29974  -310.29269  -310.28561  -310.27853  -310.27148  -310.26440  -310.25732  -310.25024  -310.24319  -310.23611  -310.22903  -310.22198  -310.21490  -310.20782  -310.20078  -310.19370  -310.18661  -310.17953  -310.17249  -310.16541  -310.15833  -310.15128  -310.14420  -310.13712  -310.13004  -310.12299  -310.11591  -310.10883  -310.10178  -310.09470  -310.08762  -310.08057  -310.07349  -310.06641  -310.05933  -310.05228     0.00000     0.00000     0.00000     0.00000     0.00000     0.00000     0.00000     0.00000     0.00000     0.00000     0.00000     0.00000     0.00000     0.00000     0.00000     0.00000     0.00000     0.00000     0.00000     0.00000     0.00000     0.00000     0.00000     0.00000     0.00000     0.00000     0.00000     0.00000     0.00000     0.00000     0.00000     0.00000     0.00000     0.00000     0.00000     0.00000     0.00000     0.00000     0.00000     0.00000     0.00000     0.00000     0.00000     0.00000     0.00000     0.00000     0.00000     0.00000     0.00000     0.00000     0.00000     0.00000     0.00000     0.00000     0.00000     0.00000     0.00000     0.00000     0.00000     0.00000     0.00000     0.00000     0.00000     0.00000     0.00000     0.00000     0.00000     0.00000     0.00000     0.00000     0.00000     0.00000     0.00000     0.00000     0.00000     0.00000     0.00000     0.00000     0.00000     0.00000     0.00000     0.00000     0.00000     0.00000     0.00000     0.00000     0.00000     0.00000     0.00000     0.00000     0.00000     0.00000     0.00000     0.00000     0.00000     0.00000
     0.00000     0.00000     0.00000     0.00000     0.00000     0.00000     0.00000     0.00000     0.00000     0.00000     0.00000     0.00000     0.00000     0.00000     0.00000     0.00000     0.00000     0.00000     0.00000     0.00000     0.00000     0.00000     0.00000     0.00000     0.00000     0.00000     0.00000     0.00000     0.00000     0.00000     0.00000     0.00000     0.00000     0.00000     0.00000     0.00000     0.00000     0.00000     0.00000     0.00000     0.00000     0.00000     0.00000     0.00000     0.00000     0.00000     0.00000     0.00000     0.00000     0.00000     0.00000     0.00000     0.00000     0.00000     0.00000     0.00000     0.00000     0.00000     0.00000     0.00000     0.00000     0.00000     0.00000     0.00000     0.00000     0.00000     0.00000     0.00000     0.00000     0.00000     0.00000     0.00000     0.00000     0.00000     0.00000     0.00000     0.00000     0.00000     0.00000     0.00000     0.00000     0.00000     0.00000     0.00000     0.00000     0.00000     0.00000     0.00000     0.00000     0.00000     0.00000     0.00000     0.00000     0.00000     0.00000  -310.30682  -310.29974  -310.29269  -310.28561  -310.27853  -310.27148  -310.26440  -310.25732  -310.25024  -310.24319  -310.23611  -310.22903  -310.22198  -310.21490  -310.20782  -310.20078  -310.19370  -310.18661  -310.17953  -310.17249  -310.16541  -310.15833  -310.15128  -310.14420  -310.13712  -310.13004  -310.12299  -310.11591  -310.10883  -310.10178  -310.09470  -310.08762  -310.08057  -310.07349  -310.06641  -310.05933  -310.05228  -310.04520  -310.03812     0.00000     0.00000     0.00000     0.00000     0.00000     0.00000     0.00000     0.00000     0.00000     0.00000     0.00000     0.00000     0.00000     0.00000     0.00000     0.00000     0.00000     0.00000     0.00000     0.00000     0.00000     0.00000     0.00000     0.00000     0.00000     0.00000     0.00000     0.00000     0.00000     0.00000     0.00000     0.00000     0.00000     0.00000     0.00000     0.00000     0.00000     0.00000     0.00000     0.00000     0.00000     0.00000     0.00000     0.00000     0.00000     0.00000     0.00000     0.00000     0.00000     0.00000     0.00000     0.00000     0.00000     0.00000     0.00000     0.00000     0.00000     0.00000     0.00000     0.00000     0.00000     0.00000     0.00000     0.00000     0.00000     0.00000     0.00000     0.00000     0.00000     0.00000     0.00000     0.00000     0.00000     0.00000     0.00000     0.00000     0.00000     0.00000     0.00000     0.00000     0.00000     0.00000     0.00000     0.00000     0.00000     0.00000     0.00000     0.00000     0.00000     0.00000     0.00000     0.00000     0.00000     0.00000     0.00000
     0.00000     0.00000     0.00000     0.00000     0.00000     0.00000     0.00000     0.00000     0.00000     0.00000     0.00000     0.00000     0.00000     0.00000     0.00000     0.00000     0.00000     0.00000     0.00000     0.00000     0.00000     0.00000     0.00000     0.00000     0.00000     0.00000     0.00000     0.00000     0.00000     0.00000     0.00000     0.00000     0.00000     0.00000     0.00000     0.00000     0.00000     0.00000     0.00000     0.00000     0.00000     0.00000     0.00000     0.00000     0.00000     0.00000     0.00000     0.00000     0.00000     0.00000     0.00000     0.00000     0.00000     0.00000     0.00000     0.00000     0.00000     0.00000     0.00000     0.00000     0.00000     0.00000     0.00000     0.00000     0.00000     0.00000     0.00000     0.00000     0.00000     0.00000     0.00000     0.00000     0.00000     0.00000     0.00000     0.00000     0.00000     0.00000     0.00000     0.00000     0.00000     0.00000     0.00000     0.00000     0.00000     0.00000     0.00000     0.00000     0.00000     0.00000     0.00000     0.00000     0.00000     0.00000  -310.30682  -310.29974  -310.29269  -310.28561  -310.27853  -310.27148  -310.26440  -310.25732  -310.25024  -310.24319  -310.23611  -310.22903  -310.22198  -310.21490  -310.20782  -310.20078  -310.19370  -310.18661  -310.17953  -310.17249  -310.16541  -310.15833  -310.15128  -310.14420  -310.13712  -310.13004  -310.12299  -310.11591  -310.10883  -310.10178  -310.09470  -310.08762  -310.08057  -310.07349  -310.06641  -310.05933  -310.05228  -310.04520  -310.03812  -310.03107  -310.02399     0.00000     0.00000     0.00000     0.00000     0.00000     0.00000     0.00000     0.00000     0.00000     0.00000     0.00000     0.00000     0.00000     0.00000     0.00000     0.00000     0.00000     0.00000     0.00000     0.00000     0.00000     0.00000     0.00000     0.00000     0.00000     0.00000     0.00000     0.00000     0.00000     0.00000     0.00000     0.00000     0.00000     0.00000     0.00000     0.00000     0.00000     0.00000     0.00000     0.00000     0.00000     0.00000     0.00000     0.00000     0.00000     0.00000     0.00000     0.00000     0.00000     0.00000     0.00000     0.00000     0.00000     0.00000     0.00000     0.00000     0.00000     0.00000     0.00000     0.00000     0.00000     0.00000     0.00000     0.00000     0.00000     0.00000     0.00000     0.00000     0.00000     0.00000     0.00000     0.00000     0.00000     0.00000     0.00000     0.00000     0.00000     0.00000     0.00000     0.00000     0.00000     0.00000     0.00000     0.00000     0.00000     0.00000     0.00000     0.00000     0.00000     0.00000     0.00000     0.00000     0.00000     0.00000
     0.00000     0.00000     0.00000     0.00000     0.00000     0.00000     0.00000     0.00000     0.00000     0.00000     0.00000     0.00000     0.00000     0.00000     0.00000     0.00000     0.00000     0.00000     0.00000     0.00000     0.00000     0.00000     0.00000     0.00000     0.00000     0.00000     0.00000     0.00000     0.00000     0.00000     0.00000     0.00000     0.00000     0.00000     0.00000     0.00000     0.00000     0.00000     0.00000     0.00000     0.00000     0.00000     0.00000     0.00000     0.00000     0.00000     0.00000     0.00000     0.00000     0.00000     0.00000     0.00000     0.00000     0.00000     0.00000     0.00000     0.00000     0.00000     0.00000     0.00000     0.00000     0.00000     0.00000     0.00000     0.00000     0.00000     0.00000     0.00000     0.00000     0.00000     0.00000     0.00000     0.00000     0.00000     0.00000     0.00000     0.00000     0.00000     0.00000     0.00000     0.00000     0.00000     0.00000     0.00000     0.00000     0.00000     0.00000     0.00000     0.00000     0.00000     0.00000     0.00000     0.00000  -310.30682  -310.29974  -310.29269  -310.28561  -310.27853  -310.27148  -310.26440  -310.25732  -310.25024  -310.24319  -310.23611  -310.22903  -310.22198  -310.21490  -310.20782  -310.20078  -310.19370  -310.18661  -310.17953  -310.17249  -310.16541  -310.15833  -310.15128  -310.14420  -310.13712  -310.13004  -310.12299  -310.11591  -310.10883  -310.10178  -310.09470  -310.08762  -310.08057  -310.07349  -310.06641  -310.05933  -310.05228  -310.04520  -310.03812  -310.03107  -310.02399  -310.01691  -310.00986     0.00000     0.00000     0.00000     0.00000     0.00000     0.00000     0.00000     0.00000     0.00000     0.00000     0.00000     0.00000     0.00000     0.00000     0.00000     0.00000     0.00000     0.00000     0.00000     0.00000     0.00000     0.00000     0.00000     0.00000     0.00000     0.00000     0.00000     0.00000     0.00000     0.00000     0.00000     0.00000     0.00000     0.00000     0.00000     0.00000     0.00000     0.00000     0.00000     0.00000     0.00000     0.00000     0.00000     0.00000     0.00000     0.00000     0.00000     0.00000     0.00000     0.00000     0.00000     0.00000     0.00000     0.00000     0.00000     0.00000     0.00000     0.00000     0.00000     0.00000     0.00000     0.00000     0.00000     0.00000     0.00000     0.00000     0.00000     0.00000     0.00000     0.00000     0.00000     0.00000     0.00000     0.00000     0.00000     0.00000     0.00000     0.00000     0.00000     0.00000     0.00000     0.00000     0.00000     0.00000     0.00000     0.00000     0.00000     0.00000     0.00000     0.00000     0.00000     0.00000     0.00000
     0.00000     0.00000     0.00000     0.00000     0.00000     0.00000     0.00000     0.00000     0.00000     0.00000     0.00000     0.00000     0.00000     0.00000     0.00000     0.00000     0.00000     0.00000     0.00000     0.00000     0.00000     0.00000     0.00000     0.00000     0.00000     0.00000     0.00000     0.00000     0.00000     0.00000     0.00000     0.00000     0.00000     0.00000     0.00000     0.00000     0.00000     0.00000     0.00000     0.00000     0.00000     0.00000     0.00000     0.00000     0.00000     0.00000     0.00000     0.00000     0.00000     0.00000     0.00000     0.00000     0.00000     0.00000     0.00000     0.00000     0.00000     0.00000     0.00000     0.00000     0.00000     0.00000     0.00000     0.00000     0.00000     0.00000     0.00000     0.00000     0.00000     0.00000     0.00000     0.00000     0.00000     0.00000     0.00000     0.00000     0.00000     0.00000     0.00000     0.00000     0.00000     0.00000     0.00000     0.00000     0.00000     0.00000     0.00000     0.00000     0.00000     0.00000     0.00000     0.00000  -310.30682  -310.29974  -310.29269  -310.28561  -310.27853  -310.27148  -310.26440  -310.25732  -310.25024  -310.24319  -310.23611  -310.22903  -310.22198  -310.21490  -310.20782  -310.20078  -310.19370  -310.18661  -310.17953  -310.17249  -310.16541  -310.15833  -310.15128  -310.14420  -310.13712  -310.13004  -310.12299  -310.11591  -310.10883  -310.10178  -310.09470  -310.08762  -310.08057  -310.07349  -310.06641  -310.05933  -310.05228  -310.04520  -310.03812  -310.03107  -310.02399  -310.01691  -310.00986  -310.00278   694.29980     0.00000     0.00000     0.00000     0.00000     0.00000     0.00000     0.00000     0.00000     0.00000     0.00000     0.00000     0.00000     0.00000     0.00000     0.00000     0.00000     0.00000     0.00000     0.00000     0.00000     0.00000     0.00000     0.00000     0.00000     0.00000     0.00000     0.00000     0.00000     0.00000     0.00000     0.00000     0.00000     0.00000     0.00000     0.00000     0.00000     0.00000     0.00000     0.00000     0.00000     0.00000     0.00000     0.00000     0.00000     0.00000     0.00000     0.00000     0.00000     0.00000     0.00000     0.00000     0.00000     0.00000     0.00000     0.00000     0.00000     0.00000     0.00000     0.00000     0.00000     0.00000     0.00000     0.00000     0.00000     0.00000     0.00000     0.00000     0.00000     0.00000     0.00000     0.00000     0.00000     0.00000     0.00000     0.00000     0.00000     0.00000     0.00000     0.00000     0.00000     0.00000     0.00000     0.00000     0.00000     0.00000     0.00000     0.00000     0.00000     0.00000     0.00000     0.00000     0.00000
     0.00000     0.00000     0.00000     0.00000     0.00000     0.00000     0.00000     0.00000     0.00000     0.00000     0.00000     0.00000     0.00000     0.00000     0.00000     0.00000     0.00000     0.00000     0.00000     0.00000     0.00000     0.00000     0.00000     0.00000     0.00000     0.00000     0.00000     0.00000     0.00000     0.00000     0.00000     0.00000     0.00000     0.00000     0.00000     0.00000     0.00000     0.00000     0.00000     0.00000     0.00000     0.00000     0.00000     0.00000     0.00000     0.00000     0.00000     0.00000     0.00000     0.00000     0.00000     0.00000     0.00000     0.00000     0.00000     0.00000     0.00000     0.00000     0.00000     0.00000     0.00000     0.00000     0.00000     0.00000     0.00000     0.00000     0.00000     0.00000     0.00000     0.00000     0.00000     0.00000     0.00000     0.00000     0.00000     0.00000     0.00000     0.00000     0.00000     0.00000     0.00000     0.00000     0.00000     0.00000     0.00000     0.00000     0.00000     0.00000     0.00000     0.00000     0.00000  -310.30682  -310.29974  -310.29269  -310.28561  -310.27853  -310.27148  -310.26440  -310.25732  -310.25024  -310.24319  -310.23611  -310.22903  -310.22198  -310.21490  -310.20782  -310.20078  -310.19370  -310.18661  -310.17953  -310.17249  -310.16541  -310.15833  -310.15128  -310.14420  -310.13712  -310.13004  -310.12299  -310.11591  -310.10883  -310.10178  -310.09470  -310.08762  -310.08057  -310.07349  -310.06641  -310.05933  -310.05228  -310.04520  -310.03812  -310.03107  -310.02399  -310.01691  -310.00986  -310.00278   694.29980   701.37085   708.44196     0.00000     0.00000     0.00000     0.00000     0.00000     0.00000     0.00000     0.00000     0.00000     0.00000     0.00000     0.00000     0.00000     0.00000     0.00000     0.00000     0.00000     0.00000     0.00000     0.00000     0.00000     0.00000     0.00000     0.00000     0.00000     0.00000     0.00000     0.00000     0.00000     0.00000     0.00000     0.00000     0.00000     0.00000     0.00000     0.00000     0.00000     0.00000     0.00000     0.00000     0.00000     0.00000     0.00000     0.00000     0.00000     0.00000     0.00000     0.00000     0.00000     0.00000     0.00000     0.00000     0.00000     0.00000     0.00000     0.00000     0.00000     0.00000     0.00000     0.00000     0.00000     0.00000     0.00000     0.00000     0.00000     0.00000     0.00000     0.00000     0.00000     0.00000     0.00000     0.00000     0.00000     0.00000     0.00000     0.00000     0.00000     0.00000     0.00000     0.00000     0.00000     0.00000     0.00000     0.00000     0.00000     0.00000     0.00000     0.00000     0.00000     0.00000     0.00000
     0.00000     0.00000     0.00000     0.00000     0.00000     0.00000     0.00000     0.00000     0.00000     0.00000     0.00000     0.00000     0.00000     0.00000     0.00000     0.00000     0.00000     0.00000     0.00000     0.00000     0.00000     0.00000     0.00000     0.00000     0.00000     0.00000     0.00000     0.00000     0.00000     0.00000     0.00000     0.00000     0.00000     0.00000     0.00000     0.00000     0.00000     0.00000     0.00000     0.00000     0.00000     0.00000     0.00000     0.00000     0.00000     0.00000     0.00000     0.00000     0.00000     0.00000     0.00000     0.00000     0.00000     0.00000     0.00000     0.00000     0.00000     0.00000     0.00000     0.00000     0.00000     0.00000     0.00000     0.00000     0.00000     0.00000     0.00000     0.00000     0.00000     0.00000     0.00000     0.00000     0.00000     0.00000     0.00000     0.00000     0.00000     0.00000     0.00000     0.00000     0.00000     0.00000     0.00000     0.00000     0.00000     0.00000     0.00000     0.00000     0.00000     0.00000  -310.30682  -310.29974  -310.29269  -310.28561  -310.27853  -310.27148  -310.26440  -310.25732  -310.25024  -310.24319  -310.23611  -310.22903  -310.22198  -310.21490  -310.20782  -310.20078  -310.19370  -310.18661  -310.17953  -310.17249  -310.16541  -310.15833  -310.15128  -310.14420  -310.13712  -310.13004  -310.12299  -310.11591  -310.10883  -310.10178  -310.09470  -310.08762  -310.08057  -310.07349  -310.06641  -310.05933  -310.05228  -310.04520  -310.03812  -310.03107  -310.02399  -310.01691  -310.00986  -310.00278   694.29980   701.37085   708.44196   715.51300   722.58411     0.00000     0.00000     0.00000     0.00000     0.00000     0.00000     0.00000     0.00000     0.00000     0.00000     0.00000     0.00000     0.00000     0.00000     0.00000     0.00000     0.00000     0.00000     0.00000     0.00000     0.00000     0.00000     0.00000     0.00000     0.00000     0.00000     0.00000     0.00000     0.00000     0.00000     0.00000     0.00000     0.00000     0.00000     0.00000     0.00000     0.00000     0.00000     0.00000     0.00000     0.00000     0.00000     0.00000     0.00000     0.00000     0.00000     0.00000     0.00000     0.00000     0.00000     0.00000     0.00000     0.00000     0.00000     0.00000     0.00000     0.00000     0.00000     0.00000     0.00000     0.00000     0.00000     0.00000     0.00000     0.00000     0.00000     0.00000     0.00000     0.00000     0.00000     0.00000     0.00000     0.00000     0.00000     0.00000     0.00000     0.00000     0.00000     0.00000     0.00000     0.00000     0.00000     0.00000     0.00000     0.00000     0.00000     0.00000     0.00000     0.00000     0.00000
     0.00000     0.00000     0.00000     0.00000     0.00000     0.00000     0.00000     0.00000     0.00000     0.00000     0.00000     0.00000     0.00000     0.00000     0.00000     0.00000     0.00000     0.00000     0.00000     0.00000     0.00000     0.00000     0.00000     0.00000     0.00000     0.00000     0.00000     0.00000     0.00000     0.00000     0.00000     0.00000     0.00000     0.00000     0.00000     0.00000     0.00000     0.00000     0.00000     0.00000     0.00000     0.00000     0.00000     0.00000     0.00000     0.00000     0.00000     0.00000     0.00000     0.00000     0.00000     0.00000     0.00000     0.00000     0.00000     0.00000     0.00000     0.00000     0.00000     0.00000     0.00000     0.00000     0.00000     0.00000     0.00000     0.00000     0.00000     0.00000     0.00000     0.00000     0.00000     0.00000     0.00000     0.00000     0.00000     0.00000     0.00000     0.00000     0.00000     0.00000     0.00000     0.00000     0.00000     0.00000     0.00000     0.00000     0.00000     0.00000     0.00000  -310.30682  -310.29974  -310.29269  -310.28561  -310.27853  -310.27148  -310.26440  -310.25732  -310.25024  -310.24319  -310.23611  -310.22903  -310.22198  -310.21490  -310.20782  -310.20078  -310.19370  -310.18661  -310.17953  -310.17249  -310.16541  -310.15833  -310.15128  -310.14420  -310.13712  -310.13004  -310.12299  -310.11591  -310.10883  -310.10178  -310.09470  -310.08762  -310.08057  -310.07349  -310.06641  -310.05933  -310.05228  -310.04520  -310.03812  -310.03107  -310.02399  -310.01691  -310.00986  -310.00278   694.29980   701.37085   708.44196   715.51300   722.58411   729.65515   736.72620     0.00000     0.00000     0.00000     0.00000     0.00000     0.00000     0.00000     0.00000     0.00000     0.00000     0.00000     0.00000     0.00000     0.00000     0.00000     0.00000     0.00000     0.00000     0.00000     0.00000     0.00000     0.00000     0.00000     0.00000     0.00000     0.00000     0.00000     0.00000     0.00000     0.00000     0.00000     0.00000     0.00000     0.00000     0.00000     0.00000     0.00000     0.00000     0.00000     0.00000     0.00000     0.00000     0.00000     0.00000     0.00000     0.00000     0.00000     0.00000     0.00000     0.00000     0.00000     0.00000     0.00000     0.00000     0.00000     0.00000     0.00000     0.00000     0.00000     0.00000     0.00000     0.00000     0.00000     0.00000     0.00000     0.00000     0.00000     0.00000     0.00000     0.00000     0.00000     0.00000     0.00000     0.00000     0.00000     0.00000     0.00000     0.00000     0.00000     0.00000     0.00000     0.00000     0.00000     0.00000     0.00000     0.00000     0.00000     0.00000     0.00000
     0.00000     0.00000     0.00000     0.00000     0.00000     0.00000     0.00000     0.00000     0.00000     0.00000     0.00000     0.00000     0.00000     0.00000     0.00000     0.00000     0.00000     0.00000     0.00000     0.00000     0.00000     0.00000     0.00000     0.00000     0.00000     0.00000     0.00000     0.00000     0.00000     0.00000     0.00000     0.00000     0.00000     0.00000     0.00000     0.00000     0.00000     0.00000     0.00000     0.00000     0.00000     0.00000     0.00000     0.00000     0.00000     0.00000     0.00000     0.00000     0.00000     0.00000     0.00000     0.00000     0.00000     0.00000     0.00000     0.00000     0.00000     0.00000     0.00000     0.00000     0.00000     0.00000     0.00000     0.00000     0.00000     0.00000     0.00000     0.00000     0.00000     0.00000     0.00000     0.00000     0.00000     0.00000     0.00000     0.00000     0.00000     0.00000     0.00000     0.00000     0.00000     0.00000     0.00000     0.00000     0.00000     0.00000     0.00000     0.00000  -310.30682  -310.29974  -310.29269  -310.28561  -310.27853  -310.27148  -310.26440  -310.25732  -310.25024  -310.24319  -310.23611  -310.22903  -310.22198  -310.21490  -310.20782  -310.20078  -310.19370  -310.18661  -310.17953  -310.17249  -310.16541  -310.15833  -310.15128  -310.14420  -310.13712  -310.13004  -310.12299  -310.11591  -310.10883  -310.10178  -310.09470  -310.08762  -310.08057  -310.07349  -310.06641  -310.05933  -310.05228  -310.04520  -310.03812  -310.03107  -310.02399  -310.01691  -310.00986  -310.00278   694.29980   701.37085   708.44196   715.51300   722.58411   729.65515   736.72620   743.79724   750.86835     0.00000     0.00000     0.00000     0.00000     0.00000     0.00000     0.00000     0.00000     0.00000     0.00000     0.00000     0.00000     0.00000     0.00000     0.00000     0.00000     0.00000     0.00000     0.00000     0.00000     0.00000     0.00000     0.00000     0.00000     0.00000     0.00000     0.00000     0.00000     0.00000     0.00000     0.00000     0.00000     0.00000     0.00000     0.00000     0.00000     0.00000     0.00000     0.00000     0.00000     0.00000     0.00000     0.00000     0.00000     0.00000     0.00000     0.00000     0.00000     0.00000     0.00000     0.00000     0.00000     0.00000     0.00000     0.00000     0.00000     0.00000     0.00000     0.00000     0.00000     0.00000     0.00000     0.00000     0.00000     0.00000     0.00000     0.00000     0.00000     0.00000     0.00000     0.00000     0.00000     0.00000     0.00000     0.00000     0.00000     0.00000     0.00000     0.00000     0.00000     0.00000     0.00000     0.00000     0.00000     0.00000     0.00000     0.00000     0.00000
     0.00000     0.00000     0.00000     0.00000     0.00000     0.00000     0.00000     0.00000     0.00000     0.00000     0.00000     0.00000     0.00000     0.00000     0.00000     0.00000     0.00000     0.00000     0.00000     0.00000     0.00000     0.00000     0.00000     0.00000     0.00000     0.00000     0.00000     0.00000     0.00000     0.00000     0.00000     0.00000     0.00000     0.00000     0.00000     0.00000     0.00000     0.00000     0.00000     0.00000     0.00000     0.00000     0.00000     0.00000     0.00000     0.00000     0.00000     0.00000     0.00000     0.00000     0.00000     0.00000     0.00000     0.00000     0.00000     0.00000     0.00000     0.00000     0.00000     0.00000     0.00000     0.00000     0.00000     0.00000     0.00000     0.00000     0.00000     0.00000     0.00000     0.00000     0.00000     0.00000     0.00000     0.00000     0.00000     0.00000     0.00000     0.00000     0.00000     0.00000     0.00000     0.00000     0.00000     0.00000     0.00000     0.00000     0.00000  -310.30682  -310.29974  -310.29269  -310.28561  -310.27853  -310.27148  -310.26440  -310.25732  -310.25024  -310.24319  -310.23611  -310.22903  -310.22198  -310.21490  -310.20782  -310.20078  -310.19370  -310.18661  -310.17953  -310.17249  -310.16541  -310.15833  -310.15128  -310.14420  -310.13712  -310.13004  -310.12299  -310.11591  -310.10883  -310.10178  -310.09470  -310.08762  -310.08057  -310.07349  -310.06641  -310.05933  -310.05228  -310.04520  -310.03812  -310.03107  -310.02399  -310.01691  -310.00986  -310.00278   694.29980   701.37085   708.44196   715.51300   722.58411   729.65515   736.72620   743.79724   750.86835   757.93945   765.01050     0.00000     0.00000     0.00000     0.00000     0.00000     0.00000     0.00000     0.00000     0.00000     0.00000     0.00000     0.00000     0.00000     0.00000     0.00000     0.00000     0.00000     0.00000     0.00000     0.00000     0.00000     0.00000     0.00000     0.00000     0.00000     0.00000     0.00000     0.00000     0.00000     0.00000     0.00000     0.00000     0.00000     0.00000     0.00000     0.00000     0.00000     0.00000     0.00000     0.00000     0.00000     0.00000     0.00000     0.00000     0.00000     0.00000     0.00000     0.00000     0.00000     0.00000     0.00000     0.00000     0.00000     0.00000     0.00000     0.00000     0.00000     0.00000     0.00000     0.00000     0.00000     0.00000     0.00000     0.00000     0.00000     0.00000     0.00000     0.00000     0.00000     0.00000     0.00000     0.00000     0.00000     0.00000     0.00000     0.00000     0.00000     0.00000     0.00000     0.00000     0.00000     0.00000     0.00000     0.00000     0.00000     0.00000     0.00000
     0.00000     0.00000     0.00000     0.00000     0.00000     0.00000     0.00000     0.00000     0.00000     0.00000     0.00000     0.00000     0.00000     0.00000     0.00000     0.00000     0.00000     0.00000     0.00000     0.00000     0.00000     0.00000     0.00000     0.00000     0.00000     0.00000     0.00000     0.00000     0.00000     0.00000     0.00000     0.00000     0.00000     0.00000     0.00000     0.00000     0.00000     0.00000     0.00000     0.00000     0.00000     0.00000     0.00000     0.00000     0.00000     0.00000     0.00000     0.00000     0.00000     0.00000     0.00000     0.00000     0.00000     0.00000     0.00000     0.00000     0.00000     0.00000     0.00000     0.00000     0.00000     0.00000     0.00000     0.00000     0.00000     0.00000     0.00000     0.00000     0.00000     0.00000     0.00000     0.00000     0.00000     0.00000     0.00000     0.00000     0.00000     0.00000     0.00000     0.00000     0.00000     0.00000     0.00000     0.00000     0.00000     0.00000  -310.30682  -310.29974  -310.29269  -310.28561  -310.27853  -310.27148  -310.26440  -310.25732  -310.25024  -310.24319  -310.23611  -310.22903  -310.22198  -310.21490  -310.20782  -310.20078  -310.19370  -310.18661  -310.17953  -310.17249  -310.16541  -310.15833  -310.15128  -310.14420  -310.13712  -310.13004  -310.12299  -310.11591  -310.10883  -310.10178  -310.09470  -310.08762  -310.08057  -310.07349  -310.06641  -310.05933  -310.05228  -310.04520  -310.03812  -310.03107  -310.02399  -310.01691  -310.00986  -310.00278   694.29980   701.37085   708.44196   715.51300   722.58411   729.65515   736.72620   743.79724   750.86835   757.93945   765.01050   772.08154   779.15259     0.00000     0.00000     0.00000     0.00000     0.00000     0.00000     0.00000     0.00000     0.00000     0.00000     0.00000     0.00000     0.00000     0.00000     0.00000     0.00000     0.00000     0.00000     0.00000     0.00000     0.00000     0.00000     0.00000     0.00000     0.00000     0.00000     0.00000     0.00000     0.00000     0.00000     0.00000     0.00000     0.00000     0.00000     0.00000     0.00000     0.00000     0.00000     0.00000     0.00000     0.00000     0.00000     0.00000     0.00000     0.00000     0.00000     0.00000     0.00000     0.00000     0.00000     0.00000     0.00000     0.00000     0.00000     0.00000     0.00000     0.00000     0.00000     0.00000     0.00000     0.00000     0.00000     0.00000     0.00000     0.00000     0.00000     0.00000     0.00000     0.00000     0.00000     0.00000     0.00000     0.00000     0.00000     0.00000     0.00000     0.00000     0.00000     0.00000     0.00000     0.00000     0.00000     0.00000     0.00000     0.00000     0.00000
     0.00000     0.00000     0.00000     0.00000     0.00000     0.00000     0.00000     0.00000     0.00000     0.00000     0.00000     0.00000     0.00000     0.00000     0.00000     0.00000     0.00000     0.00000     0.00000     0.00000     0.00000     0.00000     0.00000     0.00000     0.00000     0.00000     0.00000     0.00000     0.00000     0.00000     0.00000     0.00000     0.00000     0.00000     0.00000     0.00000     0.00000     0.00000     0.00000     0.00000     0.00000     0.00000     0.00000     0.00000     0.00000     0.00000     0.00000     0.00000     0.00000     0.00000     0.00000     0.00000     0.00000     0.00000     0.00000     0.00000     0.00000     0.00000     0.00000     0.00000     0.00000     0.00000     0.00000     0.00000     0.00000     0.00000     0.00000     0.00000     0.00000     0.00000     0.00000     0.00000     0.00000     0.00000     0.00000     0.00000     0.00000     0.00000     0.00000     0.00000     0.00000     0.00000     0.00000     0.00000     0.00000  -310.30682  -310.29974  -310.29269  -310.28561  -310.27853  -310.27148  -310.26440  -310.25732  -310.25024  -310.24319  -310.23611  -310.22903  -310.22198  -310.21490  -310.20782  -310.20078  -310.19370  -310.18661  -310.17953  -310.17249  -310.16541  -310.15833  -310.15128  -310.14420  -310.13712  -310.13004  -310.12299  -310.11591  -310.10883  -310.10178  -310.09470  -310.08762  -310.08057  -310.07349  -310.06641  -310.05933  -310.05228  -310.04520  -310.03812  -310.03107  -310.02399  -310.01691  -310.00986  -310.00278   694.29980   701.37085   708.44196   715.51300   722.58411   729.65515   736.72620   743.79724   750.86835   757.93945   765.01050   772.08154   779.15259   786.22369   793.29480     0.00000     0.00000     0.00000     0.00000     0.00000     0.00000     0.00000     0.00000     0.00000     0.00000     0.00000     0.00000     0.00000     0.00000     0.00000     0.00000     0.00000     0.00000     0.00000     0.00000     0.00000     0.00000     0.00000     0.00000     0.00000     0.00000     0.00000     0.00000     0.00000     0.00000     0.00000     0.00000     0.00000     0.00000     0.00000     0.00000     0.00000     0.00000     0.00000     0.00000     0.00000     0.00000     0.00000     0.00000     0.00000     0.00000     0.00000     0.00000     0.00000     0.00000     0.00000     0.00000     0.00000     0.00000     0.00000     0.00000     0.00000     0.00000     0.00000     0.00000     0.00000     0.00000     0.00000     0.00000     0.00000     0.00000     0.00000     0.00000     0.00000     0.00000     0.00000     0.00000     0.00000     0.00000     0.00000     0.00000     0.00000     0.00000     0.00000     0.00000     0.00000     0.00000     0.00000     0.00000     0.00000
     0.00000     0.00000     0.00000     0.00000     0.00000     0.00000     0.00000     0.00000     0.00000     0.00000     0.00000     0.00000     0.00000     0.00000     0.00000     0.00000     0.00000     0.00000     0.00000     0.00000     0.00000     0.00000     0.00000     0.00000     0.00000     0.00000     0.00000     0.00000     0.00000     0.00000     0.00000     0.00000     0.00000     0.00000     0.00000     0.00000     0.00000     0.00000     0.00000     0.00000     0.00000     0.00000     0.00000     0.00000     0.00000     0.00000     0.00000     0.00000     0.00000     0.00000     0.00000     0.00000     0.00000     0.00000     0.00000     0.00000     0.00000     0.00000     0.00000     0.00000     0.00000     0.00000     0.00000     0.00000     0.00000     0.00000     0.00000     0.00000     0.00000     0.00000     0.00000     0.00000     0.00000     0.00000     0.00000     0.00000     0.00000     0.00000     0.00000     0.00000     0.00000     0.00000     0.00000     0.00000  -310.30682  -310.29974  -310.29269  -310.28561  -310.27853  -310.27148  -310.26440  -310.25732  -310.25024  -310.24319  -310.23611  -310.22903  -310.22198  -310.21490  -310.20782  -310.20078  -310.19370  -310.18661  -310.17953  -310.17249  -310.16541  -310.15833  -310.15128  -310.14420  -310.13712  -310.13004  -310.12299  -310.11591  -310.10883  -310.10178  -310.09470  -310.08762  -310.08057  -310.07349  -310.06641  -310.05933  -310.05228  -310.04520  -310.03812  -310.03107  -310.02399  -310.01691  -310.00986  -310.00278   694.29980   701.37085   708.44196   715.51300   722.58411   729.65515   736.72620   743.79724   750.86835   757.93945   765.01050   772.08154   779.15259   786.22369   793.29480   800.36584   807.43689     0.00000     0.00000     0.00000     0.00000     0.00000     0.00000     0.00000     0.00000     0.00000     0.00000     0.00000     0.00000     0.00000     0.00000     0.00000     0.00000     0.00000     0.00000     0.00000     0.00000     0.00000     0.00000     0.00000     0.00000     0.00000     0.00000     0.00000     0.00000     0.00000     0.00000     0.00000     0.00000     0.00000     0.00000     0.00000     0.00000     0.00000     0.00000     0.00000     0.00000     0.00000     0.00000     0.00000     0.00000     0.00000     0.00000     0.00000     0.00000     0.00000     0.00000     0.00000     0.00000     0.00000     0.00000     0.00000     0.00000     0.00000     0.00000     0.00000     0.00000     0.00000     0.00000     0.00000     0.00000     0.00000     0.00000     0.00000     0.00000     0.00000     0.00000     0.00000     0.00000     0.00000     0.00000     0.00000     0.00000     0.00000     0.00000     0.00000     0.00000     0.00000     0.00000     0.00000     0.00000
     0.00000     0.00000     0.00000     0.00000     0.00000     0.00000     0.00000     0.00000     0.00000     0.00000     0.00000     0.00000     0.00000     0.00000     0.00000     0.00000     0.00000     0.00000     0.00000     0.00000     0.00000     0.00000     0.00000     0.00000     0.00000     0.00000     0.00000     0.00000     0.00000     0.00000     0.00000     0.00000     0.00000     0.00000     0.00000     0.00000     0.00000     0.00000     0.00000     0.00000     0.00000     0.00000     0.00000     0.00000     0.00000     0.00000     0.00000     0.00000     0.00000     0.00000     0.00000     0.00000     0.00000     0.00000     0.00000     0.00000     0.00000     0.00000     0.00000     0.00000     0.00000     0.00000     0.00000     0.00000     0.00000     0.00000     0.00000     0.00000     0.00000     0.00000     0.00000     0.00000     0.00000     0.00000     0.00000     0.00000     0.00000     0.00000     0.00000     0.00000     0.00000     0.00000     0.00000  -310.30682  -310.29974  -310.29269  -310.28561  -310.27853  -310.27148  -310.26440  -310.25732  -310.25024  -310.24319  -310.23611  -310.22903  -310.22198  -310.21490  -310.20782  -310.20078  -310.19370  -310.18661  -310.17953  -310.17249  -310.16541  -310.15833  -310.15128  -310.14420  -310.13712  -310.13004  -310.12299  -310.11591  -310.10883  -310.10178  -310.09470  -310.08762  -310.08057  -310.07349  -310.06641  -310.05933  -310.05228  -310.04520  -310.03812  -310.03107  -310.02399  -310.01691  -310.00986  -310.00278   694.29980   701.37085   708.44196   715.51300   722.58411   729.65515   736.72620   743.79724   750.86835   757.93945   765.01050   772.08154   779.15259   786.22369   793.29480   800.36584   807.43689   814.50793   821.57904     0.00000     0.00000     0.00000     0.00000     0.00000     0.00000     0.00000     0.00000     0.00000     0.00000     0.00000     0.00000     0.00000     0.00000     0.00000     0.00000     0.00000     0.00000     0.00000     0.00000     0.00000     0.00000     0.00000     0.00000     0.00000     0.00000     0.00000     0.00000     0.00000     0.00000     0.00000     0.00000     0.00000     0.00000     0.00000     0.00000     0.00000     0.00000     0.00000     0.00000     0.00000     0.00000     0.00000     0.00000     0.00000     0.00000     0.00000     0.00000     0.00000     0.00000     0.00000     0.00000     0.00000     0.00000     0.00000     0.00000     0.00000     0.00000     0.00000     0.00000     0.00000     0.00000     0.00000     0.00000     0.00000     0.00000     0.00000     0.00000     0.00000     0.00000     0.00000     0.00000     0.00000     0.00000     0.00000     0.00000     0.00000     0.00000     0.00000     0.00000     0.00000     0.00000     0.00000
     0.00000     0.00000     0.00000     0.00000     0.00000     0.00000     0.00000     0.00000     0.00000     0.00000     0.00000     0.00000     0.00000     0.00000     0.00000     0.00000     0.00000     0.00000     0.00000     0.00000     0.00000     0.00000     0.00000     0.00000     0.00000     0.00000     0.00000     0.00000     0.00000     0.00000     0.00000     0.00000     0.00000     0.00000     0.00000     0.00000     0.00000     0.00000     0.00000     0.00000     0.00000     0.00000     0.00000     0.00000     0.00000     0.00000     0.00000     0.00000     0.00000     0.00000     0.00000     0.00000     0.00000     0.00000     0.00000     0.00000     0.00000     0.00000     0.00000     0.00000     0.00000     0.00000     0.00000     0.00000     0.00000     0.00000     0.00000     0.00000     0.00000     0.00000     0.00000     0.00000     0.00000     0.00000     0.00000     0.00000     0.00000     0.00000     0.00000     0.00000     0.00000     0.00000  -310.30682  -310.29974  -310.29269  -310.28561  -310.27853  -310.27148  -310.26440  -310.25732  -310.25024  -310.24319  -310.23611  -310.22903  -310.22198  -310.21490  -310.20782  -310.20078  -310.19370  -310.18661  -310.17953  -310.17249  -310.16541  -310.15833  -310.15128  -310.14420  -310.13712  -310.13004  -310.12299  -310.11591  -310.10883  -310.10178  -310.09470  -310.08762  -310.08057  -310.07349  -310.06641  -310.05933  -310.05228  -310.04520  -310.03812  -310.03107  -310.02399  -310.01691  -310.00986  -310.00278   694.29980   701.37085   708.44196   715.51300   722.58411   729.65515   736.72620   743.79724   750.86835   757.93945   765.01050   772.08154   779.15259   786.22369   793.29480   800.36584   807.43689   814.50793   821.57904   828.65009   835.72119     0.00000     0.00000     0.00000     0.00000     0.00000     0.00000     0.00000     0.00000     0.00000     0.00000     0.00000     0.00000     0.00000     0.00000     0.00000     0.00000     0.00000     0.00000     0.00000     0.00000     0.00000     0.00000     0.00000     0.00000     0.00000     0.00000     0.00000     0.00000     0.00000     0.00000     0.00000     0.00000     0.00000     0.00000     0.00000     0.00000     0.00000     0.00000     0.00000     0.00000     0.00000     0.00000     0.00000     0.00000     0.00000     0.00000     0.00000     0.00000     0.00000     0.00000     0.00000     0.00000     0.00000     0.00000     0.00000     0.00000     0.00000     0.00000     0.00000     0.00000     0.00000     0.00000     0.00000     0.00000     0.00000     0.00000     0.00000     0.00000     0.00000     0.00000     0.00000     0.00000     0.00000     0.00000     0.00000     0.00000     0.00000     0.00000     0.00000     0.00000     0.00000     0.00000
     0.00000     0.00000     0.00000     0.00000     0.00000     0.00000     0.00000     0.00000     0.00000     0.00000     0.00000     0.00000     0.00000     0.00000     0.00000     0.00000     0.00000     0.00000     0.00000     0.00000     0.00000     0.00000     0.00000     0.00000     0.00000     0.00000     0.00000     0.00000     0.00000     0.00000     0.00000     0.00000     0.00000     0.00000     0.00000     0.00000     0.00000     0.00000     0.00000     0.00000     0.00000     0.00000     0.00000     0.00000     0.00000     0.00000     0.00000     0.00000     0.00000     0.00000     0.00000     0.00000     0.00000     0.00000     0.00000     0.00000     0.00000     0.00000     0.00000     0.00000     0.00000     0.00000     0.00000     0.00000     0.00000     0.00000     0.00000     0.00000     0.00000     0.00000     0.00000     0.00000     0.00000     0.00000     0.00000     0.00000     0.00000     0.00000     0.00000     0.00000     0.00000  -310.30682  -310.29974  -310.29269  -310.28561  -310.27853  -310.27148  -310.26440  -310.25732  -310.25024  -310.24319  -310.23611  -310.22903  -310.22198  -310.21490  -310.20782  -310.20078  -310.19370  -310.18661  -310.17953  -310.17249  -310.16541  -310.15833  -310.15128  -310.14420  -310.13712  -310.13004  -310.12299  -310.11591  -310.10883  -310.10178  -310.09470  -310.08762  -310.08057  -310.07349  -310.06641  -310.05933  -310.05228  -310.04520  -310.03812  -310.03107  -310.02399  -310.01691  -310.00986  -310.00278   694.29980   701.37085   708.44196   715.51300   722.58411   729.65515   736.72620   743.79724   750.86835   757.93945   765.01050   772.08154   779.15259   786.22369   793.29480   800.36584   807.43689   814.50793   821.57904   828.65009   835.72119   842.79224   849.86328     0.00000     0.00000     0.00000     0.00000     0.00000     0.00000     0.00000     0.00000     0.00000     0.00000     0.00000     0.00000     0.00000     0.00000     0.00000     0.00000     0.00000     0.00000     0.00000     0.00000     0.00000     0.00000     0.00000     0.00000     0.00000     0.00000     0.00000     0.00000     0.00000     0.00000     0.00000     0.00000     0.00000     0.00000     0.00000     0.00000     0.00000     0.00000     0.00000     0.00000     0.00000     0.00000     0.00000     0.00000     0.00000     0.00000     0.00000     0.00000     0.00000     0.00000     0.00000     0.00000     0.00000     0.00000     0.00000     0.00000     0.00000     0.00000     0.00000     0.00000     0.00000     0.00000     0.00000     0.00000     0.00000     0.00000     0.00000     0.00000     0.00000     0.00000     0.00000     0.00000     0.00000     0.00000     0.00000     0.00000     0.00000     0.00000     0.00000     0.00000     0.00000
     0.00000     0.00000     0.00000     0.00000     0.00000     0.00000     0.00000     0.00000     0.00000     0.00000     0.00000     0.00000     0.00000     0.00000     0.00000     0.00000     0.00000     0.00000     0.00000     0.00000     0.00000     0.00000     0.00000     0.00000     0.00000     0.00000     0.00000     0.00000     0.00000     0.00000     0.00000     0.00000     0.00000     0.00000     0.00000     0.00000     0.00000     0.00000     0.00000     0.00000     0.00000     0.00000     0.00000     0.00000     0.00000     0.00000     0.00000     0.00000     0.00000     0.00000     0.00000     0.00000     0.00000     0.00000     0.00000     0.00000     0.00000     0.00000     0.00000     0.00000     0.00000     0.00000     0.00000     0.00000     0.00000     0.00000     0.00000     0.00000     0.00000     0.00000     0.00000     0.00000     0.00000     0.00000     0.00000     0.00000     0.00000     0.00000     0.00000     0.00000  -310.30682  -310.29974  -310.29269  -310.28561  -310.27853  -310.27148  -310.26440  -310.25732  -310.25024  -310.24319  -310.23611  -310.22903  -310.22198  -310.21490  -310.20782  -310.20078  -310.19370  -310.18661  -310.17953  -310.17249  -310.16541  -310.15833  -310.15128  -310.14420  -310.13712  -310.13004  -310.12299  -310.11591  -310.10883  -310.10178  -310.09470  -310.08762  -310.08057  -310.07349  -310.06641  -310.05933  -310.05228  -310.04520  -310.03812  -310.03107  -310.02399  -310.01691  -310.00986  -310.00278   694.29980   701.37085   708.44196   715.51300   722.58411   729.65515   736.72620   743.79724   750.86835   757.93945   765.01050   772.08154   779.15259   786.22369   793.29480   800.36584   807.43689   814.50793   821.57904   828.65009   835.72119   842.79224   849.86328   856.93433   864.00543     0.00000     0.00000     0.00000     0.00000     0.00000     0.00000     0.00000     0.00000     0.00000     0.00000     0.00000     0.00000     0.00000     0.00000     0.00000     0.00000     0.00000     0.00000     0.00000     0.00000     0.00000     0.00000     0.00000     0.00000     0.00000     0.00000     0.00000     0.00000     0.00000     0.00000     0.00000     0.00000     0.00000     0.00000     0.00000     0.00000     0.00000     0.00000     0.00000     0.00000     0.00000     0.00000     0.00000     0.00000     0.00000     0.00000     0.00000     0.00000     0.00000     0.00000     0.00000     0.00000     0.00000     0.00000     0.00000     0.00000     0.00000     0.00000     0.00000     0.00000     0.00000     0.00000     0.00000     0.00000     0.00000     0.00000     0.00000     0.00000     0.00000     0.00000     0.00000     0.00000     0.00000     0.00000     0.00000     0.00000     0.00000     0.00000     0.00000     0.00000
     0.00000     0.00000     0.00000     0.00000     0.00000     0.00000     0.00000     0.00000     0.00000     0.00000     0.00000     0.00000     0.00000     0.00000     0.00000     0.00000     0.00000     0.00000     0.00000     0.00000     0.00000     0.00000     0.00000     0.00000     0.00000     0.00000     0.00000     0.00000     0.00000     0.00000     0.00000     0.00000     0.00000     0.00000     0.00000     0.00000     0.00000     0.00000     0.00000     0.00000     0.00000     0.00000     0.00000     0.00000     0.00000     0.00000     0.00000     0.00000     0.00000     0.00000     0.00000     0.00000     0.00000     0.00000     0.00000     0.00000     0.00000     0.00000     0.00000     0.00000     0.00000     0.00000     0.00000     0.00000     0.00000     0.00000     0.00000     0.00000     0.00000     0.00000     0.00000     0.00000     0.00000     0.00000     0.00000     0.00000     0.00000     0.00000     0.00000  -310.30682  -310.29974  -310.29269  -310.28561  -310.27853  -310.27148  -310.26440  -310.25732  -310.25024  -310.24319  -310.23611  -310.22903  -310.22198  -310.21490  -310.20782  -310.20078  -310.19370  -310.18661  -310.17953  -310.17249  -310.16541  -310.15833  -310.15128  -310.14420  -310.13712  -310.13004  -310.12299  -310.11591  -310.10883  -310.10178  -310.09470  -310.08762  -310.08057  -310.07349  -310.06641  -310.05933  -310.05228  -310.04520  -310.03812  -310.03107  -310.02399  -310.01691  -310.00986  -310.00278   694.29980   701.37085   708.44196   715.51300   722.58411   729.65515   736.72620   743.79724   750.86835   757.93945   765.01050   772.08154   779.15259   786.22369   793.29480   800.36584   807.43689   814.50793   821.57904   828.65009   835.72119   842.79224   849.86328   856.93433   864.00543   871.07654   878.14758     0.00000     0.00000     0.00000     0.00000     0.00000     0.00000     0.00000     0.00000     0.00000     0.00000     0.00000     0.00000     0.00000     0.00000     0.00000     0.00000     0.00000     0.00000     0.00000     0.00000     0.00000     0.00000     0.00000     0.00000     0.00000     0.00000     0.00000     0.00000     0.00000     0.00000     0.00000     0.00000     0.00000     0.00000     0.00000     0.00000     0.00000     0.00000     0.00000     0.00000     0.00000     0.00000     0.00000     0.00000     0.00000     0.00000     0.00000     0.00000     0.00000     0.00000     0.00000     0.00000     0.00000     0.00000     0.00000     0.00000     0.00000     0.00000     0.00000     0.00000     0.00000     0.00000     0.00000     0.00000     0.00000     0.00000     0.00000     0.00000     0.00000     0.00000     0.00000     0.00000     0.00000     0.00000     0.00000     0.00000     0.00000     0.00000     0.00000
     0.00000     0.00000     0.00000     0.00000     0.00000     0.00000     0.00000     0.00000     0.00000     0.00000     0.00000     0.00000     0.00000     0.00000     0.00000     0.00000     0.00000     0.00000     0.00000     0.00000     0.00000     0.00000     0.00000     0.00000     0.00000     0.00000     0.00000     0.00000     0.00000     0.00000     0.00000     0.00000     0.00000     0.00000     0.00000     0.00000     0.00000     0.00000     0.00000     0.00000     0.00000     0.00000     0.00000     0.00000     0.00000     0.00000     0.00000     0.00000     0.00000     0.00000     0.00000     0.00000     0.00000     0.00000     0.00000     0.00000     0.00000     0.00000     0.00000     0.00000     0.00000     0.00000     0.00000     0.00000     0.00000     0.00000     0.00000     0.00000     0.00000     0.00000     0.00000     0.00000     0.00000     0.00000     0.00000     0.00000     0.00000     0.00000  -310.30682  -310.29974  -310.29269  -310.28561  -310.27853  -310.27148  -310.26440  -310.25732  -310.25024  -310.24319  -310.23611  -310.22903  -310.22198  -310.21490  -310.20782  -310.20078  -310.19370  -310.18661  -310.17953  -310.17249  -310.16541  -310.15833  -310.15128  -310.14420  -310.13712  -310.13004  -310.12299  -310.11591  -310.10883  -310.10178  -310.09470  -310.08762  -310.08057  -310.07349  -310.06641  -310.05933  -310.05228  -310.04520  -310.03812  -310.03107  -310.02399  -310.01691  -310.00986  -310.00278   694.29980   701.37085   708.44196   715.51300   722.58411   729.65515   736.72620   743.79724   750.86835   757.93945   765.01050   772.08154   779.15259   786.22369   793.29480   800.36584   807.43689   814.50793   821.57904   828.65009   835.72119   842.79224   849.86328   856.93433   864.00543   871.07654   878.14758   885.21863   892.28973     0.00000     0.00000     0.00000     0.00000     0.00000     0.00000     0.00000     0.00000     0.00000     0.00000     0.00000     0.00000     0.00000     0.00000     0.00000     0.00000     0.00000     0.00000     0.00000     0.00000     0.00000     0.00000     0.00000     0.00000     0.00000     0.00000     0.00000     0.00000     0.00000     0.00000     0.00000     0.00000     0.00000     0.00000     0.00000     0.00000     0.00000     0.00000     0.00000     0.00000     0.00000     0.00000     0.00000     0.00000     0.00000     0.00000     0.00000     0.00000     0.00000     0.00000     0.00000     0.00000     0.00000     0.00000     0.00000     0.00000     0.00000     0.00000     0.00000     0.00000     0.00000     0.00000     0.00000     0.00000     0.00000     0.00000     0.00000     0.00000     0.00000     0.00000     0.00000     0.00000     0.00000     0.00000     0.00000     0.00000     0.00000     0.00000
     0.00000     0.00000     0.00000     0.00000     0.00000     0.00000     0.00000     0.00000     0.00000     0.00000     0.00000     0.00000     0.00000     0.00000     0.00000     0.00000     0.00000     0.00000     0.00000     0.00000     0.00000     0.00000     0.00000     0.00000     0.00000     0.00000     0.00000     0.00000     0.00000     0.00000     0.00000     0.00000     0.00000     0.00000     0.00000     0.00000     0.00000     0.00000     0.00000     0.00000     0.00000     0.00000     0.00000     0.00000     0.00000     0.00000     0.00000     0.00000     0.00000     0.00000     0.00000     0.00000     0.00000     0.00000     0.00000     0.00000     0.00000     0.00000     0.00000     0.00000     0.00000     0.00000     0.00000     0.00000     0.00000     0.00000     0.00000     0.00000     0.00000     0.00000     0.00000     0.00000     0.00000     0.00000     0.00000     0.00000     0.00000  -310.30682  -310.29974  -310.29269  -310.28561  -310.27853  -310.27148  -310.26440  -310.25732  -310.25024  -310.24319  -310.23611  -310.22903  -310.22198  -310.21490  -310.20782  -310.20078  -310.19370  -310.18661  -310.17953  -310.17249  -310.16541  -310.15833  -310.15128  -310.14420  -310.13712  -310.13004  -310.12299  -310.11591  -310.10883  -310.10178  -310.09470  -310.08762  -310.08057  -310.07349  -310.06641  -310.05933  -310.05228  -310.04520  -310.03812  -310.03107  -310.02399  -310.01691  -310.00986  -310.00278   694.29980   701.37085   708.44196   715.51300   722.58411   729.65515   736.72620   743.79724   750.86835   757.93945   765.01050   772.08154   779.15259   786.22369   793.29480   800.36584   807.43689   814.50793   821.57904   828.65009   835.72119   842.79224   849.86328   856.93433   864.00543   871.07654   878.14758   885.21863   892.28973   899.36078   906.43182     0.00000     0.00000     0.00000     0.00000     0.00000     0.00000     0.00000     0.00000     0.00000     0.00000     0.00000     0.00000     0.00000     0.00000     0.00000     0.00000     0.00000     0.00000     0.00000     0.00000     0.00000     0.00000     0.00000     0.00000     0.00000     0.00000     0.00000     0.00000     0.00000     0.00000     0.00000     0.00000     0.00000     0.00000     0.00000     0.00000     0.00000     0.00000     0.00000     0.00000     0.00000     0.00000     0.00000     0.00000     0.00000     0.00000     0.00000     0.00000     0.00000     0.00000     0.00000     0.00000     0.00000     0.00000     0.00000     0.00000     0.00000     0.00000     0.00000     0.00000     0.00000     0.00000     0.00000     0.00000     0.00000     0.00000     0.00000     0.00000     0.00000     0.00000     0.00000     0.00000     0.00000     0.00000     0.00000     0.00000     0.00000
     0.00000     0.00000     0.00000     0.00000     0.00000     0.00000     0.00000     0.00000     0.00000     0.00000     0.00000     0.00000     0.00000     0.00000     0.00000     0.00000     0.00000     0.00000     0.00000     0.00000     0.00000     0.00000     0.00000     0.00000     0.00000     0.00000     0.00000     0.00000     0.00000     0.00000     0.00000     0.00000     0.00000     0.00000     0.00000     0.00000     0.00000     0.00000     0.00000     0.00000     0.00000     0.00000     0.00000     0.00000     0.00000     0.00000     0.00000     0.00000     0.00000     0.00000     0.00000     0.00000     0.00000     0.00000     0.00000     0.00000     0.00000     0.00000     0.00000     0.00000     0.00000     0.00000     0.00000     0.00000     0.00000     0.00000     0.00000     0.00000     0.00000     0.00000     0.00000     0.00000     0.00000     0.00000     0.00000     0.00000  -310.30682  -310.29974  -310.29269  -310.28561  -310.27853  -310.27148  -310.26440  -310.25732  -310.25024  -310.24319  -310.23611  -310.22903  -310.22198  -310.21490  -310.20782  -310.20078  -310.19370  -310.18661  -310.17953  -310.17249  -310.16541  -310.15833  -310.15128  -310.14420  -310.13712  -310.13004  -310.12299  -310.11591  -310.10883  -310.10178  -310.09470  -310.08762  -310.08057  -310.07349  -310.06641  -310.05933  -310.05228  -310.04520  -310.03812  -310.03107  -310.02399  -310.01691  -310.00986  -310.00278   694.29980   701.37085   708.44196   715.51300   722.58411   729.65515   736.72620   743.79724   750.86835   757.93945   765.01050   772.08154   779.15259   786.22369   793.29480   800.36584   807.43689   814.50793   821.57904   828.65009   835.72119   842.79224   849.86328   856.93433   864.00543   871.07654   878.14758   885.21863   892.28973   899.36078   906.43182   913.50293   920.57397     0.00000     0.00000     0.00000     0.00000     0.00000     0.00000     0.00000     0.00000     0.00000     0.00000     0.00000     0.00000     0.00000     0.00000     0.00000     0.00000     0.00000     0.00000     0.00000     0.00000     0.00000     0.00000     0.00000     0.00000     0.00000     0.00000     0.00000     0.00000     0.00000     0.00000     0.00000     0.00000     0.00000     0.00000     0.00000     0.00000     0.00000     0.00000     0.00000     0.00000     0.00000     0.00000     0.00000     0.00000     0.00000     0.00000     0.00000     0.00000     0.00000     0.00000     0.00000     0.00000     0.00000     0.00000     0.00000     0.00000     0.00000     0.00000     0.00000     0.00000     0.00000     0.00000     0.00000     0.00000     0.00000     0.00000     0.00000     0.00000     0.00000     0.00000     0.00000     0.00000     0.00000     0.00000     0.00000     0.00000
     0.00000     0.00000     0.00000     0.00000     0.00000     0.00000     0.00000     0.00000     0.00000     0.00000     0.00000     0.00000     0.00000     0.00000     0.00000     0.00000     0.00000     0.00000     0.00000     0.00000     0.00000     0.00000     0.00000     0.00000     0.00000     0.00000     0.00000     0.00000     0.00000     0.00000     0.00000     0.00000     0.00000     0.00000     0.00000     0.00000     0.00000     0.00000     0.00000     0.00000     0.00000     0.00000     0.00000     0.00000     0.00000     0.00000     0.00000     0.00000     0.00000     0.00000     0.00000     0.00000     0.00000     0.00000     0.00000     0.00000     0.00000     0.00000     0.00000     0.00000     0.00000     0.00000     0.00000     0.00000     0.00000     0.00000     0.00000     0.00000     0.00000     0.00000     0.00000     0.00000     0.00000     0.00000     0.00000  -310.30682  -310.29974  -310.29269  -310.28561  -310.27853  -310.27148  -310.26440  -310.25732  -310.25024  -310.24319  -310.23611  -310.22903  -310.22198  -310.21490  -310.20782  -310.20078  -310.19370  -310.18661  -310.17953  -310.17249  -310.16541  -310.15833  -310.15128  -310.14420  -310.13712  -310.13004  -310.12299  -310.11591  -310.10883  -310.10178  -310.09470  -310.08762  -310.08057  -310.07349  -310.06641  -310.05933  -310.05228  -310.04520  -310.03812  -310.03107  -310.02399  -310.01691  -310.00986  -310.00278   694.29980   701.37085   708.44196   715.51300   722.58411   729.65515   736.72620   743.79724   750.86835   757.93945   765.01050   772.08154   779.15259   786.22369   793.29480   800.36584   807.43689   814.50793   821.57904   828.65009   835.72119   842.79224   849.86328   856.93433   864.00543   871.07654   878.14758   885.21863   892.28973   899.36078   906.43182   913.50293   920.57397   927.64502   934.71613     0.00000     0.00000     0.00000     0.00000     0.00000     0.00000     0.00000     0.00000     0.00000     0.00000     0.00000     0.00000     0.00000     0.00000     0.00000     0.00000     0.00000     0.00000     0.00000     0.00000     0.00000     0.00000     0.00000     0.00000     0.00000     0.00000     0.00000     0.00000     0.00000     0.00000     0.00000     0.00000     0.00000     0.00000     0.00000     0.00000     0.00000     0.00000     0.00000     0.00000     0.00000     0.00000     0.00000     0.00000     0.00000     0.00000     0.00000     0.00000     0.00000     0.00000     0.00000     0.00000     0.00000     0.00000     0.00000     0.00000     0.00000     0.00000     0.00000     0.00000     0.00000     0.00000     0.00000     0.00000     0.00000     0.00000     0.00000     0.00000     0.00000     0.00000     0.00000     0.00000     0.00000     0.00000     0.00000
     0.00000     0.00000     0.00000     0.00000     0.00000     0.00000     0.00000     0.00000     0.00000     0.00000     0.00000     0.00000     0.00000     0.00000     0.00000     0.00000     0.00000     0.00000     0.00000     0.00000     0.00000     0.00000     0.00000     0.00000     0.00000     0.00000     0.00000     0.00000     0.00000     0.00000     0.00000     0.00000     0.00000     0.00000     0.00000     0.00000     0.00000     0.00000     0.00000     0.00000     0.00000     0.00000     0.00000     0.00000     0.00000     0.00000     0.00000     0.00000     0.00000     0.00000     0.00000     0.00000     0.00000     0.00000     0.00000     0.00000     0.00000     0.00000     0.00000     0.00000     0.00000     0.00000     0.00000     0.00000     0.00000     0.00000     0.00000     0.00000     0.00000     0.00000     0.00000     0.00000     0.00000     0.00000  -310.30682  -310.29974  -310.29269  -310.28561  -310.27853  -310.27148  -310.26440  -310.25732  -310.25024  -310.24319  -310.23611  -310.22903  -310.22198  -310.21490  -310.20782  -310.20078  -310.19370  -310.18661  -310.17953  -310.17249  -310.16541  -310.15833  -310.15128  -310.14420  -310.13712  -310.13004  -310.12299  -310.11591  -310.10883  -310.10178  -310.09470  -310.08762  -310.08057  -310.07349  -310.06641  -310.05933  -310.05228  -310.04520  -310.03812  -310.03107  -310.02399  -310.01691  -310.00986  -310.00278   694.29980   701.37085   708.44196   715.51300   722.58411   729.65515   736.72620   743.79724   750.86835   757.93945   765.01050   772.08154   779.15259   786.22369   793.29480   800.36584   807.43689   814.50793   821.57904   828.65009   835.72119   842.79224   849.86328   856.93433   864.00543   871.07654   878.14758   885.21863   892.28973   899.36078   906.43182   913.50293   920.57397   927.64502   934.71613   941.78717   948.85828     0.00000     0.00000     0.00000     0.00000     0.00000     0.00000     0.00000     0.00000     0.00000     0.00000     0.00000     0.00000     0.00000     0.00000     0.00000     0.00000     0.00000     0.00000     0.00000     0.00000     0.00000     0.00000     0.00000     0.00000     0.00000     0.00000     0.00000     0.00000     0.00000     0.00000     0.00000     0.00000     0.00000     0.00000     0.00000     0.00000     0.00000     0.00000     0.00000     0.00000     0.00000     0.00000     0.00000     0.00000     0.00000     0.00000     0.00000     0.00000     0.00000     0.00000     0.00000     0.00000     0.00000     0.00000     0.00000     0.00000     0.00000     0.00000     0.00000     0.00000     0.00000     0.00000     0.00000     0.00000     0.00000     0.00000     0.00000     0.00000     0.00000     0.00000     0.00000     0.00000     0.00000     0.00000
     0.00000     0.00000     0.00000     0.00000     0.00000     0.00000     0.00000     0.00000     0.00000     0.00000     0.00000     0.00000     0.00000     0.00000     0.00000     0.00000     0.00000     0.00000     0.00000     0.00000     0.00000     0.00000     0.00000     0.00000     0.00000     0.00000     0.00000     0.00000     0.00000     0.00000     0.00000     0.00000     0.00000     0.00000     0.00000     0.00000     0.00000     0.00000     0.00000     0.00000     0.00000     0.00000     0.00000     0.00000     0.00000     0.00000     0.00000     0.00000     0.00000     0.00000     0.00000     0.00000     0.00000     0.00000     0.00000     0.00000     0.00000     0.00000     0.00000     0.00000     0.00000     0.00000     0.00000     0.00000     0.00000     0.00000     0.00000     0.00000     0.00000     0.00000     0.00000     0.00000     0.00000  -310.30682  -310.29974  -310.29269  -310.28561  -310.27853  -310.27148  -310.26440  -310.25732  -310.25024  -310.24319  -310.23611  -310.22903  -310.22198  -310.21490  -310.20782  -310.20078  -310.19370  -310.18661  -310.17953  -310.17249  -310.16541  -310.15833  -310.15128  -310.14420  -310.13712  -310.13004  -310.12299  -310.11591  -310.10883  -310.10178  -310.09470  -310.08762  -310.08057  -310.07349  -310.06641  -310.05933  -310.05228  -310.04520  -310.03812  -310.03107  -310.02399  -310.01691  -310.00986  -310.00278   694.29980   701.37085   708.44196   715.51300   722.58411   729.65515   736.72620   743.79724   750.86835   757.93945   765.01050   772.08154   779.15259   786.22369   793.29480   800.36584   807.43689   814.50793   821.57904   828.65009   835.72119   842.79224   849.86328   856.93433   864.00543   871.07654   878.14758   885.21863   892.28973   899.36078   906.43182   913.50293   920.57397   927.64502   934.71613   941.78717   948.85828   955.92932   963.00037     0.00000     0.00000     0.00000     0.00000     0.00000     0.00000     0.00000     0.00000     0.00000     0.00000     0.00000     0.00000     0.00000     0.00000     0.00000     0.00000     0.00000     0.00000     0.00000     0.00000     0.00000     0.00000     0.00000     0.00000     0.00000     0.00000     0.00000     0.00000     0.00000     0.00000     0.00000     0.00000     0.00000     0.00000     0.00000     0.00000     0.00000     0.00000     0.00000     0.00000     0.00000     0.00000     0.00000     0.00000     0.00000     0.00000     0.00000     0.00000     0.00000     0.00000     0.00000     0.00000     0.00000     0.00000     0.00000     0.00000     0.00000     0.00000     0.00000     0.00000     0.00000     0.00000     0.00000     0.00000     0.00000     0.00000     0.00000     0.00000     0.00000     0.00000     0.00000     0.00000     0.00000
     0.00000     0.00000     0.00000     0.00000     0.00000     0.00000     0.00000     0.00000     0.00000     0.00000     0.00000     0.00000     0.00000     0.00000     0.00000     0.00000     0.00000     0.00000     0.00000     0.00000     0.00000     0.00000     0.00000     0.00000     0.00000     0.00000     0.00000     0.00000     0.00000     0.00000     0.00000     0.00000     0.00000     0.00000     0.00000     0.00000     0.00000     0.00000     0.00000     0.00000     0.00000     0.00000     0.00000     0.00000     0.00000     0.00000     0.00000     0.00000     0.00000     0.00000     0.00000     0.00000     0.00000     0.00000     0.00000     0.00000     0.00000     0.00000     0.00000     0.00000     0.00000     0.00000     0.00000     0.00000     0.00000     0.00000     0.00000     0.00000     0.00000     0.00000     0.00000     0.00000  -310.30682  -310.29974  -310.29269  -310.28561  -310.27853  -310.27148  -310.26440  -310.25732  -310.25024  -310.24319  -310.23611  -310.22903  -310.22198  -310.21490  -310.20782  -310.20078  -310.19370  -310.18661  -310.17953  -310.17249  -310.16541  -310.15833  -310.15128  -310.14420  -310.13712  -310.13004  -310.12299  -310.11591  -310.10883  -310.10178  -310.09470  -310.08762  -310.08057  -310.07349  -310.06641  -310.05933  -310.05228  -310.04520  -310.03812  -310.03107  -310.02399  -310.01691  -310.00986  -310.00278   694.29980   701.37085   708.44196   715.51300   722.58411   729.65515   736.72620   743.79724   750.86835   757.93945   765.01050   772.08154   779.15259   786.22369   793.29480   800.36584   807.43689   814.50793   821.57904   828.65009   835.72119   842.79224   849.86328   856.93433   864.00543   871.07654   878.14758   885.21863   892.28973   899.36078   906.43182   913.50293   920.57397   927.64502   934.71613   941.78717   948.85828   955.92932   963.00037   970.07147   977.14252     0.00000     0.00000     0.00000     0.00000     0.00000     0.00000     0.00000     0.00000     0.00000     0.00000     0.00000     0.00000     0.00000     0.00000     0.00000     0.00000     0.00000     0.00000     0.00000     0.00000     0.00000     0.00000     0.00000     0.00000     0.00000     0.00000     0.00000     0.00000     0.00000     0.00000     0.00000     0.00000     0.00000     0.00000     0.00000     0.00000     0.00000     0.00000     0.00000     0.00000     0.00000     0.00000     0.00000     0.00000     0.00000     0.00000     0.00000     0.00000     0.00000     0.00000     0.00000     0.00000     0.00000     0.00000     0.00000     0.00000     0.00000     0.00000     0.00000     0.00000     0.00000     0.00000     0.00000     0.00000     0.00000     0.00000     0.00000     0.00000     0.00000     0.00000     0.00000     0.00000
     0.00000     0.00000     0.00000     0.00000     0.00000     0.00000     0.00000     0.00000     0.00000     0.00000     0.00000     0.00000     0.00000     0.00000     0.00000     0.00000     0.00000     0.00000     0.00000     0.00000     0.00000     0.00000     0.00000     0.00000     0.00000     0.00000     0.00000     0.00000     0.00000     0.00000     0.00000     0.00000     0.00000     0.00000     0.00000     0.00000     0.00000     0.00000     0.00000     0.00000     0.00000     0.00000     0.00000     0.00000     0.00000     0.00000     0.00000     0.00000     0.00000     0.00000     0.00000     0.00000     0.00000     0.00000     0.00000     0.00000     0.00000     0.00000     0.00000     0.00000     0.00000     0.00000     0.00000     0.00000     0.00000     0.00000     0.00000     0.00000     0.00000     0.00000     0.00000  -310.30682  -310.29974  -310.29269  -310.28561  -310.27853  -310.27148  -310.26440  -310.25732  -310.25024  -310.24319  -310.23611  -310.22903  -310.22198  -310.21490  -310.20782  -310.20078  -310.19370  -310.18661  -310.17953  -310.17249  -310.16541  -310.15833  -310.15128  -310.14420  -310.13712  -310.13004  -310.12299  -310.11591  -310.10883  -310.10178  -310.09470  -310.08762  -310.08057  -310.07349  -310.06641  -310.05933  -310.05228  -310.04520  -310.03812  -310.03107  -310.02399  -310.01691  -310.00986  -310.00278   694.29980   701.37085   708.44196   715.51300   722.58411   729.65515   736.72620   743.79724   750.86835   757.93945   765.01050   772.08154   779.15259   786.22369   793.29480   800.36584   807.43689   814.50793   821.57904   828.65009   835.72119   842.79224   849.86328   856.93433   864.00543   871.07654   878.14758   885.21863   892.28973   899.36078   906.43182   913.50293   920.57397   927.64502   934.71613   941.78717   948.85828   955.92932   963.00037   970.07147   977.14252   984.21356   991.28467     0.00000     0.00000     0.00000     0.00000     0.00000     0.00000     0.00000     0.00000     0.00000     0.00000     0.00000     0.00000     0.00000     0.00000     0.00000     0.00000     0.00000     0.00000     0.00000     0.00000     0.00000     0.00000     0.00000     0.00000     0.00000     0.00000     0.00000     0.00000     0.00000     0.00000     0.00000     0.00000     0.00000     0.00000     0.00000     0.00000     0.00000     0.00000     0.00000     0.00000     0.00000     0.00000     0.00000     0.00000     0.00000     0.00000     0.00000     0.00000     0.00000     0.00000     0.00000     0.00000     0.00000     0.00000     0.00000     0.00000     0.00000     0.00000     0.00000     0.00000     0.00000     0.00000     0.00000     0.00000     0.00000     0.00000     0.00000     0.00000     0.00000     0.00000     0.00000
     0.00000     0.00000     0.00000     0.00000     0.00000     0.00000     0.00000     0.00000     0.00000     0.00000     0.00000     0.00000     0.00000     0.00000     0.00000     0.00000     0.00000     0.00000     0.00000     0.00000     0.00000     0.00000     0.00000     0.00000     0.00000     0.00000     0.00000     0.00000     0.00000     0.00000     0.00000     0.00000     0.00000     0.00000     0.00000     0.00000     0.00000     0.00000     0.00000     0.00000     0.00000     0.00000     0.00000     0.00000     0.00000     0.00000     0.00000     0.00000     0.00000     0.00000     0.00000     0.00000     0.00000     0.00000     0.00000     0.00000     0.00000     0.00000     0.00000     0.00000     0.00000     0.00000     0.00000     0.00000     0.00000     0.00000     0.00000     0.00000     0.00000     0.00000  -310.30682  -310.29974  -310.29269  -310.28561  -310.27853  -310.27148  -310.26440  -310.25732  -310.25024  -310.24319  -310.23611  -310.22903  -310.22198  -310.21490  -310.20782  -310.20078  -310.19370  -310.18661  -310.17953  -310.17249  -310.16541  -310.15833  -310.15128  -310.14420  -310.13712  -310.13004  -310.12299  -310.11591  -310.10883  -310.10178  -310.09470  -310.08762  -310.08057  -310.07349  -310.06641  -310.05933  -310.05228  -310.04520  -310.03812  -310.03107  -310.02399  -310.01691  -310.00986  -310.00278   694.29980   701.37085   708.44196   715.51300   722.58411   729.65515   736.72620   743.79724   750.86835   757.93945   765.01050   772.08154   779.15259   786.22369   793.29480   800.36584   807.43689   814.50793   821.57904   828.65009   835.72119   842.79224   849.86328   856.93433   864.00543   871.07654   878.14758   885.21863   892.28973   899.36078   906.43182   913.50293   920.57397   927.64502   934.71613   941.78717   948.85828   955.92932   963.00037   970.07147   977.14252   984.21356   991.28467   998.35571  1005.42676     0.00000     0.00000     0.00000     0.00000     0.00000     0.00000     0.00000     0.00000     0.00000     0.00000     0.00000     0.00000     0.00000     0.00000     0.00000     0.00000     0.00000     0.00000     0.00000     0.00000     0.00000     0.00000     0.00000     0.00000     0.00000     0.00000     0.00000     0.00000     0.00000     0.00000     0.00000     0.00000     0.00000     0.00000     0.00000     0.00000     0.00000     0.00000     0.00000     0.00000     0.00000     0.00000     0.00000     0.00000     0.00000     0.00000     0.00000     0.00000     0.00000     0.00000     0.00000     0.00000     0.00000     0.00000     0.00000     0.00000     0.00000     0.00000     0.00000     0.00000     0.00000     0.00000     0.00000     0.00000     0.00000     0.00000     0.00000     0.00000     0.00000     0.00000
     0.00000     0.00000     0.00000     0.00000     0.00000     0.00000     0.00000     0.00000     0.00000     0.00000     0.00000     0.00000     0.00000     0.00000     0.00000     0.00000     0.00000     0.00000     0.00000     0.00000     0.00000     0.00000     0.00000     0.00000     0.00000     0.00000     0.00000     0.00000     0.00000     0.00000     0.00000     0.00000     0.00000     0.00000     0.00000     0.00000     0.00000     0.00000     0.00000     0.00000     0.00000     0.00000     0.00000     0.00000     0.00000     0.00000     0.00000     0.00000     0.00000     0.00000     0.00000     0.00000     0.00000     0.00000     0.00000     0.00000     0.00000     0.00000     0.00000     0.00000     0.00000     0.00000     0.00000     0.00000     0.00000     0.00000     0.00000     0.00000     0.00000  -310.30682  -310.29974  -310.29269  -310.28561  -310.27853  -310.27148  -310.26440  -310.25732  -310.25024  -310.24319  -310.23611  -310.22903  -310.22198  -310.21490  -310.20782  -310.20078  -310.19370  -310.18661  -310.17953  -310.17249  -310.16541  -310.15833  -310.15128  -310.14420  -310.13712  -310.13004  -310.12299  -310.11591  -310.10883  -310.10178  -310.09470  -310.08762  -310.08057  -310.07349  -310.06641  -310.05933  -310.05228  -310.04520  -310.03812  -310.03107  -310.02399  -310.01691  -310.00986  -310.00278   694.29980   701.37085   708.44196   715.51300   722.58411   729.65515   736.72620   743.79724   750.86835   757.93945   765.01050   772.08154   779.15259   786.22369   793.29480   800.36584   807.43689   814.50793   821.57904   828.65009   835.72119   842.79224   849.86328   856.93433   864.00543   871.07654   878.14758   885.21863   892.28973   899.36078   906.43182   913.50293   920.57397   927.64502   934.71613   941.78717   948.85828   955.92932   963.00037   970.07147   977.14252   984.21356   991.28467   998.35571  1005.42676  1012.49786  1019.56891     0.00000     0.00000     0.00000     0.00000     0.00000     0.00000     0.00000     0.00000     0.00000     0.00000     0.00000     0.00000     0.00000     0.00000     0.00000     0.00000     0.00000     0.00000     0.00000     0.00000     0.00000     0.00000     0.00000     0.00000     0.00000     0.00000     0.00000     0.00000     0.00000     0.00000     0.00000     0.00000     0.00000     0.00000     0.00000     0.00000     0.00000     0.00000     0.00000     0.00000     0.00000     0.00000     0.00000     0.00000     0.00000     0.00000     0.00000     0.00000     0.00000     0.00000     0.00000     0.00000     0.00000     0.00000     0.00000     0.00000     0.00000     0.00000     0.00000     0.00000     0.00000     0.00000     0.00000     0.00000     0.00000     0.00000     0.00000     0.00000     0.00000
     0.00000     0.00000     0.00000     0.00000     0.00000     0.00000     0.00000     0.00000     0.00000     0.00000     0.00000     0.00000     0.00000     0.00000     0.00000     0.00000     0.00000     0.00000     0.00000     0.00000     0.00000     0.00000     0.00000     0.00000     0.00000     0.00000     0.00000     0.00000     0.00000     0.00000     0.00000     0.00000     0.00000     0.00000     0.00000     0.00000     0.00000     0.00000     0.00000     0.00000     0.00000     0.00000     0.00000     0.00000     0.00000     0.00000     0.00000     0.00000     0.00000     0.00000     0.00000     0.00000     0.00000     0.00000     0.00000     0.00000     0.00000     0.00000     0.00000     0.00000     0.00000     0.00000     0.00000     0.00000     0.00000     0.00000     0.00000     0.00000  -310.30682  -310.29974  -310.29269  -310.28561  -310.27853  -310.27148  -310.26440  -310.25732  -310.25024  -310.24319  -310.23611  -310.22903  -310.22198  -310.21490  -310.20782  -310.20078  -310.19370  -310.18661  -310.17953  -310.17249  -310.16541  -310.15833  -310.15128  -310.14420  -310.13712  -310.13004  -310.12299  -310.11591  -310.10883  -310.10178  -310.09470  -310.08762  -310.08057  -310.07349  -310.06641  -310.05933  -310.05228  -310.04520  -310.03812  -310.03107  -310.02399  -310.01691  -310.00986  -310.00278   694.29980   701.37085   708.44196   715.51300   722.58411   729.65515   736.72620   743.79724   750.86835   757.93945   765.01050   772.08154   779.15259   786.22369   793.29480   800.36584   807.43689   814.50793   821.57904   828.65009   835.72119   842.79224   849.86328   856.93433   864.00543   871.07654   878.14758   885.21863   892.28973   899.36078   906.43182   913.50293   920.57397   927.64502   934.71613   941.78717   948.85828   955.92932   963.00037   970.07147   977.14252   984.21356   991.28467   998.35571  1005.42676  1012.49786  1019.56891  1026.64001  1033.71106     0.00000     0.00000     0.00000     0.00000     0.00000     0.00000     0.00000     0.00000     0.00000     0.00000     0.00000     0.00000     0.00000     0.00000     0.00000     0.00000     0.00000     0.00000     0.00000     0.00000     0.00000     0.00000     0.00000     0.00000     0.00000     0.00000     0.00000     0.00000     0.00000     0.00000     0.00000     0.00000     0.00000     0.00000     0.00000     0.00000     0.00000     0.00000     0.00000     0.00000     0.00000     0.00000     0.00000     0.00000     0.00000     0.00000     0.00000     0.00000     0.00000     0.00000     0.00000     0.00000     0.00000     0.00000     0.00000     0.00000     0.00000     0.00000     0.00000     0.00000     0.00000     0.00000     0.00000     0.00000     0.00000     0.00000     0.00000     0.00000
     0.00000     0.00000     0.00000     0.00000     0.00000     0.00000     0.00000     0.00000     0.00000     0.00000     0.00000     0.00000     0.00000     0.00000     0.00000     0.00000     0.00000     0.00000     0.00000     0.00000     0.00000     0.00000     0.00000     0.00000     0.00000     0.00000     0.00000     0.00000     0.00000     0.00000     0.00000     0.00000     0.00000     0.00000     0.00000     0.00000     0.00000     0.00000     0.00000     0.00000     0.00000     0.00000     0.00000     0.00000     0.00000     0.00000     0.00000     0.00000     0.00000     0.00000     0.00000     0.00000     0.00000     0.00000     0.00000     0.00000     0.00000     0.00000     0.00000     0.00000     0.00000     0.00000     0.00000     0.00000     0.00000     0.00000     0.00000  -310.30682  -310.29974  -310.29269  -310.28561  -310.27853  -310.27148  -310.26440  -310.25732  -310.25024  -310.24319  -310.23611  -310.22903  -310.22198  -310.21490  -310.20782  -310.20078  -310.19370  -310.18661  -310.17953  -310.17249  -310.16541  -310.15833  -310.15128  -310.14420  -310.13712  -310.13004  -310.12299  -310.11591  -310.10883  -310.10178  -310.09470  -310.08762  -310.08057  -310.07349  -310.06641  -310.05933  -310.05228  -310.04520  -310.03812  -310.03107  -310.02399  -310.01691  -310.00986  -310.00278   694.29980   701.37085   708.44196   715.51300   722.58411   729.65515   736.72620   743.79724   750.86835   757.93945   765.01050   772.08154   779.15259   786.22369   793.29480   800.36584   807.43689   814.50793   821.57904   828.65009   835.72119   842.79224   849.86328   856.93433   864.00543   871.07654   878.14758   885.21863   892.28973   899.36078   906.43182   913.50293   920.57397   927.64502   934.71613   941.78717   948.85828   955.92932   963.00037   970.07147   977.14252   984.21356   991.28467   998.35571  1005.42676  1012.49786  1019.56891  1026.64001  1033.71106  1040.78210  1047.85327     0.00000     0.00000     0.00000     0.00000     0.00000     0.00000     0.00000     0.00000     0.00000     0.00000     0.00000     0.00000     0.00000     0.00000     0.00000     0.00000     0.00000     0.00000     0.00000     0.00000     0.00000     0.00000     0.00000     0.00000     0.00000     0.00000     0.00000     0.00000     0.00000     0.00000     0.00000     0.00000     0.00000     0.00000     0.00000     0.00000     0.00000     0.00000     0.00000     0.00000     0.00000     0.00000     0.00000     0.00000     0.00000     0.00000     0.00000     0.00000     0.00000     0.00000     0.00000     0.00000     0.00000     0.00000     0.00000     0.00000     0.00000     0.00000     0.00000     0.00000     0.00000     0.00000     0.00000     0.00000     0.00000     0.00000     0.00000
     0.00000     0.00000     0.00000     0.00000     0.00000     0.00000     0.00000     0.00000     0.00000     0.00000     0.00000     0.00000     0.00000     0.00000     0.00000     0.00000     0.00000     0.00000     0.00000     0.00000     0.00000     0.00000     0.00000     0.00000     0.00000     0.00000     0.00000     0.00000     0.00000     0.00000     0.00000     0.00000     0.00000     0.00000     0.00000     0.00000     0.00000     0.00000     0.00000     0.00000     0.00000     0.00000     0.00000     0.00000     0.00000     0.00000     0.00000     0.00000     0.00000     0.00000     0.00000     0.00000     0.00000     0.00000     0.00000     0.00000     0.00000     0.00000     0.00000     0.00000     0.00000     0.00000     0.00000     0.00000     0.00000     0.00000  -310.30682  -310.29974  -310.29269  -310.28561  -310.27853  -310.27148  -310.26440  -310.25732  -310.25024  -310.24319  -310.23611  -310.22903  -310.22198  -310.21490  -310.20782  -310.20078  -310.19370  -310.18661  -310.17953  -310.17249  -310.16541  -310.15833  -310.15128  -310.14420  -310.13712  -310.13004  -310.12299  -310.11591  -310.10883  -310.10178  -310.09470  -310.08762  -310.08057  -310.07349  -310.06641  -310.05933  -310.05228  -310.04520  -310.03812  -310.03107  -310.02399  -310.01691  -310.00986  -310.00278   694.29980   701.37085   708.44196   715.51300   722.58411   729.65515   736.72620   743.79724   750.86835   757.93945   765.01050   772.08154   779.15259   786.22369   793.29480   800.36584   807.43689   814.50793   821.57904   828.65009   835.72119   842.79224   849.86328   856.93433   864.00543   871.07654   878.14758   885.21863   892.28973   899.36078   906.43182   913.50293   920.57397   927.64502   934.71613   941.78717   948.85828   955.92932   963.00037   970.07147   977.14252   984.21356   991.28467   998.35571  1005.42676  1012.49786  1019.56891  1026.64001  1033.71106  1040.78210  1047.85327  1054.92432  1061.99536     0.00000     0.00000     0.00000     0.00000     0.00000     0.00000     0.00000     0.00000     0.00000     0.00000     0.00000     0.00000     0.00000     0.00000     0.00000     0.00000     0.00000     0.00000     0.00000     0.00000     0.00000     0.00000     0.00000     0.00000     0.00000     0.00000     0.00000     0.00000     0.00000     0.00000     0.00000     0.00000     0.00000     0.00000     0.00000     0.00000     0.00000     0.00000     0.00000     0.00000     0.00000     0.00000     0.00000     0.00000     0.00000     0.00000     0.00000     0.00000     0.00000     0.00000     0.00000     0.00000     0.00000     0.00000     0.00000     0.00000     0.00000     0.00000     0.00000     0.00000     0.00000     0.00000     0.00000     0.00000     0.00000     0.00000
     0.00000     0.00000     0.00000     0.00000     0.00000     0.00000     0.00000     0.00000     0.00000     0.00000     0.00000     0.00000     0.00000     0.00000     0.00000     0.00000     0.00000     0.00000     0.00000     0.00000     0.00000     0.00000     0.00000     0.00000     0.00000     0.00000     0.00000     0.00000     0.00000     0.00000     0.00000     0.00000     0.00000     0.00000     0.00000     0.00000     0.00000     0.00000     0.00000     0.00000     0.00000     0.00000     0.00000     0.00000     0.00000     0.00000     0.00000     0.00000     0.00000     0.00000     0.00000     0.00000     0.00000     0.00000     0.00000     0.00000     0.00000     0.00000     0.00000     0.00000     0.00000     0.00000     0.00000     0.00000     0.00000  -310.30682  -310.29974  -310.29269  -310.28561  -310.27853  -310.27148  -310.26440  -310.25732  -310.25024  -310.24319  -310.23611  -310.22903  -310.22198  -310.21490  -310.20782  -310.20078  -310.19370  -310.18661  -310.17953  -310.17249  -310.16541  -310.15833  -310.15128  -310.14420  -310.13712  -310.13004  -310.12299  -310.11591  -310.10883  -310.10178  -310.09470  -310.08762  -310.08057  -310.07349  -310.06641  -310.05933  -310.05228  -310.04520  -310.03812  -310.03107  -310.02399  -310.01691  -310.00986  -310.00278   694.29980   701.37085   708.44196   715.51300   722.58411   729.65515   736.72620   743.79724   750.86835   757.93945   765.01050   772.08154   779.15259   786.22369   793.29480   800.36584   807.43689   814.50793   821.57904   828.65009   835.72119   842.79224   849.86328   856.93433   864.00543   871.07654   878.14758   885.21863   892.28973   899.36078   906.43182   913.50293   920.57397   927.64502   934.71613   941.78717   948.85828   955.92932   963.00037   970.07147   977.14252   984.21356   991.28467   998.35571  1005.42676  1012.49786  1019.56891  1026.64001  1033.71106  1040.78210  1047.85327  1054.92432  1061.99536  1069.06641  1076.13745     0.00000     0.00000     0.00000     0.00000     0.00000     0.00000     0.00000     0.00000     0.00000     0.00000     0.00000     0.00000     0.00000     0.00000     0.00000     0.00000     0.00000     0.00000     0.00000     0.00000     0.00000     0.00000     0.00000     0.00000     0.00000     0.00000     0.00000     0.00000     0.00000     0.00000     0.00000     0.00000     0.00000     0.00000     0.00000     0.00000     0.00000     0.00000     0.00000     0.00000     0.00000     0.00000     0.00000     0.00000     0.00000     0.00000     0.00000     0.00000     0.00000     0.00000     0.00000     0.00000     0.00000     0.00000     0.00000     0.00000     0.00000     0.00000     0.00000     0.00000     0.00000     0.00000     0.00000     0.00000     0.00000
     0.00000     0.00000     0.00000     0.00000     0.00000     0.00000     0.00000     0.00000     0.00000     0.00000     0.00000     0.00000     0.00000     0.00000     0.00000     0.00000     0.00000     0.00000     0.00000     0.00000     0.00000     0.00000     0.00000     0.00000     0.00000     0.00000     0.00000     0.00000     0.00000     0.00000     0.00000     0.00000     0.00000     0.00000     0.00000     0.00000     0.00000     0.00000     0.00000     0.00000     0.00000     0.00000     0.00000     0.00000     0.00000     0.00000     0.00000     0.00000     0.00000     0.00000     0.00000     0.00000     0.00000     0.00000     0.00000     0.00000     0.00000     0.00000     0.00000     0.00000     0.00000     0.00000     0.00000     0.00000  -310.30682  -310.29974  -310.29269  -310.28561  -310.27853  -310.27148  -310.26440  -310.25732  -310.25024  -310.24319  -310.23611  -310.22903  -310.22198  -310.21490  -310.20782  -310.20078  -310.19370  -310.18661  -310.17953  -310.17249  -310.16541  -310.15833  -310.15128  -310.14420  -310.13712  -310.13004  -310.12299  -310.11591  -310.10883  -310.10178  -310.09470  -310.08762  -310.08057  -310.07349  -310.06641  -310.05933  -310.05228  -310.04520  -310.03812  -310.03107  -310.02399  -310.01691  -310.00986  -310.00278   694.29980   701.37085   708.44196   715.51300   722.58411   729.65515   736.72620   743.79724   750.86835   757.93945   765.01050   772.08154   779.15259   786.22369   793.29480   800.36584   807.43689   814.50793   821.57904   828.65009   835.72119   842.79224   849.86328   856.93433   864.00543   871.07654   878.14758   885.21863   892.28973   899.36078   906.43182   913.50293   920.57397   927.64502   934.71613   941.78717   948.85828   955.92932   963.00037   970.07147   977.14252   984.21356   991.28467   998.35571  1005.42676  1012.49786  1019.56891  1026.64001  1033.71106  1040.78210  1047.85327  1054.92432  1061.99536  1069.06641  1076.13745  1083.20850  1090.27954     0.00000     0.00000     0.00000     0.00000     0.00000     0.00000     0.00000     0.00000     0.00000     0.00000     0.00000     0.00000     0.00000     0.00000     0.00000     0.00000     0.00000     0.00000     0.00000     0.00000     0.00000     0.00000     0.00000     0.00000     0.00000     0.00000     0.00000     0.00000     0.00000     0.00000     0.00000     0.00000     0.00000     0.00000     0.00000     0.00000     0.00000     0.00000     0.00000     0.00000     0.00000     0.00000     0.00000     0.00000     0.00000     0.00000     0.00000     0.00000     0.00000     0.00000     0.00000     0.00000     0.00000     0.00000     0.00000     0.00000     0.00000     0.00000     0.00000     0.00000     0.00000     0.00000     0.00000     0.00000
     0.00000     0.00000     0.00000     0.00000     0.00000     0.00000     0.00000     0.00000     0.00000     0.00000     0.00000     0.00000     0.00000     0.00000     0.00000     0.00000     0.00000     0.00000     0.00000     0.00000     0.00000     0.00000     0.00000     0.00000     0.00000     0.00000     0.00000     0.00000     0.00000     0.00000     0.00000     0.00000     0.00000     0.00000     0.00000     0.00000     0.00000     0.00000     0.00000     0.00000     0.00000     0.00000     0.00000     0.00000     0.00000     0.00000     0.00000     0.00000     0.00000     0.00000     0.00000     0.00000     0.00000     0.00000     0.00000     0.00000     0.00000     0.00000     0.00000     0.00000     0.00000     0.00000     0.00000  -310.30682  -310.29974  -310.29269  -310.28561  -310.27853  -310.27148  -310.26440  -310.25732  -310.25024  -310.24319  -310.23611  -310.22903  -310.22198  -310.21490  -310.20782  -310.20078  -310.19370  -310.18661  -310.17953  -310.17249  -310.16541  -310.15833  -310.15128  -310.14420  -310.13712  -310.13004  -310.12299  -310.11591  -310.10883  -310.10178  -310.09470  -310.08762  -310.08057  -310.07349  -310.06641  -310.05933  -310.05228  -310.04520  -310.03812  -310.03107  -310.02399  -310.01691  -310.00986  -310.00278   694.29980   701.37085   708.44196   715.51300   722.58411   729.65515   736.72620   743.79724   750.86835   757.93945   765.01050   772.08154   779.15259   786.22369   793.29480   800.36584   807.43689   814.50793   821.57904   828.65009   835.72119   842.79224   849.86328   856.93433   864.00543   871.07654   878.14758   885.21863   892.28973   899.36078   906.43182   913.50293   920.57397   927.64502   934.71613   941.78717   948.85828   955.92932   963.00037   970.07147   977.14252   984.21356   991.28467   998.35571  1005.42676  1012.49786  1019.56891  1026.64001  1033.71106  1040.78210  1047.85327  1054.92432  1061.99536  1069.06641  1076.13745  1083.20850  1090.27954  1097.35059  1104.42175     0.00000     0.00000     0.00000     0.00000     0.00000     0.00000     0.00000     0.00000     0.00000     0.00000     0.00000     0.00000     0.00000     0.00000     0.00000     0.00000     0.00000     0.00000     0.00000     0.00000     0.00000     0.00000     0.00000     0.00000     0.00000     0.00000     0.00000     0.00000     0.00000     0.00000     0.00000     0.00000     0.00000     0.00000     0.00000     0.00000     0.00000     0.00000     0.00000     0.00000     0.00000     0.00000     0.00000     0.00000     0.00000     0.00000     0.00000     0.00000     0.00000     0.00000     0.00000     0.00000     0.00000     0.00000     0.00000     0.00000     0.00000     0.00000     0.00000     0.00000     0.00000     0.00000     0.00000
     0.00000     0.00000     0.00000     0.00000     0.00000     0.00000     0.00000     0.00000     0.00000     0.00000     0.00000     0.00000     0.00000     0.00000     0.00000     0.00000     0.00000     0.00000     0.00000     0.00000     0.00000     0.00000     0.00000     0.00000     0.00000     0.00000     0.00000     0.00000     0.00000     0.00000     0.00000     0.00000     0.00000     0.00000     0.00000     0.00000     0.00000     0.00000     0.00000     0.00000     0.00000     0.00000     0.00000     0.00000     0.00000     0.00000     0.00000     0.00000     0.00000     0.00000     0.00000     0.00000     0.00000     0.00000     0.00000     0.00000     0.00000     0.00000     0.00000     0.00000     0.00000     0.00000  -310.30682  -310.29974  -310.29269  -310.28561  -310.27853  -310.27148  -310.26440  -310.25732  -310.25024  -310.24319  -310.23611  -310.22903  -310.22198  -310.21490  -310.20782  -310.20078  -310.19370  -310.18661  -310.17953  -310.17249  -310.16541  -310.15833  -310.15128  -310.14420  -310.13712  -310.13004  -310.12299  -310.11591  -310.10883  -310.10178  -310.09470  -310.08762  -310.08057  -310.07349  -310.06641  -310.05933  -310.05228  -310.04520  -310.03812  -310.03107  -310.02399  -310.01691  -310.00986  -310.00278   694.29980   701.37085   708.44196   715.51300   722.58411   729.65515   736.72620   743.79724   750.86835   757.93945   765.01050   772.08154   779.15259   786.22369   793.29480   800.36584   807.43689   814.50793   821.57904   828.65009   835.72119   842.79224   849.86328   856.93433   864.00543   871.07654   878.14758   885.21863   892.28973   899.36078   906.43182   913.50293   920.57397   927.64502   934.71613   941.78717   948.85828   955.92932   963.00037   970.07147   977.14252   984.21356   991.28467   998.35571  1005.42676  1012.49786  1019.56891  1026.64001  1033.71106  1040.78210  1047.85327  1054.92432  1061.99536  1069.06641  1076.13745  1083.20850  1090.27954  1097.35059  1104.42175  1111.49280  1118.56384     0.00000     0.00000     0.00000     0.00000     0.00000     0.00000     0.00000     0.00000     0.00000     0.00000     0.00000     0.00000     0.00000     0.00000     0.00000     0.00000     0.00000     0.00000     0.00000     0.00000     0.00000     0.00000     0.00000     0.00000     0.00000     0.00000     0.00000     0.00000     0.00000     0.00000     0.00000     0.00000     0.00000     0.00000     0.00000     0.00000     0.00000     0.00000     0.00000     0.00000     0.00000     0.00000     0.00000     0.00000     0.00000     0.00000     0.00000     0.00000     0.00000     0.00000     0.00000     0.00000     0.00000     0.00000     0.00000     0.00000     0.00000     0.00000     0.00000     0.00000     0.00000     0.00000
     0.00000     0.00000     0.00000     0.00000     0.00000     0.00000     0.00000     0.00000     0.00000     0.00000     0.00000     0.00000     0.00000     0.00000     0.00000     0.00000     0.00000     0.00000     0.00000     0.00000     0.00000     0.00000     0.00000     0.00000     0.00000     0.00000     0.00000     0.00000     0.00000     0.00000     0.00000     0.00000     0.00000     0.00000     0.00000     0.00000     0.00000     0.00000     0.00000     0.00000     0.00000     0.00000     0.00000     0.00000     0.00000     0.00000     0.00000     0.00000     0.00000     0.00000     0.00000     0.00000     0.00000     0.00000     0.00000     0.00000     0.00000     0.00000     0.00000     0.00000     0.00000  -310.30682  -310.29974  -310.29269  -310.28561  -310.27853  -310.27148  -310.26440  -310.25732  -310.25024  -310.24319  -310.23611  -310.22903  -310.22198  -310.21490  -310.20782  -310.20078  -310.19370  -310.18661  -310.17953  -310.17249  -310.16541  -310.15833  -310.15128  -310.14420  -310.13712  -310.13004  -310.12299  -310.11591  -310.10883  -310.10178  -310.09470  -310.08762  -310.08057  -310.07349  -310.06641  -310.05933  -310.05228  -310.04520  -310.03812  -310.03107  -310.02399  -310.01691  -310.00986  -310.00278   694.29980   701.37085   708.44196   715.51300   722.58411   729.65515   736.72620   743.79724   750.86835   757.93945   765.01050   772.08154   779.15259   786.22369   793.29480   800.36584   807.43689   814.50793   821.57904   828.65009   835.72119   842.79224   849.86328   856.93433   864.00543   871.07654   878.14758   885.21863   892.28973   899.36078   906.43182   913.50293   920.57397   927.64502   934.71613   941.78717   948.85828   955.92932   963.00037   970.07147   977.14252   984.21356   991.28467   998.35571  1005.42676  1012.49786  1019.56891  1026.64001  1033.71106  1040.78210  1047.85327  1054.92432  1061.99536  1069.06641  1076.13745  1083.20850  1090.27954  1097.35059  1104.42175  1111.49280  1118.56384  1125.63501  1132.70605     0.00000     0.00000     0.00000     0.00000     0.00000     0.00000     0.00000     0.00000     0.00000     0.00000     0.00000     0.00000     0.00000     0.00000     0.00000     0.00000     0.00000     0.00000     0.00000     0.00000     0.00000     0.00000     0.00000     0.00000     0.00000     0.00000     0.00000     0.00000     0.00000     0.00000     0.00000     0.00000     0.00000     0.00000     0.00000     0.00000     0.00000     0.00000     0.00000     0.00000     0.00000     0.00000     0.00000     0.00000     0.00000     0.00000     0.00000     0.00000     0.00000     0.00000     0.00000     0.00000     0.00000     0.00000     0.00000     0.00000     0.00000     0.00000     0.00000     0.00000     0.00000
     0.00000     0.00000     0.00000     0.00000     0.00000     0.00000     0.00000     0.00000     0.00000     0.00000     0.00000     0.00000     0.00000     0.00000     0.00000     0.00000     0.00000     0.00000     0.00000     0.00000     0.00000     0.00000     0.00000     0.00000     0.00000     0.00000     0.00000     0.00000     0.00000     0.00000     0.00000     0.00000     0.00000     0.00000     0.00000     0.00000     0.00000     0.00000     0.00000     0.00000     0.00000     0.00000     0.00000     0.00000     0.00000     0.00000     0.00000     0.00000     0.00000     0.00000     0.00000     0.00000     0.00000     0.00000     0.00000     0.00000     0.00000     0.00000     0.00000     0.00000  -310.30682  -310.29974  -310.29269  -310.28561  -310.27853  -310.27148  -310.26440  -310.25732  -310.25024  -310.24319  -310.23611  -310.22903  -310.22198  -310.21490  -310.20782  -310.20078  -310.19370  -310.18661  -310.17953  -310.17249  -310.16541  -310.15833  -310.15128  -310.14420  -310.13712  -310.13004  -310.12299  -310.11591  -310.10883  -310.10178  -310.09470  -310.08762  -310.08057  -310.07349  -310.06641  -310.05933  -310.05228  -310.04520  -310.03812  -310.03107  -310.02399  -310.01691  -310.00986  -310.00278   694.29980   701.37085   708.44196   715.51300   722.58411   729.65515   736.72620   743.79724   750.86835   757.93945   765.01050   772.08154   779.15259   786.22369   793.29480   800.36584   807.43689   814.50793   821.57904   828.65009   835.72119   842.79224   849.86328   856.93433   864.00543   871.07654   878.14758   885.21863   892.28973   899.36078   906.43182   913.50293   920.57397   927.64502   934.71613   941.78717   948.85828   955.92932   963.00037   970.07147   977.14252   984.21356   991.28467   998.35571  1005.42676  1012.49786  1019.56891  1026.64001  1033.71106  1040.78210  1047.85327  1054.92432  1061.99536  1069.06641  1076.13745  1083.20850  1090.27954  1097.35059  1104.42175  1111.49280  1118.56384  1125.63501  1132.70605  1139.77710  1146.84814     0.00000     0.00000     0.00000     0.00000     0.00000     0.00000     0.00000     0.00000     0.00000     0.00000     0.00000     0.00000     0.00000     0.00000     0.00000     0.00000     0.00000     0.00000     0.00000     0.00000     0.00000     0.00000     0.00000     0.00000     0.00000     0.00000     0.00000     0.00000     0.00000     0.00000     0.00000     0.00000     0.00000     0.00000     0.00000     0.00000     0.00000     0.00000     0.00000     0.00000     0.00000     0.00000     0.00000     0.00000     0.00000     0.00000     0.00000     0.00000     0.00000     0.00000     0.00000     0.00000     0.00000     0.00000     0.00000     0.00000     0.00000     0.00000     0.00000     0.00000
     0.00000     0.00000     0.00000     0.00000     0.00000     0.00000     0.00000     0.00000     0.00000     0.00000     0.00000     0.00000     0.00000     0.00000     0.00000     0.00000     0.00000     0.00000     0.00000     0.00000     0.00000     0.00000     0.00000     0.00000     0.00000     0.00000     0.00000     0.00000     0.00000     0.00000     0.00000     0.00000     0.00000     0.00000     0.00000     0.00000     0.00000     0.00000     0.00000     0.00000     0.00000     0.00000     0.00000     0.00000     0.00000     0.00000     0.00000     0.00000     0.00000     0.00000     0.00000     0.00000     0.00000     0.00000     0.00000     0.00000     0.00000     0.00000     0.00000  -310.30682  -310.29974  -310.29269  -310.28561  -310.27853  -310.27148  -310.26440  -310.25732  -310.25024  -310.24319  -310.23611  -310.22903  -310.22198  -310.21490  -310.20782  -310.20078  -310.19370  -310.18661  -310.17953  -310.17249  -310.16541  -310.15833  -310.15128  -310.14420  -310.13712  -310.13004  -310.12299  -310.11591  -310.10883  -310.10178  -310.09470  -310.08762  -310.08057  -310.07349  -310.06641  -310.05933  -310.05228  -310.04520  -310.03812  -310.03107  -310.02399  -310.01691  -310.00986  -310.00278   694.29980   701.37085   708.44196   715.51300   722.58411   729.65515   736.72620   743.79724   750.86835   757.93945   765.01050   772.08154   779.15259   786.22369   793.29480   800.36584   807.43689   814.50793   821.57904   828.65009   835.72119   842.79224   849.86328   856.93433   864.00543   871.07654   878.14758   885.21863   892.28973   899.36078   906.43182   913.50293   920.57397   927.64502   934.71613   941.78717   948.85828   955.92932   963.00037   970.07147   977.14252   984.21356   991.28467   998.35571  1005.42676  1012.49786  1019.56891  1026.64001  1033.71106  1040.78210  1047.85327  1054.92432  1061.99536  1069.06641  1076.13745  1083.20850  1090.27954  1097.35059  1104.42175  1111.49280  1118.56384  1125.63501  1132.70605  1139.77710  1146.84814  1153.91919  1160.99023     0.00000     0.00000     0.00000     0.00000     0.00000     0.00000     0.00000     0.00000     0.00000     0.00000     0.00000     0.00000     0.00000     0.00000     0.00000     0.00000     0.00000     0.00000     0.00000     0.00000     0.00000     0.00000     0.00000     0.00000     0.00000     0.00000     0.00000     0.00000     0.00000     0.00000     0.00000     0.00000     0.00000     0.00000     0.00000     0.00000     0.00000     0.00000     0.00000     0.00000     0.00000     0.00000     0.00000     0.00000     0.00000     0.00000     0.00000     0.00000     0.00000     0.00000     0.00000     0.00000     0.00000     0.00000     0.00000     0.00000     0.00000     0.00000     0.00000
     0.00000     0.00000     0.00000     0.00000     0.00000     0.00000     0.00000     0.00000     0.00000     0.00000     0.00000     0.00000     0.00000     0.00000     0.00000     0.00000     0.00000     0.00000     0.00000     0.00000     0.00000     0.00000     0.00000     0.00000     0.00000     0.00000     0.00000     0.00000     0.00000     0.00000     0.00000     0.00000     0.00000     0.00000     0.00000     0.00000     0.00000     0.00000     0.00000     0.00000     0.00000     0.00000     0.00000     0.00000     0.00000     0.00000     0.00000     0.00000     0.00000     0.00000     0.00000     0.00000     0.00000     0.00000     0.00000     0.00000     0.00000     0.00000  -310.30682  -310.29974  -310.29269  -310.28561  -310.27853  -310.27148  -310.26440  -310.25732  -310.25024  -310.24319  -310.23611  -310.22903  -310.22198  -310.21490  -310.20782  -310.20078  -310.19370  -310.18661  -310.17953  -310.17249  -310.16541  -310.15833  -310.15128  -310.14420  -310.13712  -310.13004  -310.12299  -310.11591  -310.10883  -310.10178  -310.09470  -310.08762  -310.08057  -310.07349  -310.06641  -310.05933  -310.05228  -310.04520  -310.03812  -310.03107  -310.02399  -310.01691  -310.00986  -310.00278   694.29980   701.37085   708.44196   715.51300   722.58411   729.65515   736.72620   743.79724   750.86835   757.93945   765.01050   772.08154   779.15259   786.22369   793.29480   800.36584   807.43689   814.50793   821.57904   828.65009   835.72119   842.79224   849.86328   856.93433   864.00543   871.07654   878.14758   885.21863   892.28973   899.36078   906.43182   913.50293   920.57397   927.64502   934.71613   941.78717   948.85828   955.92932   963.00037   970.07147   977.14252   984.21356   991.28467   998.35571  1005.42676  1012.49786  1019.56891  1026.64001  1033.71106  1040.78210  1047.85327  1054.92432  1061.99536  1069.06641  1076.13745  1083.20850  1090.27954  1097.35059  1104.42175  1111.49280  1118.56384  1125.63501  1132.70605  1139.77710  1146.84814  1153.91919  1160.99023  1168.06128  1175.13232     0.00000     0.00000     0.00000     0.00000     0.00000     0.00000     0.00000     0.00000     0.00000     0.00000     0.00000     0.00000     0.00000     0.00000     0.00000     0.00000     0.00000     0.00000     0.00000     0.00000     0.00000     0.00000     0.00000     0.00000     0.00000     0.00000     0.00000     0.00000     0.00000     0.00000     0.00000     0.00000     0.00000     0.00000     0.00000     0.00000     0.00000     0.00000     0.00000     0.00000     0.00000     0.00000     0.00000     0.00000     0.00000     0.00000     0.00000     0.00000     0.00000     0.00000     0.00000     0.00000     0.00000     0.00000     0.00000     0.00000     0.00000     0.00000
     0.00000     0.00000     0.00000     0.00000     0.00000     0.00000     0.00000     0.00000     0.00000     0.00000     0.00000     0.00000     0.00000     0.00000     0.00000     0.00000     0.00000     0.00000     0.00000     0.00000     0.00000     0.00000     0.00000     0.00000     0.00000     0.00000     0.00000     0.00000     0.00000     0.00000     0.00000     0.00000     0.00000     0.00000     0.00000     0.00000     0.00000     0.00000     0.00000     0.00000     0.00000     0.00000     0.00000     0.00000     0.00000     0.00000     0.00000     0.00000     0.00000     0.00000     0.00000     0.00000     0.00000     0.00000     0.00000     0.00000     0.00000  -310.30682  -310.29974  -310.29269  -310.28561  -310.27853  -310.27148  -310.26440  -310.25732  -310.25024  -310.24319  -310.23611  -310.22903  -310.22198  -310.21490  -310.20782  -310.20078  -310.19370  -310.18661  -310.17953  -310.17249  -310.16541  -310.15833  -310.15128  -310.14420  -310.13712  -310.13004  -310.12299  -310.11591  -310.10883  -310.10178  -310.09470  -310.08762  -310.08057  -310.07349  -310.06641  -310.05933  -310.05228  -310.04520  -310.03812  -310.03107  -310.02399  -310.01691  -310.00986  -310.00278   694.29980   701.37085   708.44196   715.51300   722.58411   729.65515   736.72620   743.79724   750.86835   757.93945   765.01050   772.08154   779.15259   786.22369   793.29480   800.36584   807.43689   814.50793   821.57904   828.65009   835.72119   842.79224   849.86328   856.93433   864.00543   871.07654   878.14758   885.21863   892.28973   899.36078   906.43182   913.50293   920.57397   927.64502   934.71613   941.78717   948.85828   955.92932   963.00037   970.07147   977.14252   984.21356   991.28467   998.35571  1005.42676  1012.49786  1019.56891  1026.64001  1033.71106  1040.78210  1047.85327  1054.92432  1061.99536  1069.06641  1076.13745  1083.20850  1090.27954  1097.35059  1104.42175  1111.49280  1118.56384  1125.63501  1132.70605  1139.77710  1146.84814  1153.91919  1160.99023  1168.06128  1175.13232  1182.20349  1189.27454     0.00000     0.00000     0.00000     0.00000     0.00000     0.00000     0.00000     0.00000     0.00000     0.00000     0.00000     0.00000     0.00000     0.00000     0.00000     0.00000     0.00000     0.00000     0.00000     0.00000     0.00000     0.00000     0.00000     0.00000     0.00000     0.00000     0.00000     0.00000     0.00000     0.00000     0.00000     0.00000     0.00000     0.00000     0.00000     0.00000     0.00000     0.00000     0.00000     0.00000     0.00000     0.00000     0.00000     0.00000     0.00000     0.00000     0.00000     0.00000     0.00000     0.00000     0.00000     0.00000     0.00000     0.00000     0.00000     0.00000     0.00000
     0.00000     0.00000     0.00000     0.00000     0.00000     0.00000     0.00000     0.00000     0.00000     0.00000     0.00000     0.00000     0.00000     0.00000     0.00000     0.00000     0.00000     0.00000     0.00000     0.00000     0.00000     0.00000     0.00000     0.00000     0.00000     0.00000     0.00000     0.00000     0.00000     0.00000     0.00000     0.00000     0.00000     0.00000     0.00000     0.00000     0.00000     0.00000     0.00000     0.00000     0.00000     0.00000     0.00000     0.00000     0.00000     0.00000     0.00000     0.00000     0.00000     0.00000     0.00000     0.00000     0.00000     0.00000     0.00000     0.00000  -310.30682  -310.29974  -310.29269  -310.28561  -310.27853  -310.27148  -310.26440  -310.25732  -310.25024  -310.24319  -310.23611  -310.22903  -310.22198  -310.21490  -310.20782  -310.20078  -310.19370  -310.18661  -310.17953  -310.17249  -310.16541  -310.15833  -310.15128  -310.14420  -310.13712  -310.13004  -310.12299  -310.11591  -310.10883  -310.10178  -310.09470  -310.08762  -310.08057  -310.07349  -310.06641  -310.05933  -310.05228  -310.04520  -310.03812  -310.03107  -310.02399  -310.01691  -310.00986  -310.00278   694.29980   701.37085   708.44196   715.51300   722.58411   729.65515   736.72620   743.79724   750.86835   757.93945   765.01050   772.08154   779.15259   786.22369   793.29480   800.36584   807.43689   814.50793   821.57904   828.65009   835.72119   842.79224   849.86328   856.93433   864.00543   871.07654   878.14758   885.21863   892.28973   899.36078   906.43182   913.50293   920.57397   927.64502   934.71613   941.78717   948.85828   955.92932   963.00037   970.07147   977.14252   984.21356   991.28467   998.35571  1005.42676  1012.49786  1019.56891  1026.64001  1033.71106  1040.78210  1047.85327  1054.92432  1061.99536  1069.06641  1076.13745  1083.20850  1090.27954  1097.35059  1104.42175  1111.49280  1118.56384  1125.63501  1132.70605  1139.77710  1146.84814  1153.91919  1160.99023  1168.06128  1175.13232  1182.20349  1189.27454  1196.34570  1203.41675     0.00000     0.00000     0.00000     0.00000     0.00000     0.00000     0.00000     0.00000     0.00000     0.00000     0.00000     0.00000     0.00000     0.00000     0.00000     0.00000     0.00000     0.00000     0.00000     0.00000     0.00000     0.00000     0.00000     0.00000     0.00000     0.00000     0.00000     0.00000     0.00000     0.00000     0.00000     0.00000     0.00000     0.00000     0.00000     0.00000     0.00000     0.00000     0.00000     0.00000     0.00000     0.00000     0.00000     0.00000     0.00000     0.00000     0.00000     0.00000     0.00000     0.00000     0.00000     0.00000     0.00000     0.00000     0.00000     0.00000
     0.00000     0.00000     0.00000     0.00000     0.00000     0.00000     0.00000     0.00000     0.00000     0.00000     0.00000     0.00000     0.00000     0.00000     0.00000     0.00000     0.00000     0.00000     0.00000     0.00000     0.00000     0.00000     0.00000     0.00000     0.00000     0.00000     0.00000     0.00000     0.00000     0.00000     0.00000     0.00000     0.00000     0.00000     0.00000     0.00000     0.00000     0.00000     0.00000     0.00000     0.00000     0.00000     0.00000     0.00000     0.00000     0.00000     0.00000     0.00000     0.00000     0.00000     0.00000     0.00000     0.00000     0.00000     0.00000  -310.30682  -310.29974  -310.29269  -310.28561  -310.27853  -310.27148  -310.26440  -310.25732  -310.25024  -310.24319  -310.23611  -310.22903  -310.22198  -310.21490  -310.20782  -310.20078  -310.19370  -310.18661  -310.17953  -310.17249  -310.16541  -310.15833  -310.15128  -310.14420  -310.13712  -310.13004  -310.12299  -310.11591  -310.10883  -310.10178  -310.09470  -310.08762  -310.08057  -310.07349  -310.06641  -310.05933  -310.05228  -310.04520  -310.03812  -310.03107  -310.02399  -310.01691  -310.00986  -310.00278   694.29980   701.37085   708.44196   715.51300   722.58411   729.65515   736.72620   743.79724   750.86835   757.93945   765.01050   772.08154   779.15259   786.22369   793.29480   800.36584   807.43689   814.50793   821.57904   828.65009   835.72119   842.79224   849.86328   856.93433   864.00543   871.07654   878.14758   885.21863   892.28973   899.36078   906.43182   913.50293   920.57397   927.64502   934.71613   941.78717   948.85828   955.92932   963.00037   970.07147   977.14252   984.21356   991.28467   998.35571  1005.42676  1012.49786  1019.56891  1026.64001  1033.71106  1040.78210  1047.85327  1054.92432  1061.99536  1069.06641  1076.13745  1083.20850  1090.27954  1097.35059  1104.42175  1111.49280  1118.56384  1125.63501  1132.70605  1139.77710  1146.84814  1153.91919  1160.99023  1168.06128  1175.13232  1182.20349  1189.27454  1196.34570  1203.41675  1210.48779  1217.55884     0.00000     0.00000     0.00000     0.00000     0.00000     0.00000     0.00000     0.00000     0.00000     0.00000     0.00000     0.00000     0.00000     0.00000     0.00000     0.00000     0.00000     0.00000     0.00000     0.00000     0.00000     0.00000     0.00000     0.00000     0.00000     0.00000     0.00000     0.00000     0.00000     0.00000     0.00000     0.00000     0.00000     0.00000     0.00000     0.00000     0.00000     0.00000     0.00000     0.00000     0.00000     0.00000     0.00000     0.00000     0.00000     0.00000     0.00000     0.00000     0.00000     0.00000     0.00000     0.00000     0.00000     0.00000     0.00000
     0.00000     0.00000     0.00000     0.00000     0.00000     0.00000     0.00000     0.00000     0.00000     0.00000     0.00000     0.00000     0.00000     0.00000     0.00000     0.00000     0.00000     0.00000     0.00000     0.00000     0.00000     0.00000     0.00000     0.00000     0.00000     0.00000     0.00000     0.00000     0.00000     0.00000     0.00000     0.00000     0.00000     0.00000     0.00000     0.00000     0.00000     0.00000     0.00000     0.00000     0.00000     0.00000     0.00000     0.00000     0.00000     0.00000     0.00000     0.00000     0.00000     0.00000     0.00000     0.00000     0.00000     0.00000  -310.30682  -310.29974  -310.29269  -310.28561  -310.27853  -310.27148  -310.26440  -310.25732  -310.25024  -310.24319  -310.23611  -310.22903  -310.22198  -310.21490  -310.20782  -310.20078  -310.19370  -310.18661  -310.17953  -310.17249  -310.16541  -310.15833  -310.15128  -310.14420  -310.13712  -310.13004  -310.12299  -310.11591  -310.10883  -310.10178  -310.09470  -310.08762  -310.08057  -310.07349  -310.06641  -310.05933  -310.05228  -310.04520  -310.03812  -310.03107  -310.02399  -310.01691  -310.00986  -310.00278   694.29980   701.37085   708.44196   715.51300   722.58411   729.65515   736.72620   743.79724   750.86835   757.93945   765.01050   772.08154   779.15259   786.22369   793.29480   800.36584   807.43689   814.50793   821.57904   828.65009   835.72119   842.79224   849.86328   856.93433   864.00543   871.07654   878.14758   885.21863   892.28973   899.36078   906.43182   913.50293   920.57397   927.64502   934.71613   941.78717   948.85828   955.92932   963.00037   970.07147   977.14252   984.21356   991.28467   998.35571  1005.42676  1012.49786  1019.56891  1026.64001  1033.71106  1040.78210  1047.85327  1054.92432  1061.99536  1069.06641  1076.13745  1083.20850  1090.27954  1097.35059  1104.42175  1111.49280  1118.56384  1125.63501  1132.70605  1139.77710  1146.84814  1153.91919  1160.99023  1168.06128  1175.13232  1182.20349  1189.27454  1196.34570  1203.41675  1210.48779  1217.55884  1224.62988  1231.70093     0.00000     0.00000     0.00000     0.00000     0.00000     0.00000     0.00000     0.00000     0.00000     0.00000     0.00000     0.00000     0.00000     0.00000     0.00000     0.00000     0.00000     0.00000     0.00000     0.00000     0.00000     0.00000     0.00000     0.00000     0.00000     0.00000     0.00000     0.00000     0.00000     0.00000     0.00000     0.00000     0.00000     0.00000     0.00000     0.00000     0.00000     0.00000     0.00000     0.00000     0.00000     0.00000     0.00000     0.00000     0.00000     0.00000     0.00000     0.00000     0.00000     0.00000     0.00000     0.00000     0.00000     0.00000
     0.00000     0.00000     0.00000     0.00000     0.00000     0.00000     0.00000     0.00000     0.00000     0.00000     0.00000     0.00000     0.00000     0.00000     0.00000     0.00000     0.00000     0.00000     0.00000     0.00000     0.00000     0.00000     0.00000     0.00000     0.00000     0.00000     0.00000     0.00000     0.00000     0.00000     0.00000     0.00000     0.00000     0.00000     0.00000     0.00000     0.00000     0.00000     0.00000     0.00000     0.00000     0.00000     0.00000     0.00000     0.00000     0.00000     0.00000     0.00000     0.00000     0.00000     0.00000     0.00000     0.00000  -310.30682  -310.29974  -310.29269  -310.28561  -310.27853  -310.27148  -310.26440  -310.25732  -310.25024  -310.24319  -310.23611  -310.22903  -310.22198  -310.21490  -310.20782  -310.20078  -310.19370  -310.18661  -310.17953  -310.17249  -310.16541  -310.15833  -310.15128  -310.14420  -310.13712  -310.13004  -310.12299  -310.11591  -310.10883  -310.10178  -310.09470  -310.08762  -310.08057  -310.07349  -310.06641  -310.05933  -310.05228  -310.04520  -310.03812  -310.03107  -310.02399  -310.01691  -310.00986  -310.00278   694.29980   701.37085   708.44196   715.51300   722.58411   729.65515   736.72620   743.79724   750.86835   757.93945   765.01050   772.08154   779.15259   786.22369   793.29480   800.36584   807.43689   814.50793   821.57904   828.65009   835.72119   842.79224   849.86328   856.93433   864.00543   871.07654   878.14758   885.21863   892.28973   899.36078   906.43182   913.50293   920.57397   927.64502   934.71613   941.78717   948.85828   955.92932   963.00037   970.07147   977.14252   984.21356   991.28467   998.35571  1005.42676  1012.49786  1019.56891  1026.64001  1033.71106  1040.78210  1047.85327  1054.92432  1061.99536  1069.06641  1076.13745  1083.20850  1090.27954  1097.35059  1104.42175  1111.49280  1118.56384  1125.63501  1132.70605  1139.77710  1146.84814  1153.91919  1160.99023  1168.06128  1175.13232  1182.20349  1189.27454  1196.34570  1203.41675  1210.48779  1217.55884  1224.62988  1231.70093  1238.77197  1245.84302     0.00000     0.00000     0.00000     0.00000     0.00000     0.00000     0.00000     0.00000     0.00000     0.00000     0.00000     0.00000     0.00000     0.00000     0.00000     0.00000     0.00000     0.00000     0.00000     0.00000     0.00000     0.00000     0.00000     0.00000     0.00000     0.00000     0.00000     0.00000     0.00000     0.00000     0.00000     0.00000     0.00000     0.00000     0.00000     0.00000     0.00000     0.00000     0.00000     0.00000     0.00000     0.00000     0.00000     0.00000     0.00000     0.00000     0.00000     0.00000     0.00000     0.00000     0.00000     0.00000     0.00000
     0.00000     0.00000     0.00000     0.00000     0.00000     0.00000     0.00000     0.00000     0.00000     0.00000     0.00000     0.00000     0.00000     0.00000     0.00000     0.00000     0.00000     0.00000     0.00000     0.00000     0.00000     0.00000     0.00000     0.00000     0.00000     0.00000     0.00000     0.00000     0.00000     0.00000     0.00000     0.00000     0.00000     0.00000     0.00000     0.00000     0.00000     0.00000     0.00000     0.00000     0.00000     0.00000     0.00000     0.00000     0.00000     0.00000     0.00000     0.00000     0.00000     0.00000     0.00000     0.00000  -310.30682  -310.29974  -310.29269  -310.28561  -310.27853  -310.27148  -310.26440  -310.25732  -310.25024  -310.24319  -310.23611  -310.22903  -310.22198  -310.21490  -310.20782  -310.20078  -310.19370  -310.18661  -310.17953  -310.17249  -310.16541  -310.15833  -310.15128  -310.14420  -310.13712  -310.13004  -310.12299  -310.11591  -310.10883  -310.10178  -310.09470  -310.08762  -310.08057  -310.07349  -310.06641  -310.05933  -310.05228  -310.04520  -310.03812  -310.03107  -310.02399  -310.01691  -310.00986  -310.00278   694.29980   701.37085   708.44196   715.51300   722.58411   729.65515   736.72620   743.79724   750.86835   757.93945   765.01050   772.08154   779.15259   786.22369   793.29480   800.36584   807.43689   814.50793   821.57904   828.65009   835.72119   842.79224   849.86328   856.93433   864.00543   871.07654   878.14758   885.21863   892.28973   899.36078   906.43182   913.50293   920.57397   927.64502   934.71613   941.78717   948.85828   955.92932   963.00037   970.07147   977.14252   984.21356   991.28467   998.35571  1005.42676  1012.49786  1019.56891  1026.64001  1033.71106  1040.78210  1047.85327  1054.92432  1061.99536  1069.06641  1076.13745  1083.20850  1090.27954  1097.35059  1104.42175  1111.49280  1118.56384  1125.63501  1132.70605  1139.77710  1146.84814  1153.91919  1160.99023  1168.06128  1175.13232  1182.20349  1189.27454  1196.34570  1203.41675  1210.48779  1217.55884  1224.62988  1231.70093  1238.77197  1245.84302  1252.91418  1259.98523     0.00000     0.00000     0.00000     0.00000     0.00000     0.00000     0.00000     0.00000     0.00000     0.00000     0.00000     0.00000     0.00000     0.00000     0.00000     0.00000     0.00000     0.00000     0.00000     0.00000     0.00000     0.00000     0.00000     0.00000     0.00000     0.00000     0.00000     0.00000     0.00000     0.00000     0.00000     0.00000     0.00000     0.00000     0.00000     0.00000     0.00000     0.00000     0.00000     0.00000     0.00000     0.00000     0.00000     0.00000     0.00000     0.00000     0.00000     0.00000     0.00000     0.00000     0.00000     0.00000
     0.00000     0.00000     0.00000     0.00000     0.00000     0.00000     0.00000     0.00000     0.00000     0.00000     0.00000     0.00000     0.00000     0.00000     0.00000     0.00000     0.00000     0.00000     0.00000     0.00000     0.00000     0.00000     0.00000     0.00000     0.00000     0.00000     0.00000     0.00000     0.00000     0.00000     0.00000     0.00000     0.00000     0.00000     0.00000     0.00000     0.00000     0.00000     0.00000     0.00000     0.00000     0.00000     0.00000     0.00000     0.00000     0.00000     0.00000     0.00000     0.00000     0.00000     0.00000  -310.30682  -310.29974  -310.29269  -310.28561  -310.27853  -310.27148  -310.26440  -310.25732  -310.25024  -310.24319  -310.23611  -310.22903  -310.22198  -310.21490  -310.20782  -310.20078  -310.19370  -310.18661  -310.17953  -310.17249  -310.16541  -310.15833  -310.15128  -310.14420  -310.13712  -310.13004  -310.12299  -310.11591  -310.10883  -310.10178  -310.09470  -310.08762  -310.08057  -310.07349  -310.06641  -310.05933  -310.05228  -310.04520  -310.03812  -310.03107  -310.02399  -310.01691  -310.00986  -310.00278   694.29980   701.37085   708.44196   715.51300   722.58411   729.65515   736.72620   743.79724   750.86835   757.93945   765.01050   772.08154   779.15259   786.22369   793.29480   800.36584   807.43689   814.50793   821.57904   828.65009   835.72119   842.79224   849.86328   856.93433   864.00543   871.07654   878.14758   885.21863   892.28973   899.36078   906.43182   913.50293   920.57397   927.64502   934.71613   941.78717   948.85828   955.92932   963.00037   970.07147   977.14252   984.21356   991.28467   998.35571  1005.42676  1012.49786  1019.56891  1026.64001  1033.71106  1040.78210  1047.85327  1054.92432  1061.99536  1069.06641  1076.13745  1083.20850  1090.27954  1097.35059  1104.42175  1111.49280  1118.56384  1125.63501  1132.70605  1139.77710  1146.84814  1153.91919  1160.99023  1168.06128  1175.13232  1182.20349  1189.27454  1196.34570  1203.41675  1210.48779  1217.55884  1224.62988  1231.70093  1238.77197  1245.84302  1252.91418  1259.98523  1267.05627  1274.12744     0.00000     0.00000     0.00000     0.00000     0.00000     0.00000     0.00000     0.00000     0.00000     0.00000     0.00000     0.00000     0.00000     0.00000     0.00000     0.00000     0.00000     0.00000     0.00000     0.00000     0.00000     0.00000     0.00000     0.00000     0.00000     0.00000     0.00000     0.00000     0.00000     0.00000     0.00000     0.00000     0.00000     0.00000     0.00000     0.00000     0.00000     0.00000     0.00000     0.00000     0.00000     0.00000     0.00000     0.00000     0.00000     0.00000     0.00000     0.00000     0.00000     0.00000     0.00000
     0.00000     0.00000     0.00000     0.00000     0.00000     0.00000     0.00000     0.00000     0.00000     0.00000     0.00000     0.00000     0.00000     0.00000     0.00000     0.00000     0.00000     0.00000     0.00000     0.00000     0.00000     0.00000     0.00000     0.00000     0.00000     0.00000     0.00000     0.00000     0.00000     0.00000     0.00000     0.00000     0.00000     0.00000     0.00000     0.00000     0.00000     0.00000     0.00000     0.00000     0.00000     0.00000     0.00000     0.00000     0.00000     0.00000     0.00000     0.00000     0.00000     0.00000  -310.30682  -310.29974  -310.29269  -310.28561  -310.27853  -310.27148  -310.26440  -310.25732  -310.25024  -310.24319  -310.23611  -310.22903  -310.22198  -310.21490  -310.20782  -310.20078  -310.19370  -310.18661  -310.17953  -310.17249  -310.16541  -310.15833  -310.15128  -310.14420  -310.13712  -310.13004  -310.12299  -310.11591  -310.10883  -310.10178  -310.09470  -310.08762  -310.08057  -310.07349  -310.06641  -310.05933  -310.05228  -310.04520  -310.03812  -310.03107  -310.02399  -310.01691  -310.00986  -310.00278   694.29980   701.37085   708.44196   715.51300   722.58411   729.65515   736.72620   743.79724   750.86835   757.93945   765.01050   772.08154   779.15259   786.22369   793.29480   800.36584   807.43689   814.50793   821.57904   828.65009   835.72119   842.79224   849.86328   856.93433   864.00543   871.07654   878.14758   885.21863   892.28973   899.36078   906.43182   913.50293   920.57397   927.64502   934.71613   941.78717   948.85828   955.92932   963.00037   970.07147   977.14252   984.21356   991.28467   998.35571  1005.42676  1012.49786  1019.56891  1026.64001  1033.71106  1040.78210  1047.85327  1054.92432  1061.99536  1069.06641  1076.13745  1083.20850  1090.27954  1097.35059  1104.42175  1111.49280  1118.56384  1125.63501  1132.70605  1139.77710  1146.84814  1153.91919  1160.99023  1168.06128  1175.13232  1182.20349  1189.27454  1196.34570  1203.41675  1210.48779  1217.55884  1224.62988  1231.70093  1238.77197  1245.84302  1252.91418  1259.98523  1267.05627  1274.12744  1281.19849  1288.26953     0.00000     0.00000     0.00000     0.00000     0.00000     0.00000     0.00000     0.00000     0.00000     0.00000     0.00000     0.00000     0.00000     0.00000     0.00000     0.00000     0.00000     0.00000     0.00000     0.00000     0.00000     0.00000     0.00000     0.00000     0.00000     0.00000     0.00000     0.00000     0.00000     0.00000     0.00000     0.00000     0.00000     0.00000     0.00000     0.00000     0.00000     0.00000     0.00000     0.00000     0.00000     0.00000     0.00000     0.00000     0.00000     0.00000     0.00000     0.00000     0.00000     0.00000
     0.00000     0.00000     0.00000     0.00000     0.00000     0.00000     0.00000     0.00000     0.00000     0.00000     0.00000     0.00000     0.00000     0.00000     0.00000     0.00000     0.00000     0.00000     0.00000     0.00000     0.00000     0.00000     0.00000     0.00000     0.00000     0.00000     0.00000     0.00000     0.00000     0.00000     0.00000     0.00000     0.00000     0.00000     0.00000     0.00000     0.00000     0.00000     0.00000     0.00000     0.00000     0.00000     0.00000     0.00000     0.00000     0.00000     0.00000     0.00000     0.00000  -310.30682  -310.29974  -310.29269  -310.28561  -310.27853  -310.27148  -310.26440  -310.25732  -310.25024  -310.24319  -310.23611  -310.22903  -310.22198  -310.21490  -310.20782  -310.20078  -310.19370  -310.18661  -310.17953  -310.17249  -310.16541  -310.15833  -310.15128  -310.14420  -310.13712  -310.13004  -310.12299  -310.11591  -310.10883  -310.10178  -310.09470  -310.08762  -310.08057  -310.07349  -310.06641  -310.05933  -310.05228  -310.04520  -310.03812  -310.03107  -310.02399  -310.01691  -310.00986  -310.00278   694.29980   701.37085   708.44196   715.51300   722.58411   729.65515   736.72620   743.79724   750.86835   757.93945   765.01050   772.08154   779.15259   786.22369   793.29480   800.36584   807.43689   814.50793   821.57904   828.65009   835.72119   842.79224   849.86328   856.93433   864.00543   871.07654   878.14758   885.21863   892.28973   899.36078   906.43182   913.50293   920.57397   927.64502   934.71613   941.78717   948.85828   955.92932   963.00037   970.07147   977.14252   984.21356   991.28467   998.35571  1005.42676  1012.49786  1019.56891  1026.64001  1033.71106  1040.78210  1047.85327  1054.92432  1061.99536  1069.06641  1076.13745  1083.20850  1090.27954  1097.35059  1104.42175  1111.49280  1118.56384  1125.63501  1132.70605  1139.77710  1146.84814  1153.91919  1160.99023  1168.06128  1175.13232  1182.20349  1189.27454  1196.34570  1203.41675  1210.48779  1217.55884  1224.62988  1231.70093  1238.77197  1245.84302  1252.91418  1259.98523  1267.05627  1274.12744  1281.19849  1288.26953  1295.34058  1302.41162     0.00000     0.00000     0.00000     0.00000     0.00000     0.00000     0.00000     0.00000     0.00000     0.00000     0.00000     0.00000     0.00000     0.00000     0.00000     0.00000     0.00000     0.00000     0.00000     0.00000     0.00000     0.00000     0.00000     0.00000     0.00000     0.00000     0.00000     0.00000     0.00000     0.00000     0.00000     0.00000     0.00000     0.00000     0.00000     0.00000     0.00000     0.00000     0.00000     0.00000     0.00000     0.00000     0.00000     0.00000     0.00000     0.00000     0.00000     0.00000     0.00000
     0.00000     0.00000     0.00000     0.00000     0.00000     0.00000     0.00000     0.00000     0.00000     0.00000     0.00000     0.00000     0.00000     0.00000     0.00000     0.00000     0.00000     0.00000     0.00000     0.00000     0.00000     0.00000     0.00000     0.00000     0.00000     0.00000     0.00000     0.00000     0.00000     0.00000     0.00000     0.00000     0.00000     0.00000     0.00000     0.00000     0.00000     0.00000     0.00000     0.00000     0.00000     0.00000     0.00000     0.00000     0.00000     0.00000     0.00000     0.00000  -310.30682  -310.29974  -310.29269  -310.28561  -310.27853  -310.27148  -310.26440  -310.25732  -310.25024  -310.24319  -310.23611  -310.22903  -310.22198  -310.21490  -310.20782  -310.20078  -310.19370  -310.18661  -310.17953  -310.17249  -310.16541  -310.15833  -310.15128  -310.14420  -310.13712  -310.13004  -310.12299  -310.11591  -310.10883  -310.10178  -310.09470  -310.08762  -310.08057  -310.07349  -310.06641  -310.05933  -310.05228  -310.04520  -310.03812  -310.03107  -310.02399  -310.01691  -310.00986  -310.00278   694.29980   701.37085   708.44196   715.51300   722.58411   729.65515   736.72620   743.79724   750.86835   757.93945   765.01050   772.08154   779.15259   786.22369   793.29480   800.36584   807.43689   814.50793   821.57904   828.65009   835.72119   842.79224   849.86328   856.93433   864.00543   871.07654   878.14758   885.21863   892.28973   899.36078   906.43182   913.50293   920.57397   927.64502   934.71613   941.78717   948.85828   955.92932   963.00037   970.07147   977.14252   984.21356   991.28467   998.35571  1005.42676  1012.49786  1019.56891  1026.64001  1033.71106  1040.78210  1047.85327  1054.92432  1061.99536  1069.06641  1076.13745  1083.20850  1090.27954  1097.35059  1104.42175  1111.49280  1118.56384  1125.63501  1132.70605  1139.77710  1146.84814  1153.91919  1160.99023  1168.06128  1175.13232  1182.20349  1189.27454  1196.34570  1203.41675  1210.48779  1217.55884  1224.62988  1231.70093  1238.77197  1245.84302  1252.91418  1259.98523  1267.05627  1274.12744  1281.19849  1288.26953  1295.34058  1302.41162  1309.48267  1316.55371     0.00000     0.00000     0.00000     0.00000     0.00000     0.00000     0.00000     0.00000     0.00000     0.00000     0.00000     0.00000     0.00000     0.00000     0.00000     0.00000     0.00000     0.00000     0.00000     0.00000     0.00000     0.00000     0.00000     0.00000     0.00000     0.00000     0.00000     0.00000     0.00000     0.00000     0.00000     0.00000     0.00000     0.00000     0.00000     0.00000     0.00000     0.00000     0.00000     0.00000     0.00000     0.00000     0.00000     0.00000     0.00000     0.00000     0.00000     0.00000
     0.00000     0.00000     0.00000     0.00000     0.00000     0.00000     0.00000     0.00000     0.00000     0.00000     0.00000     0.00000     0.00000     0.00000     0.00000     0.00000     0.00000     0.00000     0.00000     0.00000     0.00000     0.00000     0.00000     0.00000     0.00000     0.00000     0.00000     0.00000     0.00000     0.00000     0.00000     0.00000     0.00000     0.00000     0.00000     0.00000     0.00000     0.00000     0.00000     0.00000     0.00000     0.00000     0.00000     0.00000     0.00000     0.00000     0.00000  -310.30682  -310.29974  -310.29269  -310.28561  -310.27853  -310.27148  -310.26440  -310.25732  -310.25024  -310.24319  -310.23611  -310.22903  -310.22198  -310.21490  -310.20782  -310.20078  -310.19370  -310.18661  -310.17953  -310.17249  -310.16541  -310.15833  -310.15128  -310.14420  -310.13712  -310.13004  -310.12299  -310.11591  -310.10883  -310.10178  -310.09470  -310.08762  -310.08057  -310.07349  -310.06641  -310.05933  -310.05228  -310.04520  -310.03812  -310.03107  -310.02399  -310.01691  -310.00986  -310.00278   694.29980   701.37085   708.44196   715.51300   722.58411   729.65515   736.72620   743.79724   750.86835   757.93945   765.01050   772.08154   779.15259   786.22369   793.29480   800.36584   807.43689   814.50793   821.57904   828.65009   835.72119   842.79224   849.86328   856.93433   864.00543   871.07654   878.14758   885.21863   892.28973   899.36078   906.43182   913.50293   920.57397   927.64502   934.71613   941.78717   948.85828   955.92932   963.00037   970.07147   977.14252   984.21356   991.28467   998.35571  1005.42676  1012.49786  1019.56891  1026.64001  1033.71106  1040.78210  1047.85327  1054.92432  1061.99536  1069.06641  1076.13745  1083.20850  1090.27954  1097.35059  1104.42175  1111.49280  1118.56384  1125.63501  1132.70605  1139.77710  1146.84814  1153.91919  1160.99023  1168.06128  1175.13232  1182.20349  1189.27454  1196.34570  1203.41675  1210.48779  1217.55884  1224.62988  1231.70093  1238.77197  1245.84302  1252.91418  1259.98523  1267.05627  1274.12744  1281.19849  1288.26953  1295.34058  1302.41162  1309.48267  1316.55371  1323.62476  1330.69592     0.00000     0.00000     0.00000     0.00000     0.00000     0.00000     0.00000     0.00000     0.00000     0.00000     0.00000     0.00000     0.00000     0.00000     0.00000     0.00000     0.00000     0.00000     0.00000     0.00000     0.00000     0.00000     0.00000     0.00000     0.00000     0.00000     0.00000     0.00000     0.00000     0.00000     0.00000     0.00000     0.00000     0.00000     0.00000     0.00000     0.00000     0.00000     0.00000     0.00000     0.00000     0.00000     0.00000     0.00000     0.00000     0.00000     0.00000
     0.00000     0.00000     0.00000     0.00000     0.00000     0.00000     0.00000     0.00000     0.00000     0.00000     0.00000     0.00000     0.00000     0.00000     0.00000     0.00000     0.00000     0.00000     0.00000     0.00000     0.00000     0.00000     0.00000     0.00000     0.00000     0.00000     0.00000     0.00000     0.00000     0.00000     0.00000     0.00000     0.00000     0.00000     0.00000     0.00000     0.00000     0.00000     0.00000     0.00000     0.00000     0.00000     0.00000     0.00000     0.00000     0.00000  -310.30682  -310.29974  -310.29269  -310.28561  -310.27853  -310.27148  -310.26440  -310.25732  -310.25024  -310.24319  -310.23611  -310.22903  -310.22198  -310.21490  -310.20782  -310.20078  -310.19370  -310.18661  -310.17953  -310.17249  -310.16541  -310.15833  -310.15128  -310.14420  -310.13712  -310.13004  -310.12299  -310.11591  -310.10883  -310.10178  -310.09470  -310.08762  -310.08057  -310.07349  -310.06641  -310.05933  -310.05228  -310.04520  -310.03812  -310.03107  -310.02399  -310.01691  -310.00986  -310.00278   694.29980   701.37085   708.44196   715.51300   722.58411   729.65515   736.72620   743.79724   750.86835   757.93945   765.01050   772.08154   779.15259   786.22369   793.29480   800.36584   807.43689   814.50793   821.57904   828.65009   835.72119   842.79224   849.86328   856.93433   864.00543   871.07654   878.14758   885.21863   892.28973   899.36078   906.43182   913.50293   920.57397   927.64502   934.71613   941.78717   948.85828   955.92932   963.00037   970.07147   977.14252   984.21356   991.28467   998.35571  1005.42676  1012.49786  1019.56891  1026.64001  1033.71106  1040.78210  1047.85327  1054.92432  1061.99536  1069.06641  1076.13745  1083.20850  1090.27954  1097.35059  1104.42175  1111.49280  1118.56384  1125.63501  1132.70605  1139.77710  1146.84814  1153.91919  1160.99023  1168.06128  1175.13232  1182.20349  1189.27454  1196.34570  1203.41675  1210.48779  1217.55884  1224.62988  1231.70093  1238.77197  1245.84302  1252.91418  1259.98523  1267.05627  1274.12744  1281.19849  1288.26953  1295.34058  1302.41162  1309.48267  1316.55371  1323.62476  1330.69592  1337.76697  1344.83801     0.00000     0.00000     0.00000     0.00000     0.00000     0.00000     0.00000     0.00000     0.00000     0.00000     0.00000     0.00000     0.00000     0.00000     0.00000     0.00000     0.00000     0.00000     0.00000     0.00000     0.00000     0.00000     0.00000     0.00000     0.00000     0.00000     0.00000     0.00000     0.00000     0.00000     0.00000     0.00000     0.00000     0.00000     0.00000     0.00000     0.00000     0.00000     0.00000     0.00000     0.00000     0.00000     0.00000     0.00000     0.00000     0.00000
     0.00000     0.00000     0.00000     0.00000     0.00000     0.00000     0.00000     0.00000     0.00000     0.00000     0.00000     0.00000     0.00000     0.00000     0.00000     0.00000     0.00000     0.00000     0.00000     0.00000     0.00000     0.00000     0.00000     0.00000     0.00000     0.00000     0.00000     0.00000     0.00000     0.00000     0.00000     0.00000     0.00000     0.00000     0.00000     0.00000     0.00000     0.00000     0.00000     0.00000     0.00000     0.00000     0.00000     0.00000     0.00000  -310.30682  -310.29974  -310.29269  -310.28561  -310.27853  -310.27148  -310.26440  -310.25732  -310.25024  -310.24319  -310.23611  -310.22903  -310.22198  -310.21490  -310.20782  -310.20078  -310.19370  -310.18661  -310.17953  -310.17249  -310.16541  -310.15833  -310.15128  -310.14420  -310.13712  -310.13004  -310.12299  -310.11591  -310.10883  -310.10178  -310.09470  -310.08762  -310.08057  -310.07349  -310.06641  -310.05933  -310.05228  -310.04520  -310.03812  -310.03107  -310.02399  -310.01691  -310.00986  -310.00278   694.29980   701.37085   708.44196   715.51300   722.58411   729.65515   736.72620   743.79724   750.86835   757.93945   765.01050   772.08154   779.15259   786.22369   793.29480   800.36584   807.43689   814.50793   821.57904   828.65009   835.72119   842.79224   849.86328   856.93433   864.00543   871.07654   878.14758   885.21863   892.28973   899.36078   906.43182   913.50293   920.57397   927.64502   934.71613   941.78717   948.85828   955.92932   963.00037   970.07147   977.14252   984.21356   991.28467   998.35571  1005.42676  1012.49786  1019.56891  1026.64001  1033.71106  1040.78210  1047.85327  1054.92432  1061.99536  1069.06641  1076.13745  1083.20850  1090.27954  1097.35059  1104.42175  1111.49280  1118.56384  1125.63501  1132.70605  1139.77710  1146.84814  1153.91919  1160.99023  1168.06128  1175.13232  1182.20349  1189.27454  1196.34570  1203.41675  1210.48779  1217.55884  1224.62988  1231.70093  1238.77197  1245.84302  1252.91418  1259.98523  1267.05627  1274.12744  1281.19849  1288.26953  1295.34058  1302.41162  1309.48267  1316.55371  1323.62476  1330.69592  1337.76697  1344.83801  1351.90918  1358.98022     0.00000     0.00000     0.00000     0.00000     0.00000     0.00000     0.00000     0.00000     0.00000     0.00000     0.00000     0.00000     0.00000     0.00000     0.00000     0.00000     0.00000     0.00000     0.00000     0.00000     0.00000     0.00000     0.00000     0.00000     0.00000     0.00000     0.00000     0.00000     0.00000     0.00000     0.00000     0.00000     0.00000     0.00000     0.00000     0.00000     0.00000     0.00000     0.00000     0.00000     0.00000     0.00000     0.00000     0.00000     0.00000
     0.00000     0.00000     0.00000     0.00000     0.00000     0.00000     0.00000     0.00000     0.00000     0.00000     0.00000     0.00000     0.00000     0.00000     0.00000     0.00000     0.00000     0.00000     0.00000     0.00000     0.00000     0.00000     0.00000     0.00000     0.00000     0.00000     0.00000     0.00000     0.00000     0.00000     0.00000     0.00000     0.00000     0.00000     0.00000     0.00000     0.00000     0.00000     0.00000     0.00000     0.00000     0.00000     0.00000     0.00000  -310.30682  -310.29974  -310.29269  -310.28561  -310.27853  -310.27148  -310.26440  -310.25732  -310.25024  -310.24319  -310.23611  -310.22903  -310.22198  -310.21490  -310.20782  -310.20078  -310.19370  -310.18661  -310.17953  -310.17249  -310.16541  -310.15833  -310.15128  -310.14420  -310.13712  -310.13004  -310.12299  -310.11591  -310.10883  -310.10178  -310.09470  -310.08762  -310.08057  -310.07349  -310.06641  -310.05933  -310.05228  -310.04520  -310.03812  -310.03107  -310.02399  -310.01691  -310.00986  -310.00278   694.29980   701.37085   708.44196   715.51300   722.58411   729.65515   736.72620   743.79724   750.86835   757.93945   765.01050   772.08154   779.15259   786.22369   793.29480   800.36584   807.43689   814.50793   821.57904   828.65009   835.72119   842.79224   849.86328   856.93433   864.00543   871.07654   878.14758   885.21863   892.28973   899.36078   906.43182   913.50293   920.57397   927.64502   934.71613   941.78717   948.85828   955.92932   963.00037   970.07147   977.14252   984.21356   991.28467   998.35571  1005.42676  1012.49786  1019.56891  1026.64001  1033.71106  1040.78210  1047.85327  1054.92432  1061.99536  1069.06641  1076.13745  1083.20850  1090.27954  1097.35059  1104.42175  1111.49280  1118.56384  1125.63501  1132.70605  1139.77710  1146.84814  1153.91919  1160.99023  1168.06128  1175.13232  1182.20349  1189.27454  1196.34570  1203.41675  1210.48779  1217.55884  1224.62988  1231.70093  1238.77197  1245.84302  1252.91418  1259.98523  1267.05627  1274.12744  1281.19849  1288.26953  1295.34058  1302.41162  1309.48267  1316.55371  1323.62476  1330.69592  1337.76697  1344.83801  1351.90918  1358.98022  1366.05127  1373.12231     0.00000     0.00000     0.00000     0.00000     0.00000     0.00000     0.00000     0.00000     0.00000     0.00000     0.00000     0.00000     0.00000     0.00000     0.00000     0.00000     0.00000     0.00000     0.00000     0.00000     0.00000     0.00000     0.00000     0.00000     0.00000     0.00000     0.00000     0.00000     0.00000     0.00000     0.00000     0.00000     0.00000     0.00000     0.00000     0.00000     0.00000     0.00000     0.00000     0.00000     0.00000     0.00000     0.00000     0.00000
     0.00000     0.00000     0.00000     0.00000     0.00000     0.00000     0.00000     0.00000     0.00000     0.00000     0.00000     0.00000     0.00000     0.00000     0.00000     0.00000     0.00000     0.00000     0.00000     0.00000     0.00000     0.00000     0.00000     0.00000     0.00000     0.00000     0.00000     0.00000     0.00000     0.00000     0.00000     0.00000     0.00000     0.00000     0.00000     0.00000     0.00000     0.00000     0.00000     0.00000     0.00000     0.00000     0.00000  -310.30682  -310.29974  -310.29269  -310.28561  -310.27853  -310.27148  -310.26440  -310.25732  -310.25024  -310.24319  -310.23611  -310.22903  -310.22198  -310.21490  -310.20782  -310.20078  -310.19370  -310.18661  -310.17953  -310.17249  -310.16541  -310.15833  -310.15128  -310.14420  -310.13712  -310.13004  -310.12299  -310.11591  -310.10883  -310.10178  -310.09470  -310.08762  -310.08057  -310.07349  -310.06641  -310.05933  -310.05228  -310.04520  -310.03812  -310.03107  -310.02399  -310.01691  -310.00986  -310.00278   694.29980   701.37085   708.44196   715.51300   722.58411   729.65515   736.72620   743.79724   750.86835   757.93945   765.01050   772.08154   779.15259   786.22369   793.29480   800.36584   807.43689   814.50793   821.57904   828.65009   835.72119   842.79224   849.86328   856.93433   864.00543   871.07654   878.14758   885.21863   892.28973   899.36078   906.43182   913.50293   920.57397   927.64502   934.71613   941.78717   948.85828   955.92932   963.00037   970.07147   977.14252   984.21356   991.28467   998.35571  1005.42676  1012.49786  1019.56891  1026.64001  1033.71106  1040.78210  1047.85327  1054.92432  1061.99536  1069.06641  1076.13745  1083.20850  1090.27954  1097.35059  1104.42175  1111.49280  1118.56384  1125.63501  1132.70605  1139.77710  1146.84814  1153.91919  1160.99023  1168.06128  1175.13232  1182.20349  1189.27454  1196.34570  1203.41675  1210.48779  1217.55884  1224.62988  1231.70093  1238.77197  1245.84302  1252.91418  1259.98523  1267.05627  1274.12744  1281.19849  1288.26953  1295.34058  1302.41162  1309.48267  1316.55371  1323.62476  1330.69592  1337.76697  1344.83801  1351.90918  1358.98022  1366.05127  1373.12231  1380.19336  1387.26440     0.00000     0.00000     0.00000     0.00000     0.00000     0.00000     0.00000     0.00000     0.00000     0.00000     0.00000     0.00000     0.00000     0.00000     0.00000     0.00000     0.00000     0.00000     0.00000     0.00000     0.00000     0.00000     0.00000     0.00000     0.00000     0.00000     0.00000     0.00000     0.00000     0.00000     0.00000     0.00000     0.00000     0.00000     0.00000     0.00000     0.00000     0.00000     0.00000     0.00000     0.00000     0.00000     0.00000
     0.00000     0.00000     0.00000     0.00000     0.00000     0.00000     0.00000     0.00000     0.00000     0.00000     0.00000     0.00000     0.00000     0.00000     0.00000     0.00000     0.00000     0.00000     0.00000     0.00000     0.00000     0.00000     0.00000     0.00000     0.00000     0.00000     0.00000     0.00000     0.00000     0.00000     0.00000     0.00000     0.00000     0.00000     0.00000     0.00000     0.00000     0.00000     0.00000     0.00000     0.00000     0.00000  -310.30682  -310.29974  -310.29269  -310.28561  -310.27853  -310.27148  -310.26440  -310.25732  -310.25024  -310.24319  -310.23611  -310.22903  -310.22198  -310.21490  -310.20782  -310.20078  -310.19370  -310.18661  -310.17953  -310.17249  -310.16541  -310.15833  -310.15128  -310.14420  -310.13712  -310.13004  -310.12299  -310.11591  -310.10883  -310.10178  -310.09470  -310.08762  -310.08057  -310.07349  -310.06641  -310.05933  -310.05228  -310.04520  -310.03812  -310.03107  -310.02399  -310.01691  -310.00986  -310.00278   694.29980   701.37085   708.44196   715.51300   722.58411   729.65515   736.72620   743.79724   750.86835   757.93945   765.01050   772.08154   779.15259   786.22369   793.29480   800.36584   807.43689   814.50793   821.57904   828.65009   835.72119   842.79224   849.86328   856.93433   864.00543   871.07654   878.14758   885.21863   892.28973   899.36078   906.43182   913.50293   920.57397   927.64502   934.71613   941.78717   948.85828   955.92932   963.00037   970.07147   977.14252   984.21356   991.28467   998.35571  1005.42676  1012.49786  1019.56891  1026.64001  1033.71106  1040.78210  1047.85327  1054.92432  1061.99536  1069.06641  1076.13745  1083.20850  1090.27954  1097.35059  1104.42175  1111.49280  1118.56384  1125.63501  1132.70605  1139.77710  1146.84814  1153.91919  1160.99023  1168.06128  1175.13232  1182.20349  1189.27454  1196.34570  1203.41675  1210.48779  1217.55884  1224.62988  1231.70093  1238.77197  1245.84302  1252.91418  1259.98523  1267.05627  1274.12744  1281.19849  1288.26953  1295.34058  1302.41162  1309.48267  1316.55371  1323.62476  1330.69592  1337.76697  1344.83801  1351.90918  1358.98022  1366.05127  1373.12231  1380.19336  1387.26440  1394.33545  1401.40649     0.00000     0.00000     0.00000     0.00000     0.00000     0.00000     0.00000     0.00000     0.00000     0.00000     0.00000     0.00000     0.00000     0.00000     0.00000     0.00000     0.00000     0.00000     0.00000     0.00000     0.00000     0.00000     0.00000     0.00000     0.00000     0.00000     0.00000     0.00000     0.00000     0.00000     0.00000     0.00000     0.00000     0.00000     0.00000     0.00000     0.00000     0.00000     0.00000     0.00000     0.00000     0.00000
     0.00000     0.00000     0.00000     0.00000     0.00000     0.00000     0.00000     0.00000     0.00000     0.00000     0.00000     0.00000     0.00000     0.00000     0.00000     0.00000     0.00000     0.00000     0.00000     0.00000     0.00000     0.00000     0.00000     0.00000     0.00000     0.00000     0.00000     0.00000     0.00000     0.00000     0.00000     0.00000     0.00000     0.00000     0.00000     0.00000     0.00000     0.00000     0.00000     0.00000     0.00000  -310.30682  -310.29974  -310.29269  -310.28561  -310.27853  -310.27148  -310.26440  -310.25732  -310.25024  -310.24319  -310.23611  -310.22903  -310.22198  -310.21490  -310.20782  -310.20078  -310.19370  -310.18661  -310.17953  -310.17249  -310.16541  -310.15833  -310.15128  -310.14420  -310.13712  -310.13004  -310.12299  -310.11591  -310.10883  -310.10178  -310.09470  -310.08762  -310.08057  -310.07349  -310.06641  -310.05933  -310.05228  -310.04520  -310.03812  -310.03107  -310.02399  -310.01691  -310.00986  -310.00278   694.29980   701.37085   708.44196   715.51300   722.58411   729.65515   736.72620   743.79724   750.86835   757.93945   765.01050   772.08154   779.15259   786.22369   793.29480   800.36584   807.43689   814.50793   821.57904   828.65009   835.72119   842.79224   849.86328   856.93433   864.00543   871.07654   878.14758   885.21863   892.28973   899.36078   906.43182   913.50293   920.57397   927.64502   934.71613   941.78717   948.85828   955.92932   963.00037   970.07147   977.14252   984.21356   991.28467   998.35571  1005.42676  1012.49786  1019.56891  1026.64001  1033.71106  1040.78210  1047.85327  1054.92432  1061.99536  1069.06641  1076.13745  1083.20850  1090.27954  1097.35059  1104.42175  1111.49280  1118.56384  1125.63501  1132.70605  1139.77710  1146.84814  1153.91919  1160.99023  1168.06128  1175.13232  1182.20349  1189.27454  1196.34570  1203.41675  1210.48779  1217.55884  1224.62988  1231.70093  1238.77197  1245.84302  1252.91418  1259.98523  1267.05627  1274.12744  1281.19849  1288.26953  1295.34058  1302.41162  1309.48267  1316.55371  1323.62476  1330.69592  1337.76697  1344.83801  1351.90918  1358.98022  1366.05127  1373.12231  1380.19336  1387.26440  1394.33545  1401.40649  1408.47766  1415.54871     0.00000     0.00000     0.00000     0.00000     0.00000     0.00000     0.00000     0.00000     0.00000     0.00000     0.00000     0.00000     0.00000     0.00000     0.00000     0.00000     0.00000     0.00000     0.00000     0.00000     0.00000     0.00000     0.00000     0.00000     0.00000     0.00000     0.00000     0.00000     0.00000     0.00000     0.00000     0.00000     0.00000     0.00000     0.00000     0.00000     0.00000     0.00000     0.00000     0.00000     0.00000
     0.00000     0.00000     0.00000     0.00000     0.00000     0.00000     0.00000     0.00000     0.00000     0.00000     0.00000     0.00000     0.00000     0.00000     0.00000     0.00000     0.00000     0.00000     0.00000     0.00000     0.00000     0.00000     0.00000     0.00000     0.00000     0.00000     0.00000     0.00000     0.00000     0.00000     0.00000     0.00000     0.00000     0.00000     0.00000     0.00000     0.00000     0.00000     0.00000     0.00000  -310.30682  -310.29974  -310.29269  -310.28561  -310.27853  -310.27148  -310.26440  -310.25732  -310.25024  -310.24319  -310.23611  -310.22903  -310.22198  -310.21490  -310.20782  -310.20078  -310.19370  -310.18661  -310.17953  -310.17249  -310.16541  -310.15833  -310.15128  -310.14420  -310.13712  -310.13004  -310.12299  -310.11591  -310.10883  -310.10178  -310.09470  -310.08762  -310.08057  -310.07349  -310.06641  -310.05933  -310.05228  -310.04520  -310.03812  -310.03107  -310.02399  -310.01691  -310.00986  -310.00278   694.29980   701.37085   708.44196   715.51300   722.58411   729.65515   736.72620   743.79724   750.86835   757.93945   765.01050   772.08154   779.15259   786.22369   793.29480   800.36584   807.43689   814.50793   821.57904   828.65009   835.72119   842.79224   849.86328   856.93433   864.00543   871.07654   878.14758   885.21863   892.28973   899.36078   906.43182   913.50293   920.57397   927.64502   934.71613   941.78717   948.85828   955.92932   963.00037   970.07147   977.14252   984.21356   991.28467   998.35571  1005.42676  1012.49786  1019.56891  1026.64001  1033.71106  1040.78210  1047.85327  1054.92432  1061.99536  1069.06641  1076.13745  1083.20850  1090.27954  1097.35059  1104.42175  1111.49280  1118.56384  1125.63501  1132.70605  1139.77710  1146.84814  1153.91919  1160.99023  1168.06128  1175.13232  1182.20349  1189.27454  1196.34570  1203.41675  1210.48779  1217.55884  1224.62988  1231.70093  1238.77197  1245.84302  1252.91418  1259.98523  1267.05627  1274.12744  1281.19849  1288.26953  1295.34058  1302.41162  1309.48267  1316.55371  1323.62476  1330.69592  1337.76697  1344.83801  1351.90918  1358.98022  1366.05127  1373.12231  1380.19336  1387.26440  1394.33545  1401.40649  1408.47766  1415.54871  1422.61975  1429.69080     0.00000     0.00000     0.00000     0.00000     0.00000     0.00000     0.00000     0.00000     0.00000     0.00000     0.00000     0.00000     0.00000     0.00000     0.00000     0.00000     0.00000     0.00000     0.00000     0.00000     0.00000     0.00000     0.00000     0.00000     0.00000     0.00000     0.00000     0.00000     0.00000     0.00000     0.00000     0.00000     0.00000     0.00000     0.00000     0.00000     0.00000     0.00000     0.00000     0.00000
     0.00000     0.00000     0.00000     0.00000     0.00000     0.00000     0.00000     0.00000     0.00000     0.00000     0.00000     0.00000     0.00000     0.00000     0.00000     0.00000     0.00000     0.00000     0.00000     0.00000     0.00000     0.00000     0.00000     0.00000     0.00000     0.00000     0.00000     0.00000     0.00000     0.00000     0.00000     0.00000     0.00000     0.00000     0.00000     0.00000     0.00000     0.00000     0.00000  -310.30682  -310.29974  -310.29269  -310.28561  -310.27853  -310.27148  -310.26440  -310.25732  -310.25024  -310.24319  -310.23611  -310.22903  -310.22198  -310.21490  -310.20782  -310.20078  -310.19370  -310.18661  -310.17953  -310.17249  -310.16541  -310.15833  -310.15128  -310.14420  -310.13712  -310.13004  -310.12299  -310.11591  -310.10883  -310.10178  -310.09470  -310.08762  -310.08057  -310.07349  -310.06641  -310.05933  -310.05228  -310.04520  -310.03812  -310.03107  -310.02399  -310.01691  -310.00986  -310.00278   694.29980   701.37085   708.44196   715.51300   722.58411   729.65515   736.72620   743.79724   750.86835   757.93945   765.01050   772.08154   779.15259   786.22369   793.29480   800.36584   807.43689   814.50793   821.57904   828.65009   835.72119   842.79224   849.86328   856.93433   864.00543   871.07654   878.14758   885.21863   892.28973   899.36078   906.43182   913.50293   920.57397   927.64502   934.71613   941.78717   948.85828   955.92932   963.00037   970.07147   977.14252   984.21356   991.28467   998.35571  1005.42676  1012.49786  1019.56891  1026.64001  1033.71106  1040.78210  1047.85327  1054.92432  1061.99536  1069.06641  1076.13745  1083.20850  1090.27954  1097.35059  1104.42175  1111.49280  1118.56384  1125.63501  1132.70605  1139.77710  1146.84814  1153.91919  1160.99023  1168.06128  1175.13232  1182.20349  1189.27454  1196.34570  1203.41675  1210.48779  1217.55884  1224.62988  1231.70093  1238.77197  1245.84302  1252.91418  1259.98523  1267.05627  1274.12744  1281.19849  1288.26953  1295.34058  1302.41162  1309.48267  1316.55371  1323.62476  1330.69592  1337.76697  1344.83801  1351.90918  1358.98022  1366.05127  1373.12231  1380.19336  1387.26440  1394.33545  1401.40649  1408.47766  1415.54871  1422.61975  1429.69080  1436.76196  1443.83301     0.00000     0.00000     0.00000     0.00000     0.00000     0.00000     0.00000     0.00000     0.00000     0.00000     0.00000     0.00000     0.00000     0.00000     0.00000     0.00000     0.00000     0.00000     0.00000     0.00000     0.00000     0.00000     0.00000     0.00000     0.00000     0.00000     0.00000     0.00000     0.00000     0.00000     0.00000     0.00000     0.00000     0.00000     0.00000     0.00000     0.00000     0.00000     0.00000
     0.00000     0.00000     0.00000     0.00000     0.00000     0.00000     0.00000     0.00000     0.00000     0.00000     0.00000     0.00000     0.00000     0.00000     0.00000     0.00000     0.00000     0.00000     0.00000     0.00000     0.00000     0.00000     0.00000     0.00000     0.00000     0.00000     0.00000     0.00000     0.00000     0.00000     0.00000     0.00000     0.00000     0.00000     0.00000     0.00000     0.00000     0.00000  -310.30682  -310.29974  -310.29269  -310.28561  -310.27853  -310.27148  -310.26440  -310.25732  -310.25024  -310.24319  -310.23611  -310.22903  -310.22198  -310.21490  -310.20782  -310.20078  -310.19370  -310.18661  -310.17953  -310.17249  -310.16541  -310.15833  -310.15128  -310.14420  -310.13712  -310.13004  -310.12299  -310.11591  -310.10883  -310.10178  -310.09470  -310.08762  -310.08057  -310.07349  -310.06641  -310.05933  -310.05228  -310.04520  -310.03812  -310.03107  -310.02399  -310.01691  -310.00986  -310.00278   694.29980   701.37085   708.44196   715.51300   722.58411   729.65515   736.72620   743.79724   750.86835   757.93945   765.01050   772.08154   779.15259   786.22369   793.29480   800.36584   807.43689   814.50793   821.57904   828.65009   835.72119   842.79224   849.86328   856.93433   864.00543   871.07654   878.14758   885.21863   892.28973   899.36078   906.43182   913.50293   920.57397   927.64502   934.71613   941.78717   948.85828   955.92932   963.00037   970.07147   977.14252   984.21356   991.28467   998.35571  1005.42676  1012.49786  1019.56891  1026.64001  1033.71106  1040.78210  1047.85327  1054.92432  1061.99536  1069.06641  1076.13745  1083.20850  1090.27954  1097.35059  1104.42175  1111.49280  1118.56384  1125.63501  1132.70605  1139.77710  1146.84814  1153.91919  1160.99023  1168.06128  1175.13232  1182.20349  1189.27454  1196.34570  1203.41675  1210.48779  1217.55884  1224.62988  1231.70093  1238.77197  1245.84302  1252.91418  1259.98523  1267.05627  1274.12744  1281.19849  1288.26953  1295.34058  1302.41162  1309.48267  1316.55371  1323.62476  1330.69592  1337.76697  1344.83801  1351.90918  1358.98022  1366.05127  1373.12231  1380.19336  1387.26440  1394.33545  1401.40649  1408.47766  1415.54871  1422.61975  1429.69080  1436.76196  1443.83301  1450.90405  1457.97510     0.00000     0.00000     0.00000     0.00000     0.00000     0.00000     0.00000     0.00000     0.00000     0.00000     0.00000     0.00000     0.00000     0.00000     0.00000     0.00000     0.00000     0.00000     0.00000     0.00000     0.00000     0.00000     0.00000     0.00000     0.00000     0.00000     0.00000     0.00000     0.00000     0.00000     0.00000     0.00000     0.00000     0.00000     0.00000     0.00000     0.00000     0.00000
     0.00000     0.00000     0.00000     0.00000     0.00000     0.00000     0.00000     0.00000     0.00000     0.00000     0.00000     0.00000     0.00000     0.00000     0.00000     0.00000     0.00000     0.00000     0.00000     0.00000     0.00000     0.00000     0.00000     0.00000     0.00000     0.00000     0.00000     0.00000     0.00000     0.00000     0.00000     0.00000     0.00000     0.00000     0.00000     0.00000     0.00000  -310.30682  -310.29974  -310.29269  -310.28561  -310.27853  -310.27148  -310.26440  -310.25732  -310.25024  -310.24319  -310.23611  -310.22903  -310.22198  -310.21490  -310.20782  -310.20078  -310.19370  -310.18661  -310.17953  -310.17249  -310.16541  -310.15833  -310.15128  -310.14420  -310.13712  -310.13004  -310.12299  -310.11591  -310.10883  -310.10178  -310.09470  -310.08762  -310.08057  -310.07349  -310.06641  -310.05933  -310.05228  -310.04520  -310.03812  -310.03107  -310.02399  -310.01691  -310.00986  -310.00278   694.29980   701.37085   708.44196   715.51300   722.58411   729.65515   736.72620   743.79724   750.86835   757.93945   765.01050   772.08154   779.15259   786.22369   793.29480   800.36584   807.43689   814.50793   821.57904   828.65009   835.72119   842.79224   849.86328   856.93433   864.00543   871.07654   878.14758   885.21863   892.28973   899.36078   906.43182   913.50293   920.57397   927.64502   934.71613   941.78717   948.85828   955.92932   963.00037   970.07147   977.14252   984.21356   991.28467   998.35571  1005.42676  1012.49786  1019.56891  1026.64001  1033.71106  1040.78210  1047.85327  1054.92432  1061.99536  1069.06641  1076.13745  1083.20850  1090.27954  1097.35059  1104.42175  1111.49280  1118.56384  1125.63501  1132.70605  1139.77710  1146.84814  1153.91919  1160.99023  1168.06128  1175.13232  1182.20349  1189.27454  1196.34570  1203.41675  1210.48779  1217.55884  1224.62988  1231.70093  1238.77197  1245.84302  1252.91418  1259.98523  1267.05627  1274.12744  1281.19849  1288.26953  1295.34058  1302.41162  1309.48267  1316.55371  1323.62476  1330.69592  1337.76697  1344.83801  1351.90918  1358.98022  1366.05127  1373.12231  1380.19336  1387.26440  1394.33545  1401.40649  1408.47766  1415.54871  1422.61975  1429.69080  1436.76196  1443.83301  1450.90405  1457.97510  1465.04614  1472.11731     0.00000     0.00000     0.00000     0.00000     0.00000     0.00000     0.00000     0.00000     0.00000     0.00000     0.00000     0.00000     0.00000     0.00000     0.00000     0.00000     0.00000     0.00000     0.00000     0.00000     0.00000     0.00000     0.00000     0.00000     0.00000     0.00000     0.00000     0.00000     0.00000     0.00000     0.00000     0.00000     0.00000     0.00000     0.00000     0.00000     0.00000
     0.00000     0.00000     0.00000     0.00000     0.00000     0.00000     0.00000     0.00000     0.00000     0.00000     0.00000     0.00000     0.00000     0.00000     0.00000     0.00000     0.00000     0.00000     0.00000     0.00000     0.00000     0.00000     0.00000     0.00000     0.00000     0.00000     0.00000     0.00000     0.00000     0.00000     0.00000     0.00000     0.00000     0.00000     0.00000     0.00000  -310.30682  -310.29974  -310.29269  -310.28561  -310.27853  -310.27148  -310.26440  -310.25732  -310.25024  -310.24319  -310.23611  -310.22903  -310.22198  -310.21490  -310.20782  -310.20078  -310.19370  -310.18661  -310.17953  -310.17249  -310.16541  -310.15833  -310.15128  -310.14420  -310.13712  -310.13004  -310.12299  -310.11591  -310.10883  -310.10178  -310.09470  -310.08762  -310.08057  -310.07349  -310.06641  -310.05933  -310.05228  -310.04520  -310.03812  -310.03107  -310.02399  -310.01691  -310.00986  -310.00278   694.29980   701.37085   708.44196   715.51300   722.58411   729.65515   736.72620   743.79724   750.86835   757.93945   765.01050   772.08154   779.15259   786.22369   793.29480   800.36584   807.43689   814.50793   821.57904   828.65009   835.72119   842.79224   849.86328   856.93433   864.00543   871.07654   878.14758   885.21863   892.28973   899.36078   906.43182   913.50293   920.57397   927.64502   934.71613   941.78717   948.85828   955.92932   963.00037   970.07147   977.14252   984.21356   991.28467   998.35571  1005.42676  1012.49786  1019.56891  1026.64001  1033.71106  1040.78210  1047.85327  1054.92432  1061.99536  1069.06641  1076.13745  1083.20850  1090.27954  1097.35059  1104.42175  1111.49280  1118.56384  1125.63501  1132.70605  1139.77710  1146.84814  1153.91919  1160.99023  1168.06128  1175.13232  1182.20349  1189.27454  1196.34570  1203.41675  1210.48779  1217.55884  1224.62988  1231.70093  1238.77197  1245.84302  1252.91418  1259.98523  1267.05627  1274.12744  1281.19849  1288.26953  1295.34058  1302.41162  1309.48267  1316.55371  1323.62476  1330.69592  1337.76697  1344.83801  1351.90918  1358.98022  1366.05127  1373.12231  1380.19336  1387.26440  1394.33545  1401.40649  1408.47766  1415.54871  1422.61975  1429.69080  1436.76196  1443.83301  1450.90405  1457.97510  1465.04614  1472.11731  1479.18835  1486.25940     0.00000     0.00000     0.00000     0.00000     0.00000     0.00000     0.00000     0.00000     0.00000     0.00000     0.00000     0.00000     0.00000     0.00000     0.00000     0.00000     0.00000     0.00000     0.00000     0.00000     0.00000     0.00000     0.00000     0.00000     0.00000     0.00000     0.00000     0.00000     0.00000     0.00000     0.00000     0.00000     0.00000     0.00000     0.00000     0.00000
     0.00000     0.00000     0.00000     0.00000     0.00000     0.00000     0.00000     0.00000     0.00000     0.00000     0.00000     0.00000     0.00000     0.00000     0.00000     0.00000     0.00000     0.00000     0.00000     0.00000     0.00000     0.00000     0.00000     0.00000     0.00000     0.00000     0.00000     0.00000     0.00000     0.00000     0.00000     0.00000     0.00000     0.00000     0.00000  -310.30682  -310.29974  -310.29269  -310.28561  -310.27853  -310.27148  -310.26440  -310.25732  -310.25024  -310.24319  -310.23611  -310.22903  -310.22198  -310.21490  -310.20782  -310.20078  -310.19370  -310.18661  -310.17953  -310.17249  -310.16541  -310.15833  -310.15128  -310.14420  -310.13712  -310.13004  -310.12299  -310.11591  -310.10883  -310.10178  -310.09470  -310.08762  -310.08057  -310.07349  -310.06641  -310.05933  -310.05228  -310.04520  -310.03812  -310.03107  -310.02399  -310.01691  -310.00986  -310.00278   694.29980   701.37085   708.44196   715.51300   722.58411   729.65515   736.72620   743.79724   750.86835   757.93945   765.01050   772.08154   779.15259   786.22369   793.29480   800.36584   807.43689   814.50793   821.57904   828.65009   835.72119   842.79224   849.86328   856.93433   864.00543   871.07654   878.14758   885.21863   892.28973   899.36078   906.43182   913.50293   920.57397   927.64502   934.71613   941.78717   948.85828   955.92932   963.00037   970.07147   977.14252   984.21356   991.28467   998.35571  1005.42676  1012.49786  1019.56891  1026.64001  1033.71106  1040.78210  1047.85327  1054.92432  1061.99536  1069.06641  1076.13745  1083.20850  1090.27954  1097.35059  1104.42175  1111.49280  1118.56384  1125.63501  1132.70605  1139.77710  1146.84814  1153.91919  1160.99023  1168.06128  1175.13232  1182.20349  1189.27454  1196.34570  1203.41675  1210.48779  1217.55884  1224.62988  1231.70093  1238.77197  1245.84302  1252.91418  1259.98523  1267.05627  1274.12744  1281.19849  1288.26953  1295.34058  1302.41162  1309.48267  1316.55371  1323.62476  1330.69592  1337.76697  1344.83801  1351.90918  1358.98022  1366.05127  1373.12231  1380.19336  1387.26440  1394.33545  1401.40649  1408.47766  1415.54871  1422.61975  1429.69080  1436.76196  1443.83301  1450.90405  1457.97510  1465.04614  1472.11731  1479.18835  1486.25940  1493.33044  1500.40149     0.00000     0.00000     0.00000     0.00000     0.00000     0.00000     0.00000     0.00000     0.00000     0.00000     0.00000     0.00000     0.00000     0.00000     0.00000     0.00000     0.00000     0.00000     0.00000     0.00000     0.00000     0.00000     0.00000     0.00000     0.00000     0.00000     0.00000     0.00000     0.00000     0.00000     0.00000     0.00000     0.00000     0.00000     0.00000
     0.00000     0.00000     0.00000     0.00000     0.00000     0.00000     0.00000     0.00000     0.00000     0.00000     0.00000     0.00000     0.00000     0.00000     0.00000     0.00000     0.00000     0.00000     0.00000     0.00000     0.00000     0.00000     0.00000     0.00000     0.00000     0.00000     0.00000     0.00000     0.00000     0.00000     0.00000     0.00000     0.00000     0.00000  -310.30682  -310.29974  -310.29269  -310.28561  -310.27853  -310.27148  -310.26440  -310.25732  -310.25024  -310.24319  -310.23611  -310.22903  -310.22198  -310.21490  -310.20782  -310.20078  -310.19370  -310.18661  -310.17953  -310.17249  -310.16541  -310.15833  -310.15128  -310.14420  -310.13712  -310.13004  -310.12299  -310.11591  -310.10883  -310.10178  -310.09470  -310.08762  -310.08057  -310.07349  -310.06641  -310.05933  -310.05228  -310.04520  -310.03812  -310.03107  -310.02399  -310.01691  -310.00986  -310.00278   694.29980   701.37085   708.44196   715.51300   722.58411   729.65515   736.72620   743.79724   750.86835   757.93945   765.01050   772.08154   779.15259   786.22369   793.29480   800.36584   807.43689   814.50793   821.57904   828.65009   835.72119   842.79224   849.86328   856.93433   864.00543   871.07654   878.14758   885.21863   892.28973   899.36078   906.43182   913.50293   920.57397   927.64502   934.71613   941.78717   948.85828   955.92932   963.00037   970.07147   977.14252   984.21356   991.28467   998.35571  1005.42676  1012.49786  1019.56891  1026.64001  1033.71106  1040.78210  1047.85327  1054.92432  1061.99536  1069.06641  1076.13745  1083.20850  1090.27954  1097.35059  1104.42175  1111.49280  1118.56384  1125.63501  1132.70605  1139.77710  1146.84814  1153.91919  1160.99023  1168.06128  1175.13232  1182.20349  1189.27454  1196.34570  1203.41675  1210.48779  1217.55884  1224.62988  1231.70093  1238.77197  1245.84302  1252.91418  1259.98523  1267.05627  1274.12744  1281.19849  1288.26953  1295.34058  1302.41162  1309.48267  1316.55371  1323.62476  1330.69592  1337.76697  1344.83801  1351.90918  1358.98022  1366.05127  1373.12231  1380.19336  1387.26440  1394.33545  1401.40649  1408.47766  1415.54871  1422.61975  1429.69080  1436.76196  1443.83301  1450.90405  1457.97510  1465.04614  1472.11731  1479.18835  1486.25940  1493.33044  1500.40149  1507.47253  1514.54370     0.00000     0.00000     0.00000     0.00000     0.00000     0.00000     0.00000     0.00000     0.00000     0.00000     0.00000     0.00000     0.00000     0.00000     0.00000     0.00000     0.00000     0.00000     0.00000     0.00000     0.00000     0.00000     0.00000     0.00000     0.00000     0.00000     0.00000     0.00000     0.00000     0.00000     0.00000     0.00000     0.00000     0.00000
     0.00000     0.00000     0.00000     0.00000     0.00000     0.00000     0.00000     0.00000     0.00000     0.00000     0.00000     0.00000     0.00000     0.00000     0.00000     0.00000     0.00000     0.00000     0.00000     0.00000     0.00000     0.00000     0.00000     0.00000     0.00000     0.00000     0.00000     0.00000     0.00000     0.00000     0.00000     0.00000     0.00000  -310.30682  -310.29974  -310.29269  -310.28561  -310.27853  -310.27148  -310.26440  -310.25732  -310.25024  -310.24319  -310.23611  -310.22903  -310.22198  -310.21490  -310.20782  -310.20078  -310.19370  -310.18661  -310.17953  -310.17249  -310.16541  -310.15833  -310.15128  -310.14420  -310.13712  -310.13004  -310.12299  -310.11591  -310.10883  -310.10178  -310.09470  -310.08762  -310.08057  -310.07349  -310.06641  -310.05933  -310.05228  -310.04520  -310.03812  -310.03107  -310.02399  -310.01691  -310.00986  -310.00278   694.29980   701.37085   708.44196   715.51300   722.58411   729.65515   736.72620   743.79724   750.86835   757.93945   765.01050   772.08154   779.15259   786.22369   793.29480   800.36584   807.43689   814.50793   821.57904   828.65009   835.72119   842.79224   849.86328   856.93433   864.00543   871.07654   878.14758   885.21863   892.28973   899.36078   906.43182   913.50293   920.57397   927.64502   934.71613   941.78717   948.85828   955.92932   963.00037   970.07147   977.14252   984.21356   991.28467   998.35571  1005.42676  1012.49786  1019.56891  1026.64001  1033.71106  1040.78210  1047.85327  1054.92432  1061.99536  1069.06641  1076.13745  1083.20850  1090.27954  1097.35059  1104.42175  1111.49280  1118.56384  1125.63501  1132.70605  1139.77710  1146.84814  1153.91919  1160.99023  1168.06128  1175.13232  1182.20349  1189.27454  1196.34570  1203.41675  1210.48779  1217.55884  1224.62988  1231.70093  1238.77197  1245.84302  1252.91418  1259.98523  1267.05627  1274.12744  1281.19849  1288.26953  1295.34058  1302.41162  1309.48267  1316.55371  1323.62476  1330.69592  1337.76697  1344.83801  1351.90918  1358.98022  1366.05127  1373.12231  1380.19336  1387.26440  1394.33545  1401.40649  1408.47766  1415.54871  1422.61975  1429.69080  1436.76196  1443.83301  1450.90405  1457.97510  1465.04614  1472.11731  1479.18835  1486.25940  1493.33044  1500.40149  1507.47253  1514.54370  1521.61475  1528.68579     0.00000     0.00000     0.00000     0.00000     0.00000     0.00000     0.00000     0.00000     0.00000     0.00000     0.00000     0.00000     0.00000     0.00000     0.00000     0.00000     0.00000     0.00000     0.00000     0.00000     0.00000     0.00000     0.00000     0.00000     0.00000     0.00000     0.00000     0.00000     0.00000     0.00000     0.00000     0.00000     0.00000
     0.00000     0.00000     0.00000     0.00000     0.00000     0.00000     0.00000     0.00000     0.00000     0.00000     0.00000     0.00000     0.00000     0.00000     0.00000     0.00000     0.00000     0.00000     0.00000     0.00000     0.00000     0.00000     0.00000     0.00000     0.00000     0.00000     0.00000     0.00000     0.00000     0.00000     0.00000     0.00000  -310.30682  -310.29974  -310.29269  -310.28561  -310.27853  -310.27148  -310.26440  -310.25732  -310.25024  -310.24319  -310.23611  -310.22903  -310.22198  -310.21490  -310.20782  -310.20078  -310.19370  -310.18661  -310.17953  -310.17249  -310.16541  -310.15833  -310.15128  -310.14420  -310.13712  -310.13004  -310.12299  -310.11591  -310.10883  -310.10178  -310.09470  -310.08762  -310.08057  -310.07349  -310.06641  -310.05933  -310.05228  -310.04520  -310.03812  -310.03107  -310.02399  -310.01691  -310.00986  -310.00278   694.29980   701.37085   708.44196   715.51300   722.58411   729.65515   736.72620   743.79724   750.86835   757.93945   765.01050   772.08154   779.15259   786.22369   793.29480   800.36584   807.43689   814.50793   821.57904   828.65009   835.72119   842.79224   849.86328   856.93433   864.00543   871.07654   878.14758   885.21863   892.28973   899.36078   906.43182   913.50293   920.57397   927.64502   934.71613   941.78717   948.85828   955.92932   963.00037   970.07147   977.14252   984.21356   991.28467   998.35571  1005.42676  1012.49786  1019.56891  1026.64001  1033.71106  1040.78210  1047.85327  1054.92432  1061.99536  1069.06641  1076.13745  1083.20850  1090.27954  1097.35059  1104.42175  1111.49280  1118.56384  1125.63501  1132.70605  1139.77710  1146.84814  1153.91919  1160.99023  1168.06128  1175.13232  1182.20349  1189.27454  1196.34570  1203.41675  1210.48779  1217.55884  1224.62988  1231.70093  1238.77197  1245.84302  1252.91418  1259.98523  1267.05627  1274.12744  1281.19849  1288.26953  1295.34058  1302.41162  1309.48267  1316.55371  1323.62476  1330.69592  1337.76697  1344.83801  1351.90918  1358.98022  1366.05127  1373.12231  1380.19336  1387.26440  1394.33545  1401.40649  1408.47766  1415.54871  1422.61975  1429.69080  1436.76196  1443.83301  1450.90405  1457.97510  1465.04614  1472.11731  1479.18835  1486.25940  1493.33044  1500.40149  1507.47253  1514.54370  1521.61475  1528.68579  1535.75684  1542.82788     0.00000     0.00000     0.00000     0.00000     0.00000     0.00000     0.00000     0.00000     0.00000     0.00000     0.00000     0.00000     0.00000     0.00000     0.00000     0.00000     0.00000     0.00000     0.00000     0.00000     0.00000     0.00000     0.00000     0.00000     0.00000     0.00000     0.00000     0.00000     0.00000     0.00000     0.00000     0.00000
     0.00000     0.00000     0.00000     0.00000     0.00000     0.00000     0.00000     0.00000     0.00000     0.00000     0.00000     0.00000     0.00000     0.00000     0.00000     0.00000     0.00000     0.00000     0.00000     0.00000     0.00000     0.00000     0.00000     0.00000     0.00000     0.00000     0.00000     0.00000     0.00000     0.00000     0.00000  -310.30682  -310.29974  -310.29269  -310.28561  -310.27853  -310.27148  -310.26440  -310.25732  -310.25024  -310.24319  -310.23611  -310.22903  -310.22198  -310.21490  -310.20782  -310.20078  -310.19370  -310.18661  -310.17953  -310.17249  -310.16541  -310.15833  -310.15128  -310.14420  -310.13712  -310.13004  -310.12299  -310.11591  -310.10883  -310.10178  -310.09470  -310.08762  -310.08057  -310.07349  -310.06641  -310.05933  -310.05228  -310.04520  -310.03812  -310.03107  -310.02399  -310.01691  -310.00986  -310.00278   694.29980   701.37085   708.44196   715.51300   722.58411   729.65515   736.72620   743.79724   750.86835   757.93945   765.01050   772.08154   779.15259   786.22369   793.29480   800.36584   807.43689   814.50793   821.57904   828.65009   835.72119   842.79224   849.86328   856.93433   864.00543   871.07654   878.14758   885.21863   892.28973   899.36078   906.43182   913.50293   920.57397   927.64502   934.71613   941.78717   948.85828   955.92932   963.00037   970.07147   977.14252   984.21356   991.28467   998.35571  1005.42676  1012.49786  1019.56891  1026.64001  1033.71106  1040.78210  1047.85327  1054.92432  1061.99536  1069.06641  1076.13745  1083.20850  1090.27954  1097.35059  1104.42175  1111.49280  1118.56384  1125.63501  1132.70605  1139.77710  1146.84814  1153.91919  1160.99023  1168.06128  1175.13232  1182.20349  1189.27454  1196.34570  1203.41675  1210.48779  1217.55884  1224.62988  1231.70093  1238.77197  1245.84302  1252.91418  1259.98523  1267.05627  1274.12744  1281.19849  1288.26953  1295.34058  1302.41162  1309.48267  1316.55371  1323.62476  1330.69592  1337.76697  1344.83801  1351.90918  1358.98022  1366.05127  1373.12231  1380.19336  1387.26440  1394.33545  1401.40649  1408.47766  1415.54871  1422.61975  1429.69080  1436.76196  1443.83301  1450.90405  1457.97510  1465.04614  1472.11731  1479.18835  1486.25940  1493.33044  1500.40149  1507.47253  1514.54370  1521.61475  1528.68579  1535.75684  1542.82788  1549.89905  1556.97009     0.00000     0.00000     0.00000     0.00000     0.00000     0.00000     0.00000     0.00000     0.00000     0.00000     0.00000     0.00000     0.00000     0.00000     0.00000     0.00000     0.00000     0.00000     0.00000     0.00000     0.00000     0.00000     0.00000     0.00000     0.00000     0.00000     0.00000     0.00000     0.00000     0.00000     0.00000
     0.00000     0.00000     0.00000     0.00000     0.00000     0.00000     0.00000     0.00000     0.00000     0.00000     0.00000     0.00000     0.00000     0.00000     0.00000     0.00000     0.00000     0.00000     0.00000     0.00000     0.00000     0.00000     0.00000     0.00000     0.00000     0.00000     0.00000     0.00000     0.00000     0.00000  -310.30682  -310.29974  -310.29269  -310.28561  -310.27853  -310.27148  -310.26440  -310.25732  -310.25024  -310.24319  -310.23611  -310.22903  -310.22198  -310.21490  -310.20782  -310.20078  -310.19370  -310.18661  -310.17953  -310.17249  -310.16541  -310.15833  -310.15128  -310.14420  -310.13712  -310.13004  -310.12299  -310.11591  -310.10883  -310.10178  -310.09470  -310.08762  -310.08057  -310.07349  -310.06641  -310.05933  -310.05228  -310.04520  -310.03812  -310.03107  -310.02399  -310.01691  -310.00986  -310.00278   694.29980   701.37085   708.44196   715.51300   722.58411   729.65515   736.72620   743.79724   750.86835   757.93945   765.01050   772.08154   779.15259   786.22369   793.29480   800.36584   807.43689   814.50793   821.57904   828.65009   835.72119   842.79224   849.86328   856.93433   864.00543   871.07654   878.14758   885.21863   892.28973   899.36078   906.43182   913.50293   920.57397   927.64502   934.71613   941.78717   948.85828   955.92932   963.00037   970.07147   977.14252   984.21356   991.28467   998.35571  1005.42676  1012.49786  1019.56891  1026.64001  1033.71106  1040.78210  1047.85327  1054.92432  1061.99536  1069.06641  1076.13745  1083.20850  1090.27954  1097.35059  1104.42175  1111.49280  1118.56384  1125.63501  1132.70605  1139.77710  1146.84814  1153.91919  1160.99023  1168.06128  1175.13232  1182.20349  1189.27454  1196.34570  1203.41675  1210.48779  1217.55884  1224.62988  1231.70093  1238.77197  1245.84302  1252.91418  1259.98523  1267.05627  1274.12744  1281.19849  1288.26953  1295.34058  1302.41162  1309.48267  1316.55371  1323.62476  1330.69592  1337.76697  1344.83801  1351.90918  1358.98022  1366.05127  1373.12231  1380.19336  1387.26440  1394.33545  1401.40649  1408.47766  1415.54871  1422.61975  1429.69080  1436.76196  1443.83301  1450.90405  1457.97510  1465.04614  1472.11731  1479.18835  1486.25940  1493.33044  1500.40149  1507.47253  1514.54370  1521.61475  1528.68579  1535.75684  1542.82788  1549.89905  1556.97009  1564.04114  1571.11218     0.00000     0.00000     0.00000     0.00000     0.00000     0.00000     0.00000     0.00000     0.00000     0.00000     0.00000     0.00000     0.00000     0.00000     0.00000     0.00000     0.00000     0.00000     0.00000     0.00000     0.00000     0.00000     0.00000     0.00000     0.00000     0.00000     0.00000     0.00000     0.00000     0.00000
     0.00000     0.00000     0.00000     0.00000     0.00000     0.00000     0.00000     0.00000     0.00000     0.00000     0.00000     0.00000     0.00000     0.00000     0.00000     0.00000     0.00000     0.00000     0.00000     0.00000     0.00000     0.00000     0.00000     0.00000     0.00000     0.00000     0.00000     0.00000     0.00000  -310.30682  -310.29974  -310.29269  -310.28561  -310.27853  -310.27148  -310.26440  -310.25732  -310.25024  -310.24319  -310.23611  -310.22903  -310.22198  -310.21490  -310.20782  -310.20078  -310.19370  -310.18661  -310.17953  -310.17249  -310.16541  -310.15833  -310.15128  -310.14420  -310.13712  -310.13004  -310.12299  -310.11591  -310.10883  -310.10178  -310.09470  -310.08762  -310.08057  -310.07349  -310.06641  -310.05933  -310.05228  -310.04520  -310.03812  -310.03107  -310.02399  -310.01691  -310.00986  -310.00278   694.29980   701.37085   708.44196   715.51300   722.58411   729.65515   736.72620   743.79724   750.86835   757.93945   765.01050   772.08154   779.15259   786.22369   793.29480   800.36584   807.43689   814.50793   821.57904   828.65009   835.72119   842.79224   849.86328   856.93433   864.00543   871.07654   878.14758   885.21863   892.28973   899.36078   906.43182   913.50293   920.57397   927.64502   934.71613   941.78717   948.85828   955.92932   963.00037   970.07147   977.14252   984.21356   991.28467   998.35571  1005.42676  1012.49786  1019.56891  1026.64001  1033.71106  1040.78210  1047.85327  1054.92432  1061.99536  1069.06641  1076.13745  1083.20850  1090.27954  1097.35059  1104.42175  1111.49280  1118.56384  1125.63501  1132.70605  1139.77710  1146.84814  1153.91919  1160.99023  1168.06128  1175.13232  1182.20349  1189.27454  1196.34570  1203.41675  1210.48779  1217.55884  1224.62988  1231.70093  1238.77197  1245.84302  1252.91418  1259.98523  1267.05627  1274.12744  1281.19849  1288.26953  1295.34058  1302.41162  1309.48267  1316.55371  1323.62476  1330.69592  1337.76697  1344.83801  1351.90918  1358.98022  1366.05127  1373.12231  1380.19336  1387.26440  1394.33545  1401.40649  1408.47766  1415.54871  1422.61975  1429.69080  1436.76196  1443.83301  1450.90405  1457.97510  1465.04614  1472.11731  1479.18835  1486.25940  1493.33044  1500.40149  1507.47253  1514.54370  1521.61475  1528.68579  1535.75684  1542.82788  1549.89905  1556.97009  1564.04114  1571.11218  1578.18323  1585.25439     0.00000     0.00000     0.00000     0.00000     0.00000     0.00000     0.00000     0.00000     0.00000     0.00000     0.00000     0.00000     0.00000     0.00000     0.00000     0.00000     0.00000     0.00000     0.00000     0.00000     0.00000     0.00000     0.00000     0.00000     0.00000     0.00000     0.00000     0.00000     0.00000
     0.00000     0.00000     0.00000     0.00000     0.00000     0.00000     0.00000     0.00000     0.00000     0.00000     0.00000     0.00000     0.00000     0.00000     0.00000     0.00000     0.00000     0.00000     0.00000     0.00000     0.00000     0.00000     0.00000     0.00000     0.00000     0.00000     0.00000     0.00000  -310.30682  -310.29974  -310.29269  -310.28561  -310.27853  -310.27148  -310.26440  -310.25732  -310.25024  -310.24319  -310.23611  -310.22903  -310.22198  -310.21490  -310.20782  -310.20078  -310.19370  -310.18661  -310.17953  -310.17249  -310.16541  -310.15833  -310.15128  -310.14420  -310.13712  -310.13004  -310.12299  -310.11591  -310.10883  -310.10178  -310.09470  -310.08762  -310.08057  -310.07349  -310.06641  -310.05933  -310.05228  -310.04520  -310.03812  -310.03107  -310.02399  -310.01691  -310.00986  -310.00278   694.29980   701.37085   708.44196   715.51300   722.58411   729.65515   736.72620   743.79724   750.86835   757.93945   765.01050   772.08154   779.15259   786.22369   793.29480   800.36584   807.43689   814.50793   821.57904   828.65009   835.72119   842.79224   849.86328   856.93433   864.00543   871.07654   878.14758   885.21863   892.28973   899.36078   906.43182   913.50293   920.57397   927.64502   934.71613   941.78717   948.85828   955.92932   963.00037   970.07147   977.14252   984.21356   991.28467   998.35571  1005.42676  1012.49786  1019.56891  1026.64001  1033.71106  1040.78210  1047.85327  1054.92432  1061.99536  1069.06641  1076.13745  1083.20850  1090.27954  1097.35059  1104.42175  1111.49280  1118.56384  1125.63501  1132.70605  1139.77710  1146.84814  1153.91919  1160.99023  1168.06128  1175.13232  1182.20349  1189.27454  1196.34570  1203.41675  1210.48779  1217.55884  1224.62988  1231.70093  1238.77197  1245.84302  1252.91418  1259.98523  1267.05627  1274.12744  1281.19849  1288.26953  1295.34058  1302.41162  1309.48267  1316.55371  1323.62476  1330.69592  1337.76697  1344.83801  1351.90918  1358.98022  1366.05127  1373.12231  1380.19336  1387.26440  1394.33545  1401.40649  1408.47766  1415.54871  1422.61975  1429.69080  1436.76196  1443.83301  1450.90405  1457.97510  1465.04614  1472.11731  1479.18835  1486.25940  1493.33044  1500.40149  1507.47253  1514.54370  1521.61475  1528.68579  1535.75684  1542.82788  1549.89905  1556.97009  1564.04114  1571.11218  1578.18323  1585.25439  1592.32544  1599.39648     0.00000     0.00000     0.00000     0.00000     0.00000     0.00000     0.00000     0.00000     0.00000     0.00000     0.00000     0.00000     0.00000     0.00000     0.00000     0.00000     0.00000     0.00000     0.00000     0.00000     0.00000     0.00000     0.00000     0.00000     0.00000     0.00000     0.00000     0.00000
     0.00000     0.00000     0.00000     0.00000     0.00000     0.00000     0.00000     0.00000     0.00000     0.00000     0.00000     0.00000     0.00000     0.00000     0.00000     0.00000     0.00000     0.00000     0.00000     0.00000     0.00000     0.00000     0.00000     0.00000     0.00000     0.00000     0.00000  -310.30682  -310.29974  -310.29269  -310.28561  -310.27853  -310.27148  -310.26440  -310.25732  -310.25024  -310.24319  -310.23611  -310.22903  -310.22198  -310.21490  -310.20782  -310.20078  -310.19370  -310.18661  -310.17953  -310.17249  -310.16541  -310.15833  -310.15128  -310.14420  -310.13712  -310.13004  -310.12299  -310.11591  -310.10883  -310.10178  -310.09470  -310.08762  -310.08057  -310.07349  -310.06641  -310.05933  -310.05228  -310.04520  -310.03812  -310.03107  -310.02399  -310.01691  -310.00986  -310.00278   694.29980   701.37085   708.44196   715.51300   722.58411   729.65515   736.72620   743.79724   750.86835   757.93945   765.01050   772.08154   779.15259   786.22369   793.29480   800.36584   807.43689   814.50793   821.57904   828.65009   835.72119   842.79224   849.86328   856.93433   864.00543   871.07654   878.14758   885.21863   892.28973   899.36078   906.43182   913.50293   920.57397   927.64502   934.71613   941.78717   948.85828   955.92932   963.00037   970.07147   977.14252   984.21356   991.28467   998.35571  1005.42676  1012.49786  1019.56891  1026.64001  1033.71106  1040.78210  1047.85327  1054.92432  1061.99536  1069.06641  1076.13745  1083.20850  1090.27954  1097.35059  1104.42175  1111.49280  1118.56384  1125.63501  1132.70605  1139.77710  1146.84814  1153.91919  1160.99023  1168.06128  1175.13232  1182.20349  1189.27454  1196.34570  1203.41675  1210.48779  1217.55884  1224.62988  1231.70093  1238.77197  1245.84302  1252.91418  1259.98523  1267.05627  1274.12744  1281.19849  1288.26953  1295.34058  1302.41162  1309.48267  1316.55371  1323.62476  1330.69592  1337.76697  1344.83801  1351.90918  1358.98022  1366.05127  1373.12231  1380.19336  1387.26440  1394.33545  1401.40649  1408.47766  1415.54871  1422.61975  1429.69080  1436.76196  1443.83301  1450.90405  1457.97510  1465.04614  1472.11731  1479.18835  1486.25940  1493.33044  1500.40149  1507.47253  1514.54370  1521.61475  1528.68579  1535.75684  1542.82788  1549.89905  1556.97009  1564.04114  1571.11218  1578.18323  1585.25439  1592.32544  1599.39648  1606.46753  1613.53857     0.00000     0.00000     0.00000     0.00000     0.00000     0.00000     0.00000     0.00000     0.00000     0.00000     0.00000     0.00000     0.00000     0.00000     0.00000     0.00000     0.00000     0.00000     0.00000     0.00000     0.00000     0.00000     0.00000     0.00000     0.00000     0.00000     0.00000
     0.00000     0.00000     0.00000     0.00000     0.00000     0.00000     0.00000     0.00000     0.00000     0.00000     0.00000     0.00000     0.00000     0.00000     0.00000     0.00000     0.00000     0.00000     0.00000     0.00000     0.00000     0.00000     0.00000     0.00000     0.00000     0.00000  -310.30682  -310.29974  -310.29269  -310.28561  -310.27853  -310.27148  -310.26440  -310.25732  -310.25024  -310.24319  -310.23611  -310.22903  -310.22198  -310.21490  -310.20782  -310.20078  -310.19370  -310.18661  -310.17953  -310.17249  -310.16541  -310.15833  -310.15128  -310.14420  -310.13712  -310.13004  -310.12299  -310.11591  -310.10883  -310.10178  -310.09470  -310.08762  -310.08057  -310.07349  -310.06641  -310.05933  -310.05228  -310.04520  -310.03812  -310.03107  -310.02399  -310.01691  -310.00986  -310.00278   694.29980   701.37085   708.44196   715.51300   722.58411   729.65515   736.72620   743.79724   750.86835   757.93945   765.01050   772.08154   779.15259   786.22369   793.29480   800.36584   807.43689   814.50793   821.57904   828.65009   835.72119   842.79224   849.86328   856.93433   864.00543   871.07654   878.14758   885.21863   892.28973   899.36078   906.43182   913.50293   920.57397   927.64502   934.71613   941.78717   948.85828   955.92932   963.00037   970.07147   977.14252   984.21356   991.28467   998.35571  1005.42676  1012.49786  1019.56891  1026.64001  1033.71106  1040.78210  1047.85327  1054.92432  1061.99536  1069.06641  1076.13745  1083.20850  1090.27954  1097.35059  1104.42175  1111.49280  1118.56384  1125.63501  1132.70605  1139.77710  1146.84814  1153.91919  1160.99023  1168.06128  1175.13232  1182.20349  1189.27454  1196.34570  1203.41675  1210.48779  1217.55884  1224.62988  1231.70093  1238.77197  1245.84302  1252.91418  1259.98523  1267.05627  1274.12744  1281.19849  1288.26953  1295.34058  1302.41162  1309.48267  1316.55371  1323.62476  1330.69592  1337.76697  1344.83801  1351.90918  1358.98022  1366.05127  1373.12231  1380.19336  1387.26440  1394.33545  1401.40649  1408.47766  1415.54871  1422.61975  1429.69080  1436.76196  1443.83301  1450.90405  1457.97510  1465.04614  1472.11731  1479.18835  1486.25940  1493.33044  1500.40149  1507.47253  1514.54370  1521.61475  1528.68579  1535.75684  1542.82788  1549.89905  1556.97009  1564.04114  1571.11218  1578.18323  1585.25439  1592.32544  1599.39648  1606.46753  1613.53857  1620.60962  1627.68079     0.00000     0.00000     0.00000     0.00000     0.00000     0.00000     0.00000     0.00000     0.00000     0.00000     0.00000     0.00000     0.00000     0.00000     0.00000     0.00000     0.00000     0.00000     0.00000     0.00000     0.00000     0.00000     0.00000     0.00000     0.00000     0.00000
     0.00000     0.00000     0.00000     0.00000     0.00000     0.00000     0.00000     0.00000     0.00000     0.00000     0.00000     0.00000     0.00000     0.00000     0.00000     0.00000     0.00000     0.00000     0.00000     0.00000     0.00000     0.00000     0.00000     0.00000     0.00000  -310.30682  -310.29974  -310.29269  -310.28561  -310.27853  -310.27148  -310.26440  -310.25732  -310.25024  -310.24319  -310.23611  -310.22903  -310.22198  -310.21490  -310.20782  -310.20078  -310.19370  -310.18661  -310.17953  -310.17249  -310.16541  -310.15833  -310.15128  -310.14420  -310.13712  -310.13004  -310.12299  -310.11591  -310.10883  -310.10178  -310.09470  -310.08762  -310.08057  -310.07349  -310.06641  -310.05933  -310.05228  -310.04520  -310.03812  -310.03107  -310.02399  -310.01691  -310.00986  -310.00278   694.29980   701.37085   708.44196   715.51300   722.58411   729.65515   736.72620   743.79724   750.86835   757.93945   765.01050   772.08154   779.15259   786.22369   793.29480   800.36584   807.43689   814.50793   821.57904   828.65009   835.72119   842.79224   849.86328   856.93433   864.00543   871.07654   878.14758   885.21863   892.28973   899.36078   906.43182   913.50293   920.57397   927.64502   934.71613   941.78717   948.85828   955.92932   963.00037   970.07147   977.14252   984.21356   991.28467   998.35571  1005.42676  1012.49786  1019.56891  1026.64001  1033.71106  1040.78210  1047.85327  1054.92432  1061.99536  1069.06641  1076.13745  1083.20850  1090.27954  1097.35059  1104.42175  1111.49280  1118.56384  1125.63501  1132.70605  1139.77710  1146.84814  1153.91919  1160.99023  1168.06128  1175.13232  1182.20349  1189.27454  1196.34570  1203.41675  1210.48779  1217.55884  1224.62988  1231.70093  1238.77197  1245.84302  1252.91418  1259.98523  1267.05627  1274.12744  1281.19849  1288.26953  1295.34058  1302.41162  1309.48267  1316.55371  1323.62476  1330.69592  1337.76697  1344.83801  1351.90918  1358.98022  1366.05127  1373.12231  1380.19336  1387.26440  1394.33545  1401.40649  1408.47766  1415.54871  1422.61975  1429.69080  1436.76196  1443.83301  1450.90405  1457.97510  1465.04614  1472.11731  1479.18835  1486.25940  1493.33044  1500.40149  1507.47253  1514.54370  1521.61475  1528.68579  1535.75684  1542.82788  1549.89905  1556.97009  1564.04114  1571.11218  1578.18323  1585.25439  1592.32544  1599.39648  1606.46753  1613.53857  1620.60962  1627.68079  1634.75183  1641.82288     0.00000     0.00000     0.00000     0.00000     0.00000     0.00000     0.00000     0.00000     0.00000     0.00000     0.00000     0.00000     0.00000     0.00000     0.00000     0.00000     0.00000     0.00000     0.00000     0.00000     0.00000     0.00000     0.00000     0.00000     0.00000
     0.00000     0.00000     0.00000     0.00000     0.00000     0.00000     0.00000     0.00000     0.00000     0.00000     0.00000     0.00000     0.00000     0.00000     0.00000     0.00000     0.00000     0.00000     0.00000     0.00000     0.00000     0.00000     0.00000     0.00000  -310.30682  -310.29974  -310.29269  -310.28561  -310.27853  -310.27148  -310.26440  -310.25732  -310.25024  -310.24319  -310.23611  -310.22903  -310.22198  -310.21490  -310.20782  -310.20078  -310.19370  -310.18661  -310.17953  -310.17249  -310.16541  -310.15833  -310.15128  -310.14420  -310.13712  -310.13004  -310.12299  -310.11591  -310.10883  -310.10178  -310.09470  -310.08762  -310.08057  -310.07349  -310.06641  -310.05933  -310.05228  -310.04520  -310.03812  -310.03107  -310.02399  -310.01691  -310.00986  -310.00278   694.29980   701.37085   708.44196   715.51300   722.58411   729.65515   736.72620   743.79724   750.86835   757.93945   765.01050   772.08154   779.15259   786.22369   793.29480   800.36584   807.43689   814.50793   821.57904   828.65009   835.72119   842.79224   849.86328   856.93433   864.00543   871.07654   878.14758   885.21863   892.28973   899.36078   906.43182   913.50293   920.57397   927.64502   934.71613   941.78717   948.85828   955.92932   963.00037   970.07147   977.14252   984.21356   991.28467   998.35571  1005.42676  1012.49786  1019.56891  1026.64001  1033.71106  1040.78210  1047.85327  1054.92432  1061.99536  1069.06641  1076.13745  1083.20850  1090.27954  1097.35059  1104.42175  1111.49280  1118.56384  1125.63501  1132.70605  1139.77710  1146.84814  1153.91919  1160.99023  1168.06128  1175.13232  1182.20349  1189.27454  1196.34570  1203.41675  1210.48779  1217.55884  1224.62988  1231.70093  1238.77197  1245.84302  1252.91418  1259.98523  1267.05627  1274.12744  1281.19849  1288.26953  1295.34058  1302.41162  1309.48267  1316.55371  1323.62476  1330.69592  1337.76697  1344.83801  1351.90918  1358.98022  1366.05127  1373.12231  1380.19336  1387.26440  1394.33545  1401.40649  1408.47766  1415.54871  1422.61975  1429.69080  1436.76196  1443.83301  1450.90405  1457.97510  1465.04614  1472.11731  1479.18835  1486.25940  1493.33044  1500.40149  1507.47253  1514.54370  1521.61475  1528.68579  1535.75684  1542.82788  1549.89905  1556.97009  1564.04114  1571.11218  1578.18323  1585.25439  1592.32544  1599.39648  1606.46753  1613.53857  1620.60962  1627.68079  1634.75183  1641.82288  1648.89392  1655.96497     0.00000     0.00000     0.00000     0.00000     0.00000     0.00000     0.00000     0.00000     0.00000     0.00000     0.00000     0.00000     0.00000     0.00000     0.00000     0.00000     0.00000     0.00000     0.00000     0.00000     0.00000     0.00000     0.00000     0.00000
     0.00000     0.00000     0.00000     0.00000     0.00000     0.00000     0.00000     0.00000     0.00000     0.00000     0.00000     0.00000     0.00000     0.00000     0.00000     0.00000     0.00000     0.00000     0.00000     0.00000     0.00000     0.00000     0.00000  -310.30682  -310.29974  -310.29269  -310.28561  -310.27853  -310.27148  -310.26440  -310.25732  -310.25024  -310.24319  -310.23611  -310.22903  -310.22198  -310.21490  -310.20782  -310.20078  -310.19370  -310.18661  -310.17953  -310.17249  -310.16541  -310.15833  -310.15128  -310.14420  -310.13712  -310.13004  -310.12299  -310.11591  -310.10883  -310.10178  -310.09470  -310.08762  -310.08057  -310.07349  -310.06641  -310.05933  -310.05228  -310.04520  -310.03812  -310.03107  -310.02399  -310.01691  -310.00986  -310.00278   694.29980   701.37085   708.44196   715.51300   722.58411   729.65515   736.72620   743.79724   750.86835   757.93945   765.01050   772.08154   779.15259   786.22369   793.29480   800.36584   807.43689   814.50793   821.57904   828.65009   835.72119   842.79224   849.86328   856.93433   864.00543   871.07654   878.14758   885.21863   892.28973   899.36078   906.43182   913.50293   920.57397   927.64502   934.71613   941.78717   948.85828   955.92932   963.00037   970.07147   977.14252   984.21356   991.28467   998.35571  1005.42676  1012.49786  1019.56891  1026.64001  1033.71106  1040.78210  1047.85327  1054.92432  1061.99536  1069.06641  1076.13745  1083.20850  1090.27954  1097.35059  1104.42175  1111.49280  1118.56384  1125.63501  1132.70605  1139.77710  1146.84814  1153.91919  1160.99023  1168.06128  1175.13232  1182.20349  1189.27454  1196.34570  1203.41675  1210.48779  1217.55884  1224.62988  1231.70093  1238.77197  1245.84302  1252.91418  1259.98523  1267.05627  1274.12744  1281.19849  1288.26953  1295.34058  1302.41162  1309.48267  1316.55371  1323.62476  1330.69592  1337.76697  1344.83801  1351.90918  1358.98022  1366.05127  1373.12231  1380.19336  1387.26440  1394.33545  1401.40649  1408.47766  1415.54871  1422.61975  1429.69080  1436.76196  1443.83301  1450.90405  1457.97510  1465.04614  1472.11731  1479.18835  1486.25940  1493.33044  1500.40149  1507.47253  1514.54370  1521.61475  1528.68579  1535.75684  1542.82788  1549.89905  1556.97009  1564.04114  1571.11218  1578.18323  1585.25439  1592.32544  1599.39648  1606.46753  1613.53857  1620.60962  1627.68079  1634.75183  1641.82288  1648.89392  1655.96497  1663.03613  1670.10718     0.00000     0.00000     0.00000     0.00000     0.00000     0.00000     0.00000     0.00000     0.00000     0.00000     0.00000     0.00000     0.00000     0.00000     0.00000     0.00000     0.00000     0.00000     0.00000     0.00000     0.00000     0.00000     0.00000
     0.00000     0.00000     0.00000     0.00000     0.00000     0.00000     0.00000     0.00000     0.00000     0.00000     0.00000     0.00000     0.00000     0.00000     0.00000     0.00000     0.00000     0.00000     0.00000     0.00000     0.00000     0.00000  -310.30682  -310.29974  -310.29269  -310.28561  -310.27853  -310.27148  -310.26440  -310.25732  -310.25024  -310.24319  -310.23611  -310.22903  -310.22198  -310.21490  -310.20782  -310.20078  -310.19370  -310.18661  -310.17953  -310.17249  -310.16541  -310.15833  -310.15128  -310.14420  -310.13712  -310.13004  -310.12299  -310.11591  -310.10883  -310.10178  -310.09470  -310.08762  -310.08057  -310.07349  -310.06641  -310.05933  -310.05228  -310.04520  -310.03812  -310.03107  -310.02399  -310.01691  -310.00986  -310.00278   694.29980   701.37085   708.44196   715.51300   722.58411   729.65515   736.72620   743.79724   750.86835   757.93945   765.01050   772.08154   779.15259   786.22369   793.29480   800.36584   807.43689   814.50793   821.57904   828.65009   835.72119   842.79224   849.86328   856.93433   864.00543   871.07654   878.14758   885.21863   892.28973   899.36078   906.43182   913.50293   920.57397   927.64502   934.71613   941.78717   948.85828   955.92932   963.00037   970.07147   977.14252   984.21356   991.28467   998.35571  1005.42676  1012.49786  1019.56891  1026.64001  1033.71106  1040.78210  1047.85327  1054.92432  1061.99536  1069.06641  1076.13745  1083.20850  1090.27954  1097.35059  1104.42175  1111.49280  1118.56384  1125.63501  1132.70605  1139.77710  1146.84814  1153.91919  1160.99023  1168.06128  1175.13232  1182.20349  1189.27454  1196.34570  1203.41675  1210.48779  1217.55884  1224.62988  1231.70093  1238.77197  1245.84302  1252.91418  1259.98523  1267.05627  1274.12744  1281.19849  1288.26953  1295.34058  1302.41162  1309.48267  1316.55371  1323.62476  1330.69592  1337.76697  1344.83801  1351.90918  1358.98022  1366.05127  1373.12231  1380.19336  1387.26440  1394.33545  1401.40649  1408.47766  1415.54871  1422.61975  1429.69080  1436.76196  1443.83301  1450.90405  1457.97510  1465.04614  1472.11731  1479.18835  1486.25940  1493.33044  1500.40149  1507.47253  1514.54370  1521.61475  1528.68579  1535.75684  1542.82788  1549.89905  1556.97009  1564.04114  1571.11218  1578.18323  1585.25439  1592.32544  1599.39648  1606.46753  1613.53857  1620.60962  1627.68079  1634.75183  1641.82288  1648.89392  1655.96497  1663.03613  1670.10718  1677.17822  1684.24927     0.00000     0.00000     0.00000     0.00000     0.00000     0.00000     0.00000     0.00000     0.00000     0.00000     0.00000     0.00000     0.00000     0.00000     0.00000     0.00000     0.00000     0.00000     0.00000     0.00000     0.00000     0.00000
     0.00000     0.00000     0.00000     0.00000     0.00000     0.00000     0.00000     0.00000     0.00000     0.00000     0.00000     0.00000     0.00000     0.00000     0.00000     0.00000     0.00000     0.00000     0.00000     0.00000     0.00000  -310.30682  -310.29974  -310.29269  -310.28561  -310.27853  -310.27148  -310.26440  -310.25732  -310.25024  -310.24319  -310.23611  -310.22903  -310.22198  -310.21490  -310.20782  -310.20078  -310.19370  -310.18661  -310.17953  -310.17249  -310.16541  -310.15833  -310.15128  -310.14420  -310.13712  -310.13004  -310.12299  -310.11591  -310.10883  -310.10178  -310.09470  -310.08762  -310.08057  -310.07349  -310.06641  -310.05933  -310.05228  -310.04520  -310.03812  -310.03107  -310.02399  -310.01691  -310.00986  -310.00278   694.29980   701.37085   708.44196   715.51300   722.58411   729.65515   736.72620   743.79724   750.86835   757.93945   765.01050   772.08154   779.15259   786.22369   793.29480   800.36584   807.43689   814.50793   821.57904   828.65009   835.72119   842.79224   849.86328   856.93433   864.00543   871.07654   878.14758   885.21863   892.28973   899.36078   906.43182   913.50293   920.57397   927.64502   934.71613   941.78717   948.85828   955.92932   963.00037   970.07147   977.14252   984.21356   991.28467   998.35571  1005.42676  1012.49786  1019.56891  1026.64001  1033.71106  1040.78210  1047.85327  1054.92432  1061.99536  1069.06641  1076.13745  1083.20850  1090.27954  1097.35059  1104.42175  1111.49280  1118.56384  1125.63501  1132.70605  1139.77710  1146.84814  1153.91919  1160.99023  1168.06128  1175.13232  1182.20349  1189.27454  1196.34570  1203.41675  1210.48779  1217.55884  1224.62988  1231.70093  1238.77197  1245.84302  1252.91418  1259.98523  1267.05627  1274.12744  1281.19849  1288.26953  1295.34058  1302.41162  1309.48267  1316.55371  1323.62476  1330.69592  1337.76697  1344.83801  1351.90918  1358.98022  1366.05127  1373.12231  1380.19336  1387.26440  1394.33545  1401.40649  1408.47766  1415.54871  1422.61975  1429.69080  1436.76196  1443.83301  1450.90405  1457.97510  1465.04614  1472.11731  1479.18835  1486.25940  1493.33044  1500.40149  1507.47253  1514.54370  1521.61475  1528.68579  1535.75684  1542.82788  1549.89905  1556.97009  1564.04114  1571.11218  1578.18323  1585.25439  1592.32544  1599.39648  1606.46753  1613.53857  1620.60962  1627.68079  1634.75183  1641.82288  1648.89392  1655.96497  1663.03613  1670.10718  1677.17822  1684.24927  1691.32031  1698.39148     0.00000     0.00000     0.00000     0.00000     0.00000     0.00000     0.00000     0.00000     0.00000     0.00000     0.00000     0.00000     0.00000     0.00000     0.00000     0.00000     0.00000     0.00000     0.00000     0.00000     0.00000
     0.00000     0.00000     0.00000     0.00000     0.00000     0.00000     0.00000     0.00000     0.00000     0.00000     0.00000     0.00000     0.00000     0.00000     0.00000     0.00000     0.00000     0.00000     0.00000     0.00000  -310.30682  -310.29974  -310.29269  -310.28561  -310.27853  -310.27148  -310.26440  -310.25732  -310.25024  -310.24319  -310.23611  -310.22903  -310.22198  -310.21490  -310.20782  -310.20078  -310.19370  -310.18661  -310.17953  -310.17249  -310.16541  -310.15833  -310.15128  -310.14420  -310.13712  -310.13004  -310.12299  -310.11591  -310.10883  -310.10178  -310.09470  -310.08762  -310.08057  -310.07349  -310.06641  -310.05933  -310.05228  -310.04520  -310.03812  -310.03107  -310.02399  -310.01691  -310.00986  -310.00278   694.29980   701.37085   708.44196   715.51300   722.58411   729.65515   736.72620   743.79724   750.86835   757.93945   765.01050   772.08154   779.15259   786.22369   793.29480   800.36584   807.43689   814.50793   821.57904   828.65009   835.72119   842.79224   849.86328   856.93433   864.00543   871.07654   878.14758   885.21863   892.28973   899.36078   906.43182   913.50293   920.57397   927.64502   934.71613   941.78717   948.85828   955.92932   963.00037   970.07147   977.14252   984.21356   991.28467   998.35571  1005.42676  1012.49786  1019.56891  1026.64001  1033.71106  1040.78210  1047.85327  1054.92432  1061.99536  1069.06641  1076.13745  1083.20850  1090.27954  1097.35059  1104.42175  1111.49280  1118.56384  1125.63501  1132.70605  1139.77710  1146.84814  1153.91919  1160.99023  1168.06128  1175.13232  1182.20349  1189.27454  1196.34570  1203.41675  1210.48779  1217.55884  1224.62988  1231.70093  1238.77197  1245.84302  1252.91418  1259.98523  1267.05627  1274.12744  1281.19849  1288.26953  1295.34058  1302.41162  1309.48267  1316.55371  1323.62476  1330.69592  1337.76697  1344.83801  1351.90918  1358.98022  1366.05127  1373.12231  1380.19336  1387.26440  1394.33545  1401.40649  1408.47766  1415.54871  1422.61975  1429.69080  1436.76196  1443.83301  1450.90405  1457.97510  1465.04614  1472.11731  1479.18835  1486.25940  1493.33044  1500.40149  1507.47253  1514.54370  1521.61475  1528.68579  1535.75684  1542.82788  1549.89905  1556.97009  1564.04114  1571.11218  1578.18323  1585.25439  1592.32544  1599.39648  1606.46753  1613.53857  1620.60962  1627.68079  1634.75183  1641.82288  1648.89392  1655.96497  1663.03613  1670.10718  1677.17822  1684.24927  1691.32031  1698.39148  1705.46252  1712.53357     0.00000     0.00000     0.00000     0.00000     0.00000     0.00000     0.00000     0.00000     0.00000     0.00000     0.00000     0.00000     0.00000     0.00000     0.00000     0.00000     0.00000     0.00000     0.00000     0.00000
     0.00000     0.00000     0.00000     0.00000     0.00000     0.00000     0.00000     0.00000     0.00000     0.00000     0.00000     0.00000     0.00000     0.00000     0.00000     0.00000     0.00000     0.00000     0.00000  -310.30682  -310.29974  -310.29269  -310.28561  -310.27853  -310.27148  -310.26440  -310.25732  -310.25024  -310.24319  -310.23611  -310.22903  -310.22198  -310.21490  -310.20782  -310.20078  -310.19370  -310.18661  -310.17953  -310.17249  -310.16541  -310.15833  -310.15128  -310.14420  -310.13712  -310.13004  -310.12299  -310.11591  -310.10883  -310.10178  -310.09470  -310.08762  -310.08057  -310.07349  -310.06641  -310.05933  -310.05228  -310.04520  -310.03812  -310.03107  -310.02399  -310.01691  -310.00986  -310.00278   694.29980   701.37085   708.44196   715.51300   722.58411   729.65515   736.72620   743.79724   750.86835   757.93945   765.01050   772.08154   779.15259   786.22369   793.29480   800.36584   807.43689   814.50793   821.57904   828.65009   835.72119   842.79224   849.86328   856.93433   864.00543   871.07654   878.14758   885.21863   892.28973   899.36078   906.43182   913.50293   920.57397   927.64502   934.71613   941.78717   948.85828   955.92932   963.00037   970.07147   977.14252   984.21356   991.28467   998.35571  1005.42676  1012.49786  1019.56891  1026.64001  1033.71106  1040.78210  1047.85327  1054.92432  1061.99536  1069.06641  1076.13745  1083.20850  1090.27954  1097.35059  1104.42175  1111.49280  1118.56384  1125.63501  1132.70605  1139.77710  1146.84814  1153.91919  1160.99023  1168.06128  1175.13232  1182.20349  1189.27454  1196.34570  1203.41675  1210.48779  1217.55884  1224.62988  1231.70093  1238.77197  1245.84302  1252.91418  1259.98523  1267.05627  1274.12744  1281.19849  1288.26953  1295.34058  1302.41162  1309.48267  1316.55371  1323.62476  1330.69592  1337.76697  1344.83801  1351.90918  1358.98022  1366.05127  1373.12231  1380.19336  1387.26440  1394.33545  1401.40649  1408.47766  1415.54871  1422.61975  1429.69080  1436.76196  1443.83301  1450.90405  1457.97510  1465.04614  1472.11731  1479.18835  1486.25940  1493.33044  1500.40149  1507.47253  1514.54370  1521.61475  1528.68579  1535.75684  1542.82788  1549.89905  1556.97009  1564.04114  1571.11218  1578.18323  1585.25439  1592.32544  1599.39648  1606.46753  1613.53857  1620.60962  1627.68079  1634.75183  1641.82288  1648.89392  1655.96497  1663.03613  1670.10718  1677.17822  1684.24927  1691.32031  1698.39148  1705.46252  1712.53357  1719.60461  1726.67566     0.00000     0.00000     0.00000     0.00000     0.00000     0.00000     0.00000     0.00000     0.00000     0.00000     0.00000     0.00000     0.00000     0.00000     0.00000     0.00000     0.00000     0.00000     0.00000
     0.00000     0.00000     0.00000     0.00000     0.00000     0.00000     0.00000     0.00000     0.00000     0.00000     0.00000     0.00000     0.00000     0.00000     0.00000     0.00000     0.00000     0.00000  -310.30682  -310.29974  -310.29269  -310.28561  -310.27853  -310.27148  -310.26440  -310.25732  -310.25024  -310.24319  -310.23611  -310.22903  -310.22198  -310.21490  -310.20782  -310.20078  -310.19370  -310.18661  -310.17953  -310.17249  -310.16541  -310.15833  -310.15128  -310.14420  -310.13712  -310.13004  -310.12299  -310.11591  -310.10883  -310.10178  -310.09470  -310.08762  -310.08057  -310.07349  -310.06641  -310.05933  -310.05228  -310.04520  -310.03812  -310.03107  -310.02399  -310.01691  -310.00986  -310.00278   694.29980   701.37085   708.44196   715.51300   722.58411   729.65515   736.72620   743.79724   750.86835   757.93945   765.01050   772.08154   779.15259   786.22369   793.29480   800.36584   807.43689   814.50793   821.57904   828.65009   835.72119   842.79224   849.86328   856.93433   864.00543   871.07654   878.14758   885.21863   892.28973   899.36078   906.43182   913.50293   920.57397   927.64502   934.71613   941.78717   948.85828   955.92932   963.00037   970.07147   977.14252   984.21356   991.28467   998.35571  1005.42676  1012.49786  1019.56891  1026.64001  1033.71106  1040.78210  1047.85327  1054.92432  1061.99536  1069.06641  1076.13745  1083.20850  1090.27954  1097.35059  1104.42175  1111.49280  1118.56384  1125.63501  1132.70605  1139.77710  1146.84814  1153.91919  1160.99023  1168.06128  1175.13232  1182.20349  1189.27454  1196.34570  1203.41675  1210.48779  1217.55884  1224.62988  1231.70093  1238.77197  1245.84302  1252.91418  1259.98523  1267.05627  1274.12744  1281.19849  1288.26953  1295.34058  1302.41162  1309.48267  1316.55371  1323.62476  1330.69592  1337.76697  1344.83801  1351.90918  1358.98022  1366.05127  1373.12231  1380.19336  1387.26440  1394.33545  1401.40649  1408.47766  1415.54871  1422.61975  1429.69080  1436.76196  1443.83301  1450.90405  1457.97510  1465.04614  1472.11731  1479.18835  1486.25940  1493.33044  1500.40149  1507.47253  1514.54370  1521.61475  1528.68579  1535.75684  1542.82788  1549.89905  1556.97009  1564.04114  1571.11218  1578.18323  1585.25439  1592.32544  1599.39648  1606.46753  1613.53857  1620.60962  1627.68079  1634.75183  1641.82288  1648.89392  1655.96497  1663.03613  1670.10718  1677.17822  1684.24927  1691.32031  1698.39148  1705.46252  1712.53357  1719.60461  1726.67566  1733.74670  1740.81787     0.00000     0.00000     0.00000     0.00000     0.00000     0.00000     0.00000     0.00000     0.00000     0.00000     0.00000     0.00000     0.00000     0.00000     0.00000     0.00000     0.00000     0.00000
     0.00000     0.00000     0.00000     0.00000     0.00000     0.00000     0.00000     0.00000     0.00000     0.00000     0.00000     0.00000     0.00000     0.00000     0.00000     0.00000     0.00000  -310.30682  -310.29974  -310.29269  -310.28561  -310.27853  -310.27148  -310.26440  -310.25732  -310.25024  -310.24319  -310.23611  -310.22903  -310.22198  -310.21490  -310.20782  -310.20078  -310.19370  -310.18661  -310.17953  -310.17249  -310.16541  -310.15833  -310.15128  -310.14420  -310.13712  -310.13004  -310.12299  -310.11591  -310.10883  -310.10178  -310.09470  -310.08762  -310.08057  -310.07349  -310.06641  -310.05933  -310.05228  -310.04520  -310.03812  -310.03107  -310.02399  -310.01691  -310.00986  -310.00278   694.29980   701.37085   708.44196   715.51300   722.58411   729.65515   736.72620   743.79724   750.86835   757.93945   765.01050   772.08154   779.15259   786.22369   793.29480   800.36584   807.43689   814.50793   821.57904   828.65009   835.72119   842.79224   849.86328   856.93433   864.00543   871.07654   878.14758   885.21863   892.28973   899.36078   906.43182   913.50293   920.57397   927.64502   934.71613   941.78717   948.85828   955.92932   963.00037   970.07147   977.14252   984.21356   991.28467   998.35571  1005.42676  1012.49786  1019.56891  1026.64001  1033.71106  1040.78210  1047.85327  1054.92432  1061.99536  1069.06641  1076.13745  1083.20850  1090.27954  1097.35059  1104.42175  1111.49280  1118.56384  1125.63501  1132.70605  1139.77710  1146.84814  1153.91919  1160.99023  1168.06128  1175.13232  1182.20349  1189.27454  1196.34570  1203.41675  1210.48779  1217.55884  1224.62988  1231.70093  1238.77197  1245.84302  1252.91418  1259.98523  1267.05627  1274.12744  1281.19849  1288.26953  1295.34058  1302.41162  1309.48267  1316.55371  1323.62476  1330.69592  1337.76697  1344.83801  1351.90918  1358.98022  1366.05127  1373.12231  1380.19336  1387.26440  1394.33545  1401.40649  1408.47766  1415.54871  1422.61975  1429.69080  1436.76196  1443.83301  1450.90405  1457.97510  1465.04614  1472.11731  1479.18835  1486.25940  1493.33044  1500.40149  1507.47253  1514.54370  1521.61475  1528.68579  1535.75684  1542.82788  1549.89905  1556.97009  1564.04114  1571.11218  1578.18323  1585.25439  1592.32544  1599.39648  1606.46753  1613.53857  1620.60962  1627.68079  1634.75183  1641.82288  1648.89392  1655.96497  1663.03613  1670.10718  1677.17822  1684.24927  1691.32031  1698.39148  1705.46252  1712.53357  1719.60461  1726.67566  1733.74670  1740.81787  1747.88892  1754.95996     0.00000     0.00000     0.00000     0.00000     0.00000     0.00000     0.00000     0.00000     0.00000     0.00000     0.00000     0.00000     0.00000     0.00000     0.00000     0.00000     0.00000
     0.00000     0.00000     0.00000     0.00000     0.00000     0.00000     0.00000     0.00000     0.00000     0.00000     0.00000     0.00000     0.00000     0.00000     0.00000     0.00000  -310.30682  -310.29974  -310.29269  -310.28561  -310.27853  -310.27148  -310.26440  -310.25732  -310.25024  -310.24319  -310.23611  -310.22903  -310.22198  -310.21490  -310.20782  -310.20078  -310.19370  -310.18661  -310.17953  -310.17249  -310.16541  -310.15833  -310.15128  -310.14420  -310.13712  -310.13004  -310.12299  -310.11591  -310.10883  -310.10178  -310.09470  -310.08762  -310.08057  -310.07349  -310.06641  -310.05933  -310.05228  -310.04520  -310.03812  -310.03107  -310.02399  -310.01691  -310.00986  -310.00278   694.29980   701.37085   708.44196   715.51300   722.58411   729.65515   736.72620   743.79724   750.86835   757.93945   765.01050   772.08154   779.15259   786.22369   793.29480   800.36584   807.43689   814.50793   821.57904   828.65009   835.72119   842.79224   849.86328   856.93433   864.00543   871.07654   878.14758   885.21863   892.28973   899.36078   906.43182   913.50293   920.57397   927.64502   934.71613   941.78717   948.85828   955.92932   963.00037   970.07147   977.14252   984.21356   991.28467   998.35571  1005.42676  1012.49786  1019.56891  1026.64001  1033.71106  1040.78210  1047.85327  1054.92432  1061.99536  1069.06641  1076.13745  1083.20850  1090.27954  1097.35059  1104.42175  1111.49280  1118.56384  1125.63501  1132.70605  1139.77710  1146.84814  1153.91919  1160.99023  1168.06128  1175.13232  1182.20349  1189.27454  1196.34570  1203.41675  1210.48779  1217.55884  1224.62988  1231.70093  1238.77197  1245.84302  1252.91418  1259.98523  1267.05627  1274.12744  1281.19849  1288.26953  1295.34058  1302.41162  1309.48267  1316.55371  1323.62476  1330.69592  1337.76697  1344.83801  1351.90918  1358.98022  1366.05127  1373.12231  1380.19336  1387.26440  1394.33545  1401.40649  1408.47766  1415.54871  1422.61975  1429.69080  1436.76196  1443.83301  1450.90405  1457.97510  1465.04614  1472.11731  1479.18835  1486.25940  1493.33044  1500.40149  1507.47253  1514.54370  1521.61475  1528.68579  1535.75684  1542.82788  1549.89905  1556.97009  1564.04114  1571.11218  1578.18323  1585.25439  1592.32544  1599.39648  1606.46753  1613.53857  1620.60962  1627.68079  1634.75183  1641.82288  1648.89392  1655.96497  1663.03613  1670.10718  1677.17822  1684.24927  1691.32031  1698.39148  1705.46252  1712.53357  1719.60461  1726.67566  1733.74670  1740.81787  1747.88892  1754.95996  1762.03101  1769.10205     0.00000     0.00000     0.00000     0.00000     0.00000     0.00000     0.00000     0.00000     0.00000     0.00000     0.00000     0.00000     0.00000     0.00000     0.00000     0.00000
     0.00000     0.00000     0.00000     0.00000     0.00000     0.00000     0.00000     0.00000     0.00000     0.00000     0.00000     0.00000     0.00000     0.00000     0.00000  -310.30682  -310.29974  -310.29269  -310.28561  -310.27853  -310.27148  -310.26440  -310.25732  -310.25024  -310.24319  -310.23611  -310.22903  -310.22198  -310.21490  -310.20782  -310.20078  -310.19370  -310.18661  -310.17953  -310.17249  -310.16541  -310.15833  -310.15128  -310.14420  -310.13712  -310.13004  -310.12299  -310.11591  -310.10883  -310.10178  -310.09470  -310.08762  -310.08057  -310.07349  -310.06641  -310.05933  -310.05228  -310.04520  -310.03812  -310.03107  -310.02399  -310.01691  -310.00986  -310.00278   694.29980   701.37085   708.44196   715.51300   722.58411   729.65515   736.72620   743.79724   750.86835   757.93945   765.01050   772.08154   779.15259   786.22369   793.29480   800.36584   807.43689   814.50793   821.57904   828.65009   835.72119   842.79224   849.86328   856.93433   864.00543   871.07654   878.14758   885.21863   892.28973   899.36078   906.43182   913.50293   920.57397   927.64502   934.71613   941.78717   948.85828   955.92932   963.00037   970.07147   977.14252   984.21356   991.28467   998.35571  1005.42676  1012.49786  1019.56891  1026.64001  1033.71106  1040.78210  1047.85327  1054.92432  1061.99536  1069.06641  1076.13745  1083.20850  1090.27954  1097.35059  1104.42175  1111.49280  1118.56384  1125.63501  1132.70605  1139.77710  1146.84814  1153.91919  1160.99023  1168.06128  1175.13232  1182.20349  1189.27454  1196.34570  1203.41675  1210.48779  1217.55884  1224.62988  1231.70093  1238.77197  1245.84302  1252.91418  1259.98523  1267.05627  1274.12744  1281.19849  1288.26953  1295.34058  1302.41162  1309.48267  1316.55371  1323.62476  1330.69592  1337.76697  1344.83801  1351.90918  1358.98022  1366.05127  1373.12231  1380.19336  1387.26440  1394.33545  1401.40649  1408.47766  1415.54871  1422.61975  1429.69080  1436.76196  1443.83301  1450.90405  1457.97510  1465.04614  1472.11731  1479.18835  1486.25940  1493.33044  1500.40149  1507.47253  1514.54370  1521.61475  1528.68579  1535.75684  1542.82788  1549.89905  1556.97009  1564.04114  1571.11218  1578.18323  1585.25439  1592.32544  1599.39648  1606.46753  1613.53857  1620.60962  1627.68079  1634.75183  1641.82288  1648.89392  1655.96497  1663.03613  1670.10718  1677.17822  1684.24927  1691.32031  1698.39148  1705.46252  1712.53357  1719.60461  1726.67566  1733.74670  1740.81787  1747.88892  1754.95996  1762.03101  1769.10205  1776.17322  1783.24426     0.00000     0.00000     0.00000     0.00000     0.00000     0.00000     0.00000     0.00000     0.00000     0.00000     0.00000     0.00000     0.00000     0.00000     0.00000
     0.00000     0.00000     0.00000     0.00000     0.00000     0.00000     0.00000     0.00000     0.00000     0.00000     0.00000     0.00000     0.00000     0.00000  -310.30682  -310.29974  -310.29269  -310.28561  -310.27853  -310.27148  -310.26440  -310.25732  -310.25024  -310.24319  -310.23611  -310.22903  -310.22198  -310.21490  -310.20782  -310.20078  -310.19370  -310.18661  -310.17953  -310.17249  -310.16541  -310.15833  -310.15128  -310.14420  -310.13712  -310.13004  -310.12299  -310.11591  -310.10883  -310.10178  -310.09470  -310.08762  -310.08057  -310.07349  -310.06641  -310.05933  -310.05228  -310.04520  -310.03812  -310.03107  -310.02399  -310.01691  -310.00986  -310.00278   694.29980   701.37085   708.44196   715.51300   722.58411   729.65515   736.72620   743.79724   750.86835   757.93945   765.01050   772.08154   779.15259   786.22369   793.29480   800.36584   807.43689   814.50793   821.57904   828.65009   835.72119   842.79224   849.86328   856.93433   864.00543   871.07654   878.14758   885.21863   892.28973   899.36078   906.43182   913.50293   920.57397   927.64502   934.71613   941.78717   948.85828   955.92932   963.00037   970.07147   977.14252   984.21356   991.28467   998.35571  1005.42676  1012.49786  1019.56891  1026.64001  1033.71106  1040.78210  1047.85327  1054.92432  1061.99536  1069.06641  1076.13745  1083.20850  1090.27954  1097.35059  1104.42175  1111.49280  1118.56384  1125.63501  1132.70605  1139.77710  1146.84814  1153.91919  1160.99023  1168.06128  1175.13232  1182.20349  1189.27454  1196.34570  1203.41675  1210.48779  1217.55884  1224.62988  1231.70093  1238.77197  1245.84302  1252.91418  1259.98523  1267.05627  1274.12744  1281.19849  1288.26953  1295.34058  1302.41162  1309.48267  1316.55371  1323.62476  1330.69592  1337.76697  1344.83801  1351.90918  1358.98022  1366.05127  1373.12231  1380.19336  1387.26440  1394.33545  1401.40649  1408.47766  1415.54871  1422.61975  1429.69080  1436.76196  1443.83301  1450.90405  1457.97510  1465.04614  1472.11731  1479.18835  1486.25940  1493.33044  1500.40149  1507.47253  1514.54370  1521.61475  1528.68579  1535.75684  1542.82788  1549.89905  1556.97009  1564.04114  1571.11218  1578.18323  1585.25439  1592.32544  1599.39648  1606.46753  1613.53857  1620.60962  1627.68079  1634.75183  1641.82288  1648.89392  1655.96497  1663.03613  1670.10718  1677.17822  1684.24927  1691.32031  1698.39148  1705.46252  1712.53357  1719.60461  1726.67566  1733.74670  1740.81787  1747.88892  1754.95996  1762.03101  1769.10205  1776.17322  1783.24426  1790.31531  1797.38635     0.00000     0.00000     0.00000     0.00000     0.00000     0.00000     0.00000     0.00000     0.00000     0.00000     0.00000     0.00000     0.00000     0.00000
     0.00000     0.00000     0.00000     0.00000     0.00000     0.00000     0.00000     0.00000     0.00000     0.00000     0.00000     0.00000     0.00000  -310.30682  -310.29974  -310.29269  -310.28561  -310.27853  -310.27148  -310.26440  -310.25732  -310.25024  -310.24319  -310.23611  -310.22903  -310.22198  -310.21490  -310.20782  -310.20078  -310.19370  -310.18661  -310.17953  -310.17249  -310.16541  -310.15833  -310.15128  -310.14420  -310.13712  -310.13004  -310.12299  -310.11591  -310.10883  -310.10178  -310.09470  -310.08762  -310.08057  -310.07349  -310.06641  -310.05933  -310.05228  -310.04520  -310.03812  -310.03107  -310.02399  -310.01691  -310.00986  -310.00278   694.29980   701.37085   708.44196   715.51300   722.58411   729.65515   736.72620   743.79724   750.86835   757.93945   765.01050   772.08154   779.15259   786.22369   793.29480   800.36584   807.43689   814.50793   821.57904   828.65009   835.72119   842.79224   849.86328   856.93433   864.00543   871.07654   878.14758   885.21863   892.28973   899.36078   906.43182   913.50293   920.57397   927.64502   934.71613   941.78717   948.85828   955.92932   963.00037   970.07147   977.14252   984.21356   991.28467   998.35571  1005.42676  1012.49786  1019.56891  1026.64001  1033.71106  1040.78210  1047.85327  1054.92432  1061.99536  1069.06641  1076.13745  1083.20850  1090.27954  1097.35059  1104.42175  1111.49280  1118.56384  1125.63501  1132.70605  1139.77710  1146.84814  1153.91919  1160.99023  1168.06128  1175.13232  1182.20349  1189.27454  1196.34570  1203.41675  1210.48779  1217.55884  1224.62988  1231.70093  1238.77197  1245.84302  1252.91418  1259.98523  1267.05627  1274.12744  1281.19849  1288.26953  1295.34058  1302.41162  1309.48267  1316.55371  1323.62476  1330.69592  1337.76697  1344.83801  1351.90918  1358.98022  1366.05127  1373.12231  1380.19336  1387.26440  1394.33545  1401.40649  1408.47766  1415.54871  1422.61975  1429.69080  1436.76196  1443.83301  1450.90405  1457.97510  1465.04614  1472.11731  1479.18835  1486.25940  1493.33044  1500.40149  1507.47253  1514.54370  1521.61475  1528.68579  1535.75684  1542.82788  1549.89905  1556.97009  1564.04114  1571.11218  1578.18323  1585.25439  1592.32544  1599.39648  1606.46753  1613.53857  1620.60962  1627.68079  1634.75183  1641.82288  1648.89392  1655.96497  1663.03613  1670.10718  1677.17822  1684.24927  1691.32031  1698.39148  1705.46252  1712.53357  1719.60461  1726.67566  1733.74670  1740.81787  1747.88892  1754.95996  1762.03101  1769.10205  1776.17322  1783.24426  1790.31531  1797.38635  1804.45740  1811.52856     0.00000     0.00000     0.00000     0.00000     0.00000     0.00000     0.00000     0.00000     0.00000     0.00000     0.00000     0.00000     0.00000
     0.00000     0.00000     0.00000     0.00000     0.00000     0.00000     0.00000     0.00000     0.00000     0.00000     0.00000     0.00000  -310.30682  -310.29974  -310.29269  -310.28561  -310.27853  -310.27148  -310.26440  -310.25732  -310.25024  -310.24319  -310.23611  -310.22903  -310.22198  -310.21490  -310.20782  -310.20078  -310.19370  -310.18661  -310.17953  -310.17249  -310.16541  -310.15833  -310.15128  -310.14420  -310.13712  -310.13004  -310.12299  -310.11591  -310.10883  -310.10178  -310.09470  -310.08762  -310.08057  -310.07349  -310.06641  -310.05933  -310.05228  -310.04520  -310.03812  -310.03107  -310.02399  -310.01691  -310.00986  -310.00278   694.29980   701.37085   708.44196   715.51300   722.58411   729.65515   736.72620   743.79724   750.86835   757.93945   765.01050   772.08154   779.15259   786.22369   793.29480   800.36584   807.43689   814.50793   821.57904   828.65009   835.72119   842.79224   849.86328   856.93433   864.00543   871.07654   878.14758   885.21863   892.28973   899.36078   906.43182   913.50293   920.57397   927.64502   934.71613   941.78717   948.85828   955.92932   963.00037   970.07147   977.14252   984.21356   991.28467   998.35571  1005.42676  1012.49786  1019.56891  1026.64001  1033.71106  1040.78210  1047.85327  1054.92432  1061.99536  1069.06641  1076.13745  1083.20850  1090.27954  1097.35059  1104.42175  1111.49280  1118.56384  1125.63501  1132.70605  1139.77710  1146.84814  1153.91919  1160.99023  1168.06128  1175.13232  1182.20349  1189.27454  1196.34570  1203.41675  1210.48779  1217.55884  1224.62988  1231.70093  1238.77197  1245.84302  1252.91418  1259.98523  1267.05627  1274.12744  1281.19849  1288.26953  1295.34058  1302.41162  1309.48267  1316.55371  1323.62476  1330.69592  1337.76697  1344.83801  1351.90918  1358.98022  1366.05127  1373.12231  1380.19336  1387.26440  1394.33545  1401.40649  1408.47766  1415.54871  1422.61975  1429.69080  1436.76196  1443.83301  1450.90405  1457.97510  1465.04614  1472.11731  1479.18835  1486.25940  1493.33044  1500.40149  1507.47253  1514.54370  1521.61475  1528.68579  1535.75684  1542.82788  1549.89905  1556.97009  1564.04114  1571.11218  1578.18323  1585.25439  1592.32544  1599.39648  1606.46753  1613.53857  1620.60962  1627.68079  1634.75183  1641.82288  1648.89392  1655.96497  1663.03613  1670.10718  1677.17822  1684.24927  1691.32031  1698.39148  1705.46252  1712.53357  1719.60461  1726.67566  1733.74670  1740.81787  1747.88892  1754.95996  1762.03101  1769.10205  1776.17322  1783.24426  1790.31531  1797.38635  1804.45740  1811.52856  1818.59961  1825.67065     0.00000     0.00000     0.00000     0.00000     0.00000     0.00000     0.00000     0.00000     0.00000     0.00000     0.00000     0.00000
     0.00000     0.00000     0.00000     0.00000     0.00000     0.00000     0.00000     0.00000     0.00000     0.00000     0.00000  -310.30682  -310.29974  -310.29269  -310.28561  -310.27853  -310.27148  -310.26440  -310.25732  -310.25024  -310.24319  -310.23611  -310.22903  -310.22198  -310.21490  -310.20782  -310.20078  -310.19370  -310.18661  -310.17953  -310.17249  -310.16541  -310.15833  -310.15128  -310.14420  -310.13712  -310.13004  -310.12299  -310.11591  -310.10883  -310.10178  -310.09470  -310.08762  -310.08057  -310.07349  -310.06641  -310.05933  -310.05228  -310.04520  -310.03812  -310.03107  -310.02399  -310.01691  -310.00986  -310.00278   694.29980   701.37085   708.44196   715.51300   722.58411   729.65515   736.72620   743.79724   750.86835   757.93945   765.01050   772.08154   779.15259   786.22369   793.29480   800.36584   807.43689   814.50793   821.57904   828.65009   835.72119   842.79224   849.86328   856.93433   864.00543   871.07654   878.14758   885.21863   892.28973   899.36078   906.43182   913.50293   920.57397   927.64502   934.71613   941.78717   948.85828   955.92932   963.00037   970.07147   977.14252   984.21356   991.28467   998.35571  1005.42676  1012.49786  1019.56891  1026.64001  1033.71106  1040.78210  1047.85327  1054.92432  1061.99536  1069.06641  1076.13745  1083.20850  1090.27954  1097.35059  1104.42175  1111.49280  1118.56384  1125.63501  1132.70605  1139.77710  1146.84814  1153.91919  1160.99023  1168.06128  1175.13232  1182.20349  1189.27454  1196.34570  1203.41675  1210.48779  1217.55884  1224.62988  1231.70093  1238.77197  1245.84302  1252.91418  1259.98523  1267.05627  1274.12744  1281.19849  1288.26953  1295.34058  1302.41162  1309.48267  1316.55371  1323.62476  1330.69592  1337.76697  1344.83801  1351.90918  1358.98022  1366.05127  1373.12231  1380.19336  1387.26440  1394.33545  1401.40649  1408.47766  1415.54871  1422.61975  1429.69080  1436.76196  1443.83301  1450.90405  1457.97510  1465.04614  1472.11731  1479.18835  1486.25940  1493.33044  1500.40149  1507.47253  1514.54370  1521.61475  1528.68579  1535.75684  1542.82788  1549.89905  1556.97009  1564.04114  1571.11218  1578.18323  1585.25439  1592.32544  1599.39648  1606.46753  1613.53857  1620.60962  1627.68079  1634.75183  1641.82288  1648.89392  1655.96497  1663.03613  1670.10718  1677.17822  1684.24927  1691.32031  1698.39148  1705.46252  1712.53357  1719.60461  1726.67566  1733.74670  1740.81787  1747.88892  1754.95996  1762.03101  1769.10205  1776.17322  1783.24426  1790.31531  1797.38635  1804.45740  1811.52856  1818.59961  1825.67065  1832.74170  1839.81274     0.00000     0.00000     0.00000     0.00000     0.00000     0.00000     0.00000     0.00000     0.00000     0.00000     0.00000
     0.00000     0.00000     0.00000     0.00000     0.00000     0.00000     0.00000     0.00000     0.00000     0.00000  -310.30682  -310.29974  -310.29269  -310.28561  -310.27853  -310.27148  -310.26440  -310.25732  -310.25024  -310.24319  -310.23611  -310.22903  -310.22198  -310.21490  -310.20782  -310.20078  -310.19370  -310.18661  -310.17953  -310.17249  -310.16541  -310.15833  -310.15128  -310.14420  -310.13712  -310.13004  -310.12299  -310.11591  -310.10883  -310.10178  -310.09470  -310.08762  -310.08057  -310.07349  -310.06641  -310.05933  -310.05228  -310.04520  -310.03812  -310.03107  -310.02399  -310.01691  -310.00986  -310.00278   694.29980   701.37085   708.44196   715.51300   722.58411   729.65515   736.72620   743.79724   750.86835   757.93945   765.01050   772.08154   779.15259   786.22369   793.29480   800.36584   807.43689   814.50793   821.57904   828.65009   835.72119   842.79224   849.86328   856.93433   864.00543   871.07654   878.14758   885.21863   892.28973   899.36078   906.43182   913.50293   920.57397   927.64502   934.71613   941.78717   948.85828   955.92932   963.00037   970.07147   977.14252   984.21356   991.28467   998.35571  1005.42676  1012.49786  1019.56891  1026.64001  1033.71106  1040.78210  1047.85327  1054.92432  1061.99536  1069.06641  1076.13745  1083.20850  1090.27954  1097.35059  1104.42175  1111.49280  1118.56384  1125.63501  1132.70605  1139.77710  1146.84814  1153.91919  1160.99023  1168.06128  1175.13232  1182.20349  1189.27454  1196.34570  1203.41675  1210.48779  1217.55884  1224.62988  1231.70093  1238.77197  1245.84302  1252.91418  1259.98523  1267.05627  1274.12744  1281.19849  1288.26953  1295.34058  1302.41162  1309.48267  1316.55371  1323.62476  1330.69592  1337.76697  1344.83801  1351.90918  1358.98022  1366.05127  1373.12231  1380.19336  1387.26440  1394.33545  1401.40649  1408.47766  1415.54871  1422.61975  1429.69080  1436.76196  1443.83301  1450.90405  1457.97510  1465.04614  1472.11731  1479.18835  1486.25940  1493.33044  1500.40149  1507.47253  1514.54370  1521.61475  1528.68579  1535.75684  1542.82788  1549.89905  1556.97009  1564.04114  1571.11218  1578.18323  1585.25439  1592.32544  1599.39648  1606.46753  1613.53857  1620.60962  1627.68079  1634.75183  1641.82288  1648.89392  1655.96497  1663.03613  1670.10718  1677.17822  1684.24927  1691.32031  1698.39148  1705.46252  1712.53357  1719.60461  1726.67566  1733.74670  1740.81787  1747.88892  1754.95996  1762.03101  1769.10205  1776.17322  1783.24426  1790.31531  1797.38635  1804.45740  1811.52856  1818.59961  1825.67065  1832.74170  1839.81274  1846.88379  1853.95496     0.00000     0.00000     0.00000     0.00000     0.00000     0.00000     0.00000     0.00000     0.00000     0.00000
     0.00000     0.00000     0.00000     0.00000     0.00000     0.00000     0.00000     0.00000     0.00000  -310.30682  -310.29974  -310.29269  -310.28561  -310.27853  -310.27148  -310.26440  -310.25732  -310.25024  -310.24319  -310.23611  -310.22903  -310.22198  -310.21490  -310.20782  -310.20078  -310.19370  -310.18661  -310.17953  -310.17249  -310.16541  -310.15833  -310.15128  -310.14420  -310.13712  -310.13004  -310.12299  -310.11591  -310.10883  -310.10178  -310.09470  -310.08762  -310.08057  -310.07349  -310.06641  -310.05933  -310.05228  -310.04520  -310.03812  -310.03107  -310.02399  -310.01691  -310.00986  -310.00278   694.29980   701.37085   708.44196   715.51300   722.58411   729.65515   736.72620   743.79724   750.86835   757.93945   765.01050   772.08154   779.15259   786.22369   793.29480   800.36584   807.43689   814.50793   821.57904   828.65009   835.72119   842.79224   849.86328   856.93433   864.00543   871.07654   878.14758   885.21863   892.28973   899.36078   906.43182   913.50293   920.57397   927.64502   934.71613   941.78717   948.85828   955.92932   963.00037   970.07147   977.14252   984.21356   991.28467   998.35571  1005.42676  1012.49786  1019.56891  1026.64001  1033.71106  1040.78210  1047.85327  1054.92432  1061.99536  1069.06641  1076.13745  1083.20850  1090.27954  1097.35059  1104.42175  1111.49280  1118.56384  1125.63501  1132.70605  1139.77710  1146.84814  1153.91919  1160.99023  1168.06128  1175.13232  1182.20349  1189.27454  1196.34570  1203.41675  1210.48779  1217.55884  1224.62988  1231.70093  1238.77197  1245.84302  1252.91418  1259.98523  1267.05627  1274.12744  1281.19849  1288.26953  1295.34058  1302.41162  1309.48267  1316.55371  1323.62476  1330.69592  1337.76697  1344.83801  1351.90918  1358.98022  1366.05127  1373.12231  1380.19336  1387.26440  1394.33545  1401.40649  1408.47766  1415.54871  1422.61975  1429.69080  1436.76196  1443.83301  1450.90405  1457.97510  1465.04614  1472.11731  1479.18835  1486.25940  1493.33044  1500.40149  1507.47253  1514.54370  1521.61475  1528.68579  1535.75684  1542.82788  1549.89905  1556.97009  1564.04114  1571.11218  1578.18323  1585.25439  1592.32544  1599.39648  1606.46753  1613.53857  1620.60962  1627.68079  1634.75183  1641.82288  1648.89392  1655.96497  1663.03613  1670.10718  1677.17822  1684.24927  1691.32031  1698.39148  1705.46252  1712.53357  1719.60461  1726.67566  1733.74670  1740.81787  1747.88892  1754.95996  1762.03101  1769.10205  1776.17322  1783.24426  1790.31531  1797.38635  1804.45740  1811.52856  1818.59961  1825.67065  1832.74170  1839.81274  1846.88379  1853.95496  1861.02600  1868.09705     0.00000     0.00000     0.00000     0.00000     0.00000     0.00000     0.00000     0.00000     0.00000
     0.00000     0.00000     0.00000     0.00000     0.00000     0.00000     0.00000     0.00000  -310.30682  -310.29974  -310.29269  -310.28561  -310.27853  -310.27148  -310.26440  -310.25732  -310.25024  -310.24319  -310.23611  -310.22903  -310.22198  -310.21490  -310.20782  -310.20078  -310.19370  -310.18661  -310.17953  -310.17249  -310.16541  -310.15833  -310.15128  -310.14420  -310.13712  -310.13004  -310.12299  -310.11591  -310.10883  -310.10178  -310.09470  -310.08762  -310.08057  -310.07349  -310.06641  -310.05933  -310.05228  -310.04520  -310.03812  -310.03107  -310.02399  -310.01691  -310.00986  -310.00278   694.29980   701.37085   708.44196   715.51300   722.58411   729.65515   736.72620   743.79724   750.86835   757.93945   765.01050   772.08154   779.15259   786.22369   793.29480   800.36584   807.43689   814.50793   821.57904   828.65009   835.72119   842.79224   849.86328   856.93433   864.00543   871.07654   878.14758   885.21863   892.28973   899.36078   906.43182   913.50293   920.57397   927.64502   934.71613   941.78717   948.85828   955.92932   963.00037   970.07147   977.14252   984.21356   991.28467   998.35571  1005.42676  1012.49786  1019.56891  1026.64001  1033.71106  1040.78210  1047.85327  1054.92432  1061.99536  1069.06641  1076.13745  1083.20850  1090.27954  1097.35059  1104.42175  1111.49280  1118.56384  1125.63501  1132.70605  1139.77710  1146.84814  1153.91919  1160.99023  1168.06128  1175.13232  1182.20349  1189.27454  1196.34570  1203.41675  1210.48779  1217.55884  1224.62988  1231.70093  1238.77197  1245.84302  1252.91418  1259.98523  1267.05627  1274.12744  1281.19849  1288.26953  1295.34058  1302.41162  1309.48267  1316.55371  1323.62476  1330.69592  1337.76697  1344.83801  1351.90918  1358.98022  1366.05127  1373.12231  1380.19336  1387.26440  1394.33545  1401.40649  1408.47766  1415.54871  1422.61975  1429.69080  1436.76196  1443.83301  1450.90405  1457.97510  1465.04614  1472.11731  1479.18835  1486.25940  1493.33044  1500.40149  1507.47253  1514.54370  1521.61475  1528.68579  1535.75684  1542.82788  1549.89905  1556.97009  1564.04114  1571.11218  1578.18323  1585.25439  1592.32544  1599.39648  1606.46753  1613.53857  1620.60962  1627.68079  1634.75183  1641.82288  1648.89392  1655.96497  1663.03613  1670.10718  1677.17822  1684.24927  1691.32031  1698.39148  1705.46252  1712.53357  1719.60461  1726.67566  1733.74670  1740.81787  1747.88892  1754.95996  1762.03101  1769.10205  1776.17322  1783.24426  1790.31531  1797.38635  1804.45740  1811.52856  1818.59961  1825.67065  1832.74170  1839.81274  1846.88379  1853.95496  1861.02600  1868.09705  1875.16809  1882.23914     0.00000     0.00000     0.00000     0.00000     0.00000     0.00000     0.00000     0.00000
     0.00000     0.00000     0.00000     0.00000     0.00000     0.00000     0.00000  -310.30682  -310.29974  -310.29269  -310.28561  -310.27853  -310.27148  -310.26440  -310.25732  -310.25024  -310.24319  -310.23611  -310.22903  -310.22198  -310.21490  -310.20782  -310.20078  -310.19370  -310.18661  -310.17953  -310.17249  -310.16541  -310.15833  -310.15128  -310.14420  -310.13712  -310.13004  -310.12299  -310.11591  -310.10883  -310.10178  -310.09470  -310.08762  -310.08057  -310.07349  -310.06641  -310.05933  -310.05228  -310.04520  -310.03812  -310.03107  -310.02399  -310.01691  -310.00986  -310.00278   694.29980   701.37085   708.44196   715.51300   722.58411   729.65515   736.72620   743.79724   750.86835   757.93945   765.01050   772.08154   779.15259   786.22369   793.29480   800.36584   807.43689   814.50793   821.57904   828.65009   835.72119   842.79224   849.86328   856.93433   864.00543   871.07654   878.14758   885.21863   892.28973   899.36078   906.43182   913.50293   920.57397   927.64502   934.71613   941.78717   948.85828   955.92932   963.00037   970.07147   977.14252   984.21356   991.28467   998.35571  1005.42676  1012.49786  1019.56891  1026.64001  1033.71106  1040.78210  1047.85327  1054.92432  1061.99536  1069.06641  1076.13745  1083.20850  1090.27954  1097.35059  1104.42175  1111.49280  1118.56384  1125.63501  1132.70605  1139.77710  1146.84814  1153.91919  1160.99023  1168.06128  1175.13232  1182.20349  1189.27454  1196.34570  1203.41675  1210.48779  1217.55884  1224.62988  1231.70093  1238.77197  1245.84302  1252.91418  1259.98523  1267.05627  1274.12744  1281.19849  1288.26953  1295.34058  1302.41162  1309.48267  1316.55371  1323.62476  1330.69592  1337.76697  1344.83801  1351.90918  1358.98022  1366.05127  1373.12231  1380.19336  1387.26440  1394.33545  1401.40649  1408.47766  1415.54871  1422.61975  1429.69080  1436.76196  1443.83301  1450.90405  1457.97510  1465.04614  1472.11731  1479.18835  1486.25940  1493.33044  1500.40149  1507.47253  1514.54370  1521.61475  1528.68579  1535.75684  1542.82788  1549.89905  1556.97009  1564.04114  1571.11218  1578.18323  1585.25439  1592.32544  1599.39648  1606.46753  1613.53857  1620.60962  1627.68079  1634.75183  1641.82288  1648.89392  1655.96497  1663.03613  1670.10718  1677.17822  1684.24927  1691.32031  1698.39148  1705.46252  1712.53357  1719.60461  1726.67566  1733.74670  1740.81787  1747.88892  1754.95996  1762.03101  1769.10205  1776.17322  1783.24426  1790.31531  1797.38635  1804.45740  1811.52856  1818.59961  1825.67065  1832.74170  1839.81274  1846.88379  1853.95496  1861.02600  1868.09705  1875.16809  1882.23914  1889.31030  1896.38135     0.00000     0.00000     0.00000     0.00000     0.00000     0.00000     0.00000
     0.00000     0.00000     0.00000     0.00000     0.00000     0.00000  -310.30682  -310.29974  -310.29269  -310.28561  -310.27853  -310.27148  -310.26440  -310.25732  -310.25024  -310.24319  -310.23611  -310.22903  -310.22198  -310.21490  -310.20782  -310.20078  -310.19370  -310.18661  -310.17953  -310.17249  -310.16541  -310.15833  -310.15128  -310.14420  -310.13712  -310.13004  -310.12299  -310.11591  -310.10883  -310.10178  -310.09470  -310.08762  -310.08057  -310.07349  -310.06641  -310.05933  -310.05228  -310.04520  -310.03812  -310.03107  -310.02399  -310.01691  -310.00986  -310.00278   694.29980   701.37085   708.44196   715.51300   722.58411   729.65515   736.72620   743.79724   750.86835   757.93945   765.01050   772.08154   779.15259   786.22369   793.29480   800.36584   807.43689   814.50793   821.57904   828.65009   835.72119   842.79224   849.86328   856.93433   864.00543   871.07654   878.14758   885.21863   892.28973   899.36078   906.43182   913.50293   920.57397   927.64502   934.71613   941.78717   948.85828   955.92932   963.00037   970.07147   977.14252   984.21356   991.28467   998.35571  1005.42676  1012.49786  1019.56891  1026.64001  1033.71106  1040.78210  1047.85327  1054.92432  1061.99536  1069.06641  1076.13745  1083.20850  1090.27954  1097.35059  1104.42175  1111.49280  1118.56384  1125.63501  1132.70605  1139.77710  1146.84814  1153.91919  1160.99023  1168.06128  1175.13232  1182.20349  1189.27454  1196.34570  1203.41675  1210.48779  1217.55884  1224.62988  1231.70093  1238.77197  1245.84302  1252.91418  1259.98523  1267.05627  1274.12744  1281.19849  1288.26953  1295.34058  1302.41162  1309.48267  1316.55371  1323.62476  1330.69592  1337.76697  1344.83801  1351.90918  1358.98022  1366.05127  1373.12231  1380.19336  1387.26440  1394.33545  1401.40649  1408.47766  1415.54871  1422.61975  1429.69080  1436.76196  1443.83301  1450.90405  1457.97510  1465.04614  1472.11731  1479.18835  1486.25940  1493.33044  1500.40149  1507.47253  1514.54370  1521.61475  1528.68579  1535.75684  1542.82788  1549.89905  1556.97009  1564.04114  1571.11218  1578.18323  1585.25439  1592.32544  1599.39648  1606.46753  1613.53857  1620.60962  1627.68079  1634.75183  1641.82288  1648.89392  1655.96497  1663.03613  1670.10718  1677.17822  1684.24927  1691.32031  1698.39148  1705.46252  1712.53357  1719.60461  1726.67566  1733.74670  1740.81787  1747.88892  1754.95996  1762.03101  1769.10205  1776.17322  1783.24426  1790.31531  1797.38635  1804.45740  1811.52856  1818.59961  1825.67065  1832.74170  1839.81274  1846.88379  1853.95496  1861.02600  1868.09705  1875.16809  1882.23914  1889.31030  1896.38135  1903.45239  1910.52344     0.00000     0.00000     0.00000     0.00000     0.00000     0.00000
     0.00000     0.00000     0.00000     0.00000     0.00000  -310.30682  -310.29974  -310.29269  -310.28561  -310.27853  -310.27148  -310.26440  -310.25732  -310.25024  -310.24319  -310.23611  -310.22903  -310.22198  -310.21490  -310.20782  -310.20078  -310.19370  -310.18661  -310.17953  -310.17249  -310.16541  -310.15833  -310.15128  -310.14420  -310.13712  -310.13004  -310.12299  -310.11591  -310.10883  -310.10178  -310.09470  -310.08762  -310.08057  -310.07349  -310.06641  -310.05933  -310.05228  -310.04520  -310.03812  -310.03107  -310.02399  -310.01691  -310.00986  -310.00278   694.29980   701.37085   708.44196   715.51300   722.58411   729.65515   736.72620   743.79724   750.86835   757.93945   765.01050   772.08154   779.15259   786.22369   793.29480   800.36584   807.43689   814.50793   821.57904   828.65009   835.72119   842.79224   849.86328   856.93433   864.00543   871.07654   878.14758   885.21863   892.28973   899.36078   906.43182   913.50293   920.57397   927.64502   934.71613   941.78717   948.85828   955.92932   963.00037   970.07147   977.14252   984.21356   991.28467   998.35571  1005.42676  1012.49786  1019.56891  1026.64001  1033.71106  1040.78210  1047.85327  1054.92432  1061.99536  1069.06641  1076.13745  1083.20850  1090.27954  1097.35059  1104.42175  1111.49280  1118.56384  1125.63501  1132.70605  1139.77710  1146.84814  1153.91919  1160.99023  1168.06128  1175.13232  1182.20349  1189.27454  1196.34570  1203.41675  1210.48779  1217.55884  1224.62988  1231.70093  1238.77197  1245.84302  1252.91418  1259.98523  1267.05627  1274.12744  1281.19849  1288.26953  1295.34058  1302.41162  1309.48267  1316.55371  1323.62476  1330.69592  1337.76697  1344.83801  1351.90918  1358.98022  1366.05127  1373.12231  1380.19336  1387.26440  1394.33545  1401.40649  1408.47766  1415.54871  1422.61975  1429.69080  1436.76196  1443.83301  1450.90405  1457.97510  1465.04614  1472.11731  1479.18835  1486.25940  1493.33044  1500.40149  1507.47253  1514.54370  1521.61475  1528.68579  1535.75684  1542.82788  1549.89905  1556.97009  1564.04114  1571.11218  1578.18323  1585.25439  1592.32544  1599.39648  1606.46753  1613.53857  1620.60962  1627.68079  1634.75183  1641.82288  1648.89392  1655.96497  1663.03613  1670.10718  1677.17822  1684.24927  1691.32031  1698.39148  1705.46252  1712.53357  1719.60461  1726.67566  1733.74670  1740.81787  1747.88892  1754.95996  1762.03101  1769.10205  1776.17322  1783.24426  1790.31531  1797.38635  1804.45740  1811.52856  1818.59961  1825.67065  1832.74170  1839.81274  1846.88379  1853.95496  1861.02600  1868.09705  1875.16809  1882.23914  1889.31030  1896.38135  1903.45239  1910.52344  1917.59448  1924.66553     0.00000     0.00000     0.00000     0.00000     0.00000
     0.00000     0.00000     0.00000     0.00000  -310.30682  -310.29974  -310.29269  -310.28561  -310.27853  -310.27148  -310.26440  -310.25732  -310.25024  -310.24319  -310.23611  -310.22903  -310.22198  -310.21490  -310.20782  -310.20078  -310.19370  -310.18661  -310.17953  -310.17249  -310.16541  -310.15833  -310.15128  -310.14420  -310.13712  -310.13004  -310.12299  -310.11591  -310.10883  -310.10178  -310.09470  -310.08762  -310.08057  -310.07349  -310.06641  -310.05933  -310.05228  -310.04520  -310.03812  -310.03107  -310.02399  -310.01691  -310.00986  -310.00278   694.29980   701.37085   708.44196   715.51300   722.58411   729.65515   736.72620   743.79724   750.86835   757.93945   765.01050   772.08154   779.15259   786.22369   793.29480   800.36584   807.43689   814.50793   821.57904   828.65009   835.72119   842.79224   849.86328   856.93433   864.00543   871.07654   878.14758   885.21863   892.28973   899.36078   906.43182   913.50293   920.57397   927.64502   934.71613   941.78717   948.85828   955.92932   963.00037   970.07147   977.14252   984.21356   991.28467   998.35571  1005.42676  1012.49786  1019.56891  1026.64001  1033.71106  1040.78210  1047.85327  1054.92432  1061.99536  1069.06641  1076.13745  1083.20850  1090.27954  1097.35059  1104.42175  1111.49280  1118.56384  1125.63501  1132.70605  1139.77710  1146.84814  1153.91919  1160.99023  1168.06128  1175.13232  1182.20349  1189.27454  1196.34570  1203.41675  1210.48779  1217.55884  1224.62988  1231.70093  1238.77197  1245.84302  1252.91418  1259.98523  1267.05627  1274.12744  1281.19849  1288.26953  1295.34058  1302.41162  1309.48267  1316.55371  1323.62476  1330.69592  1337.76697  1344.83801  1351.90918  1358.98022  1366.05127  1373.12231  1380.19336  1387.26440  1394.33545  1401.40649  1408.47766  1415.54871  1422.61975  1429.69080  1436.76196  1443.83301  1450.90405  1457.97510  1465.04614  1472.11731  1479.18835  1486.25940  1493.33044  1500.40149  1507.47253  1514.54370  1521.61475  1528.68579  1535.75684  1542.82788  1549.89905  1556.97009  1564.04114  1571.11218  1578.18323  1585.25439  1592.32544  1599.39648  1606.46753  1613.53857  1620.60962  1627.68079  1634.75183  1641.82288  1648.89392  1655.96497  1663.03613  1670.10718  1677.17822  1684.24927  1691.32031  1698.39148  1705.46252  1712.53357  1719.60461  1726.67566  1733.74670  1740.81787  1747.88892  1754.95996  1762.03101  1769.10205  1776.17322  1783.24426  1790.31531  1797.38635  1804.45740  1811.52856  1818.59961  1825.67065  1832.74170  1839.81274  1846.88379  1853.95496  1861.02600  1868.09705  1875.16809  1882.23914  1889.31030  1896.38135  1903.45239  1910.52344  1917.59448  1924.66553  1931.73669  1938.80774     0.00000     0.00000     0.00000     0.00000
     0.00000     0.00000     0.00000  -310.30682  -310.29974  -310.29269  -310.28561  -310.27853  -310.27148  -310.26440  -310.25732  -310.25024  -310.24319  -310.23611  -310.22903  -310.22198  -310.21490  -310.20782  -310.20078  -310.19370  -310.18661  -310.17953  -310.17249  -310.16541  -310.15833  -310.15128  -310.14420  -310.13712  -310.13004  -310.12299  -310.11591  -310.10883  -310.10178  -310.09470  -310.08762  -310.08057  -310.07349  -310.06641  -310.05933  -310.05228  -310.04520  -310.03812  -310.03107  -310.02399  -310.01691  -310.00986  -310.00278   694.29980   701.37085   708.44196   715.51300   722.58411   729.65515   736.72620   743.79724   750.86835   757.93945   765.01050   772.08154   779.15259   786.22369   793.29480   800.36584   807.43689   814.50793   821.57904   828.65009   835.72119   842.79224   849.86328   856.93433   864.00543   871.07654   878.14758   885.21863   892.28973   899.36078   906.43182   913.50293   920.57397   927.64502   934.71613   941.78717   948.85828   955.92932   963.00037   970.07147   977.14252   984.21356   991.28467   998.35571  1005.42676  1012.49786  1019.56891  1026.64001  1033.71106  1040.78210  1047.85327  1054.92432  1061.99536  1069.06641  1076.13745  1083.20850  1090.27954  1097.35059  1104.42175  1111.49280  1118.56384  1125.63501  1132.70605  1139.77710  1146.84814  1153.91919  1160.99023  1168.06128  1175.13232  1182.20349  1189.27454  1196.34570  1203.41675  1210.48779  1217.55884  1224.62988  1231.70093  1238.77197  1245.84302  1252.91418  1259.98523  1267.05627  1274.12744  1281.19849  1288.26953  1295.34058  1302.41162  1309.48267  1316.55371  1323.62476  1330.69592  1337.76697  1344.83801  1351.90918  1358.98022  1366.05127  1373.12231  1380.19336  1387.26440  1394.33545  1401.40649  1408.47766  1415.54871  1422.61975  1429.69080  1436.76196  1443.83301  1450.90405  1457.97510  1465.04614  1472.11731  1479.18835  1486.25940  1493.33044  1500.40149  1507.47253  1514.54370  1521.61475  1528.68579  1535.75684  1542.82788  1549.89905  1556.97009  1564.04114  1571.11218  1578.18323  1585.25439  1592.32544  1599.39648  1606.46753  1613.53857  1620.60962  1627.68079  1634.75183  1641.82288  1648.89392  1655.96497  1663.03613  1670.10718  1677.17822  1684.24927  1691.32031  1698.39148  1705.46252  1712.53357  1719.60461  1726.67566  1733.74670  1740.81787  1747.88892  1754.95996  1762.03101  1769.10205  1776.17322  1783.24426  1790.31531  1797.38635  1804.45740  1811.52856  1818.59961  1825.67065  1832.74170  1839.81274  1846.88379  1853.95496  1861.02600  1868.09705  1875.16809  1882.23914  1889.31030  1896.38135  1903.45239  1910.52344  1917.59448  1924.66553  1931.73669  1938.80774  1945.87878  1952.94983     0.00000     0.00000     0.00000
     0.00000     0.00000  -310.30682  -310.29974  -310.29269  -310.28561  -310.27853  -310.27148  -310.26440  -310.25732  -310.25024  -310.24319  -310.23611  -310.22903  -310.22198  -310.21490  -310.20782  -310.20078  -310.19370  -310.18661  -310.17953  -310.17249  -310.16541  -310.15833  -310.15128  -310.14420  -310.13712  -310.13004  -310.12299  -310.11591  -310.10883  -310.10178  -310.09470  -310.08762  -310.08057  -310.07349  -310.06641  -310.05933  -310.05228  -310.04520  -310.03812  -310.03107  -310.02399  -310.01691  -310.00986  -310.00278   694.29980   701.37085   708.44196   715.51300   722.58411   729.65515   736.72620   743.79724   750.86835   757.93945   765.01050   772.08154   779.15259   786.22369   793.29480   800.36584   807.43689   814.50793   821.57904   828.65009   835.72119   842.79224   849.86328   856.93433   864.00543   871.07654   878.14758   885.21863   892.28973   899.36078   906.43182   913.50293   920.57397   927.64502   934.71613   941.78717   948.85828   955.92932   963.00037   970.07147   977.14252   984.21356   991.28467   998.35571  1005.42676  1012.49786  1019.56891  1026.64001  1033.71106  1040.78210  1047.85327  1054.92432  1061.99536  1069.06641  1076.13745  1083.20850  1090.27954  1097.35059  1104.42175  1111.49280  1118.56384  1125.63501  1132.70605  1139.77710  1146.84814  1153.91919  1160.99023  1168.06128  1175.13232  1182.20349  1189.27454  1196.34570  1203.41675  1210.48779  1217.55884  1224.62988  1231.70093  1238.77197  1245.84302  1252.91418  1259.98523  1267.05627  1274.12744  1281.19849  1288.26953  1295.34058  1302.41162  1309.48267  1316.55371  1323.62476  1330.69592  1337.76697  1344.83801  1351.90918  1358.98022  1366.05127  1373.12231  1380.19336  1387.26440  1394.33545  1401.40649  1408.47766  1415.54871  1422.61975  1429.69080  1436.76196  1443.83301  1450.90405  1457.97510  1465.04614  1472.11731  1479.18835  1486.25940  1493.33044  1500.40149  1507.47253  1514.54370  1521.61475  1528.68579  1535.75684  1542.82788  1549.89905  1556.97009  1564.04114  1571.11218  1578.18323  1585.25439  1592.32544  1599.39648  1606.46753  1613.53857  1620.60962  1627.68079  1634.75183  1641.82288  1648.89392  1655.96497  1663.03613  1670.10718  1677.17822  1684.24927  1691.32031  1698.39148  1705.46252  1712.53357  1719.60461  1726.67566  1733.74670  1740.81787  1747.88892  1754.95996  1762.03101  1769.10205  1776.17322  1783.24426  1790.31531  1797.38635  1804.45740  1811.52856  1818.59961  1825.67065  1832.74170  1839.81274  1846.88379  1853.95496  1861.02600  1868.09705  1875.16809  1882.23914  1889.31030  1896.38135  1903.45239  1910.52344  1917.59448  1924.66553  1931.73669  1938.80774  1945.87878  1952.94983  1960.02087  1967.09192     0.00000     0.00000
     0.00000  -310.30682  -310.29974  -310.29269  -310.28561  -310.27853  -310.27148  -310.26440  -310.25732  -310.25024  -310.24319  -310.23611  -310.22903  -310.22198  -310.21490  -310.20782  -310.20078  -310.19370  -310.18661  -310.17953  -310.17249  -310.16541  -310.15833  -310.15128  -310.14420  -310.13712  -310.13004  -310.12299  -310.11591  -310.10883  -310.10178  -310.09470  -310.08762  -310.08057  -310.07349  -310.06641  -310.05933  -310.05228  -310.04520  -310.03812  -310.03107  -310.02399  -310.01691  -310.00986  -310.00278   694.29980   701.37085   708.44196   715.51300   722.58411   729.65515   736.72620   743.79724   750.86835   757.93945   765.01050   772.08154   779.15259   786.22369   793.29480   800.36584   807.43689   814.50793   821.57904   828.65009   835.72119   842.79224   849.86328   856.93433   864.00543   871.07654   878.14758   885.21863   892.28973   899.36078   906.43182   913.50293   920.57397   927.64502   934.71613   941.78717   948.85828   955.92932   963.00037   970.07147   977.14252   984.21356   991.28467   998.35571  1005.42676  1012.49786  1019.56891  1026.64001  1033.71106  1040.78210  1047.85327  1054.92432  1061.99536  1069.06641  1076.13745  1083.20850  1090.27954  1097.35059  1104.42175  1111.49280  1118.56384  1125.63501  1132.70605  1139.77710  1146.84814  1153.91919  1160.99023  1168.06128  1175.13232  1182.20349  1189.27454  1196.34570  1203.41675  1210.48779  1217.55884  1224.62988  1231.70093  1238.77197  1245.84302  1252.91418  1259.98523  1267.05627  1274.12744  1281.19849  1288.26953  1295.34058  1302.41162  1309.48267  1316.55371  1323.62476  1330.69592  1337.76697  1344.83801  1351.90918  1358.98022  1366.05127  1373.12231  1380.19336  1387.26440  1394.33545  1401.40649  1408.47766  1415.54871  1422.61975  1429.69080  1436.76196  1443.83301  1450.90405  1457.97510  1465.04614  1472.11731  1479.18835  1486.25940  1493.33044  1500.40149  1507.47253  1514.54370  1521.61475  1528.68579  1535.75684  1542.82788  1549.89905  1556.97009  1564.04114  1571.11218  1578.18323  1585.25439  1592.32544  1599.39648  1606.46753  1613.53857  1620.60962  1627.68079  1634.75183  1641.82288  1648.89392  1655.96497  1663.03613  1670.10718  1677.17822  1684.24927  1691.32031  1698.39148  1705.46252  1712.53357  1719.60461  1726.67566  1733.74670  1740.81787  1747.88892  1754.95996  1762.03101  1769.10205  1776.17322  1783.24426  1790.31531  1797.38635  1804.45740  1811.52856  1818.59961  1825.67065  1832.74170  1839.81274  1846.88379  1853.95496  1861.02600  1868.09705  1875.16809  1882.23914  1889.31030  1896.38135  1903.45239  1910.52344  1917.59448  1924.66553  1931.73669  1938.80774  1945.87878  1952.94983  1960.02100  1967.09204  1974.16309  1981.23413     0.00000
  -310.30682  -310.29974  -310.29269  -310.28561  -310.27853  -310.27148  -310.26440  -310.25732  -310.25024  -310.24319  -310.23611  -310.22903  -310.22198  -310.21490  -310.20782  -310.20078  -310.19370  -310.18661  -310.17953  -310.17249  -310.16541  -310.15833  -310.15128  -310.14420  -310.13712  -310.13004  -310.12299  -310.11591  -310.10883  -310.10178  -310.09470  -310.08762  -310.08057  -310.07349  -310.06641  -310.05933  -310.05228  -310.04520  -310.03812  -310.03107  -310.02399  -310.01691  -310.00986  -310.00278   694.29980   701.37085   708.44196   715.51300   722.58411   729.65515   736.72620   743.79724   750.86835   757.93945   765.01050   772.08154   779.15259   786.22369   793.29480   800.36584   807.43689   814.50793   821.57904   828.65009   835.72119   842.79224   849.86328   856.93433   864.00543   871.07654   878.14758   885.21863   892.28973   899.36078   906.43182   913.50293   920.57397   927.64502   934.71613   941.78717   948.85828   955.92932   963.00037   970.07147   977.14252   984.21356   991.28467   998.35571  1005.42676  1012.49786  1019.56891  1026.64001  1033.71106  1040.78210  1047.85327  1054.92432  1061.99536  1069.06641  1076.13745  1083.20850  1090.27954  1097.35059  1104.42175  1111.49280  1118.56384  1125.63501  1132.70605  1139.77710  1146.84814  1153.91919  1160.99023  1168.06128  1175.13232  1182.20349  1189.27454  1196.34570  1203.41675  1210.48779  1217.55884  1224.62988  1231.70093  1238.77197  1245.84302  1252.91418  1259.98523  1267.05627  1274.12744  1281.19849  1288.26953  1295.34058  1302.41162  1309.48267  1316.55371  1323.62476  1330.69592  1337.76697  1344.83801  1351.90918  1358.98022  1366.05127  1373.12231  1380.19336  1387.26440  1394.33545  1401.40649  1408.47766  1415.54871  1422.61975  1429.69080  1436.76196  1443.83301  1450.90405  1457.97510  1465.04614  1472.11731  1479.18835  1486.25940  1493.33044  1500.40149  1507.47253  1514.54370  1521.61475  1528.68579  1535.75684  1542.82788  1549.89905  1556.97009  1564.04114  1571.11218  1578.18323  1585.25439  1592.32544  1599.39648  1606.46753  1613.53857  1620.60962  1627.68079  1634.75183  1641.82288  1648.89392  1655.96497  1663.03613  1670.10718  1677.17822  1684.24927  1691.32031  1698.39148  1705.46252  1712.53357  1719.60461  1726.67566  1733.74670  1740.81787  1747.88892  1754.95996  1762.03101  1769.10205  1776.17322  1783.24426  1790.31531  1797.38635  1804.45740  1811.52856  1818.59961  1825.67065  1832.74170  1839.81274  1846.88379  1853.95496  1861.02600  1868.09705  1875.16809  1882.23914  1889.31030  1896.38135  1903.45239  1910.52344  1917.59448  1924.66553  1931.73669  1938.80774  1945.87878  1952.94983  1960.02087  1967.09204  1974.16309  1981.23413  1988.30518  1995.37622
     0.00000  -310.29269  -310.28561  -310.27853  -310.27148  -310.26440  -310.25732  -310.25024  -310.24319  -310.23611  -310.22903  -310.22198  -310.21490  -310.20782  -310.20078  -310.19370  -310.18661  -310.17953  -310.17249  -310.16541  -310.15833  -310.15128  -310.14420  -310.13712  -310.13004  -310.12299  -310.11591  -310.10883  -310.10178  -310.09470  -310.08762  -310.08057  -310.07349  -310.06641  -310.05933  -310.05228  -310.04520  -310.03812  -310.03107  -310.02399  -310.01691  -310.00986  -310.00278   694.29980   701.37085   708.44196   715.51300   722.58411   729.65515   736.72620   743.79724   750.86835   757.93945   765.01050   772.08154   779.15259   786.22369   793.29480   800.36584   807.43689   814.50793   821.57904   828.65009   835.72119   842.79224   849.86328   856.93433   864.00543   871.07654   878.14758   885.21863   892.28973   899.36078   906.43182   913.50293   920.57397   927.64502   934.71613   941.78717   948.85828   955.92932   963.00037   970.07147   977.14252   984.21356   991.28467   998.35571  1005.42676  1012.49786  1019.56891  1026.64001  1033.71106  1040.78210  1047.85327  1054.92432  1061.99536  1069.06641  1076.13745  1083.20850  1090.27954  1097.35059  1104.42175  1111.49280  1118.56384  1125.63501  1132.70605  1139.77710  1146.84814  1153.91919  1160.99023  1168.06128  1175.13232  1182.20349  1189.27454  1196.34570  1203.41675  1210.48779  1217.55884  1224.62988  1231.70093  1238.77197  1245.84302  1252.91418  1259.98523  1267.05627  1274.12744  1281.19849  1288.26953  1295.34058  1302.41162  1309.48267  1316.55371  1323.62476  1330.69592  1337.76697  1344.83801  1351.90918  1358.98022  1366.05127  1373.12231  1380.19336  1387.26440  1394.33545  1401.40649  1408.47766  1415.54871  1422.61975  1429.69080  1436.76196  1443.83301  1450.90405  1457.97510  1465.04614  1472.11731  1479.18835  1486.25940  1493.33044  1500.40149  1507.47253  1514.54370  1521.61475  1528.68579  1535.75684  1542.82788  1549.89905  1556.97009  1564.04114  1571.11218  1578.18323  1585.25439  1592.32544  1599.39648  1606.46753  1613.53857  1620.60962  1627.68079  1634.75183  1641.82288  1648.89392  1655.96497  1663.03613  1670.10718  1677.17822  1684.24927  1691.32031  1698.39148  1705.46252  1712.53357  1719.60461  1726.67566  1733.74670  1740.81787  1747.88892  1754.95996  1762.03101  1769.10205  1776.17322  1783.24426  1790.31531  1797.38635  1804.45740  1811.52856  1818.59961  1825.67065  1832.74170  1839.81274  1846.88379  1853.95496  1861.02600  1868.09705  1875.16809  1882.23914  1889.31030  1896.38135  1903.45239  1910.52344  1917.59448  1924.66553  1931.73669  1938.80774  1945.87878  1952.94983  1960.02087  1967.09204  1974.16309  1981.23413  1988.30518  1995.37622     0.00000
     0.00000     0.00000  -310.27853  -310.27148  -310.26440  -310.25732  -310.25024  -310.24319  -310.23611  -310.22903  -310.22198  -310.21490  -310.20782  -310.20078  -310.19370  -310.18661  -310.17953  -310.17249  -310.16541  -310.15833  -310.15128  -310.14420  -310.13712  -310.13004  -310.12299  -310.11591  -310.10883  -310.10178  -310.09470  -310.08762  -310.08057  -310.07349  -310.06641  -310.05933  -310.05228  -310.04520  -310.03812  -310.03107  -310.02399  -310.01691  -310.00986  -310.00278   694.29980   701.37085   708.44196   715.51300   722.58411   729.65515   736.72620   743.79724   750.86835   757.93945   765.01050   772.08154   779.15259   786.22369   793.29480   800.36584   807.43689   814.50793   821.57904   828.65009   835.72119   842.79224   849.86328   856.93433   864.00543   871.07654   878.14758   885.21863   892.28973   899.36078   906.43182   913.50293   920.57397   927.64502   934.71613   941.78717   948.85828   955.92932   963.00037   970.07147   977.14252   984.21356   991.28467   998.35571  1005.42676  1012.49786  1019.56891  1026.64001  1033.71106  1040.78210  1047.85327  1054.92432  1061.99536  1069.06641  1076.13745  1083.20850  1090.27954  1097.35059  1104.42175  1111.49280  1118.56384  1125.63501  1132.70605  1139.77710  1146.84814  1153.91919  1160.99023  1168.06128  1175.13232  1182.20349  1189.27454  1196.34570  1203.41675  1210.48779  1217.55884  1224.62988  1231.70093  1238.77197  1245.84302  1252.91418  1259.98523  1267.05627  1274.12744  1281.19849  1288.26953  1295.34058  1302.41162  1309.48267  1316.55371  1323.62476  1330.69592  1337.76697  1344.83801  1351.90918  1358.98022  1366.05127  1373.12231  1380.19336  1387.26440  1394.33545  1401.40649  1408.47766  1415.54871  1422.61975  1429.69080  1436.76196  1443.83301  1450.90405  1457.97510  1465.04614  1472.11731  1479.18835  1486.25940  1493.33044  1500.40149  1507.47253  1514.54370  1521.61475  1528.68579  1535.75684  1542.82788  1549.89905  1556.97009  1564.04114  1571.11218  1578.18323  1585.25439  1592.32544  1599.39648  1606.46753  1613.53857  1620.60962  1627.68079  1634.75183  1641.82288  1648.89392  1655.96497  1663.03613  1670.10718  1677.17822  1684.24927  1691.32031  1698.39148  1705.46252  1712.53357  1719.60461  1726.67566  1733.74670  1740.81787  1747.88892  1754.95996  1762.03101  1769.10205  1776.17322  1783.24426  1790.31531  1797.38635  1804.45740  1811.52856  1818.59961  1825.67065  1832.74170  1839.81274  1846.88379  1853.95496  1861.02600  1868.09705  1875.16809  1882.23914  1889.31030  1896.38135  1903.45239  1910.52344  1917.59448  1924.66553  1931.73669  1938.80774  1945.87878  1952.94983  1960.02087  1967.09204  1974.16309  1981.23413  1988.30518  1995.37622     0.00000     0.00000
     0.00000     0.00000     0.00000  -310.26440  -310.25732  -310.25024  -310.24319  -310.23611  -310.22903  -310.22198  -310.21490  -310.20782  -310.20078  -310.19370  -310.18661  -310.17953  -310.17249  -310.16541  -310.15833  -310.15128  -310.14420  -310.13712  -310.13004  -310.12299  -310.11591  -310.10883  -310.10178  -310.09470  -310.08762  -310.08057  -310.07349  -310.06641  -310.05933  -310.05228  -310.04520  -310.03812  -310.03107  -310.02399  -310.01691  -310.00986  -310.00278   694.29980   701.37085   708.44196   715.51300   722.58411   729.65515   736.72620   743.79724   750.86835   757.93945   765.01050   772.08154   779.15259   786.22369   793.29480   800.36584   807.43689   814.50793   821.57904   828.65009   835.72119   842.79224   849.86328   856.93433   864.00543   871.07654   878.14758   885.21863   892.28973   899.36078   906.43182   913.50293   920.57397   927.64502   934.71613   941.78717   948.85828   955.92932   963.00037   970.07147   977.14252   984.21356   991.28467   998.35571  1005.42676  1012.49786  1019.56891  1026.64001  1033.71106  1040.78210  1047.85327  1054.92432  1061.99536  1069.06641  1076.13745  1083.20850  1090.27954  1097.35059  1104.42175  1111.49280  1118.56384  1125.63501  1132.70605  1139.77710  1146.84814  1153.91919  1160.99023  1168.06128  1175.13232  1182.20349  1189.27454  1196.34570  1203.41675  1210.48779  1217.55884  1224.62988  1231.70093  1238.77197  1245.84302  1252.91418  1259.98523  1267.05627  1274.12744  1281.19849  1288.26953  1295.34058  1302.41162  1309.48267  1316.55371  1323.62476  1330.69592  1337.76697  1344.83801  1351.90918  1358.98022  1366.05127  1373.12231  1380.19336  1387.26440  1394.33545  1401.40649  1408.47766  1415.54871  1422.61975  1429.69080  1436.76196  1443.83301  1450.90405  1457.97510  1465.04614  1472.11731  1479.18835  1486.25940  1493.33044  1500.40149  1507.47253  1514.54370  1521.61475  1528.68579  1535.75684  1542.82788  1549.89905  1556.97009  1564.04114  1571.11218  1578.18323  1585.25439  1592.32544  1599.39648  1606.46753  1613.53857  1620.60962  1627.68079  1634.75183  1641.82288  1648.89392  1655.96497  1663.03613  1670.10718  1677.17822  1684.24927  1691.32031  1698.39148  1705.46252  1712.53357  1719.60461  1726.67566  1733.74670  1740.81787  1747.88892  1754.95996  1762.03101  1769.10205  1776.17322  1783.24426  1790.31531  1797.38635  1804.45740  1811.52856  1818.59961  1825.67065  1832.74170  1839.81274  1846.88379  1853.95496  1861.02600  1868.09705  1875.16809  1882.23914  1889.31030  1896.38135  1903.45239  1910.52344  1917.59448  1924.66553  1931.73669  1938.80774  1945.87878  1952.94983  1960.02087  1967.09204  1974.16309  1981.23413  1988.30518  1995.37622     0.00000     0.00000     0.00000
     0.00000     0.00000     0.00000     0.00000  -310.25024  -310.24319  -310.23611  -310.22903  -310.22198  -310.21490  -310.20782  -310.20078  -310.19370  -310.18661  -310.17953  -310.17249  -310.16541  -310.15833  -310.15128  -310.14420  -310.13712  -310.13004  -310.12299  -310.11591  -310.10883  -310.10178  -310.09470  -310.08762  -310.08057  -310.07349  -310.06641  -310.05933  -310.05228  -310.04520  -310.03812  -310.03107  -310.02399  -310.01691  -310.00986  -310.00278   694.29980   701.37085   708.44196   715.51300   722.58411   729.65515   736.72620   743.79724   750.86835   757.93945   765.01050   772.08154   779.15259   786.22369   793.29480   800.36584   807.43689   814.50793   821.57904   828.65009   835.72119   842.79224   849.86328   856.93433   864.00543   871.07654   878.14758   885.21863   892.28973   899.36078   906.43182   913.50293   920.57397   927.64502   934.71613   941.78717   948.85828   955.92932   963.00037   970.07147   977.14252   984.21356   991.28467   998.35571  1005.42676  1012.49786  1019.56891  1026.64001  1033.71106  1040.78210  1047.85327  1054.92432  1061.99536  1069.06641  1076.13745  1083.20850  1090.27954  1097.35059  1104.42175  1111.49280  1118.56384  1125.63501  1132.70605  1139.77710  1146.84814  1153.91919  1160.99023  1168.06128  1175.13232  1182.20349  1189.27454  1196.34570  1203.41675  1210.48779  1217.55884  1224.62988  1231.70093  1238.77197  1245.84302  1252.91418  1259.98523  1267.05627  1274.12744  1281.19849  1288.26953  1295.34058  1302.41162  1309.48267  1316.55371  1323.62476  1330.69592  1337.76697  1344.83801  1351.90918  1358.98022  1366.05127  1373.12231  1380.19336  1387.26440  1394.33545  1401.40649  1408.47766  1415.54871  1422.61975  1429.69080  1436.76196  1443.83301  1450.90405  1457.97510  1465.04614  1472.11731  1479.18835  1486.25940  1493.33044  1500.40149  1507.47253  1514.54370  1521.61475  1528.68579  1535.75684  1542.82788  1549.89905  1556.97009  1564.04114  1571.11218  1578.18323  1585.25439  1592.32544  1599.39648  1606.46753  1613.53857  1620.60962  1627.68079  1634.75183  1641.82288  1648.89392  1655.96497  1663.03613  1670.10718  1677.17822  1684.24927  1691.32031  1698.39148  1705.46252  1712.53357  1719.60461  1726.67566  1733.74670  1740.81787  1747.88892  1754.95996  1762.03101  1769.10205  1776.17322  1783.24426  1790.31531  1797.38635  1804.45740  1811.52856  1818.59961  1825.67065  1832.74170  1839.81274  1846.88379  1853.95496  1861.02600  1868.09705  1875.16809  1882.23914  1889.31030  1896.38135  1903.45239  1910.52344  1917.59448  1924.66553  1931.73669  1938.80774  1945.87878  1952.94983  1960.02087  1967.09204  1974.16309  1981.23413  1988.30518  1995.37622     0.00000     0.00000     0.00000     0.00000
     0.00000     0.00000     0.00000     0.00000     0.00000  -310.23611  -310.22903  -310.22198  -310.21490  -310.20782  -310.20078  -310.19370  -310.18661  -310.17953  -310.17249  -310.16541  -310.15833  -310.15128  -310.14420  -310.13712  -310.13004  -310.12299  -310.11591  -310.10883  -310.10178  -310.09470  -310.08762  -310.08057  -310.07349  -310.06641  -310.05933  -310.05228  -310.04520  -310.03812  -310.03107  -310.02399  -310.01691  -310.00986  -310.00278   694.29980   701.37085   708.44196   715.51300   722.58411   729.65515   736.72620   743.79724   750.86835   757.93945   765.01050   772.08154   779.15259   786.22369   793.29480   800.36584   807.43689   814.50793   821.57904   828.65009   835.72119   842.79224   849.86328   856.93433   864.00543   871.07654   878.14758   885.21863   892.28973   899.36078   906.43182   913.50293   920.57397   927.64502   934.71613   941.78717   948.85828   955.92932   963.00037   970.07147   977.14252   984.21356   991.28467   998.35571  1005.42676  1012.49786  1019.56891  1026.64001  1033.71106  1040.78210  1047.85327  1054.92432  1061.99536  1069.06641  1076.13745  1083.20850  1090.27954  1097.35059  1104.42175  1111.49280  1118.56384  1125.63501  1132.70605  1139.77710  1146.84814  1153.91919  1160.99023  1168.06128  1175.13232  1182.20349  1189.27454  1196.34570  1203.41675  1210.48779  1217.55884  1224.62988  1231.70093  1238.77197  1245.84302  1252.91418  1259.98523  1267.05627  1274.12744  1281.19849  1288.26953  1295.34058  1302.41162  1309.48267  1316.55371  1323.62476  1330.69592  1337.76697  1344.83801  1351.90918  1358.98022  1366.05127  1373.12231  1380.19336  1387.26440  1394.33545  1401.40649  1408.47766  1415.54871  1422.61975  1429.69080  1436.76196  1443.83301  1450.90405  1457.97510  1465.04614  1472.11731  1479.18835  1486.25940  1493.33044  1500.40149  1507.47253  1514.54370  1521.61475  1528.68579  1535.75684  1542.82788  1549.89905  1556.97009  1564.04114  1571.11218  1578.18323  1585.25439  1592.32544  1599.39648  1606.46753  1613.53857  1620.60962  1627.68079  1634.75183  1641.82288  1648.89392  1655.96497  1663.03613  1670.10718  1677.17822  1684.24927  1691.32031  1698.39148  1705.46252  1712.53357  1719.60461  1726.67566  1733.74670  1740.81787  1747.88892  1754.95996  1762.03101  1769.10205  1776.17322  1783.24426  1790.31531  1797.38635  1804.45740  1811.52856  1818.59961  1825.67065  1832.74170  1839.81274  1846.88379  1853.95496  1861.02600  1868.09705  1875.16809  1882.23914  1889.31030  1896.38135  1903.45239  1910.52344  1917.59448  1924.66553  1931.73669  1938.80774  1945.87878  1952.94983  1960.02087  1967.09204  1974.16309  1981.23413  1988.30518  1995.37622     0.00000     0.00000     0.00000     0.00000     0.00000
     0.00000     0.00000     0.00000     0.00000     0.00000     0.00000  -310.22198  -310.21490  -310.20782  -310.20078  -310.19370  -310.18661  -310.17953  -310.17249  -310.16541  -310.15833  -310.15128  -310.14420  -310.13712  -310.13004  -310.12299  -310.11591  -310.10883  -310.10178  -310.09470  -310.08762  -310.08057  -310.07349  -310.06641  -310.05933  -310.05228  -310.04520  -310.03812  -310.03107  -310.02399  -310.01691  -310.00986  -310.00278   694.29980   701.37085   708.44196   715.51300   722.58411   729.65515   736.72620   743.79724   750.86835   757.93945   765.01050   772.08154   779.15259   786.22369   793.29480   800.36584   807.43689   814.50793   821.57904   828.65009   835.72119   842.79224   849.86328   856.93433   864.00543   871.07654   878.14758   885.21863   892.28973   899.36078   906.43182   913.50293   920.57397   927.64502   934.71613   941.78717   948.85828   955.92932   963.00037   970.07147   977.14252   984.21356   991.28467   998.35571  1005.42676  1012.49786  1019.56891  1026.64001  1033.71106  1040.78210  1047.85327  1054.92432  1061.99536  1069.06641  1076.13745  1083.20850  1090.27954  1097.35059  1104.42175  1111.49280  1118.56384  1125.63501  1132.70605  1139.77710  1146.84814  1153.91919  1160.99023  1168.06128  1175.13232  1182.20349  1189.27454  1196.34570  1203.41675  1210.48779  1217.55884  1224.62988  1231.70093  1238.77197  1245.84302  1252.91418  1259.98523  1267.05627  1274.12744  1281.19849  1288.26953  1295.34058  1302.41162  1309.48267  1316.55371  1323.62476  1330.69592  1337.76697  1344.83801  1351.90918  1358.98022  1366.05127  1373.12231  1380.19336  1387.26440  1394.33545  1401.40649  1408.47766  1415.54871  1422.61975  1429.69080  1436.76196  1443.83301  1450.90405  1457.97510  1465.04614  1472.11731  1479.18835  1486.25940  1493.33044  1500.40149  1507.47253  1514.54370  1521.61475  1528.68579  1535.75684  1542.82788  1549.89905  1556.97009  1564.04114  1571.11218  1578.18323  1585.25439  1592.32544  1599.39648  1606.46753  1613.53857  1620.60962  1627.68079  1634.75183  1641.82288  1648.89392  1655.96497  1663.03613  1670.10718  1677.17822  1684.24927  1691.32031  1698.39148  1705.46252  1712.53357  1719.60461  1726.67566  1733.74670  1740.81787  1747.88892  1754.95996  1762.03101  1769.10205  1776.17322  1783.24426  1790.31531  1797.38635  1804.45740  1811.52856  1818.59961  1825.67065  1832.74170  1839.81274  1846.88379  1853.95496  1861.02600  1868.09705  1875.16809  1882.23914  1889.31030  1896.38135  1903.45239  1910.52344  1917.59448  1924.66553  1931.73669  1938.80774  1945.87878  1952.94983  1960.02087  1967.09204  1974.16309  1981.23413  1988.30518  1995.37622     0.00000     0.00000     0.00000     0.00000     0.00000     0.00000
     0.00000     0.00000     0.00000     0.00000     0.00000     0.00000     0.00000  -310.20782  -310.20078  -310.19370  -310.18661  -310.17953  -310.17249  -310.16541  -310.15833  -310.15128  -310.14420  -310.13712  -310.13004  -310.12299  -310.11591  -310.10883  -310.10178  -310.09470  -310.08762  -310.08057  -310.07349  -310.06641  -310.05933  -310.05228  -310.04520  -310.03812  -310.03107  -310.02399  -310.01691  -310.00986  -310.00278   694.29980   701.37085   708.44196   715.51300   722.58411   729.65515   736.72620   743.79724   750.86835   757.93945   765.01050   772.08154   779.15259   786.22369   793.29480   800.36584   807.43689   814.50793   821.57904   828.65009   835.72119   842.79224   849.86328   856.93433   864.00543   871.07654   878.14758   885.21863   892.28973   899.36078   906.43182   913.50293   920.57397   927.64502   934.71613   941.78717   948.85828   955.92932   963.00037   970.07147   977.14252   984.21356   991.28467   998.35571  1005.42676  1012.49786  1019.56891  1026.64001  1033.71106  1040.78210  1047.85327  1054.92432  1061.99536  1069.06641  1076.13745  1083.20850  1090.27954  1097.35059  1104.42175  1111.49280  1118.56384  1125.63501  1132.70605  1139.77710  1146.84814  1153.91919  1160.99023  1168.06128  1175.13232  1182.20349  1189.27454  1196.34570  1203.41675  1210.48779  1217.55884  1224.62988  1231.70093  1238.77197  1245.84302  1252.91418  1259.98523  1267.05627  1274.12744  1281.19849  1288.26953  1295.34058  1302.41162  1309.48267  1316.55371  1323.62476  1330.69592  1337.76697  1344.83801  1351.90918  1358.98022  1366.05127  1373.12231  1380.19336  1387.26440  1394.33545  1401.40649  1408.47766  1415.54871  1422.61975  1429.69080  1436.76196  1443.83301  1450.90405  1457.97510  1465.04614  1472.11731  1479.18835  1486.25940  1493.33044  1500.40149  1507.47253  1514.54370  1521.61475  1528.68579  1535.75684  1542.82788  1549.89905  1556.97009  1564.04114  1571.11218  1578.18323  1585.25439  1592.32544  1599.39648  1606.46753  1613.53857  1620.60962  1627.68079  1634.75183  1641.82288  1648.89392  1655.96497  1663.03613  1670.10718  1677.17822  1684.24927  1691.32031  1698.39148  1705.46252  1712.53357  1719.60461  1726.67566  1733.74670  1740.81787  1747.88892  1754.95996  1762.03101  1769.10205  1776.17322  1783.24426  1790.31531  1797.38635  1804.45740  1811.52856  1818.59961  1825.67065  1832.74170  1839.81274  1846.88379  1853.95496  1861.02600  1868.09705  1875.16809  1882.23914  1889.31030  1896.38135  1903.45239  1910.52344  1917.59448  1924.66553  1931.73669  1938.80774  1945.87878  1952.94983  1960.02087  1967.09204  1974.16309  1981.23413  1988.30518  1995.37622     0.00000     0.00000     0.00000     0.00000     0.00000     0.00000     0.00000
     0.00000     0.00000     0.00000     0.00000     0.00000     0.00000     0.00000     0.00000  -310.19370  -310.18661  -310.17953  -310.17249  -310.16541  -310.15833  -310.15128  -310.14420  -310.13712  -310.13004  -310.12299  -310.11591  -310.10883  -310.10178  -310.09470  -310.08762  -310.08057  -310.07349  -310.06641  -310.05933  -310.05228  -310.04520  -310.03812  -310.03107  -310.02399  -310.01691  -310.00986  -310.00278   694.29980   701.37085   708.44196   715.51300   722.58411   729.65515   736.72620   743.79724   750.86835   757.93945   765.01050   772.08154   779.15259   786.22369   793.29480   800.36584   807.43689   814.50793   821.57904   828.65009   835.72119   842.79224   849.86328   856.93433   864.00543   871.07654   878.14758   885.21863   892.28973   899.36078   906.43182   913.50293   920.57397   927.64502   934.71613   941.78717   948.85828   955.92932   963.00037   970.07147   977.14252   984.21356   991.28467   998.35571  1005.42676  1012.49786  1019.56891  1026.64001  1033.71106  1040.78210  1047.85327  1054.92432  1061.99536  1069.06641  1076.13745  1083.20850  1090.27954  1097.35059  1104.42175  1111.49280  1118.56384  1125.63501  1132.70605  1139.77710  1146.84814  1153.91919  1160.99023  1168.06128  1175.13232  1182.20349  1189.27454  1196.34570  1203.41675  1210.48779  1217.55884  1224.62988  1231.70093  1238.77197  1245.84302  1252.91418  1259.98523  1267.05627  1274.12744  1281.19849  1288.26953  1295.34058  1302.41162  1309.48267  1316.55371  1323.62476  1330.69592  1337.76697  1344.83801  1351.90918  1358.98022  1366.05127  1373.12231  1380.19336  1387.26440  1394.33545  1401.40649  1408.47766  1415.54871  1422.61975  1429.69080  1436.76196  1443.83301  1450.90405  1457.97510  1465.04614  1472.11731  1479.18835  1486.25940  1493.33044  1500.40149  1507.47253  1514.54370  1521.61475  1528.68579  1535.75684  1542.82788  1549.89905  1556.97009  1564.04114  1571.11218  1578.18323  1585.25439  1592.32544  1599.39648  1606.46753  1613.53857  1620.60962  1627.68079  1634.75183  1641.82288  1648.89392  1655.96497  1663.03613  1670.10718  1677.17822  1684.24927  1691.32031  1698.39148  1705.46252  1712.53357  1719.60461  1726.67566  1733.74670  1740.81787  1747.88892  1754.95996  1762.03101  1769.10205  1776.17322  1783.24426  1790.31531  1797.38635  1804.45740  1811.52856  1818.59961  1825.67065  1832.74170  1839.81274  1846.88379  1853.95496  1861.02600  1868.09705  1875.16809  1882.23914  1889.31030  1896.38135  1903.45239  1910.52344  1917.59448  1924.66553  1931.73669  1938.80774  1945.87878  1952.94983  1960.02087  1967.09204  1974.16309  1981.23413  1988.30518  1995.37622     0.00000     0.00000     0.00000     0.00000     0.00000     0.00000     0.00000     0.00000
     0.00000     0.00000     0.00000     0.00000     0.00000     0.00000     0.00000     0.00000     0.00000  -310.17953  -310.17249  -310.16541  -310.15833  -310.15128  -310.14420  -310.13712  -310.13004  -310.12299  -310.11591  -310.10883  -310.10178  -310.09470  -310.08762  -310.08057  -310.07349  -310.06641  -310.05933  -310.05228  -310.04520  -310.03812  -310.03107  -310.02399  -310.01691  -310.00986  -310.00278   694.29980   701.37085   708.44196   715.51300   722.58411   729.65515   736.72620   743.79724   750.86835   757.93945   765.01050   772.08154   779.15259   786.22369   793.29480   800.36584   807.43689   814.50793   821.57904   828.65009   835.72119   842.79224   849.86328   856.93433   864.00543   871.07654   878.14758   885.21863   892.28973   899.36078   906.43182   913.50293   920.57397   927.64502   934.71613   941.78717   948.85828   955.92932   963.00037   970.07147   977.14252   984.21356   991.28467   998.35571  1005.42676  1012.49786  1019.56891  1026.64001  1033.71106  1040.78210  1047.85327  1054.92432  1061.99536  1069.06641  1076.13745  1083.20850  1090.27954  1097.35059  1104.42175  1111.49280  1118.56384  1125.63501  1132.70605  1139.77710  1146.84814  1153.91919  1160.99023  1168.06128  1175.13232  1182.20349  1189.27454  1196.34570  1203.41675  1210.48779  1217.55884  1224.62988  1231.70093  1238.77197  1245.84302  1252.91418  1259.98523  1267.05627  1274.12744  1281.19849  1288.26953  1295.34058  1302.41162  1309.48267  1316.55371  1323.62476  1330.69592  1337.76697  1344.83801  1351.90918  1358.98022  1366.05127  1373.12231  1380.19336  1387.26440  1394.33545  1401.40649  1408.47766  1415.54871  1422.61975  1429.69080  1436.76196  1443.83301  1450.90405  1457.97510  1465.04614  1472.11731  1479.18835  1486.25940  1493.33044  1500.40149  1507.47253  1514.54370  1521.61475  1528.68579  1535.75684  1542.82788  1549.89905  1556.97009  1564.04114  1571.11218  1578.18323  1585.25439  1592.32544  1599.39648  1606.46753  1613.53857  1620.60962  1627.68079  1634.75183  1641.82288  1648.89392  1655.96497  1663.03613  1670.10718  1677.17822  1684.24927  1691.32031  1698.39148  1705.46252  1712.53357  1719.60461  1726.67566  1733.74670  1740.81787  1747.88892  1754.95996  1762.03101  1769.10205  1776.17322  1783.24426  1790.31531  1797.38635  1804.45740  1811.52856  1818.59961  1825.67065  1832.74170  1839.81274  1846.88379  1853.95496  1861.02600  1868.09705  1875.16809  1882.23914  1889.31030  1896.38135  1903.45239  1910.52344  1917.59448  1924.66553  1931.73669  1938.80774  1945.87878  1952.94983  1960.02087  1967.09204  1974.16309  1981.23413  1988.30518  1995.37622     0.00000     0.00000     0.00000     0.00000     0.00000     0.00000     0.00000     0.00000     0.00000
     0.00000     0.00000     0.00000     0.00000     0.00000     0.00000     0.00000     0.00000     0.00000     0.00000  -310.16541  -310.15833  -310.15128  -310.14420  -310.13712  -310.13004  -310.12299  -310.11591  -310.10883  -310.10178  -310.09470  -310.08762  -310.08057  -310.07349  -310.06641  -310.05933  -310.05228  -310.04520  -310.03812  -310.03107  -310.02399  -310.01691  -310.00986  -310.00278   694.29980   701.37085   708.44196   715.51300   722.58411   729.65515   736.72620   743.79724   750.86835   757.93945   765.01050   772.08154   779.15259   786.22369   793.29480   800.36584   807.43689   814.50793   821.57904   828.65009   835.72119   842.79224   849.86328   856.93433   864.00543   871.07654   878.14758   885.21863   892.28973   899.36078   906.43182   913.50293   920.57397   927.64502   934.71613   941.78717   948.85828   955.92932   963.00037   970.07147   977.14252   984.21356   991.28467   998.35571  1005.42676  1012.49786  1019.56891  1026.64001  1033.71106  1040.78210  1047.85327  1054.92432  1061.99536  1069.06641  1076.13745  1083.20850  1090.27954  1097.35059  1104.42175  1111.49280  1118.56384  1125.63501  1132.70605  1139.77710  1146.84814  1153.91919  1160.99023  1168.06128  1175.13232  1182.20349  1189.27454  1196.34570  1203.41675  1210.48779  1217.55884  1224.62988  1231.70093  1238.77197  1245.84302  1252.91418  1259.98523  1267.05627  1274.12744  1281.19849  1288.26953  1295.34058  1302.41162  1309.48267  1316.55371  1323.62476  1330.69592  1337.76697  1344.83801  1351.90918  1358.98022  1366.05127  1373.12231  1380.19336  1387.26440  1394.33545  1401.40649  1408.47766  1415.54871  1422.61975  1429.69080  1436.76196  1443.83301  1450.90405  1457.97510  1465.04614  1472.11731  1479.18835  1486.25940  1493.33044  1500.40149  1507.47253  1514.54370  1521.61475  1528.68579  1535.75684  1542.82788  1549.89905  1556.97009  1564.04114  1571.11218  1578.18323  1585.25439  1592.32544  1599.39648  1606.46753  1613.53857  1620.60962  1627.68079  1634.75183  1641.82288  1648.89392  1655.96497  1663.03613  1670.10718  1677.17822  1684.24927  1691.32031  1698.39148  1705.46252  1712.53357  1719.60461  1726.67566  1733.74670  1740.81787  1747.88892  1754.95996  1762.03101  1769.10205  1776.17322  1783.24426  1790.31531  1797.38635  1804.45740  1811.52856  1818.59961  1825.67065  1832.74170  1839.81274  1846.88379  1853.95496  1861.02600  1868.09705  1875.16809  1882.23914  1889.31030  1896.38135  1903.45239  1910.52344  1917.59448  1924.66553  1931.73669  1938.80774  1945.87878  1952.94983  1960.02087  1967.09204  1974.16309  1981.23413  1988.30518  1995.37622     0.00000     0.00000     0.00000     0.00000     0.00000     0.00000     0.00000     0.00000     0.00000     0.00000
     0.00000     0.00000     0.00000     0.00000     0.00000     0.00000     0.00000     0.00000     0.00000     0.00000     0.00000  -310.15128  -310.14420  -310.13712  -310.13004  -310.12299  -310.11591  -310.10883  -310.10178  -310.09470  -310.08762  -310.08057  -310.07349  -310.06641  -310.05933  -310.05228  -310.04520  -310.03812  -310.03107  -310.02399  -310.01691  -310.00986  -310.00278   694.29980   701.37085   708.44196   715.51300   722.58411   729.65515   736.72620   743.79724   750.86835   757.93945   765.01050   772.08154   779.15259   786.22369   793.29480   800.36584   807.43689   814.50793   821.57904   828.65009   835.72119   842.79224   849.86328   856.93433   864.00543   871.07654   878.14758   885.21863   892.28973   899.36078   906.43182   913.50293   920.57397   927.64502   934.71613   941.78717   948.85828   955.92932   963.00037   970.07147   977.14252   984.21356   991.28467   998.35571  1005.42676  1012.49786  1019.56891  1026.64001  1033.71106  1040.78210  1047.85327  1054.92432  1061.99536  1069.06641  1076.13745  1083.20850  1090.27954  1097.35059  1104.42175  1111.49280  1118.56384  1125.63501  1132.70605  1139.77710  1146.84814  1153.91919  1160.99023  1168.06128  1175.13232  1182.20349  1189.27454  1196.34570  1203.41675  1210.48779  1217.55884  1224.62988  1231.70093  1238.77197  1245.84302  1252.91418  1259.98523  1267.05627  1274.12744  1281.19849  1288.26953  1295.34058  1302.41162  1309.48267  1316.55371  1323.62476  1330.69592  1337.76697  1344.83801  1351.90918  1358.98022  1366.05127  1373.12231  1380.19336  1387.26440  1394.33545  1401.40649  1408.47766  1415.54871  1422.61975  1429.69080  1436.76196  1443.83301  1450.90405  1457.97510  1465.04614  1472.11731  1479.18835  1486.25940  1493.33044  1500.40149  1507.47253  1514.54370  1521.61475  1528.68579  1535.75684  1542.82788  1549.89905  1556.97009  1564.04114  1571.11218  1578.18323  1585.25439  1592.32544  1599.39648  1606.46753  1613.53857  1620.60962  1627.68079  1634.75183  1641.82288  1648.89392  1655.96497  1663.03613  1670.10718  1677.17822  1684.24927  1691.32031  1698.39148  1705.46252  1712.53357  1719.60461  1726.67566  1733.74670  1740.81787  1747.88892  1754.95996  1762.03101  1769.10205  1776.17322  1783.24426  1790.31531  1797.38635  1804.45740  1811.52856  1818.59961  1825.67065  1832.74170  1839.81274  1846.88379  1853.95496  1861.02600  1868.09705  1875.16809  1882.23914  1889.31030  1896.38135  1903.45239  1910.52344  1917.59448  1924.66553  1931.73669  1938.80774  1945.87878  1952.94983  1960.02087  1967.09204  1974.16309  1981.23413  1988.30518  1995.37622     0.00000     0.00000     0.00000     0.00000     0.00000     0.00000     0.00000     0.00000     0.00000     0.00000     0.00000
     0.00000     0.00000     0.00000     0.00000     0.00000     0.00000     0.00000     0.00000     0.00000     0.00000     0.00000     0.00000  -310.13712  -310.13004  -310.12299  -310.11591  -310.10883  -310.10178  -310.09470  -310.08762  -310.08057  -310.07349  -310.06641  -310.05933  -310.05228  -310.04520  -310.03812  -310.03107  -310.02399  -310.01691  -310.00986  -310.00278   694.29980   701.37085   708.44196   715.51300   722.58411   729.65515   736.72620   743.79724   750.86835   757.93945   765.01050   772.08154   779.15259   786.22369   793.29480   800.36584   807.43689   814.50793   821.57904   828.65009   835.72119   842.79224   849.86328   856.93433   864.00543   871.07654   878.14758   885.21863   892.28973   899.36078   906.43182   913.50293   920.57397   927.64502   934.71613   941.78717   948.85828   955.92932   963.00037   970.07147   977.14252   984.21356   991.28467   998.35571  1005.42676  1012.49786  1019.56891  1026.64001  1033.71106  1040.78210  1047.85327  1054.92432  1061.99536  1069.06641  1076.13745  1083.20850  1090.27954  1097.35059  1104.42175  1111.49280  1118.56384  1125.63501  1132.70605  1139.77710  1146.84814  1153.91919  1160.99023  1168.06128  1175.13232  1182.20349  1189.27454  1196.34570  1203.41675  1210.48779  1217.55884  1224.62988  1231.70093  1238.77197  1245.84302  1252.91418  1259.98523  1267.05627  1274.12744  1281.19849  1288.26953  1295.34058  1302.41162  1309.48267  1316.55371  1323.62476  1330.69592  1337.76697  1344.83801  1351.90918  1358.98022  1366.05127  1373.12231  1380.19336  1387.26440  1394.33545  1401.40649  1408.47766  1415.54871  1422.61975  1429.69080  1436.76196  1443.83301  1450.90405  1457.97510  1465.04614  1472.11731  1479.18835  1486.25940  1493.33044  1500.40149  1507.47253  1514.54370  1521.61475  1528.68579  1535.75684  1542.82788  1549.89905  1556.97009  1564.04114  1571.11218  1578.18323  1585.25439  1592.32544  1599.39648  1606.46753  1613.53857  1620.60962  1627.68079  1634.75183  1641.82288  1648.89392  1655.96497  1663.03613  1670.10718  1677.17822  1684.24927  1691.32031  1698.39148  1705.46252  1712.53357  1719.60461  1726.67566  1733.74670  1740.81787  1747.88892  1754.95996  1762.03101  1769.10205  1776.17322  1783.24426  1790.31531  1797.38635  1804.45740  1811.52856  1818.59961  1825.67065  1832.74170  1839.81274  1846.88379  1853.95496  1861.02600  1868.09705  1875.16809  1882.23914  1889.31030  1896.38135  1903.45239  1910.52344  1917.59448  1924.66553  1931.73669  1938.80774  1945.87878  1952.94983  1960.02087  1967.09204  1974.16309  1981.23413  1988.30518  1995.37622     0.00000     0.00000     0.00000     0.00000     0.00000     0.00000     0.00000     0.00000     0.00000     0.00000     0.00000     0.00000
     0.00000     0.00000     0.00000     0.00000     0.00000     0.00000     0.00000     0.00000     0.00000     0.00000     0.00000     0.00000     0.00000  -310.12299  -310.11591  -310.10883  -310.10178  -310.09470  -310.08762  -310.08057  -310.07349  -310.06641  -310.05933  -310.05228  -310.04520  -310.03812  -310.03107  -310.02399  -310.01691  -310.00986  -310.00278   694.29980   701.37085   708.44196   715.51300   722.58411   729.65515   736.72620   743.79724   750.86835   757.93945   765.01050   772.08154   779.15259   786.22369   793.29480   800.36584   807.43689   814.50793   821.57904   828.65009   835.72119   842.79224   849.86328   856.93433   864.00543   871.07654   878.14758   885.21863   892.28973   899.36078   906.43182   913.50293   920.57397   927.64502   934.71613   941.78717   948.85828   955.92932   963.00037   970.07147   977.14252   984.21356   991.28467   998.35571  1005.42676  1012.49786  1019.56891  1026.64001  1033.71106  1040.78210  1047.85327  1054.92432  1061.99536  1069.06641  1076.13745  1083.20850  1090.27954  1097.35059  1104.42175  1111.49280  1118.56384  1125.63501  1132.70605  1139.77710  1146.84814  1153.91919  1160.99023  1168.06128  1175.13232  1182.20349  1189.27454  1196.34570  1203.41675  1210.48779  1217.55884  1224.62988  1231.70093  1238.77197  1245.84302  1252.91418  1259.98523  1267.05627  1274.12744  1281.19849  1288.26953  1295.34058  1302.41162  1309.48267  1316.55371  1323.62476  1330.69592  1337.76697  1344.83801  1351.90918  1358.98022  1366.05127  1373.12231  1380.19336  1387.26440  1394.33545  1401.40649  1408.47766  1415.54871  1422.61975  1429.69080  1436.76196  1443.83301  1450.90405  1457.97510  1465.04614  1472.11731  1479.18835  1486.25940  1493.33044  1500.40149  1507.47253  1514.54370  1521.61475  1528.68579  1535.75684  1542.82788  1549.89905  1556.97009  1564.04114  1571.11218  1578.18323  1585.25439  1592.32544  1599.39648  1606.46753  1613.53857  1620.60962  1627.68079  1634.75183  1641.82288  1648.89392  1655.96497  1663.03613  1670.10718  1677.17822  1684.24927  1691.32031  1698.39148  1705.46252  1712.53357  1719.60461  1726.67566  1733.74670  1740.81787  1747.88892  1754.95996  1762.03101  1769.10205  1776.17322  1783.24426  1790.31531  1797.38635  1804.45740  1811.52856  1818.59961  1825.67065  1832.74170  1839.81274  1846.88379  1853.95496  1861.02600  1868.09705  1875.16809  1882.23914  1889.31030  1896.38135  1903.45239  1910.52344  1917.59448  1924.66553  1931.73669  1938.80774  1945.87878  1952.94983  1960.02087  1967.09204  1974.16309  1981.23413  1988.30518  1995.37622     0.00000     0.00000     0.00000     0.00000     0.00000     0.00000     0.00000     0.00000     0.00000     0.00000     0.00000     0.00000     0.00000
     0.00000     0.00000     0.00000     0.00000     0.00000     0.00000     0.00000     0.00000     0.00000     0.00000     0.00000     0.00000     0.00000     0.00000  -310.10883  -310.10178  -310.09470  -310.08762  -310.08057  -310.07349  -310.06641  -310.05933  -310.05228  -310.04520  -310.03812  -310.03107  -310.02399  -310.01691  -310.00986  -310.00278   694.29980   701.37085   708.44196   715.51300   722.58411   729.65515   736.72620   743.79724   750.86835   757.93945   765.01050   772.08154   779.15259   786.22369   793.29480   800.36584   807.43689   814.50793   821.57904   828.65009   835.72119   842.79224   849.86328   856.93433   864.00543   871.07654   878.14758   885.21863   892.28973   899.36078   906.43182   913.50293   920.57397   927.64502   934.71613   941.78717   948.85828   955.92932   963.00037   970.07147   977.14252   984.21356   991.28467   998.35571  1005.42676  1012.49786  1019.56891  1026.64001  1033.71106  1040.78210  1047.85327  1054.92432  1061.99536  1069.06641  1076.13745  1083.20850  1090.27954  1097.35059  1104.42175  1111.49280  1118.56384  1125.63501  1132.70605  1139.77710  1146.84814  1153.91919  1160.99023  1168.06128  1175.13232  1182.20349  1189.27454  1196.34570  1203.41675  1210.48779  1217.55884  1224.62988  1231.70093  1238.77197  1245.84302  1252.91418  1259.98523  1267.05627  1274.12744  1281.19849  1288.26953  1295.34058  1302.41162  1309.48267  1316.55371  1323.62476  1330.69592  1337.76697  1344.83801  1351.90918  1358.98022  1366.05127  1373.12231  1380.19336  1387.26440  1394.33545  1401.40649  1408.47766  1415.54871  1422.61975  1429.69080  1436.76196  1443.83301  1450.90405  1457.97510  1465.04614  1472.11731  1479.18835  1486.25940  1493.33044  1500.40149  1507.47253  1514.54370  1521.61475  1528.68579  1535.75684  1542.82788  1549.89905  1556.97009  1564.04114  1571.11218  1578.18323  1585.25439  1592.32544  1599.39648  1606.46753  1613.53857  1620.60962  1627.68079  1634.75183  1641.82288  1648.89392  1655.96497  1663.03613  1670.10718  1677.17822  1684.24927  1691.32031  1698.39148  1705.46252  1712.53357  1719.60461  1726.67566  1733.74670  1740.81787  1747.88892  1754.95996  1762.03101  1769.10205  1776.17322  1783.24426  1790.31531  1797.38635  1804.45740  1811.52856  1818.59961  1825.67065  1832.74170  1839.81274  1846.88379  1853.95496  1861.02600  1868.09705  1875.16809  1882.23914  1889.31030  1896.38135  1903.45239  1910.52344  1917.59448  1924.66553  1931.73669  1938.80774  1945.87878  1952.94983  1960.02087  1967.09204  1974.16309  1981.23413  1988.30518  1995.37622     0.00000     0.00000     0.00000     0.00000     0.00000     0.00000     0.00000     0.00000     0.00000     0.00000     0.00000     0.00000     0.00000     0.00000
     0.00000     0.00000     0.00000     0.00000     0.00000     0.00000     0.00000     0.00000     0.00000     0.00000     0.00000     0.00000     0.00000     0.00000     0.00000  -310.09470  -310.08762  -310.08057  -310.07349  -310.06641  -310.05933  -310.05228  -310.04520  -310.03812  -310.03107  -310.02399  -310.01691  -310.00986  -310.00278   694.29980   701.37085   708.44196   715.51300   722.58411   729.65515   736.72620   743.79724   750.86835   757.93945   765.01050   772.08154   779.15259   786.22369   793.29480   800.36584   807.43689   814.50793   821.57904   828.65009   835.72119   842.79224   849.86328   856.93433   864.00543   871.07654   878.14758   885.21863   892.28973   899.36078   906.43182   913.50293   920.57397   927.64502   934.71613   941.78717   948.85828   955.92932   963.00037   970.07147   977.14252   984.21356   991.28467   998.35571  1005.42676  1012.49786  1019.56891  1026.64001  1033.71106  1040.78210  1047.85327  1054.92432  1061.99536  1069.06641  1076.13745  1083.20850  1090.27954  1097.35059  1104.42175  1111.49280  1118.56384  1125.63501  1132.70605  1139.77710  1146.84814  1153.91919  1160.99023  1168.06128  1175.13232  1182.20349  1189.27454  1196.34570  1203.41675  1210.48779  1217.55884  1224.62988  1231.70093  1238.77197  1245.84302  1252.91418  1259.98523  1267.05627  1274.12744  1281.19849  1288.26953  1295.34058  1302.41162  1309.48267  1316.55371  1323.62476  1330.69592  1337.76697  1344.83801  1351.90918  1358.98022  1366.05127  1373.12231  1380.19336  1387.26440  1394.33545  1401.40649  1408.47766  1415.54871  1422.61975  1429.69080  1436.76196  1443.83301  1450.90405  1457.97510  1465.04614  1472.11731  1479.18835  1486.25940  1493.33044  1500.40149  1507.47253  1514.54370  1521.61475  1528.68579  1535.75684  1542.82788  1549.89905  1556.97009  1564.04114  1571.11218  1578.18323  1585.25439  1592.32544  1599.39648  1606.46753  1613.53857  1620.60962  1627.68079  1634.75183  1641.82288  1648.89392  1655.96497  1663.03613  1670.10718  1677.17822  1684.24927  1691.32031  1698.39148  1705.46252  1712.53357  1719.60461  1726.67566  1733.74670  1740.81787  1747.88892  1754.95996  1762.03101  1769.10205  1776.17322  1783.24426  1790.31531  1797.38635  1804.45740  1811.52856  1818.59961  1825.67065  1832.74170  1839.81274  1846.88379  1853.95496  1861.02600  1868.09705  1875.16809  1882.23914  1889.31030  1896.38135  1903.45239  1910.52344  1917.59448  1924.66553  1931.73669  1938.80774  1945.87878  1952.94983  1960.02087  1967.09204  1974.16309  1981.23413  1988.30518  1995.37622     0.00000     0.00000     0.00000     0.00000     0.00000     0.00000     0.00000     0.00000     0.00000     0.00000     0.00000     0.00000     0.00000     0.00000     0.00000
     0.00000     0.00000     0.00000     0.00000     0.00000     0.00000     0.00000     0.00000     0.00000     0.00000     0.00000     0.00000     0.00000     0.00000     0.00000     0.00000  -310.08057  -310.07349  -310.06641  -310.05933  -310.05228  -310.04520  -310.03812  -310.03107  -310.02399  -310.01691  -310.00986  -310.00278   694.29980   701.37085   708.44196   715.51300   722.58411   729.65515   736.72620   743.79724   750.86835   757.93945   765.01050   772.08154   779.15259   786.22369   793.29480   800.36584   807.43689   814.50793   821.57904   828.65009   835.72119   842.79224   849.86328   856.93433   864.00543   871.07654   878.14758   885.21863   892.28973   899.36078   906.43182   913.50293   920.57397   927.64502   934.71613   941.78717   948.85828   955.92932   963.00037   970.07147   977.14252   984.21356   991.28467   998.35571  1005.42676  1012.49786  1019.56891  1026.64001  1033.71106  1040.78210  1047.85327  1054.92432  1061.99536  1069.06641  1076.13745  1083.20850  1090.27954  1097.35059  1104.42175  1111.49280  1118.56384  1125.63501  1132.70605  1139.77710  1146.84814  1153.91919  1160.99023  1168.06128  1175.13232  1182.20349  1189.27454  1196.34570  1203.41675  1210.48779  1217.55884  1224.62988  1231.70093  1238.77197  1245.84302  1252.91418  1259.98523  1267.05627  1274.12744  1281.19849  1288.26953  1295.34058  1302.41162  1309.48267  1316.55371  1323.62476  1330.69592  1337.76697  1344.83801  1351.90918  1358.98022  1366.05127  1373.12231  1380.19336  1387.26440  1394.33545  1401.40649  1408.47766  1415.54871  1422.61975  1429.69080  1436.76196  1443.83301  1450.90405  1457.97510  1465.04614  1472.11731  1479.18835  1486.25940  1493.33044  1500.40149  1507.47253  1514.54370  1521.61475  1528.68579  1535.75684  1542.82788  1549.89905  1556.97009  1564.04114  1571.11218  1578.18323  1585.25439  1592.32544  1599.39648  1606.46753  1613.53857  1620.60962  1627.68079  1634.75183  1641.82288  1648.89392  1655.96497  1663.03613  1670.10718  1677.17822  1684.24927  1691.32031  1698.39148  1705.46252  1712.53357  1719.60461  1726.67566  1733.74670  1740.81787  1747.88892  1754.95996  1762.03101  1769.10205  1776.17322  1783.24426  1790.31531  1797.38635  1804.45740  1811.52856  1818.59961  1825.67065  1832.74170  1839.81274  1846.88379  1853.95496  1861.02600  1868.09705  1875.16809  1882.23914  1889.31030  1896.38135  1903.45239  1910.52344  1917.59448  1924.66553  1931.73669  1938.80774  1945.87878  1952.94983  1960.02087  1967.09204  1974.16309  1981.23413  1988.30518  1995.37622     0.00000     0.00000     0.00000     0.00000     0.00000     0.00000     0.00000     0.00000     0.00000     0.00000     0.00000     0.00000     0.00000     0.00000     0.00000     0.00000
     0.00000     0.00000     0.00000     0.00000     0.00000     0.00000     0.00000     0.00000     0.00000     0.00000     0.00000     0.00000     0.00000     0.00000     0.00000     0.00000     0.00000  -310.06641  -310.05933  -310.05228  -310.04520  -310.03812  -310.03107  -310.02399  -310.01691  -310.00986  -310.00278   694.29980   701.37085   708.44196   715.51300   722.58411   729.65515   736.72620   743.79724   750.86835   757.93945   765.01050   772.08154   779.15259   786.22369   793.29480   800.36584   807.43689   814.50793   821.57904   828.65009   835.72119   842.79224   849.86328   856.93433   864.00543   871.07654   878.14758   885.21863   892.28973   899.36078   906.43182   913.50293   920.57397   927.64502   934.71613   941.78717   948.85828   955.92932   963.00037   970.07147   977.14252   984.21356   991.28467   998.35571  1005.42676  1012.49786  1019.56891  1026.64001  1033.71106  1040.78210  1047.85327  1054.92432  1061.99536  1069.06641  1076.13745  1083.20850  1090.27954  1097.35059  1104.42175  1111.49280  1118.56384  1125.63501  1132.70605  1139.77710  1146.84814  1153.91919  1160.99023  1168.06128  1175.13232  1182.20349  1189.27454  1196.34570  1203.41675  1210.48779  1217.55884  1224.62988  1231.70093  1238.77197  1245.84302  1252.91418  1259.98523  1267.05627  1274.12744  1281.19849  1288.26953  1295.34058  1302.41162  1309.48267  1316.55371  1323.62476  1330.69592  1337.76697  1344.83801  1351.90918  1358.98022  1366.05127  1373.12231  1380.19336  1387.26440  1394.33545  1401.40649  1408.47766  1415.54871  1422.61975  1429.69080  1436.76196  1443.83301  1450.90405  1457.97510  1465.04614  1472.11731  1479.18835  1486.25940  1493.33044  1500.40149  1507.47253  1514.54370  1521.61475  1528.68579  1535.75684  1542.82788  1549.89905  1556.97009  1564.04114  1571.11218  1578.18323  1585.25439  1592.32544  1599.39648  1606.46753  1613.53857  1620.60962  1627.68079  1634.75183  1641.82288  1648.89392  1655.96497  1663.03613  1670.10718  1677.17822  1684.24927  1691.32031  1698.39148  1705.46252  1712.53357  1719.60461  1726.67566  1733.74670  1740.81787  1747.88892  1754.95996  1762.03101  1769.10205  1776.17322  1783.24426  1790.31531  1797.38635  1804.45740  1811.52856  1818.59961  1825.67065  1832.74170  1839.81274  1846.88379  1853.95496  1861.02600  1868.09705  1875.16809  1882.23914  1889.31030  1896.38135  1903.45239  1910.52344  1917.59448  1924.66553  1931.73669  1938.80774  1945.87878  1952.94983  1960.02087  1967.09204  1974.16309  1981.23413  1988.30518  1995.37622     0.00000     0.00000     0.00000     0.00000     0.00000     0.00000     0.00000     0.00000     0.00000     0.00000     0.00000     0.00000     0.00000     0.00000     0.00000     0.00000     0.00000
     0.00000     0.00000     0.00000     0.00000     0.00000     0.00000     0.00000     0.00000     0.00000     0.00000     0.00000     0.00000     0.00000     0.00000     0.00000     0.00000     0.00000     0.00000  -310.05228  -310.04520  -310.03812  -310.03107  -310.02399  -310.01691  -310.00986  -310.00278   694.29980   701.37085   708.44196   715.51300   722.58411   729.65515   736.72620   743.79724   750.86835   757.93945   765.01050   772.08154   779.15259   786.22369   793.29480   800.36584   807.43689   814.50793   821.57904   828.65009   835.72119   842.79224   849.86328   856.93433   864.00543   871.07654   878.14758   885.21863   892.28973   899.36078   906.43182   913.50293   920.57397   927.64502   934.71613   941.78717   948.85828   955.92932   963.00037   970.07147   977.14252   984.21356   991.28467   998.35571  1005.42676  1012.49786  1019.56891  1026.64001  1033.71106  1040.78210  1047.85327  1054.92432  1061.99536  1069.06641  1076.13745  1083.20850  1090.27954  1097.35059  1104.42175  1111.49280  1118.56384  1125.63501  1132.70605  1139.77710  1146.84814  1153.91919  1160.99023  1168.06128  1175.13232  1182.20349  1189.27454  1196.34570  1203.41675  1210.48779  1217.55884  1224.62988  1231.70093  1238.77197  1245.84302  1252.91418  1259.98523  1267.05627  1274.12744  1281.19849  1288.26953  1295.34058  1302.41162  1309.48267  1316.55371  1323.62476  1330.69592  1337.76697  1344.83801  1351.90918  1358.98022  1366.05127  1373.12231  1380.19336  1387.26440  1394.33545  1401.40649  1408.47766  1415.54871  1422.61975  1429.69080  1436.76196  1443.83301  1450.90405  1457.97510  1465.04614  1472.11731  1479.18835  1486.25940  1493.33044  1500.40149  1507.47253  1514.54370  1521.61475  1528.68579  1535.75684  1542.82788  1549.89905  1556.97009  1564.04114  1571.11218  1578.18323  1585.25439  1592.32544  1599.39648  1606.46753  1613.53857  1620.60962  1627.68079  1634.75183  1641.82288  1648.89392  1655.96497  1663.03613  1670.10718  1677.17822  1684.24927  1691.32031  1698.39148  1705.46252  1712.53357  1719.60461  1726.67566  1733.74670  1740.81787  1747.88892  1754.95996  1762.03101  1769.10205  1776.17322  1783.24426  1790.31531  1797.38635  1804.45740  1811.52856  1818.59961  1825.67065  1832.74170  1839.81274  1846.88379  1853.95496  1861.02600  1868.09705  1875.16809  1882.23914  1889.31030  1896.38135  1903.45239  1910.52344  1917.59448  1924.66553  1931.73669  1938.80774  1945.87878  1952.94983  1960.02087  1967.09204  1974.16309  1981.23413  1988.30518  1995.37622     0.00000     0.00000     0.00000     0.00000     0.00000     0.00000     0.00000     0.00000     0.00000     0.00000     0.00000     0.00000     0.00000     0.00000     0.00000     0.00000     0.00000     0.00000
     0.00000     0.00000     0.00000     0.00000     0.00000     0.00000     0.00000     0.00000     0.00000     0.00000     0.00000     0.00000     0.00000     0.00000     0.00000     0.00000     0.00000     0.00000     0.00000  -310.03812  -310.03107  -310.02399  -310.01691  -310.00986  -310.00278   694.29980   701.37085   708.44196   715.51300   722.58411   729.65515   736.72620   743.79724   750.86835   757.93945   765.01050   772.08154   779.15259   786.22369   793.29480   800.36584   807.43689   814.50793   821.57904   828.65009   835.72119   842.79224   849.86328   856.93433   864.00543   871.07654   878.14758   885.21863   892.28973   899.36078   906.43182   913.50293   920.57397   927.64502   934.71613   941.78717   948.85828   955.92932   963.00037   970.07147   977.14252   984.21356   991.28467   998.35571  1005.42676  1012.49786  1019.56891  1026.64001  1033.71106  1040.78210  1047.85327  1054.92432  1061.99536  1069.06641  1076.13745  1083.20850  1090.27954  1097.35059  1104.42175  1111.49280  1118.56384  1125.63501  1132.70605  1139.77710  1146.84814  1153.91919  1160.99023  1168.06128  1175.13232  1182.20349  1189.27454  1196.34570  1203.41675  1210.48779  1217.55884  1224.62988  1231.70093  1238.77197  1245.84302  1252.91418  1259.98523  1267.05627  1274.12744  1281.19849  1288.26953  1295.34058  1302.41162  1309.48267  1316.55371  1323.62476  1330.69592  1337.76697  1344.83801  1351.90918  1358.98022  1366.05127  1373.12231  1380.19336  1387.26440  1394.33545  1401.40649  1408.47766  1415.54871  1422.61975  1429.69080  1436.76196  1443.83301  1450.90405  1457.97510  1465.04614  1472.11731  1479.18835  1486.25940  1493.33044  1500.40149  1507.47253  1514.54370  1521.61475  1528.68579  1535.75684  1542.82788  1549.89905  1556.97009  1564.04114  1571.11218  1578.18323  1585.25439  1592.32544  1599.39648  1606.46753  1613.53857  1620.60962  1627.68079  1634.75183  1641.82288  1648.89392  1655.96497  1663.03613  1670.10718  1677.17822  1684.24927  1691.32031  1698.39148  1705.46252  1712.53357  1719.60461  1726.67566  1733.74670  1740.81787  1747.88892  1754.95996  1762.03101  1769.10205  1776.17322  1783.24426  1790.31531  1797.38635  1804.45740  1811.52856  1818.59961  1825.67065  1832.74170  1839.81274  1846.88379  1853.95496  1861.02600  1868.09705  1875.16809  1882.23914  1889.31030  1896.38135  1903.45239  1910.52344  1917.59448  1924.66553  1931.73669  1938.80774  1945.87878  1952.94983  1960.02087  1967.09204  1974.16309  1981.23413  1988.30518  1995.37622     0.00000     0.00000     0.00000     0.00000     0.00000     0.00000     0.00000     0.00000     0.00000     0.00000     0.00000     0.00000     0.00000     0.00000     0.00000     0.00000     0.00000     0.00000     0.00000
     0.00000     0.00000     0.00000     0.00000     0.00000     0.00000     0.00000     0.00000     0.00000     0.00000     0.00000     0.00000     0.00000     0.00000     0.00000     0.00000     0.00000     0.00000     0.00000     0.00000  -310.02399  -310.01691  -310.00986  -310.00278   694.29980   701.37085   708.44196   715.51300   722.58411   729.65515   736.72620   743.79724   750.86835   757.93945   765.01050   772.08154   779.15259   786.22369   793.29480   800.36584   807.43689   814.50793   821.57904   828.65009   835.72119   842.79224   849.86328   856.93433   864.00543   871.07654   878.14758   885.21863   892.28973   899.36078   906.43182   913.50293   920.57397   927.64502   934.71613   941.78717   948.85828   955.92932   963.00037   970.07147   977.14252   984.21356   991.28467   998.35571  1005.42676  1012.49786  1019.56891  1026.64001  1033.71106  1040.78210  1047.85327  1054.92432  1061.99536  1069.06641  1076.13745  1083.20850  1090.27954  1097.35059  1104.42175  1111.49280  1118.56384  1125.63501  1132.70605  1139.77710  1146.84814  1153.91919  1160.99023  1168.06128  1175.13232  1182.20349  1189.27454  1196.34570  1203.41675  1210.48779  1217.55884  1224.62988  1231.70093  1238.77197  1245.84302  1252.91418  1259.98523  1267.05627  1274.12744  1281.19849  1288.26953  1295.34058  1302.41162  1309.48267  1316.55371  1323.62476  1330.69592  1337.76697  1344.83801  1351.90918  1358.98022  1366.05127  1373.12231  1380.19336  1387.26440  1394.33545  1401.40649  1408.47766  1415.54871  1422.61975  1429.69080  1436.76196  1443.83301  1450.90405  1457.97510  1465.04614  1472.11731  1479.18835  1486.25940  1493.33044  1500.40149  1507.47253  1514.54370  1521.61475  1528.68579  1535.75684  1542.82788  1549.89905  1556.97009  1564.04114  1571.11218  1578.18323  1585.25439  1592.32544  1599.39648  1606.46753  1613.53857  1620.60962  1627.68079  1634.75183  1641.82288  1648.89392  1655.96497  1663.03613  1670.10718  1677.17822  1684.24927  1691.32031  1698.39148  1705.46252  1712.53357  1719.60461  1726.67566  1733.74670  1740.81787  1747.88892  1754.95996  1762.03101  1769.10205  1776.17322  1783.24426  1790.31531  1797.38635  1804.45740  1811.52856  1818.59961  1825.67065  1832.74170  1839.81274  1846.88379  1853.95496  1861.02600  1868.09705  1875.16809  1882.23914  1889.31030  1896.38135  1903.45239  1910.52344  1917.59448  1924.66553  1931.73669  1938.80774  1945.87878  1952.94983  1960.02087  1967.09204  1974.16309  1981.23413  1988.30518  1995.37622     0.00000     0.00000     0.00000     0.00000     0.00000     0.00000     0.00000     0.00000     0.00000     0.00000     0.00000     0.00000     0.00000     0.00000     0.00000     0.00000     0.00000     0.00000     0.00000     0.00000
     0.00000     0.00000     0.00000     0.00000     0.00000     0.00000     0.00000     0.00000     0.00000     0.00000     0.00000     0.00000     0.00000     0.00000     0.00000     0.00000     0.00000     0.00000     0.00000     0.00000     0.00000  -310.00986  -310.00278   694.29980   701.37085   708.44196   715.51300   722.58411   729.65515   736.72620   743.79724   750.86835   757.93945   765.01050   772.08154   779.15259   786.22369   793.29480   800.36584   807.43689   814.50793   821.57904   828.65009   835.72119   842.79224   849.86328   856.93433   864.00543   871.07654   878.14758   885.21863   892.28973   899.36078   906.43182   913.50293   920.57397   927.64502   934.71613   941.78717   948.85828   955.92932   963.00037   970.07147   977.14252   984.21356   991.28467   998.35571  1005.42676  1012.49786  1019.56891  1026.64001  1033.71106  1040.78210  1047.85327  1054.92432  1061.99536  1069.06641  1076.13745  1083.20850  1090.27954  1097.35059  1104.42175  1111.49280  1118.56384  1125.63501  1132.70605  1139.77710  1146.84814  1153.91919  1160.99023  1168.06128  1175.13232  1182.20349  1189.27454  1196.34570  1203.41675  1210.48779  1217.55884  1224.62988  1231.70093  1238.77197  1245.84302  1252.91418  1259.98523  1267.05627  1274.12744  1281.19849  1288.26953  1295.34058  1302.41162  1309.48267  1316.55371  1323.62476  1330.69592  1337.76697  1344.83801  1351.90918  1358.98022  1366.05127  1373.12231  1380.19336  1387.26440  1394.33545  1401.40649  1408.47766  1415.54871  1422.61975  1429.69080  1436.76196  1443.83301  1450.90405  1457.97510  1465.04614  1472.11731  1479.18835  1486.25940  1493.33044  1500.40149  1507.47253  1514.54370  1521.61475  1528.68579  1535.75684  1542.82788  1549.89905  1556.97009  1564.04114  1571.11218  1578.18323  1585.25439  1592.32544  1599.39648  1606.46753  1613.53857  1620.60962  1627.68079  1634.75183  1641.82288  1648.89392  1655.96497  1663.03613  1670.10718  1677.17822  1684.24927  1691.32031  1698.39148  1705.46252  1712.53357  1719.60461  1726.67566  1733.74670  1740.81787  1747.88892  1754.95996  1762.03101  1769.10205  1776.17322  1783.24426  1790.31531  1797.38635  1804.45740  1811.52856  1818.59961  1825.67065  1832.74170  1839.81274  1846.88379  1853.95496  1861.02600  1868.09705  1875.16809  1882.23914  1889.31030  1896.38135  1903.45239  1910.52344  1917.59448  1924.66553  1931.73669  1938.80774  1945.87878  1952.94983  1960.02087  1967.09204  1974.16309  1981.23413  1988.30518  1995.37622     0.00000     0.00000     0.00000     0.00000     0.00000     0.00000     0.00000     0.00000     0.00000     0.00000     0.00000     0.00000     0.00000     0.00000     0.00000     0.00000     0.00000     0.00000     0.00000     0.00000     0.00000
     0.00000     0.00000     0.00000     0.00000     0.00000     0.00000     0.00000     0.00000     0.00000     0.00000     0.00000     0.00000     0.00000     0.00000     0.00000     0.00000     0.00000     0.00000     0.00000     0.00000     0.00000     0.00000   694.29980   701.37085   708.44196   715.51300   722.58411   729.65515   736.72620   743.79724   750.86835   757.93945   765.01050   772.08154   779.15259   786.22369   793.29480   800.36584   807.43689   814.50793   821.57904   828.65009   835.72119   842.79224   849.86328   856.93433   864.00543   871.07654   878.14758   885.21863   892.28973   899.36078   906.43182   913.50293   920.57397   927.64502   934.71613   941.78717   948.85828   955.92932   963.00037   970.07147   977.14252   984.21356   991.28467   998.35571  1005.42676  1012.49786  1019.56891  1026.64001  1033.71106  1040.78210  1047.85327  1054.92432  1061.99536  1069.06641  1076.13745  1083.20850  1090.27954  1097.35059  1104.42175  1111.49280  1118.56384  1125.63501  1132.70605  1139.77710  1146.84814  1153.91919  1160.99023  1168.06128  1175.13232  1182.20349  1189.27454  1196.34570  1203.41675  1210.48779  1217.55884  1224.62988  1231.70093  1238.77197  1245.84302  1252.91418  1259.98523  1267.05627  1274.12744  1281.19849  1288.26953  1295.34058  1302.41162  1309.48267  1316.55371  1323.62476  1330.69592  1337.76697  1344.83801  1351.90918  1358.98022  1366.05127  1373.12231  1380.19336  1387.26440  1394.33545  1401.40649  1408.47766  1415.54871  1422.61975  1429.69080  1436.76196  1443.83301  1450.90405  1457.97510  1465.04614  1472.11731  1479.18835  1486.25940  1493.33044  1500.40149  1507.47253  1514.54370  1521.61475  1528.68579  1535.75684  1542.82788  1549.89905  1556.97009  1564.04114  1571.11218  1578.18323  1585.25439  1592.32544  1599.39648  1606.46753  1613.53857  1620.60962  1627.68079  1634.75183  1641.82288  1648.89392  1655.96497  1663.03613  1670.10718  1677.17822  1684.24927  1691.32031  1698.39148  1705.46252  1712.53357  1719.60461  1726.67566  1733.74670  1740.81787  1747.88892  1754.95996  1762.03101  1769.10205  1776.17322  1783.24426  1790.31531  1797.38635  1804.45740  1811.52856  1818.59961  1825.67065  1832.74170  1839.81274  1846.88379  1853.95496  1861.02600  1868.09705  1875.16809  1882.23914  1889.31030  1896.38135  1903.45239  1910.52344  1917.59448  1924.66553  1931.73669  1938.80774  1945.87878  1952.94983  1960.02087  1967.09204  1974.16309  1981.23413  1988.30518  1995.37622     0.00000     0.00000     0.00000     0.00000     0.00000     0.00000     0.00000     0.00000     0.00000     0.00000     0.00000     0.00000     0.00000     0.00000     0.00000     0.00000     0.00000     0.00000     0.00000     0.00000     0.00000     0.00000
     0.00000     0.00000     0.00000     0.00000     0.00000     0.00000     0.00000     0.00000     0.00000     0.00000     0.00000     0.00000     0.00000     0.00000     0.00000     0.00000     0.00000     0.00000     0.00000     0.00000     0.00000     0.00000     0.00000   708.44196   715.51300   722.58411   729.65515   736.72620   743.79724   750.86835   757.93945   765.01050   772.08154   779.15259   786.22369   793.29480   800.36584   807.43689   814.50793   821.57904   828.65009   835.72119   842.79224   849.86328   856.93433   864.00543   871.07654   878.14758   885.21863   892.28973   899.36078   906.43182   913.50293   920.57397   927.64502   934.71613   941.78717   948.85828   955.92932   963.00037   970.07147   977.14252   984.21356   991.28467   998.35571  1005.42676  1012.49786  1019.56891  1026.64001  1033.71106  1040.78210  1047.85327  1054.92432  1061.99536  1069.06641  1076.13745  1083.20850  1090.27954  1097.35059  1104.42175  1111.49280  1118.56384  1125.63501  1132.70605  1139.77710  1146.84814  1153.91919  1160.99023  1168.06128  1175.13232  1182.20349  1189.27454  1196.34570  1203.41675  1210.48779  1217.55884  1224.62988  1231.70093  1238.77197  1245.84302  1252.91418  1259.98523  1267.05627  1274.12744  1281.19849  1288.26953  1295.34058  1302.41162  1309.48267  1316.55371  1323.62476  1330.69592  1337.76697  1344.83801  1351.90918  1358.98022  1366.05127  1373.12231  1380.19336  1387.26440  1394.33545  1401.40649  1408.47766  1415.54871  1422.61975  1429.69080  1436.76196  1443.83301  1450.90405  1457.97510  1465.04614  1472.11731  1479.18835  1486.25940  1493.33044  1500.40149  1507.47253  1514.54370  1521.61475  1528.68579  1535.75684  1542.82788  1549.89905  1556.97009  1564.04114  1571.11218  1578.18323  1585.25439  1592.32544  1599.39648  1606.46753  1613.53857  1620.60962  1627.68079  1634.75183  1641.82288  1648.89392  1655.96497  1663.03613  1670.10718  1677.17822  1684.24927  1691.32031  1698.39148  1705.46252  1712.53357  1719.60461  1726.67566  1733.74670  1740.81787  1747.88892  1754.95996  1762.03101  1769.10205  1776.17322  1783.24426  1790.31531  1797.38635  1804.45740  1811.52856  1818.59961  1825.67065  1832.74170  1839.81274  1846.88379  1853.95496  1861.02600  1868.09705  1875.16809  1882.23914  1889.31030  1896.38135  1903.45239  1910.52344  1917.59448  1924.66553  1931.73669  1938.80774  1945.87878  1952.94983  1960.02087  1967.09204  1974.16309  1981.23413  1988.30518  1995.37622     0.00000     0.00000     0.00000     0.00000     0.00000     0.00000     0.00000     0.00000     0.00000     0.00000     0.00000     0.00000     0.00000     0.00000     0.00000     0.00000     0.00000     0.00000     0.00000     0.00000     0.00000     0.00000     0.00000
     0.00000     0.00000     0.00000     0.00000     0.00000     0.00000     0.00000     0.00000     0.00000     0.00000     0.00000     0.00000     0.00000     0.00000     0.00000     0.00000     0.00000     0.00000     0.00000     0.00000     0.00000     0.00000     0.00000     0.00000   722.58411   729.65515   736.72620   743.79724   750.86835   757.93945   765.01050   772.08154   779.15259   786.22369   793.29480   800.36584   807.43689   814.50793   821.57904   828.65009   835.72119   842.79224   849.86328   856.93433   864.00543   871.07654   878.14758   885.21863   892.28973   899.36078   906.43182   913.50293   920.57397   927.64502   934.71613   941.78717   948.85828   955.92932   963.00037   970.07147   977.14252   984.21356   991.28467   998.35571  1005.42676  1012.49786  1019.56891  1026.64001  1033.71106  1040.78210  1047.85327  1054.92432  1061.99536  1069.06641  1076.13745  1083.20850  1090.27954  1097.35059  1104.42175  1111.49280  1118.56384  1125.63501  1132.70605  1139.77710  1146.84814  1153.91919  1160.99023  1168.06128  1175.13232  1182.20349  1189.27454  1196.34570  1203.41675  1210.48779  1217.55884  1224.62988  1231.70093  1238.77197  1245.84302  1252.91418  1259.98523  1267.05627  1274.12744  1281.19849  1288.26953  1295.34058  1302.41162  1309.48267  1316.55371  1323.62476  1330.69592  1337.76697  1344.83801  1351.90918  1358.98022  1366.05127  1373.12231  1380.19336  1387.26440  1394.33545  1401.40649  1408.47766  1415.54871  1422.61975  1429.69080  1436.76196  1443.83301  1450.90405  1457.97510  1465.04614  1472.11731  1479.18835  1486.25940  1493.33044  1500.40149  1507.47253  1514.54370  1521.61475  1528.68579  1535.75684  1542.82788  1549.89905  1556.97009  1564.04114  1571.11218  1578.18323  1585.25439  1592.32544  1599.39648  1606.46753  1613.53857  1620.60962  1627.68079  1634.75183  1641.82288  1648.89392  1655.96497  1663.03613  1670.10718  1677.17822  1684.24927  1691.32031  1698.39148  1705.46252  1712.53357  1719.60461  1726.67566  1733.74670  1740.81787  1747.88892  1754.95996  1762.03101  1769.10205  1776.17322  1783.24426  1790.31531  1797.38635  1804.45740  1811.52856  1818.59961  1825.67065  1832.74170  1839.81274  1846.88379  1853.95496  1861.02600  1868.09705  1875.16809  1882.23914  1889.31030  1896.38135  1903.45239  1910.52344  1917.59448  1924.66553  1931.73669  1938.80774  1945.87878  1952.94983  1960.02087  1967.09204  1974.16309  1981.23413  1988.30518  1995.37622     0.00000     0.00000     0.00000     0.00000     0.00000     0.00000     0.00000     0.00000     0.00000     0.00000     0.00000     0.00000     0.00000     0.00000     0.00000     0.00000     0.00000     0.00000     0.00000     0.00000     0.00000     0.00000     0.00000     0.00000
     0.00000     0.00000     0.00000     0.00000     0.00000     0.00000     0.00000     0.00000     0.00000     0.00000     0.00000     0.00000     0.00000     0.00000     0.00000     0.00000     0.00000     0.00000     0.00000     0.00000     0.00000     0.00000     0.00000     0.00000     0.00000   736.72620   743.79724   750.86835   757.93945   765.01050   772.08154   779.15259   786.22369   793.29480   800.36584   807.43689   814.50793   821.57904   828.65009   835.72119   842.79224   849.86328   856.93433   864.00543   871.07654   878.14758   885.21863   892.28973   899.36078   906.43182   913.50293   920.57397   927.64502   934.71613   941.78717   948.85828   955.92932   963.00037   970.07147   977.14252   984.21356   991.28467   998.35571  1005.42676  1012.49786  1019.56891  1026.64001  1033.71106  1040.78210  1047.85327  1054.92432  1061.99536  1069.06641  1076.13745  1083.20850  1090.27954  1097.35059  1104.42175  1111.49280  1118.56384  1125.63501  1132.70605  1139.77710  1146.84814  1153.91919  1160.99023  1168.06128  1175.13232  1182.20349  1189.27454  1196.34570  1203.41675  1210.48779  1217.55884  1224.62988  1231.70093  1238.77197  1245.84302  1252.91418  1259.98523  1267.05627  1274.12744  1281.19849  1288.26953  1295.34058  1302.41162  1309.48267  1316.55371  1323.62476  1330.69592  1337.76697  1344.83801  1351.90918  1358.98022  1366.05127  1373.12231  1380.19336  1387.26440  1394.33545  1401.40649  1408.47766  1415.54871  1422.61975  1429.69080  1436.76196  1443.83301  1450.90405  1457.97510  1465.04614  1472.11731  1479.18835  1486.25940  1493.33044  1500.40149  1507.47253  1514.54370  1521.61475  1528.68579  1535.75684  1542.82788  1549.89905  1556.97009  1564.04114  1571.11218  1578.18323  1585.25439  1592.32544  1599.39648  1606.46753  1613.53857  1620.60962  1627.68079  1634.75183  1641.82288  1648.89392  1655.96497  1663.03613  1670.10718  1677.17822  1684.24927  1691.32031  1698.39148  1705.46252  1712.53357  1719.60461  1726.67566  1733.74670  1740.81787  1747.88892  1754.95996  1762.03101  1769.10205  1776.17322  1783.24426  1790.31531  1797.38635  1804.45740  1811.52856  1818.59961  1825.67065  1832.74170  1839.81274  1846.88379  1853.95496  1861.02600  1868.09705  1875.16809  1882.23914  1889.31030  1896.38135  1903.45239  1910.52344  1917.59448  1924.66553  1931.73669  1938.80774  1945.87878  1952.94983  1960.02087  1967.09204  1974.16309  1981.23413  1988.30518  1995.37622     0.00000     0.00000     0.00000     0.00000     0.00000     0.00000     0.00000     0.00000     0.00000     0.00000     0.00000     0.00000     0.00000     0.00000     0.00000     0.00000     0.00000     0.00000     0.00000     0.00000     0.00000     0.00000     0.00000     0.00000     0.00000
     0.00000     0.00000     0.00000     0.00000     0.00000     0.00000     0.00000     0.00000     0.00000     0.00000     0.00000     0.00000     0.00000     0.00000     0.00000     0.00000     0.00000     0.00000     0.00000     0.00000     0.00000     0.00000     0.00000     0.00000     0.00000     0.00000   750.86835   757.93945   765.01050   772.08154   779.15259   786.22369   793.29480   800.36584   807.43689   814.50793   821.57904   828.65009   835.72119   842.79224   849.86328   856.93433   864.00543   871.07654   878.14758   885.21863   892.28973   899.36078   906.43182   913.50293   920.57397   927.64502   934.71613   941.78717   948.85828   955.92932   963.00037   970.07147   977.14252   984.21356   991.28467   998.35571  1005.42676  1012.49786  1019.56891  1026.64001  1033.71106  1040.78210  1047.85327  1054.92432  1061.99536  1069.06641  1076.13745  1083.20850  1090.27954  1097.35059  1104.42175  1111.49280  1118.56384  1125.63501  1132.70605  1139.77710  1146.84814  1153.91919  1160.99023  1168.06128  1175.13232  1182.20349  1189.27454  1196.34570  1203.41675  1210.48779  1217.55884  1224.62988  1231.70093  1238.77197  1245.84302  1252.91418  1259.98523  1267.05627  1274.12744  1281.19849  1288.26953  1295.34058  1302.41162  1309.48267  1316.55371  1323.62476  1330.69592  1337.76697  1344.83801  1351.90918  1358.98022  1366.05127  1373.12231  1380.19336  1387.26440  1394.33545  1401.40649  1408.47766  1415.54871  1422.61975  1429.69080  1436.76196  1443.83301  1450.90405  1457.97510  1465.04614  1472.11731  1479.18835  1486.25940  1493.33044  1500.40149  1507.47253  1514.54370  1521.61475  1528.68579  1535.75684  1542.82788  1549.89905  1556.97009  1564.04114  1571.11218  1578.18323  1585.25439  1592.32544  1599.39648  1606.46753  1613.53857  1620.60962  1627.68079  1634.75183  1641.82288  1648.89392  1655.96497  1663.03613  1670.10718  1677.17822  1684.24927  1691.32031  1698.39148  1705.46252  1712.53357  1719.60461  1726.67566  1733.74670  1740.81787  1747.88892  1754.95996  1762.03101  1769.10205  1776.17322  1783.24426  1790.31531  1797.38635  1804.45740  1811.52856  1818.59961  1825.67065  1832.74170  1839.81274  1846.88379  1853.95496  1861.02600  1868.09705  1875.16809  1882.23914  1889.31030  1896.38135  1903.45239  1910.52344  1917.59448  1924.66553  1931.73669  1938.80774  1945.87878  1952.94983  1960.02087  1967.09204  1974.16309  1981.23413  1988.30518  1995.37622     0.00000     0.00000     0.00000     0.00000     0.00000     0.00000     0.00000     0.00000     0.00000     0.00000     0.00000     0.00000     0.00000     0.00000     0.00000     0.00000     0.00000     0.00000     0.00000     0.00000     0.00000     0.00000     0.00000     0.00000     0.00000     0.00000
     0.00000     0.00000     0.00000     0.00000     0.00000     0.00000     0.00000     0.00000     0.00000     0.00000     0.00000     0.00000     0.00000     0.00000     0.00000     0.00000     0.00000     0.00000     0.00000     0.00000     0.00000     0.00000     0.00000     0.00000     0.00000     0.00000     0.00000   765.01050   772.08154   779.15259   786.22369   793.29480   800.36584   807.43689   814.50793   821.57904   828.65009   835.72119   842.79224   849.86328   856.93433   864.00543   871.07654   878.14758   885.21863   892.28973   899.36078   906.43182   913.50293   920.57397   927.64502   934.71613   941.78717   948.85828   955.92932   963.00037   970.07147   977.14252   984.21356   991.28467   998.35571  1005.42676  1012.49786  1019.56891  1026.64001  1033.71106  1040.78210  1047.85327  1054.92432  1061.99536  1069.06641  1076.13745  1083.20850  1090.27954  1097.35059  1104.42175  1111.49280  1118.56384  1125.63501  1132.70605  1139.77710  1146.84814  1153.91919  1160.99023  1168.06128  1175.13232  1182.20349  1189.27454  1196.34570  1203.41675  1210.48779  1217.55884  1224.62988  1231.70093  1238.77197  1245.84302  1252.91418  1259.98523  1267.05627  1274.12744  1281.19849  1288.26953  1295.34058  1302.41162  1309.48267  1316.55371  1323.62476  1330.69592  1337.76697  1344.83801  1351.90918  1358.98022  1366.05127  1373.12231  1380.19336  1387.26440  1394.33545  1401.40649  1408.47766  1415.54871  1422.61975  1429.69080  1436.76196  1443.83301  1450.90405  1457.97510  1465.04614  1472.11731  1479.18835  1486.25940  1493.33044  1500.40149  1507.47253  1514.54370  1521.61475  1528.68579  1535.75684  1542.82788  1549.89905  1556.97009  1564.04114  1571.11218  1578.18323  1585.25439  1592.32544  1599.39648  1606.46753  1613.53857  1620.60962  1627.68079  1634.75183  1641.82288  1648.89392  1655.96497  1663.03613  1670.10718  1677.17822  1684.24927  1691.32031  1698.39148  1705.46252  1712.53357  1719.60461  1726.67566  1733.74670  1740.81787  1747.88892  1754.95996  1762.03101  1769.10205  1776.17322  1783.24426  1790.31531  1797.38635  1804.45740  1811.52856  1818.59961  1825.67065  1832.74170  1839.81274  1846.88379  1853.95496  1861.02600  1868.09705  1875.16809  1882.23914  1889.31030  1896.38135  1903.45239  1910.52344  1917.59448  1924.66553  1931.73669  1938.80774  1945.87878  1952.94983  1960.02087  1967.09204  1974.16309  1981.23413  1988.30518  1995.37622     0.00000     0.00000     0.00000     0.00000     0.00000     0.00000     0.00000     0.00000     0.00000     0.00000     0.00000     0.00000     0.00000     0.00000     0.00000     0.00000     0.00000     0.00000     0.00000     0.00000     0.00000     0.00000     0.00000     0.00000     0.00000     0.00000     0.00000
     0.00000     0.00000     0.00000     0.00000     0.00000     0.00000     0.00000     0.00000     0.00000     0.00000     0.00000     0.00000     0.00000     0.00000     0.00000     0.00000     0.00000     0.00000     0.00000     0.00000     0.00000     0.00000     0.00000     0.00000     0.00000     0.00000     0.00000     0.00000   779.15259   786.22369   793.29480   800.36584   807.43689   814.50793   821.57904   828.65009   835.72119   842.79224   849.86328   856.93433   864.00543   871.07654   878.14758   885.21863   892.28973   899.36078   906.43182   913.50293   920.57397   927.64502   934.71613   941.78717   948.85828   955.92932   963.00037   970.07147   977.14252   984.21356   991.28467   998.35571  1005.42676  1012.49786  1019.56891  1026.64001  1033.71106  1040.78210  1047.85327  1054.92432  1061.99536  1069.06641  1076.13745  1083.20850  1090.27954  1097.35059  1104.42175  1111.49280  1118.56384  1125.63501  1132.70605  1139.77710  1146.84814  1153.91919  1160.99023  1168.06128  1175.13232  1182.20349  1189.27454  1196.34570  1203.41675  1210.48779  1217.55884  1224.62988  1231.70093  1238.77197  1245.84302  1252.91418  1259.98523  1267.05627  1274.12744  1281.19849  1288.26953  1295.34058  1302.41162  1309.48267  1316.55371  1323.62476  1330.69592  1337.76697  1344.83801  1351.90918  1358.98022  1366.05127  1373.12231  1380.19336  1387.26440  1394.33545  1401.40649  1408.47766  1415.54871  1422.61975  1429.69080  1436.76196  1443.83301  1450.90405  1457.97510  1465.04614  1472.11731  1479.18835  1486.25940  1493.33044  1500.40149  1507.47253  1514.54370  1521.61475  1528.68579  1535.75684  1542.82788  1549.89905  1556.97009  1564.04114  1571.11218  1578.18323  1585.25439  1592.32544  1599.39648  1606.46753  1613.53857  1620.60962  1627.68079  1634.75183  1641.82288  1648.89392  1655.96497  1663.03613  1670.10718  1677.17822  1684.24927  1691.32031  1698.39148  1705.46252  1712.53357  1719.60461  1726.67566  1733.74670  1740.81787  1747.88892  1754.95996  1762.03101  1769.10205  1776.17322  1783.24426  1790.31531  1797.38635  1804.45740  1811.52856  1818.59961  1825.67065  1832.74170  1839.81274  1846.88379  1853.95496  1861.02600  1868.09705  1875.16809  1882.23914  1889.31030  1896.38135  1903.45239  1910.52344  1917.59448  1924.66553  1931.73669  1938.80774  1945.87878  1952.94983  1960.02087  1967.09204  1974.16309  1981.23413  1988.30518  1995.37622     0.00000     0.00000     0.00000     0.00000     0.00000     0.00000     0.00000     0.00000     0.00000     0.00000     0.00000     0.00000     0.00000     0.00000     0.00000     0.00000     0.00000     0.00000     0.00000     0.00000     0.00000     0.00000     0.00000     0.00000     0.00000     0.00000     0.00000     0.00000
     0.00000     0.00000     0.00000     0.00000     0.00000     0.00000     0.00000     0.00000     0.00000     0.00000     0.00000     0.00000     0.00000     0.00000     0.00000     0.00000     0.00000     0.00000     0.00000     0.00000     0.00000     0.00000     0.00000     0.00000     0.00000     0.00000     0.00000     0.00000     0.00000   793.29480   800.36584   807.43689   814.50793   821.57904   828.65009   835.72119   842.79224   849.86328   856.93433   864.00543   871.07654   878.14758   885.21863   892.28973   899.36078   906.43182   913.50293   920.57397   927.64502   934.71613   941.78717   948.85828   955.92932   963.00037   970.07147   977.14252   984.21356   991.28467   998.35571  1005.42676  1012.49786  1019.56891  1026.64001  1033.71106  1040.78210  1047.85327  1054.92432  1061.99536  1069.06641  1076.13745  1083.20850  1090.27954  1097.35059  1104.42175  1111.49280  1118.56384  1125.63501  1132.70605  1139.77710  1146.84814  1153.91919  1160.99023  1168.06128  1175.13232  1182.20349  1189.27454  1196.34570  1203.41675  1210.48779  1217.55884  1224.62988  1231.70093  1238.77197  1245.84302  1252.91418  1259.98523  1267.05627  1274.12744  1281.19849  1288.26953  1295.34058  1302.41162  1309.48267  1316.55371  1323.62476  1330.69592  1337.76697  1344.83801  1351.90918  1358.98022  1366.05127  1373.12231  1380.19336  1387.26440  1394.33545  1401.40649  1408.47766  1415.54871  1422.61975  1429.69080  1436.76196  1443.83301  1450.90405  1457.97510  1465.04614  1472.11731  1479.18835  1486.25940  1493.33044  1500.40149  1507.47253  1514.54370  1521.61475  1528.68579  1535.75684  1542.82788  1549.89905  1556.97009  1564.04114  1571.11218  1578.18323  1585.25439  1592.32544  1599.39648  1606.46753  1613.53857  1620.60962  1627.68079  1634.75183  1641.82288  1648.89392  1655.96497  1663.03613  1670.10718  1677.17822  1684.24927  1691.32031  1698.39148  1705.46252  1712.53357  1719.60461  1726.67566  1733.74670  1740.81787  1747.88892  1754.95996  1762.03101  1769.10205  1776.17322  1783.24426  1790.31531  1797.38635  1804.45740  1811.52856  1818.59961  1825.67065  1832.74170  1839.81274  1846.88379  1853.95496  1861.02600  1868.09705  1875.16809  1882.23914  1889.31030  1896.38135  1903.45239  1910.52344  1917.59448  1924.66553  1931.73669  1938.80774  1945.87878  1952.94983  1960.02087  1967.09204  1974.16309  1981.23413  1988.30518  1995.37622     0.00000     0.00000     0.00000     0.00000     0.00000     0.00000     0.00000     0.00000     0.00000     0.00000     0.00000     0.00000     0.00000     0.00000     0.00000     0.00000     0.00000     0.00000     0.00000     0.00000     0.00000     0.00000     0.00000     0.00000     0.00000     0.00000     0.00000     0.00000     0.00000
     0.00000     0.00000     0.00000     0.00000     0.00000     0.00000     0.00000     0.00000     0.00000     0.00000     0.00000     0.00000     0.00000     0.00000     0.00000     0.00000     0.00000     0.00000     0.00000     0.00000     0.00000     0.00000     0.00000     0.00000     0.00000     0.00000     0.00000     0.00000     0.00000     0.00000   807.43689   814.50793   821.57904   828.65009   835.72119   842.79224   849.86328   856.93433   864.00543   871.07654   878.14758   885.21863   892.28973   899.36078   906.43182   913.50293   920.57397   927.64502   934.71613   941.78717   948.85828   955.92932   963.00037   970.07147   977.14252   984.21356   991.28467   998.35571  1005.42676  1012.49786  1019.56891  1026.64001  1033.71106  1040.78210  1047.85327  1054.92432  1061.99536  1069.06641  1076.13745  1083.20850  1090.27954  1097.35059  1104.42175  1111.49280  1118.56384  1125.63501  1132.70605  1139.77710  1146.84814  1153.91919  1160.99023  1168.06128  1175.13232  1182.20349  1189.27454  1196.34570  1203.41675  1210.48779  1217.55884  1224.62988  1231.70093  1238.77197  1245.84302  1252.91418  1259.98523  1267.05627  1274.12744  1281.19849  1288.26953  1295.34058  1302.41162  1309.48267  1316.55371  1323.62476  1330.69592  1337.76697  1344.83801  1351.90918  1358.98022  1366.05127  1373.12231  1380.19336  1387.26440  1394.33545  1401.40649  1408.47766  1415.54871  1422.61975  1429.69080  1436.76196  1443.83301  1450.90405  1457.97510  1465.04614  1472.11731  1479.18835  1486.25940  1493.33044  1500.40149  1507.47253  1514.54370  1521.61475  1528.68579  1535.75684  1542.82788  1549.89905  1556.97009  1564.04114  1571.11218  1578.18323  1585.25439  1592.32544  1599.39648  1606.46753  1613.53857  1620.60962  1627.68079  1634.75183  1641.82288  1648.89392  1655.96497  1663.03613  1670.10718  1677.17822  1684.24927  1691.32031  1698.39148  1705.46252  1712.53357  1719.60461  1726.67566  1733.74670  1740.81787  1747.88892  1754.95996  1762.03101  1769.10205  1776.17322  1783.24426  1790.31531  1797.38635  1804.45740  1811.52856  1818.59961  1825.67065  1832.74170  1839.81274  1846.88379  1853.95496  1861.02600  1868.09705  1875.16809  1882.23914  1889.31030  1896.38135  1903.45239  1910.52344  1917.59448  1924.66553  1931.73669  1938.80774  1945.87878  1952.94983  1960.02087  1967.09204  1974.16309  1981.23413  1988.30518  1995.37622     0.00000     0.00000     0.00000     0.00000     0.00000     0.00000     0.00000     0.00000     0.00000     0.00000     0.00000     0.00000     0.00000     0.00000     0.00000     0.00000     0.00000     0.00000     0.00000     0.00000     0.00000     0.00000     0.00000     0.00000     0.00000     0.00000     0.00000     0.00000     0.00000     0.00000
     0.00000     0.00000     0.00000     0.00000     0.00000     0.00000     0.00000     0.00000     0.00000     0.00000     0.00000     0.00000     0.00000     0.00000     0.00000     0.00000     0.00000     0.00000     0.00000     0.00000     0.00000     0.00000     0.00000     0.00000     0.00000     0.00000     0.00000     0.00000     0.00000     0.00000     0.00000   821.57904   828.65009   835.72119   842.79224   849.86328   856.93433   864.00543   871.07654   878.14758   885.21863   892.28973   899.36078   906.43182   913.50293   920.57397   927.64502   934.71613   941.78717   948.85828   955.92932   963.00037   970.07147   977.14252   984.21356   991.28467   998.35571  1005.42676  1012.49786  1019.56891  1026.64001  1033.71106  1040.78210  1047.85327  1054.92432  1061.99536  1069.06641  1076.13745  1083.20850  1090.27954  1097.35059  1104.42175  1111.49280  1118.56384  1125.63501  1132.70605  1139.77710  1146.84814  1153.91919  1160.99023  1168.06128  1175.13232  1182.20349  1189.27454  1196.34570  1203.41675  1210.48779  1217.55884  1224.62988  1231.70093  1238.77197  1245.84302  1252.91418  1259.98523  1267.05627  1274.12744  1281.19849  1288.26953  1295.34058  1302.41162  1309.48267  1316.55371  1323.62476  1330.69592  1337.76697  1344.83801  1351.90918  1358.98022  1366.05127  1373.12231  1380.19336  1387.26440  1394.33545  1401.40649  1408.47766  1415.54871  1422.61975  1429.69080  1436.76196  1443.83301  1450.90405  1457.97510  1465.04614  1472.11731  1479.18835  1486.25940  1493.33044  1500.40149  1507.47253  1514.54370  1521.61475  1528.68579  1535.75684  1542.82788  1549.89905  1556.97009  1564.04114  1571.11218  1578.18323  1585.25439  1592.32544  1599.39648  1606.46753  1613.53857  1620.60962  1627.68079  1634.75183  1641.82288  1648.89392  1655.96497  1663.03613  1670.10718  1677.17822  1684.24927  1691.32031  1698.39148  1705.46252  1712.53357  1719.60461  1726.67566  1733.74670  1740.81787  1747.88892  1754.95996  1762.03101  1769.10205  1776.17322  1783.24426  1790.31531  1797.38635  1804.45740  1811.52856  1818.59961  1825.67065  1832.74170  1839.81274  1846.88379  1853.95496  1861.02600  1868.09705  1875.16809  1882.23914  1889.31030  1896.38135  1903.45239  1910.52344  1917.59448  1924.66553  1931.73669  1938.80774  1945.87878  1952.94983  1960.02087  1967.09204  1974.16309  1981.23413  1988.30518  1995.37622     0.00000     0.00000     0.00000     0.00000     0.00000     0.00000     0.00000     0.00000     0.00000     0.00000     0.00000     0.00000     0.00000     0.00000     0.00000     0.00000     0.00000     0.00000     0.00000     0.00000     0.00000     0.00000     0.00000     0.00000     0.00000     0.00000     0.00000     0.00000     0.00000     0.00000     0.00000
     0.00000     0.00000     0.00000     0.00000     0.00000     0.00000     0.00000     0.00000     0.00000     0.00000     0.00000     0.00000     0.00000     0.00000     0.00000     0.00000     0.00000     0.00000     0.00000     0.00000     0.00000     0.00000     0.00000     0.00000     0.00000     0.00000     0.00000     0.00000     0.00000     0.00000     0.00000     0.00000   835.72119   842.79224   849.86328   856.93433   864.00543   871.07654   878.14758   885.21863   892.28973   899.36078   906.43182   913.50293   920.57397   927.64502   934.71613   941.78717   948.85828   955.92932   963.00037   970.07147   977.14252   984.21356   991.28467   998.35571  1005.42676  1012.49786  1019.56891  1026.64001  1033.71106  1040.78210  1047.85327  1054.92432  1061.99536  1069.06641  1076.13745  1083.20850  1090.27954  1097.35059  1104.42175  1111.49280  1118.56384  1125.63501  1132.70605  1139.77710  1146.84814  1153.91919  1160.99023  1168.06128  1175.13232  1182.20349  1189.27454  1196.34570  1203.41675  1210.48779  1217.55884  1224.62988  1231.70093  1238.77197  1245.84302  1252.91418  1259.98523  1267.05627  1274.12744  1281.19849  1288.26953  1295.34058  1302.41162  1309.48267  1316.55371  1323.62476  1330.69592  1337.76697  1344.83801  1351.90918  1358.98022  1366.05127  1373.12231  1380.19336  1387.26440  1394.33545  1401.40649  1408.47766  1415.54871  1422.61975  1429.69080  1436.76196  1443.83301  1450.90405  1457.97510  1465.04614  1472.11731  1479.18835  1486.25940  1493.33044  1500.40149  1507.47253  1514.54370  1521.61475  1528.68579  1535.75684  1542.82788  1549.89905  1556.97009  1564.04114  1571.11218  1578.18323  1585.25439  1592.32544  1599.39648  1606.46753  1613.53857  1620.60962  1627.68079  1634.75183  1641.82288  1648.89392  1655.96497  1663.03613  1670.10718  1677.17822  1684.24927  1691.32031  1698.39148  1705.46252  1712.53357  1719.60461  1726.67566  1733.74670  1740.81787  1747.88892  1754.95996  1762.03101  1769.10205  1776.17322  1783.24426  1790.31531  1797.38635  1804.45740  1811.52856  1818.59961  1825.67065  1832.74170  1839.81274  1846.88379  1853.95496  1861.02600  1868.09705  1875.16809  1882.23914  1889.31030  1896.38135  1903.45239  1910.52344  1917.59448  1924.66553  1931.73669  1938.80774  1945.87878  1952.94983  1960.02087  1967.09204  1974.16309  1981.23413  1988.30518  1995.37622     0.00000     0.00000     0.00000     0.00000     0.00000     0.00000     0.00000     0.00000     0.00000     0.00000     0.00000     0.00000     0.00000     0.00000     0.00000     0.00000     0.00000     0.00000     0.00000     0.00000     0.00000     0.00000     0.00000     0.00000     0.00000     0.00000     0.00000     0.00000     0.00000     0.00000     0.00000     0.00000
     0.00000     0.00000     0.00000     0.00000     0.00000     0.00000     0.00000     0.00000     0.00000     0.00000     0.00000     0.00000     0.00000     0.00000     0.00000     0.00000     0.00000     0.00000     0.00000     0.00000     0.00000     0.00000     0.00000     0.00000     0.00000     0.00000     0.00000     0.00000     0.00000     0.00000     0.00000     0.00000     0.00000   849.86328   856.93433   864.00543   871.07654   878.14758   885.21863   892.28973   899.36078   906.43182   913.50293   920.57397   927.64502   934.71613   941.78717   948.85828   955.92932   963.00037   970.07147   977.14252   984.21356   991.28467   998.35571  1005.42676  1012.49786  1019.56891  1026.64001  1033.71106  1040.78210  1047.85327  1054.92432  1061.99536  1069.06641  1076.13745  1083.20850  1090.27954  1097.35059  1104.42175  1111.49280  1118.56384  1125.63501  1132.70605  1139.77710  1146.84814  1153.91919  1160.99023  1168.06128  1175.13232  1182.20349  1189.27454  1196.34570  1203.41675  1210.48779  1217.55884  1224.62988  1231.70093  1238.77197  1245.84302  1252.91418  1259.98523  1267.05627  1274.12744  1281.19849  1288.26953  1295.34058  1302.41162  1309.48267  1316.55371  1323.62476  1330.69592  1337.76697  1344.83801  1351.90918  1358.98022  1366.05127  1373.12231  1380.19336  1387.26440  1394.33545  1401.40649  1408.47766  1415.54871  1422.61975  1429.69080  1436.76196  1443.83301  1450.90405  1457.97510  1465.04614  1472.11731  1479.18835  1486.25940  1493.33044  1500.40149  1507.47253  1514.54370  1521.61475  1528.68579  1535.75684  1542.82788  1549.89905  1556.97009  1564.04114  1571.11218  1578.18323  1585.25439  1592.32544  1599.39648  1606.46753  1613.53857  1620.60962  1627.68079  1634.75183  1641.82288  1648.89392  1655.96497  1663.03613  1670.10718  1677.17822  1684.24927  1691.32031  1698.39148  1705.46252  1712.53357  1719.60461  1726.67566  1733.74670  1740.81787  1747.88892  1754.95996  1762.03101  1769.10205  1776.17322  1783.24426  1790.31531  1797.38635  1804.45740  1811.52856  1818.59961  1825.67065  1832.74170  1839.81274  1846.88379  1853.95496  1861.02600  1868.09705  1875.16809  1882.23914  1889.31030  1896.38135  1903.45239  1910.52344  1917.59448  1924.66553  1931.73669  1938.80774  1945.87878  1952.94983  1960.02087  1967.09204  1974.16309  1981.23413  1988.30518  1995.37622     0.00000     0.00000     0.00000     0.00000     0.00000     0.00000     0.00000     0.00000     0.00000     0.00000     0.00000     0.00000     0.00000     0.00000     0.00000     0.00000     0.00000     0.00000     0.00000     0.00000     0.00000     0.00000     0.00000     0.00000     0.00000     0.00000     0.00000     0.00000     0.00000     0.00000     0.00000     0.00000     0.00000
     0.00000     0.00000     0.00000     0.00000     0.00000     0.00000     0.00000     0.00000     0.00000     0.00000     0.00000     0.00000     0.00000     0.00000     0.00000     0.00000     0.00000     0.00000     0.00000     0.00000     0.00000     0.00000     0.00000     0.00000     0.00000     0.00000     0.00000     0.00000     0.00000     0.00000     0.00000     0.00000     0.00000     0.00000   864.00543   871.07654   878.14758   885.21863   892.28973   899.36078   906.43182   913.50293   920.57397   927.64502   934.71613   941.78717   948.85828   955.92932   963.00037   970.07147   977.14252   984.21356   991.28467   998.35571  1005.42676  1012.49786  1019.56891  1026.64001  1033.71106  1040.78210  1047.85327  1054.92432  1061.99536  1069.06641  1076.13745  1083.20850  1090.27954  1097.35059  1104.42175  1111.49280  1118.56384  1125.63501  1132.70605  1139.77710  1146.84814  1153.91919  1160.99023  1168.06128  1175.13232  1182.20349  1189.27454  1196.34570  1203.41675  1210.48779  1217.55884  1224.62988  1231.70093  1238.77197  1245.84302  1252.91418  1259.98523  1267.05627  1274.12744  1281.19849  1288.26953  1295.34058  1302.41162  1309.48267  1316.55371  1323.62476  1330.69592  1337.76697  1344.83801  1351.90918  1358.98022  1366.05127  1373.12231  1380.19336  1387.26440  1394.33545  1401.40649  1408.47766  1415.54871  1422.61975  1429.69080  1436.76196  1443.83301  1450.90405  1457.97510  1465.04614  1472.11731  1479.18835  1486.25940  1493.33044  1500.40149  1507.47253  1514.54370  1521.61475  1528.68579  1535.75684  1542.82788  1549.89905  1556.97009  1564.04114  1571.11218  1578.18323  1585.25439  1592.32544  1599.39648  1606.46753  1613.53857  1620.60962  1627.68079  1634.75183  1641.82288  1648.89392  1655.96497  1663.03613  1670.10718  1677.17822  1684.24927  1691.32031  1698.39148  1705.46252  1712.53357  1719.60461  1726.67566  1733.74670  1740.81787  1747.88892  1754.95996  1762.03101  1769.10205  1776.17322  1783.24426  1790.31531  1797.38635  1804.45740  1811.52856  1818.59961  1825.67065  1832.74170  1839.81274  1846.88379  1853.95496  1861.02600  1868.09705  1875.16809  1882.23914  1889.31030  1896.38135  1903.45239  1910.52344  1917.59448  1924.66553  1931.73669  1938.80774  1945.87878  1952.94983  1960.02087  1967.09204  1974.16309  1981.23413  1988.30518  1995.37622     0.00000     0.00000     0.00000     0.00000     0.00000     0.00000     0.00000     0.00000     0.00000     0.00000     0.00000     0.00000     0.00000     0.00000     0.00000     0.00000     0.00000     0.00000     0.00000     0.00000     0.00000     0.00000     0.00000     0.00000     0.00000     0.00000     0.00000     0.00000     0.00000     0.00000     0.00000     0.00000     0.00000     0.00000
     0.00000     0.00000     0.00000     0.00000     0.00000     0.00000     0.00000     0.00000     0.00000     0.00000     0.00000     0.00000     0.00000     0.00000     0.00000     0.00000     0.00000     0.00000     0.00000     0.00000     0.00000     0.00000     0.00000     0.00000     0.00000     0.00000     0.00000     0.00000     0.00000     0.00000     0.00000     0.00000     0.00000     0.00000     0.00000   878.14758   885.21863   892.28973   899.36078   906.43182   913.50293   920.57397   927.64502   934.71613   941.78717   948.85828   955.92932   963.00037   970.07147   977.14252   984.21356   991.28467   998.35571  1005.42676  1012.49786  1019.56891  1026.64001  1033.71106  1040.78210  1047.85327  1054.92432  1061.99536  1069.06641  1076.13745  1083.20850  1090.27954  1097.35059  1104.42175  1111.49280  1118.56384  1125.63501  1132.70605  1139.77710  1146.84814  1153.91919  1160.99023  1168.06128  1175.13232  1182.20349  1189.27454  1196.34570  1203.41675  1210.48779  1217.55884  1224.62988  1231.70093  1238.77197  1245.84302  1252.91418  1259.98523  1267.05627  1274.12744  1281.19849  1288.26953  1295.34058  1302.41162  1309.48267  1316.55371  1323.62476  1330.69592  1337.76697  1344.83801  1351.90918  1358.98022  1366.05127  1373.12231  1380.19336  1387.26440  1394.33545  1401.40649  1408.47766  1415.54871  1422.61975  1429.69080  1436.76196  1443.83301  1450.90405  1457.97510  1465.04614  1472.11731  1479.18835  1486.25940  1493.33044  1500.40149  1507.47253  1514.54370  1521.61475  1528.68579  1535.75684  1542.82788  1549.89905  1556.97009  1564.04114  1571.11218  1578.18323  1585.25439  1592.32544  1599.39648  1606.46753  1613.53857  1620.60962  1627.68079  1634.75183  1641.82288  1648.89392  1655.96497  1663.03613  1670.10718  1677.17822  1684.24927  1691.32031  1698.39148  1705.46252  1712.53357  1719.60461  1726.67566  1733.74670  1740.81787  1747.88892  1754.95996  1762.03101  1769.10205  1776.17322  1783.24426  1790.31531  1797.38635  1804.45740  1811.52856  1818.59961  1825.67065  1832.74170  1839.81274  1846.88379  1853.95496  1861.02600  1868.09705  1875.16809  1882.23914  1889.31030  1896.38135  1903.45239  1910.52344  1917.59448  1924.66553  1931.73669  1938.80774  1945.87878  1952.94983  1960.02087  1967.09204  1974.16309  1981.23413  1988.30518  1995.37622     0.00000     0.00000     0.00000     0.00000     0.00000     0.00000     0.00000     0.00000     0.00000     0.00000     0.00000     0.00000     0.00000     0.00000     0.00000     0.00000     0.00000     0.00000     0.00000     0.00000     0.00000     0.00000     0.00000     0.00000     0.00000     0.00000     0.00000     0.00000     0.00000     0.00000     0.00000     0.00000     0.00000     0.00000     0.00000
     0.00000     0.00000     0.00000     0.00000     0.00000     0.00000     0.00000     0.00000     0.00000     0.00000     0.00000     0.00000     0.00000     0.00000     0.00000     0.00000     0.00000     0.00000     0.00000     0.00000     0.00000     0.00000     0.00000     0.00000     0.00000     0.00000     0.00000     0.00000     0.00000     0.00000     0.00000     0.00000     0.00000     0.00000     0.00000     0.00000   892.28973   899.36078   906.43182   913.50293   920.57397   927.64502   934.71613   941.78717   948.85828   955.92932   963.00037   970.07147   977.14252   984.21356   991.28467   998.35571  1005.42676  1012.49786  1019.56891  1026.64001  1033.71106  1040.78210  1047.85327  1054.92432  1061.99536  1069.06641  1076.13745  1083.20850  1090.27954  1097.35059  1104.42175  1111.49280  1118.56384  1125.63501  1132.70605  1139.77710  1146.84814  1153.91919  1160.99023  1168.06128  1175.13232  1182.20349  1189.27454  1196.34570  1203.41675  1210.48779  1217.55884  1224.62988  1231.70093  1238.77197  1245.84302  1252.91418  1259.98523  1267.05627  1274.12744  1281.19849  1288.26953  1295.34058  1302.41162  1309.48267  1316.55371  1323.62476  1330.69592  1337.76697  1344.83801  1351.90918  1358.98022  1366.05127  1373.12231  1380.19336  1387.26440  1394.33545  1401.40649  1408.47766  1415.54871  1422.61975  1429.69080  1436.76196  1443.83301  1450.90405  1457.97510  1465.04614  1472.11731  1479.18835  1486.25940  1493.33044  1500.40149  1507.47253  1514.54370  1521.61475  1528.68579  1535.75684  1542.82788  1549.89905  1556.97009  1564.04114  1571.11218  1578.18323  1585.25439  1592.32544  1599.39648  1606.46753  1613.53857  1620.60962  1627.68079  1634.75183  1641.82288  1648.89392  1655.96497  1663.03613  1670.10718  1677.17822  1684.24927  1691.32031  1698.39148  1705.46252  1712.53357  1719.60461  1726.67566  1733.74670  1740.81787  1747.88892  1754.95996  1762.03101  1769.10205  1776.17322  1783.24426  1790.31531  1797.38635  1804.45740  1811.52856  1818.59961  1825.67065  1832.74170  1839.81274  1846.88379  1853.95496  1861.02600  1868.09705  1875.16809  1882.23914  1889.31030  1896.38135  1903.45239  1910.52344  1917.59448  1924.66553  1931.73669  1938.80774  1945.87878  1952.94983  1960.02087  1967.09204  1974.16309  1981.23413  1988.30518  1995.37622     0.00000     0.00000     0.00000     0.00000     0.00000     0.00000     0.00000     0.00000     0.00000     0.00000     0.00000     0.00000     0.00000     0.00000     0.00000     0.00000     0.00000     0.00000     0.00000     0.00000     0.00000     0.00000     0.00000     0.00000     0.00000     0.00000     0.00000     0.00000     0.00000     0.00000     0.00000     0.00000     0.00000     0.00000     0.00000     0.00000
     0.00000     0.00000     0.00000     0.00000     0.00000     0.00000     0.00000     0.00000     0.00000     0.00000     0.00000     0.00000     0.00000     0.00000     0.00000     0.00000     0.00000     0.00000     0.00000     0.00000     0.00000     0.00000     0.00000     0.00000     0.00000     0.00000     0.00000     0.00000     0.00000     0.00000     0.00000     0.00000     0.00000     0.00000     0.00000     0.00000     0.00000   906.43182   913.50293   920.57397   927.64502   934.71613   941.78717   948.85828   955.92932   963.00037   970.07147   977.14252   984.21356   991.28467   998.35571  1005.42676  1012.49786  1019.56891  1026.64001  1033.71106  1040.78210  1047.85327  1054.92432  1061.99536  1069.06641  1076.13745  1083.20850  1090.27954  1097.35059  1104.42175  1111.49280  1118.56384  1125.63501  1132.70605  1139.77710  1146.84814  1153.91919  1160.99023  1168.06128  1175.13232  1182.20349  1189.27454  1196.34570  1203.41675  1210.48779  1217.55884  1224.62988  1231.70093  1238.77197  1245.84302  1252.91418  1259.98523  1267.05627  1274.12744  1281.19849  1288.26953  1295.34058  1302.41162  1309.48267  1316.55371  1323.62476  1330.69592  1337.76697  1344.83801  1351.90918  1358.98022  1366.05127  1373.12231  1380.19336  1387.26440  1394.33545  1401.40649  1408.47766  1415.54871  1422.61975  1429.69080  1436.76196  1443.83301  1450.90405  1457.97510  1465.04614  1472.11731  1479.18835  1486.25940  1493.33044  1500.40149  1507.47253  1514.54370  1521.61475  1528.68579  1535.75684  1542.82788  1549.89905  1556.97009  1564.04114  1571.11218  1578.18323  1585.25439  1592.32544  1599.39648  1606.46753  1613.53857  1620.60962  1627.68079  1634.75183  1641.82288  1648.89392  1655.96497  1663.03613  1670.10718  1677.17822  1684.24927  1691.32031  1698.39148  1705.46252  1712.53357  1719.60461  1726.67566  1733.74670  1740.81787  1747.88892  1754.95996  1762.03101  1769.10205  1776.17322  1783.24426  1790.31531  1797.38635  1804.45740  1811.52856  1818.59961  1825.67065  1832.74170  1839.81274  1846.88379  1853.95496  1861.02600  1868.09705  1875.16809  1882.23914  1889.31030  1896.38135  1903.45239  1910.52344  1917.59448  1924.66553  1931.73669  1938.80774  1945.87878  1952.94983  1960.02087  1967.09204  1974.16309  1981.23413  1988.30518  1995.37622     0.00000     0.00000     0.00000     0.00000     0.00000     0.00000     0.00000     0.00000     0.00000     0.00000     0.00000     0.00000     0.00000     0.00000     0.00000     0.00000     0.00000     0.00000     0.00000     0.00000     0.00000     0.00000     0.00000     0.00000     0.00000     0.00000     0.00000     0.00000     0.00000     0.00000     0.00000     0.00000     0.00000     0.00000     0.00000     0.00000     0.00000
     0.00000     0.00000     0.00000     0.00000     0.00000     0.00000     0.00000     0.00000     0.00000     0.00000     0.00000     0.00000     0.00000     0.00000     0.00000     0.00000     0.00000     0.00000     0.00000     0.00000     0.00000     0.00000     0.00000     0.00000     0.00000     0.00000     0.00000     0.00000     0.00000     0.00000     0.00000     0.00000     0.00000     0.00000     0.00000     0.00000     0.00000     0.00000   920.57397   927.64502   934.71613   941.78717   948.85828   955.92932   963.00037   970.07147   977.14252   984.21356   991.28467   998.35571  1005.42676  1012.49786  1019.56891  1026.64001  1033.71106  1040.78210  1047.85327  1054.92432  1061.99536  1069.06641  1076.13745  1083.20850  1090.27954  1097.35059  1104.42175  1111.49280  1118.56384  1125.63501  1132.70605  1139.77710  1146.84814  1153.91919  1160.99023  1168.06128  1175.13232  1182.20349  1189.27454  1196.34570  1203.41675  1210.48779  1217.55884  1224.62988  1231.70093  1238.77197  1245.84302  1252.91418  1259.98523  1267.05627  1274.12744  1281.19849  1288.26953  1295.34058  1302.41162  1309.48267  1316.55371  1323.62476  1330.69592  1337.76697  1344.83801  1351.90918  1358.98022  1366.05127  1373.12231  1380.19336  1387.26440  1394.33545  1401.40649  1408.47766  1415.54871  1422.61975  1429.69080  1436.76196  1443.83301  1450.90405  1457.97510  1465.04614  1472.11731  1479.18835  1486.25940  1493.33044  1500.40149  1507.47253  1514.54370  1521.61475  1528.68579  1535.75684  1542.82788  1549.89905  1556.97009  1564.04114  1571.11218  1578.18323  1585.25439  1592.32544  1599.39648  1606.46753  1613.53857  1620.60962  1627.68079  1634.75183  1641.82288  1648.89392  1655.96497  1663.03613  1670.10718  1677.17822  1684.24927  1691.32031  1698.39148  1705.46252  1712.53357  1719.60461  1726.67566  1733.74670  1740.81787  1747.88892  1754.95996  1762.03101  1769.10205  1776.17322  1783.24426  1790.31531  1797.38635  1804.45740  1811.52856  1818.59961  1825.67065  1832.74170  1839.81274  1846.88379  1853.95496  1861.02600  1868.09705  1875.16809  1882.23914  1889.31030  1896.38135  1903.45239  1910.52344  1917.59448  1924.66553  1931.73669  1938.80774  1945.87878  1952.94983  1960.02087  1967.09204  1974.16309  1981.23413  1988.30518  1995.37622     0.00000     0.00000     0.00000     0.00000     0.00000     0.00000     0.00000     0.00000     0.00000     0.00000     0.00000     0.00000     0.00000     0.00000     0.00000     0.00000     0.00000     0.00000     0.00000     0.00000     0.00000     0.00000     0.00000     0.00000     0.00000     0.00000     0.00000     0.00000     0.00000     0.00000     0.00000     0.00000     0.00000     0.00000     0.00000     0.00000     0.00000     0.00000
     0.00000     0.00000     0.00000     0.00000     0.00000     0.00000     0.00000     0.00000     0.00000     0.00000     0.00000     0.00000     0.00000     0.00000     0.00000     0.00000     0.00000     0.00000     0.00000     0.00000     0.00000     0.00000     0.00000     0.00000     0.00000     0.00000     0.00000     0.00000     0.00000     0.00000     0.00000     0.00000     0.00000     0.00000     0.00000     0.00000     0.00000     0.00000     0.00000   934.71613   941.78717   948.85828   955.92932   963.00037   970.07147   977.14252   984.21356   991.28467   998.35571  1005.42676  1012.49786  1019.56891  1026.64001  1033.71106  1040.78210  1047.85327  1054.92432  1061.99536  1069.06641  1076.13745  1083.20850  1090.27954  1097.35059  1104.42175  1111.49280  1118.56384  1125.63501  1132.70605  1139.77710  1146.84814  1153.91919  1160.99023  1168.06128  1175.13232  1182.20349  1189.27454  1196.34570  1203.41675  1210.48779  1217.55884  1224.62988  1231.70093  1238.77197  1245.84302  1252.91418  1259.98523  1267.05627  1274.12744  1281.19849  1288.26953  1295.34058  1302.41162  1309.48267  1316.55371  1323.62476  1330.69592  1337.76697  1344.83801  1351.90918  1358.98022  1366.05127  1373.12231  1380.19336  1387.26440  1394.33545  1401.40649  1408.47766  1415.54871  1422.61975  1429.69080  1436.76196  1443.83301  1450.90405  1457.97510  1465.04614  1472.11731  1479.18835  1486.25940  1493.33044  1500.40149  1507.47253  1514.54370  1521.61475  1528.68579  1535.75684  1542.82788  1549.89905  1556.97009  1564.04114  1571.11218  1578.18323  1585.25439  1592.32544  1599.39648  1606.46753  1613.53857  1620.60962  1627.68079  1634.75183  1641.82288  1648.89392  1655.96497  1663.03613  1670.10718  1677.17822  1684.24927  1691.32031  1698.39148  1705.46252  1712.53357  1719.60461  1726.67566  1733.74670  1740.81787  1747.88892  1754.95996  1762.03101  1769.10205  1776.17322  1783.24426  1790.31531  1797.38635  1804.45740  1811.52856  1818.59961  1825.67065  1832.74170  1839.81274  1846.88379  1853.95496  1861.02600  1868.09705  1875.16809  1882.23914  1889.31030  1896.38135  1903.45239  1910.52344  1917.59448  1924.66553  1931.73669  1938.80774  1945.87878  1952.94983  1960.02087  1967.09204  1974.16309  1981.23413  1988.30518  1995.37622     0.00000     0.00000     0.00000     0.00000     0.00000     0.00000     0.00000     0.00000     0.00000     0.00000     0.00000     0.00000     0.00000     0.00000     0.00000     0.00000     0.00000     0.00000     0.00000     0.00000     0.00000     0.00000     0.00000     0.00000     0.00000     0.00000     0.00000     0.00000     0.00000     0.00000     0.00000     0.00000     0.00000     0.00000     0.00000     0.00000     0.00000     0.00000     0.00000
     0.00000     0.00000     0.00000     0.00000     0.00000     0.00000     0.00000     0.00000     0.00000     0.00000     0.00000     0.00000     0.00000     0.00000     0.00000     0.00000     0.00000     0.00000     0.00000     0.00000     0.00000     0.00000     0.00000     0.00000     0.00000     0.00000     0.00000     0.00000     0.00000     0.00000     0.00000     0.00000     0.00000     0.00000     0.00000     0.00000     0.00000     0.00000     0.00000     0.00000   948.85828   955.92932   963.00037   970.07147   977.14252   984.21356   991.28467   998.35571  1005.42676  1012.49786  1019.56891  1026.64001  1033.71106  1040.78210  1047.85327  1054.92432  1061.99536  1069.06641  1076.13745  1083.20850  1090.27954  1097.35059  1104.42175  1111.49280  1118.56384  1125.63501  1132.70605  1139.77710  1146.84814  1153.91919  1160.99023  1168.06128  1175.13232  1182.20349  1189.27454  1196.34570  1203.41675  1210.48779  1217.55884  1224.62988  1231.70093  1238.77197  1245.84302  1252.91418  1259.98523  1267.05627  1274.12744  1281.19849  1288.26953  1295.34058  1302.41162  1309.48267  1316.55371  1323.62476  1330.69592  1337.76697  1344.83801  1351.90918  1358.98022  1366.05127  1373.12231  1380.19336  1387.26440  1394.33545  1401.40649  1408.47766  1415.54871  1422.61975  1429.69080  1436.76196  1443.83301  1450.90405  1457.97510  1465.04614  1472.11731  1479.18835  1486.25940  1493.33044  1500.40149  1507.47253  1514.54370  1521.61475  1528.68579  1535.75684  1542.82788  1549.89905  1556.97009  1564.04114  1571.11218  1578.18323  1585.25439  1592.32544  1599.39648  1606.46753  1613.53857  1620.60962  1627.68079  1634.75183  1641.82288  1648.89392  1655.96497  1663.03613  1670.10718  1677.17822  1684.24927  1691.32031  1698.39148  1705.46252  1712.53357  1719.60461  1726.67566  1733.74670  1740.81787  1747.88892  1754.95996  1762.03101  1769.10205  1776.17322  1783.24426  1790.31531  1797.38635  1804.45740  1811.52856  1818.59961  1825.67065  1832.74170  1839.81274  1846.88379  1853.95496  1861.02600  1868.09705  1875.16809  1882.23914  1889.31030  1896.38135  1903.45239  1910.52344  1917.59448  1924.66553  1931.73669  1938.80774  1945.87878  1952.94983  1960.02087  1967.09204  1974.16309  1981.23413  1988.30518  1995.37622     0.00000     0.00000     0.00000     0.00000     0.00000     0.00000     0.00000     0.00000     0.00000     0.00000     0.00000     0.00000     0.00000     0.00000     0.00000     0.00000     0.00000     0.00000     0.00000     0.00000     0.00000     0.00000     0.00000     0.00000     0.00000     0.00000     0.00000     0.00000     0.00000     0.00000     0.00000     0.00000     0.00000     0.00000     0.00000     0.00000     0.00000     0.00000     0.00000     0.00000
     0.00000     0.00000     0.00000     0.00000     0.00000     0.00000     0.00000     0.00000     0.00000     0.00000     0.00000     0.00000     0.00000     0.00000     0.00000     0.00000     0.00000     0.00000     0.00000     0.00000     0.00000     0.00000     0.00000     0.00000     0.00000     0.00000     0.00000     0.00000     0.00000     0.00000     0.00000     0.00000     0.00000     0.00000     0.00000     0.00000     0.00000     0.00000     0.00000     0.00000     0.00000   963.00037   970.07147   977.14252   984.21356   991.28467   998.35571  1005.42676  1012.49786  1019.56891  1026.64001  1033.71106  1040.78210  1047.85327  1054.92432  1061.99536  1069.06641  1076.13745  1083.20850  1090.27954  1097.35059  1104.42175  1111.49280  1118.56384  1125.63501  1132.70605  1139.77710  1146.84814  1153.91919  1160.99023  1168.06128  1175.13232  1182.20349  1189.27454  1196.34570  1203.41675  1210.48779  1217.55884  1224.62988  1231.70093  1238.77197  1245.84302  1252.91418  1259.98523  1267.05627  1274.12744  1281.19849  1288.26953  1295.34058  1302.41162  1309.48267  1316.55371  1323.62476  1330.69592  1337.76697  1344.83801  1351.90918  1358.98022  1366.05127  1373.12231  1380.19336  1387.26440  1394.33545  1401.40649  1408.47766  1415.54871  1422.61975  1429.69080  1436.76196  1443.83301  1450.90405  1457.97510  1465.04614  1472.11731  1479.18835  1486.25940  1493.33044  1500.40149  1507.47253  1514.54370  1521.61475  1528.68579  1535.75684  1542.82788  1549.89905  1556.97009  1564.04114  1571.11218  1578.18323  1585.25439  1592.32544  1599.39648  1606.46753  1613.53857  1620.60962  1627.68079  1634.75183  1641.82288  1648.89392  1655.96497  1663.03613  1670.10718  1677.17822  1684.24927  1691.32031  1698.39148  1705.46252  1712.53357  1719.60461  1726.67566  1733.74670  1740.81787  1747.88892  1754.95996  1762.03101  1769.10205  1776.17322  1783.24426  1790.31531  1797.38635  1804.45740  1811.52856  1818.59961  1825.67065  1832.74170  1839.81274  1846.88379  1853.95496  1861.02600  1868.09705  1875.16809  1882.23914  1889.31030  1896.38135  1903.45239  1910.52344  1917.59448  1924.66553  1931.73669  1938.80774  1945.87878  1952.94983  1960.02087  1967.09204  1974.16309  1981.23413  1988.30518  1995.37622     0.00000     0.00000     0.00000     0.00000     0.00000     0.00000     0.00000     0.00000     0.00000     0.00000     0.00000     0.00000     0.00000     0.00000     0.00000     0.00000     0.00000     0.00000     0.00000     0.00000     0.00000     0.00000     0.00000     0.00000     0.00000     0.00000     0.00000     0.00000     0.00000     0.00000     0.00000     0.00000     0.00000     0.00000     0.00000     0.00000     0.00000     0.00000     0.00000     0.00000     0.00000
     0.00000     0.00000     0.00000     0.00000     0.00000     0.00000     0.00000     0.00000     0.00000     0.00000     0.00000     0.00000     0.00000     0.00000     0.00000     0.00000     0.00000     0.00000     0.00000     0.00000     0.00000     0.00000     0.00000     0.00000     0.00000     0.00000     0.00000     0.00000     0.00000     0.00000     0.00000     0.00000     0.00000     0.00000     0.00000     0.00000     0.00000     0.00000     0.00000     0.00000     0.00000     0.00000   977.14252   984.21356   991.28467   998.35571  1005.42676  1012.49786  1019.56891  1026.64001  1033.71106  1040.78210  1047.85327  1054.92432  1061.99536  1069.06641  1076.13745  1083.20850  1090.27954  1097.35059  1104.42175  1111.49280  1118.56384  1125.63501  1132.70605  1139.77710  1146.84814  1153.91919  1160.99023  1168.06128  1175.13232  1182.20349  1189.27454  1196.34570  1203.41675  1210.48779  1217.55884  1224.62988  1231.70093  1238.77197  1245.84302  1252.91418  1259.98523  1267.05627  1274.12744  1281.19849  1288.26953  1295.34058  1302.41162  1309.48267  1316.55371  1323.62476  1330.69592  1337.76697  1344.83801  1351.90918  1358.98022  1366.05127  1373.12231  1380.19336  1387.26440  1394.33545  1401.40649  1408.47766  1415.54871  1422.61975  1429.69080  1436.76196  1443.83301  1450.90405  1457.97510  1465.04614  1472.11731  1479.18835  1486.25940  1493.33044  1500.40149  1507.47253  1514.54370  1521.61475  1528.68579  1535.75684  1542.82788  1549.89905  1556.97009  1564.04114  1571.11218  1578.18323  1585.25439  1592.32544  1599.39648  1606.46753  1613.53857  1620.60962  1627.68079  1634.75183  1641.82288  1648.89392  1655.96497  1663.03613  1670.10718  1677.17822  1684.24927  1691.32031  1698.39148  1705.46252  1712.53357  1719.60461  1726.67566  1733.74670  1740.81787  1747.88892  1754.95996  1762.03101  1769.10205  1776.17322  1783.24426  1790.31531  1797.38635  1804.45740  1811.52856  1818.59961  1825.67065  1832.74170  1839.81274  1846.88379  1853.95496  1861.02600  1868.09705  1875.16809  1882.23914  1889.31030  1896.38135  1903.45239  1910.52344  1917.59448  1924.66553  1931.73669  1938.80774  1945.87878  1952.94983  1960.02087  1967.09204  1974.16309  1981.23413  1988.30518  1995.37622     0.00000     0.00000     0.00000     0.00000     0.00000     0.00000     0.00000     0.00000     0.00000     0.00000     0.00000     0.00000     0.00000     0.00000     0.00000     0.00000     0.00000     0.00000     0.00000     0.00000     0.00000     0.00000     0.00000     0.00000     0.00000     0.00000     0.00000     0.00000     0.00000     0.00000     0.00000     0.00000     0.00000     0.00000     0.00000     0.00000     0.00000     0.00000     0.00000     0.00000     0.00000     0.00000
     0.00000     0.00000     0.00000     0.00000     0.00000     0.00000     0.00000     0.00000     0.00000     0.00000     0.00000     0.00000     0.00000     0.00000     0.00000     0.00000     0.00000     0.00000     0.00000     0.00000     0.00000     0.00000     0.00000     0.00000     0.00000     0.00000     0.00000     0.00000     0.00000     0.00000     0.00000     0.00000     0.00000     0.00000     0.00000     0.00000     0.00000     0.00000     0.00000     0.00000     0.00000     0.00000     0.00000   991.28467   998.35571  1005.42676  1012.49786  1019.56891  1026.64001  1033.71106  1040.78210  1047.85327  1054.92432  1061.99536  1069.06641  1076.13745  1083.20850  1090.27954  1097.35059  1104.42175  1111.49280  1118.56384  1125.63501  1132.70605  1139.77710  1146.84814  1153.91919  1160.99023  1168.06128  1175.13232  1182.20349  1189.27454  1196.34570  1203.41675  1210.48779  1217.55884  1224.62988  1231.70093  1238.77197  1245.84302  1252.91418  1259.98523  1267.05627  1274.12744  1281.19849  1288.26953  1295.34058  1302.41162  1309.48267  1316.55371  1323.62476  1330.69592  1337.76697  1344.83801  1351.90918  1358.98022  1366.05127  1373.12231  1380.19336  1387.26440  1394.33545  1401.40649  1408.47766  1415.54871  1422.61975  1429.69080  1436.76196  1443.83301  1450.90405  1457.97510  1465.04614  1472.11731  1479.18835  1486.25940  1493.33044  1500.40149  1507.47253  1514.54370  1521.61475  1528.68579  1535.75684  1542.82788  1549.89905  1556.97009  1564.04114  1571.11218  1578.18323  1585.25439  1592.32544  1599.39648  1606.46753  1613.53857  1620.60962  1627.68079  1634.75183  1641.82288  1648.89392  1655.96497  1663.03613  1670.10718  1677.17822  1684.24927  1691.32031  1698.39148  1705.46252  1712.53357  1719.60461  1726.67566  1733.74670  1740.81787  1747.88892  1754.95996  1762.03101  1769.10205  1776.17322  1783.24426  1790.31531  1797.38635  1804.45740  1811.52856  1818.59961  1825.67065  1832.74170  1839.81274  1846.88379  1853.95496  1861.02600  1868.09705  1875.16809  1882.23914  1889.31030  1896.38135  1903.45239  1910.52344  1917.59448  1924.66553  1931.73669  1938.80774  1945.87878  1952.94983  1960.02087  1967.09204  1974.16309  1981.23413  1988.30518  1995.37622     0.00000     0.00000     0.00000     0.00000     0.00000     0.00000     0.00000     0.00000     0.00000     0.00000     0.00000     0.00000     0.00000     0.00000     0.00000     0.00000     0.00000     0.00000     0.00000     0.00000     0.00000     0.00000     0.00000     0.00000     0.00000     0.00000     0.00000     0.00000     0.00000     0.00000     0.00000     0.00000     0.00000     0.00000     0.00000     0.00000     0.00000     0.00000     0.00000     0.00000     0.00000     0.00000     0.00000
     0.00000     0.00000     0.00000     0.00000     0.00000     0.00000     0.00000     0.00000     0.00000     0.00000     0.00000     0.00000     0.00000     0.00000     0.00000     0.00000     0.00000     0.00000     0.00000     0.00000     0.00000     0.00000     0.00000     0.00000     0.00000     0.00000     0.00000     0.00000     0.00000     0.00000     0.00000     0.00000     0.00000     0.00000     0.00000     0.00000     0.00000     0.00000     0.00000     0.00000     0.00000     0.00000     0.00000     0.00000  1005.42676  1012.49786  1019.56891  1026.64001  1033.71106  1040.78210  1047.85327  1054.92432  1061.99536  1069.06641  1076.13745  1083.20850  1090.27954  1097.35059  1104.42175  1111.49280  1118.56384  1125.63501  1132.70605  1139.77710  1146.84814  1153.91919  1160.99023  1168.06128  1175.13232  1182.20349  1189.27454  1196.34570  1203.41675  1210.48779  1217.55884  1224.62988  1231.70093  1238.77197  1245.84302  1252.91418  1259.98523  1267.05627  1274.12744  1281.19849  1288.26953  1295.34058  1302.41162  1309.48267  1316.55371  1323.62476  1330.69592  1337.76697  1344.83801  1351.90918  1358.98022  1366.05127  1373.12231  1380.19336  1387.26440  1394.33545  1401.40649  1408.47766  1415.54871  1422.61975  1429.69080  1436.76196  1443.83301  1450.90405  1457.97510  1465.04614  1472.11731  1479.18835  1486.25940  1493.33044  1500.40149  1507.47253  1514.54370  1521.61475  1528.68579  1535.75684  1542.82788  1549.89905  1556.97009  1564.04114  1571.11218  1578.18323  1585.25439  1592.32544  1599.39648  1606.46753  1613.53857  1620.60962  1627.68079  1634.75183  1641.82288  1648.89392  1655.96497  1663.03613  1670.10718  1677.17822  1684.24927  1691.32031  1698.39148  1705.46252  1712.53357  1719.60461  1726.67566  1733.74670  1740.81787  1747.88892  1754.95996  1762.03101  1769.10205  1776.17322  1783.24426  1790.31531  1797.38635  1804.45740  1811.52856  1818.59961  1825.67065  1832.74170  1839.81274  1846.88379  1853.95496  1861.02600  1868.09705  1875.16809  1882.23914  1889.31030  1896.38135  1903.45239  1910.52344  1917.59448  1924.66553  1931.73669  1938.80774  1945.87878  1952.94983  1960.02087  1967.09204  1974.16309  1981.23413  1988.30518  1995.37622     0.00000     0.00000     0.00000     0.00000     0.00000     0.00000     0.00000     0.00000     0.00000     0.00000     0.00000     0.00000     0.00000     0.00000     0.00000     0.00000     0.00000     0.00000     0.00000     0.00000     0.00000     0.00000     0.00000     0.00000     0.00000     0.00000     0.00000     0.00000     0.00000     0.00000     0.00000     0.00000     0.00000     0.00000     0.00000     0.00000     0.00000     0.00000     0.00000     0.00000     0.00000     0.00000     0.00000     0.00000
     0.00000     0.00000     0.00000     0.00000     0.00000     0.00000     0.00000     0.00000     0.00000     0.00000     0.00000     0.00000     0.00000     0.00000     0.00000     0.00000     0.00000     0.00000     0.00000     0.00000     0.00000     0.00000     0.00000     0.00000     0.00000     0.00000     0.00000     0.00000     0.00000     0.00000     0.00000     0.00000     0.00000     0.00000     0.00000     0.00000     0.00000     0.00000     0.00000     0.00000     0.00000     0.00000     0.00000     0.00000     0.00000  1019.56891  1026.64001  1033.71106  1040.78210  1047.85327  1054.92432  1061.99536  1069.06641  1076.13745  1083.20850  1090.27954  1097.35059  1104.42175  1111.49280  1118.56384  1125.63501  1132.70605  1139.77710  1146.84814  1153.91919  1160.99023  1168.06128  1175.13232  1182.20349  1189.27454  1196.34570  1203.41675  1210.48779  1217.55884  1224.62988  1231.70093  1238.77197  1245.84302  1252.91418  1259.98523  1267.05627  1274.12744  1281.19849  1288.26953  1295.34058  1302.41162  1309.48267  1316.55371  1323.62476  1330.69592  1337.76697  1344.83801  1351.90918  1358.98022  1366.05127  1373.12231  1380.19336  1387.26440  1394.33545  1401.40649  1408.47766  1415.54871  1422.61975  1429.69080  1436.76196  1443.83301  1450.90405  1457.97510  1465.04614  1472.11731  1479.18835  1486.25940  1493.33044  1500.40149  1507.47253  1514.54370  1521.61475  1528.68579  1535.75684  1542.82788  1549.89905  1556.97009  1564.04114  1571.11218  1578.18323  1585.25439  1592.32544  1599.39648  1606.46753  1613.53857  1620.60962  1627.68079  1634.75183  1641.82288  1648.89392  1655.96497  1663.03613  1670.10718  1677.17822  1684.24927  1691.32031  1698.39148  1705.46252  1712.53357  1719.60461  1726.67566  1733.74670  1740.81787  1747.88892  1754.95996  1762.03101  1769.10205  1776.17322  1783.24426  1790.31531  1797.38635  1804.45740  1811.52856  1818.59961  1825.67065  1832.74170  1839.81274  1846.88379  1853.95496  1861.02600  1868.09705  1875.16809  1882.23914  1889.31030  1896.38135  1903.45239  1910.52344  1917.59448  1924.66553  1931.73669  1938.80774  1945.87878  1952.94983  1960.02087  1967.09204  1974.16309  1981.23413  1988.30518  1995.37622     0.00000     0.00000     0.00000     0.00000     0.00000     0.00000     0.00000     0.00000     0.00000     0.00000     0.00000     0.00000     0.00000     0.00000     0.00000     0.00000     0.00000     0.00000     0.00000     0.00000     0.00000     0.00000     0.00000     0.00000     0.00000     0.00000     0.00000     0.00000     0.00000     0.00000     0.00000     0.00000     0.00000     0.00000     0.00000     0.00000     0.00000     0.00000     0.00000     0.00000     0.00000     0.00000     0.00000     0.00000     0.00000
     0.00000     0.00000     0.00000     0.00000     0.00000     0.00000     0.00000     0.00000     0.00000     0.00000     0.00000     0.00000     0.00000     0.00000     0.00000     0.00000     0.00000     0.00000     0.00000     0.00000     0.00000     0.00000     0.00000     0.00000     0.00000     0.00000     0.00000     0.00000     0.00000     0.00000     0.00000     0.00000     0.00000     0.00000     0.00000     0.00000     0.00000     0.00000     0.00000     0.00000     0.00000     0.00000     0.00000     0.00000     0.00000     0.00000  1033.71106  1040.78210  1047.85327  1054.92432  1061.99536  1069.06641  1076.13745  1083.20850  1090.27954  1097.35059  1104.42175  1111.49280  1118.56384  1125.63501  1132.70605  1139.77710  1146.84814  1153.91919  1160.99023  1168.06128  1175.13232  1182.20349  1189.27454  1196.34570  1203.41675  1210.48779  1217.55884  1224.62988  1231.70093  1238.77197  1245.84302  1252.91418  1259.98523  1267.05627  1274.12744  1281.19849  1288.26953  1295.34058  1302.41162  1309.48267  1316.55371  1323.62476  1330.69592  1337.76697  1344.83801  1351.90918  1358.98022  1366.05127  1373.12231  1380.19336  1387.26440  1394.33545  1401.40649  1408.47766  1415.54871  1422.61975  1429.69080  1436.76196  1443.83301  1450.90405  1457.97510  1465.04614  1472.11731  1479.18835  1486.25940  1493.33044  1500.40149  1507.47253  1514.54370  1521.61475  1528.68579  1535.75684  1542.82788  1549.89905  1556.97009  1564.04114  1571.11218  1578.18323  1585.25439  1592.32544  1599.39648  1606.46753  1613.53857  1620.60962  1627.68079  1634.75183  1641.82288  1648.89392  1655.96497  1663.03613  1670.10718  1677.17822  1684.24927  1691.32031  1698.39148  1705.46252  1712.53357  1719.60461  1726.67566  1733.74670  1740.81787  1747.88892  1754.95996  1762.03101  1769.10205  1776.17322  1783.24426  1790.31531  1797.38635  1804.45740  1811.52856  1818.59961  1825.67065  1832.74170  1839.81274  1846.88379  1853.95496  1861.02600  1868.09705  1875.16809  1882.23914  1889.31030  1896.38135  1903.45239  1910.52344  1917.59448  1924.66553  1931.73669  1938.80774  1945.87878  1952.94983  1960.02087  1967.09204  1974.16309  1981.23413  1988.30518  1995.37622     0.00000     0.00000     0.00000     0.00000     0.00000     0.00000     0.00000     0.00000     0.00000     0.00000     0.00000     0.00000     0.00000     0.00000     0.00000     0.00000     0.00000     0.00000     0.00000     0.00000     0.00000     0.00000     0.00000     0.00000     0.00000     0.00000     0.00000     0.00000     0.00000     0.00000     0.00000     0.00000     0.00000     0.00000     0.00000     0.00000     0.00000     0.00000     0.00000     0.00000     0.00000     0.00000     0.00000     0.00000     0.00000     0.00000
     0.00000     0.00000     0.00000     0.00000     0.00000     0.00000     0.00000     0.00000     0.00000     0.00000     0.00000     0.00000     0.00000     0.00000     0.00000     0.00000     0.00000     0.00000     0.00000     0.00000     0.00000     0.00000     0.00000     0.00000     0.00000     0.00000     0.00000     0.00000     0.00000     0.00000     0.00000     0.00000     0.00000     0.00000     0.00000     0.00000     0.00000     0.00000     0.00000     0.00000     0.00000     0.00000     0.00000     0.00000     0.00000     0.00000     0.00000  1047.85327  1054.92432  1061.99536  1069.06641  1076.13745  1083.20850  1090.27954  1097.35059  1104.42175  1111.49280  1118.56384  1125.63501  1132.70605  1139.77710  1146.84814  1153.91919  1160.99023  1168.06128  1175.13232  1182.20349  1189.27454  1196.34570  1203.41675  1210.48779  1217.55884  1224.62988  1231.70093  1238.77197  1245.84302  1252.91418  1259.98523  1267.05627  1274.12744  1281.19849  1288.26953  1295.34058  1302.41162  1309.48267  1316.55371  1323.62476  1330.69592  1337.76697  1344.83801  1351.90918  1358.98022  1366.05127  1373.12231  1380.19336  1387.26440  1394.33545  1401.40649  1408.47766  1415.54871  1422.61975  1429.69080  1436.76196  1443.83301  1450.90405  1457.97510  1465.04614  1472.11731  1479.18835  1486.25940  1493.33044  1500.40149  1507.47253  1514.54370  1521.61475  1528.68579  1535.75684  1542.82788  1549.89905  1556.97009  1564.04114  1571.11218  1578.18323  1585.25439  1592.32544  1599.39648  1606.46753  1613.53857  1620.60962  1627.68079  1634.75183  1641.82288  1648.89392  1655.96497  1663.03613  1670.10718  1677.17822  1684.24927  1691.32031  1698.39148  1705.46252  1712.53357  1719.60461  1726.67566  1733.74670  1740.81787  1747.88892  1754.95996  1762.03101  1769.10205  1776.17322  1783.24426  1790.31531  1797.38635  1804.45740  1811.52856  1818.59961  1825.67065  1832.74170  1839.81274  1846.88379  1853.95496  1861.02600  1868.09705  1875.16809  1882.23914  1889.31030  1896.38135  1903.45239  1910.52344  1917.59448  1924.66553  1931.73669  1938.80774  1945.87878  1952.94983  1960.02087  1967.09204  1974.16309  1981.23413  1988.30518  1995.37622     0.00000     0.00000     0.00000     0.00000     0.00000     0.00000     0.00000     0.00000     0.00000     0.00000     0.00000     0.00000     0.00000     0.00000     0.00000     0.00000     0.00000     0.00000     0.00000     0.00000     0.00000     0.00000     0.00000     0.00000     0.00000     0.00000     0.00000     0.00000     0.00000     0.00000     0.00000     0.00000     0.00000     0.00000     0.00000     0.00000     0.00000     0.00000     0.00000     0.00000     0.00000     0.00000     0.00000     0.00000     0.00000     0.00000     0.00000
     0.00000     0.00000     0.00000     0.00000     0.00000     0.00000     0.00000     0.00000     0.00000     0.00000     0.00000     0.00000     0.00000     0.00000     0.00000     0.00000     0.00000     0.00000     0.00000     0.00000     0.00000     0.00000     0.00000     0.00000     0.00000     0.00000     0.00000     0.00000     0.00000     0.00000     0.00000     0.00000     0.00000     0.00000     0.00000     0.00000     0.00000     0.00000     0.00000     0.00000     0.00000     0.00000     0.00000     0.00000     0.00000     0.00000     0.00000     0.00000  1061.99536  1069.06641  1076.13745  1083.20850  1090.27954  1097.35059  1104.42175  1111.49280  1118.56384  1125.63501  1132.70605  1139.77710  1146.84814  1153.91919  1160.99023  1168.06128  1175.13232  1182.20349  1189.27454  1196.34570  1203.41675  1210.48779  1217.55884  1224.62988  1231.70093  1238.77197  1245.84302  1252.91418  1259.98523  1267.05627  1274.12744  1281.19849  1288.26953  1295.34058  1302.41162  1309.48267  1316.55371  1323.62476  1330.69592  1337.76697  1344.83801  1351.90918  1358.98022  1366.05127  1373.12231  1380.19336  1387.26440  1394.33545  1401.40649  1408.47766  1415.54871  1422.61975  1429.69080  1436.76196  1443.83301  1450.90405  1457.97510  1465.04614  1472.11731  1479.18835  1486.25940  1493.33044  1500.40149  1507.47253  1514.54370  1521.61475  1528.68579  1535.75684  1542.82788  1549.89905  1556.97009  1564.04114  1571.11218  1578.18323  1585.25439  1592.32544  1599.39648  1606.46753  1613.53857  1620.60962  1627.68079  1634.75183  1641.82288  1648.89392  1655.96497  1663.03613  1670.10718  1677.17822  1684.24927  1691.32031  1698.39148  1705.46252  1712.53357  1719.60461  1726.67566  1733.74670  1740.81787  1747.88892  1754.95996  1762.03101  1769.10205  1776.17322  1783.24426  1790.31531  1797.38635  1804.45740  1811.52856  1818.59961  1825.67065  1832.74170  1839.81274  1846.88379  1853.95496  1861.02600  1868.09705  1875.16809  1882.23914  1889.31030  1896.38135  1903.45239  1910.52344  1917.59448  1924.66553  1931.73669  1938.80774  1945.87878  1952.94983  1960.02087  1967.09204  1974.16309  1981.23413  1988.30518  1995.37622     0.00000     0.00000     0.00000     0.00000     0.00000     0.00000     0.00000     0.00000     0.00000     0.00000     0.00000     0.00000     0.00000     0.00000     0.00000     0.00000     0.00000     0.00000     0.00000     0.00000     0.00000     0.00000     0.00000     0.00000     0.00000     0.00000     0.00000     0.00000     0.00000     0.00000     0.00000     0.00000     0.00000     0.00000     0.00000     0.00000     0.00000     0.00000     0.00000     0.00000     0.00000     0.00000     0.00000     0.00000     0.00000     0.00000     0.00000     0.00000
     0.00000     0.00000     0.00000     0.00000     0.00000     0.00000     0.00000     0.00000     0.00000     0.00000     0.00000     0.00000     0.00000     0.00000     0.00000     0.00000     0.00000     0.00000     0.00000     0.00000     0.00000     0.00000     0.00000     0.00000     0.00000     0.00000     0.00000     0.00000     0.00000     0.00000     0.00000     0.00000     0.00000     0.00000     0.00000     0.00000     0.00000     0.00000     0.00000     0.00000     0.00000     0.00000     0.00000     0.00000     0.00000     0.00000     0.00000     0.00000     0.00000  1076.13745  1083.20850  1090.27954  1097.35059  1104.42175  1111.49280  1118.56384  1125.63501  1132.70605  1139.77710  1146.84814  1153.91919  1160.99023  1168.06128  1175.13232  1182.20349  1189.27454  1196.34570  1203.41675  1210.48779  1217.55884  1224.62988  1231.70093  1238.77197  1245.84302  1252.91418  1259.98523  1267.05627  1274.12744  1281.19849  1288.26953  1295.34058  1302.41162  1309.48267  1316.55371  1323.62476  1330.69592  1337.76697  1344.83801  1351.90918  1358.98022  1366.05127  1373.12231  1380.19336  1387.26440  1394.33545  1401.40649  1408.47766  1415.54871  1422.61975  1429.69080  1436.76196  1443.83301  1450.90405  1457.97510  1465.04614  1472.11731  1479.18835  1486.25940  1493.33044  1500.40149  1507.47253  1514.54370  1521.61475  1528.68579  1535.75684  1542.82788  1549.89905  1556.97009  1564.04114  1571.11218  1578.18323  1585.25439  1592.32544  1599.39648  1606.46753  1613.53857  1620.60962  1627.68079  1634.75183  1641.82288  1648.89392  1655.96497  1663.03613  1670.10718  1677.17822  1684.24927  1691.32031  1698.39148  1705.46252  1712.53357  1719.60461  1726.67566  1733.74670  1740.81787  1747.88892  1754.95996  1762.03101  1769.10205  1776.17322  1783.24426  1790.31531  1797.38635  1804.45740  1811.52856  1818.59961  1825.67065  1832.74170  1839.81274  1846.88379  1853.95496  1861.02600  1868.09705  1875.16809  1882.23914  1889.31030  1896.38135  1903.45239  1910.52344  1917.59448  1924.66553  1931.73669  1938.80774  1945.87878  1952.94983  1960.02087  1967.09204  1974.16309  1981.23413  1988.30518  1995.37622     0.00000     0.00000     0.00000     0.00000     0.00000     0.00000     0.00000     0.00000     0.00000     0.00000     0.00000     0.00000     0.00000     0.00000     0.00000     0.00000     0.00000     0.00000     0.00000     0.00000     0.00000     0.00000     0.00000     0.00000     0.00000     0.00000     0.00000     0.00000     0.00000     0.00000     0.00000     0.00000     0.00000     0.00000     0.00000     0.00000     0.00000     0.00000     0.00000     0.00000     0.00000     0.00000     0.00000     0.00000     0.00000     0.00000     0.00000     0.00000     0.00000
     0.00000     0.00000     0.00000     0.00000     0.00000     0.00000     0.00000     0.00000     0.00000     0.00000     0.00000     0.00000     0.00000     0.00000     0.00000     0.00000     0.00000     0.00000     0.00000     0.00000     0.00000     0.00000     0.00000     0.00000     0.00000     0.00000     0.00000     0.00000     0.00000     0.00000     0.00000     0.00000     0.00000     0.00000     0.00000     0.00000     0.00000     0.00000     0.00000     0.00000     0.00000     0.00000     0.00000     0.00000     0.00000     0.00000     0.00000     0.00000     0.00000     0.00000  1090.27954  1097.35059  1104.42175  1111.49280  1118.56384  1125.63501  1132.70605  1139.77710  1146.84814  1153.91919  1160.99023  1168.06128  1175.13232  1182.20349  1189.27454  1196.34570  1203.41675  1210.48779  1217.55884  1224.62988  1231.70093  1238.77197  1245.84302  1252.91418  1259.98523  1267.05627  1274.12744  1281.19849  1288.26953  1295.34058  1302.41162  1309.48267  1316.55371  1323.62476  1330.69592  1337.76697  1344.83801  1351.90918  1358.98022  1366.05127  1373.12231  1380.19336  1387.26440  1394.33545  1401.40649  1408.47766  1415.54871  1422.61975  1429.69080  1436.76196  1443.83301  1450.90405  1457.97510  1465.04614  1472.11731  1479.18835  1486.25940  1493.33044  1500.40149  1507.47253  1514.54370  1521.61475  1528.68579  1535.75684  1542.82788  1549.89905  1556.97009  1564.04114  1571.11218  1578.18323  1585.25439  1592.32544  1599.39648  1606.46753  1613.53857  1620.60962  1627.68079  1634.75183  1641.82288  1648.89392  1655.96497  1663.03613  1670.10718  1677.17822  1684.24927  1691.32031  1698.39148  1705.46252  1712.53357  1719.60461  1726.67566  1733.74670  1740.81787  1747.88892  1754.95996  1762.03101  1769.10205  1776.17322  1783.24426  1790.31531  1797.38635  1804.45740  1811.52856  1818.59961  1825.67065  1832.74170  1839.81274  1846.88379  1853.95496  1861.02600  1868.09705  1875.16809  1882.23914  1889.31030  1896.38135  1903.45239  1910.52344  1917.59448  1924.66553  1931.73669  1938.80774  1945.87878  1952.94983  1960.02087  1967.09204  1974.16309  1981.23413  1988.30518  1995.37622     0.00000     0.00000     0.00000     0.00000     0.00000     0.00000     0.00000     0.00000     0.00000     0.00000     0.00000     0.00000     0.00000     0.00000     0.00000     0.00000     0.00000     0.00000     0.00000     0.00000     0.00000     0.00000     0.00000     0.00000     0.00000     0.00000     0.00000     0.00000     0.00000     0.00000     0.00000     0.00000     0.00000     0.00000     0.00000     0.00000     0.00000     0.00000     0.00000     0.00000     0.00000     0.00000     0.00000     0.00000     0.00000     0.00000     0.00000     0.00000     0.00000     0.00000
     0.00000     0.00000     0.00000     0.00000     0.00000     0.00000     0.00000     0.00000     0.00000     0.00000     0.00000     0.00000     0.00000     0.00000     0.00000     0.00000     0.00000     0.00000     0.00000     0.00000     0.00000     0.00000     0.00000     0.00000     0.00000     0.00000     0.00000     0.00000     0.00000     0.00000     0.00000     0.00000     0.00000     0.00000     0.00000     0.00000     0.00000     0.00000     0.00000     0.00000     0.00000     0.00000     0.00000     0.00000     0.00000     0.00000     0.00000     0.00000     0.00000     0.00000     0.00000  1104.42175  1111.49280  1118.56384  1125.63501  1132.70605  1139.77710  1146.84814  1153.91919  1160.99023  1168.06128  1175.13232  1182.20349  1189.27454  1196.34570  1203.41675  1210.48779  1217.55884  1224.62988  1231.70093  1238.77197  1245.84302  1252.91418  1259.98523  1267.05627  1274.12744  1281.19849  1288.26953  1295.34058  1302.41162  1309.48267  1316.55371  1323.62476  1330.69592  1337.76697  1344.83801  1351.90918  1358.98022  1366.05127  1373.12231  1380.19336  1387.26440  1394.33545  1401.40649  1408.47766  1415.54871  1422.61975  1429.69080  1436.76196  1443.83301  1450.90405  1457.97510  1465.04614  1472.11731  1479.18835  1486.25940  1493.33044  1500.40149  1507.47253  1514.54370  1521.61475  1528.68579  1535.75684  1542.82788  1549.89905  1556.97009  1564.04114  1571.11218  1578.18323  1585.25439  1592.32544  1599.39648  1606.46753  1613.53857  1620.60962  1627.68079  1634.75183  1641.82288  1648.89392  1655.96497  1663.03613  1670.10718  1677.17822  1684.24927  1691.32031  1698.39148  1705.46252  1712.53357  1719.60461  1726.67566  1733.74670  1740.81787  1747.88892  1754.95996  1762.03101  1769.10205  1776.17322  1783.24426  1790.31531  1797.38635  1804.45740  1811.52856  1818.59961  1825.67065  1832.74170  1839.81274  1846.88379  1853.95496  1861.02600  1868.09705  1875.16809  1882.23914  1889.31030  1896.38135  1903.45239  1910.52344  1917.59448  1924.66553  1931.73669  1938.80774  1945.87878  1952.94983  1960.02087  1967.09204  1974.16309  1981.23413  1988.30518  1995.37622     0.00000     0.00000     0.00000     0.00000     0.00000     0.00000     0.00000     0.00000     0.00000     0.00000     0.00000     0.00000     0.00000     0.00000     0.00000     0.00000     0.00000     0.00000     0.00000     0.00000     0.00000     0.00000     0.00000     0.00000     0.00000     0.00000     0.00000     0.00000     0.00000     0.00000     0.00000     0.00000     0.00000     0.00000     0.00000     0.00000     0.00000     0.00000     0.00000     0.00000     0.00000     0.00000     0.00000     0.00000     0.00000     0.00000     0.00000     0.00000     0.00000     0.00000     0.00000
     0.00000     0.00000     0.00000     0.00000     0.00000     0.00000     0.00000     0.00000     0.00000     0.00000     0.00000     0.00000     0.00000     0.00000     0.00000     0.00000     0.00000     0.00000     0.00000     0.00000     0.00000     0.00000     0.00000     0.00000     0.00000     0.00000     0.00000     0.00000     0.00000     0.00000     0.00000     0.00000     0.00000     0.00000     0.00000     0.00000     0.00000     0.00000     0.00000     0.00000     0.00000     0.00000     0.00000     0.00000     0.00000     0.00000     0.00000     0.00000     0.00000     0.00000     0.00000     0.00000  1118.56384  1125.63501  1132.70605  1139.77710  1146.84814  1153.91919  1160.99023  1168.06128  1175.13232  1182.20349  1189.27454  1196.34570  1203.41675  1210.48779  1217.55884  1224.62988  1231.70093  1238.77197  1245.84302  1252.91418  1259.98523  1267.05627  1274.12744  1281.19849  1288.26953  1295.34058  1302.41162  1309.48267  1316.55371  1323.62476  1330.69592  1337.76697  1344.83801  1351.90918  1358.98022  1366.05127  1373.12231  1380.19336  1387.26440  1394.33545  1401.40649  1408.47766  1415.54871  1422.61975  1429.69080  1436.76196  1443.83301  1450.90405  1457.97510  1465.04614  1472.11731  1479.18835  1486.25940  1493.33044  1500.40149  1507.47253  1514.54370  1521.61475  1528.68579  1535.75684  1542.82788  1549.89905  1556.97009  1564.04114  1571.11218  1578.18323  1585.25439  1592.32544  1599.39648  1606.46753  1613.53857  1620.60962  1627.68079  1634.75183  1641.82288  1648.89392  1655.96497  1663.03613  1670.10718  1677.17822  1684.24927  1691.32031  1698.39148  1705.46252  1712.53357  1719.60461  1726.67566  1733.74670  1740.81787  1747.88892  1754.95996  1762.03101  1769.10205  1776.17322  1783.24426  1790.31531  1797.38635  1804.45740  1811.52856  1818.59961  1825.67065  1832.74170  1839.81274  1846.88379  1853.95496  1861.02600  1868.09705  1875.16809  1882.23914  1889.31030  1896.38135  1903.45239  1910.52344  1917.59448  1924.66553  1931.73669  1938.80774  1945.87878  1952.94983  1960.02087  1967.09204  1974.16309  1981.23413  1988.30518  1995.37622     0.00000     0.00000     0.00000     0.00000     0.00000     0.00000     0.00000     0.00000     0.00000     0.00000     0.00000     0.00000     0.00000     0.00000     0.00000     0.00000     0.00000     0.00000     0.00000     0.00000     0.00000     0.00000     0.00000     0.00000     0.00000     0.00000     0.00000     0.00000     0.00000     0.00000     0.00000     0.00000     0.00000     0.00000     0.00000     0.00000     0.00000     0.00000     0.00000     0.00000     0.00000     0.00000     0.00000     0.00000     0.00000     0.00000     0.00000     0.00000     0.00000     0.00000     0.00000     0.00000
     0.00000     0.00000     0.00000     0.00000     0.00000     0.00000     0.00000     0.00000     0.00000     0.00000     0.00000     0.00000     0.00000     0.00000     0.00000     0.00000     0.00000     0.00000     0.00000     0.00000     0.00000     0.00000     0.00000     0.00000     0.00000     0.00000     0.00000     0.00000     0.00000     0.00000     0.00000     0.00000     0.00000     0.00000     0.00000     0.00000     0.00000     0.00000     0.00000     0.00000     0.00000     0.00000     0.00000     0.00000     0.00000     0.00000     0.00000     0.00000     0.00000     0.00000     0.00000     0.00000     0.00000  1132.70605  1139.77710  1146.84814  1153.91919  1160.99023  1168.06128  1175.13232  1182.20349  1189.27454  1196.34570  1203.41675  1210.48779  1217.55884  1224.62988  1231.70093  1238.77197  1245.84302  1252.91418  1259.98523  1267.05627  1274.12744  1281.19849  1288.26953  1295.34058  1302.41162  1309.48267  1316.55371  1323.62476  1330.69592  1337.76697  1344.83801  1351.90918  1358.98022  1366.05127  1373.12231  1380.19336  1387.26440  1394.33545  1401.40649  1408.47766  1415.54871  1422.61975  1429.69080  1436.76196  1443.83301  1450.90405  1457.97510  1465.04614  1472.11731  1479.18835  1486.25940  1493.33044  1500.40149  1507.47253  1514.54370  1521.61475  1528.68579  1535.75684  1542.82788  1549.89905  1556.97009  1564.04114  1571.11218  1578.18323  1585.25439  1592.32544  1599.39648  1606.46753  1613.53857  1620.60962  1627.68079  1634.75183  1641.82288  1648.89392  1655.96497  1663.03613  1670.10718  1677.17822  1684.24927  1691.32031  1698.39148  1705.46252  1712.53357  1719.60461  1726.67566  1733.74670  1740.81787  1747.88892  1754.95996  1762.03101  1769.10205  1776.17322  1783.24426  1790.31531  1797.38635  1804.45740  1811.52856  1818.59961  1825.67065  1832.74170  1839.81274  1846.88379  1853.95496  1861.02600  1868.09705  1875.16809  1882.23914  1889.31030  1896.38135  1903.45239  1910.52344  1917.59448  1924.66553  1931.73669  1938.80774  1945.87878  1952.94983  1960.02087  1967.09204  1974.16309  1981.23413  1988.30518  1995.37622     0.00000     0.00000     0.00000     0.00000     0.00000     0.00000     0.00000     0.00000     0.00000     0.00000     0.00000     0.00000     0.00000     0.00000     0.00000     0.00000     0.00000     0.00000     0.00000     0.00000     0.00000     0.00000     0.00000     0.00000     0.00000     0.00000     0.00000     0.00000     0.00000     0.00000     0.00000     0.00000     0.00000     0.00000     0.00000     0.00000     0.00000     0.00000     0.00000     0.00000     0.00000     0.00000     0.00000     0.00000     0.00000     0.00000     0.00000     0.00000     0.00000     0.00000     0.00000     0.00000     0.00000
     0.00000     0.00000     0.00000     0.00000     0.00000     0.00000     0.00000     0.00000     0.00000     0.00000     0.00000     0.00000     0.00000     0.00000     0.00000     0.00000     0.00000     0.00000     0.00000     0.00000     0.00000     0.00000     0.00000     0.00000     0.00000     0.00000     0.00000     0.00000     0.00000     0.00000     0.00000     0.00000     0.00000     0.00000     0.00000     0.00000     0.00000     0.00000     0.00000     0.00000     0.00000     0.00000     0.00000     0.00000     0.00000     0.00000     0.00000     0.00000     0.00000     0.00000     0.00000     0.00000     0.00000     0.00000  1146.84814  1153.91919  1160.99023  1168.06128  1175.13232  1182.20349  1189.27454  1196.34570  1203.41675  1210.48779  1217.55884  1224.62988  1231.70093  1238.77197  1245.84302  1252.91418  1259.98523  1267.05627  1274.12744  1281.19849  1288.26953  1295.34058  1302.41162  1309.48267  1316.55371  1323.62476  1330.69592  1337.76697  1344.83801  1351.90918  1358.98022  1366.05127  1373.12231  1380.19336  1387.26440  1394.33545  1401.40649  1408.47766  1415.54871  1422.61975  1429.69080  1436.76196  1443.83301  1450.90405  1457.97510  1465.04614  1472.11731  1479.18835  1486.25940  1493.33044  1500.40149  1507.47253  1514.54370  1521.61475  1528.68579  1535.75684  1542.82788  1549.89905  1556.97009  1564.04114  1571.11218  1578.18323  1585.25439  1592.32544  1599.39648  1606.46753  1613.53857  1620.60962  1627.68079  1634.75183  1641.82288  1648.89392  1655.96497  1663.03613  1670.10718  1677.17822  1684.24927  1691.32031  1698.39148  1705.46252  1712.53357  1719.60461  1726.67566  1733.74670  1740.81787  1747.88892  1754.95996  1762.03101  1769.10205  1776.17322  1783.24426  1790.31531  1797.38635  1804.45740  1811.52856  1818.59961  1825.67065  1832.74170  1839.81274  1846.88379  1853.95496  1861.02600  1868.09705  1875.16809  1882.23914  1889.31030  1896.38135  1903.45239  1910.52344  1917.59448  1924.66553  1931.73669  1938.80774  1945.87878  1952.94983  1960.02087  1967.09204  1974.16309  1981.23413  1988.30518  1995.37622     0.00000     0.00000     0.00000     0.00000     0.00000     0.00000     0.00000     0.00000     0.00000     0.00000     0.00000     0.00000     0.00000     0.00000     0.00000     0.00000     0.00000     0.00000     0.00000     0.00000     0.00000     0.00000     0.00000     0.00000     0.00000     0.00000     0.00000     0.00000     0.00000     0.00000     0.00000     0.00000     0.00000     0.00000     0.00000     0.00000     0.00000     0.00000     0.00000     0.00000     0.00000     0.00000     0.00000     0.00000     0.00000     0.00000     0.00000     0.00000     0.00000     0.00000     0.00000     0.00000     0.00000     0.00000
     0.00000     0.00000     0.00000     0.00000     0.00000     0.00000     0.00000     0.00000     0.00000     0.00000     0.00000     0.00000     0.00000     0.00000     0.00000     0.00000     0.00000     0.00000     0.00000     0.00000     0.00000     0.00000     0.00000     0.00000     0.00000     0.00000     0.00000     0.00000     0.00000     0.00000     0.00000     0.00000     0.00000     0.00000     0.00000     0.00000     0.00000     0.00000     0.00000     0.00000     0.00000     0.00000     0.00000     0.00000     0.00000     0.00000     0.00000     0.00000     0.00000     0.00000     0.00000     0.00000     0.00000     0.00000     0.00000  1160.99023  1168.06128  1175.13232  1182.20349  1189.27454  1196.34570  1203.41675  1210.48779  1217.55884  1224.62988  1231.70093  1238.77197  1245.84302  1252.91418  1259.98523  1267.05627  1274.12744  1281.19849  1288.26953  1295.34058  1302.41162  1309.48267  1316.55371  1323.62476  1330.69592  1337.76697  1344.83801  1351.90918  1358.98022  1366.05127  1373.12231  1380.19336  1387.26440  1394.33545  1401.40649  1408.47766  1415.54871  1422.61975  1429.69080  1436.76196  1443.83301  1450.90405  1457.97510  1465.04614  1472.11731  1479.18835  1486.25940  1493.33044  1500.40149  1507.47253  1514.54370  1521.61475  1528.68579  1535.75684  1542.82788  1549.89905  1556.97009  1564.04114  1571.11218  1578.18323  1585.25439  1592.32544  1599.39648  1606.46753  1613.53857  1620.60962  1627.68079  1634.75183  1641.82288  1648.89392  1655.96497  1663.03613  1670.10718  1677.17822  1684.24927  1691.32031  1698.39148  1705.46252  1712.53357  1719.60461  1726.67566  1733.74670  1740.81787  1747.88892  1754.95996  1762.03101  1769.10205  1776.17322  1783.24426  1790.31531  1797.38635  1804.45740  1811.52856  1818.59961  1825.67065  1832.74170  1839.81274  1846.88379  1853.95496  1861.02600  1868.09705  1875.16809  1882.23914  1889.31030  1896.38135  1903.45239  1910.52344  1917.59448  1924.66553  1931.73669  1938.80774  1945.87878  1952.94983  1960.02087  1967.09204  1974.16309  1981.23413  1988.30518  1995.37622     0.00000     0.00000     0.00000     0.00000     0.00000     0.00000     0.00000     0.00000     0.00000     0.00000     0.00000     0.00000     0.00000     0.00000     0.00000     0.00000     0.00000     0.00000     0.00000     0.00000     0.00000     0.00000     0.00000     0.00000     0.00000     0.00000     0.00000     0.00000     0.00000     0.00000     0.00000     0.00000     0.00000     0.00000     0.00000     0.00000     0.00000     0.00000     0.00000     0.00000     0.00000     0.00000     0.00000     0.00000     0.00000     0.00000     0.00000     0.00000     0.00000     0.00000     0.00000     0.00000     0.00000     0.00000     0.00000
     0.00000     0.00000     0.00000     0.00000     0.00000     0.00000     0.00000     0.00000     0.00000     0.00000     0.00000     0.00000     0.00000     0.00000     0.00000     0.00000     0.00000     0.00000     0.00000     0.00000     0.00000     0.00000     0.00000     0.00000     0.00000     0.00000     0.00000     0.00000     0.00000     0.00000     0.00000     0.00000     0.00000     0.00000     0.00000     0.00000     0.00000     0.00000     0.00000     0.00000     0.00000     0.00000     0.00000     0.00000     0.00000     0.00000     0.00000     0.00000     0.00000     0.00000     0.00000     0.00000     0.00000     0.00000     0.00000     0.00000  1175.13232  1182.20349  1189.27454  1196.34570  1203.41675  1210.48779  1217.55884  1224.62988  1231.70093  1238.77197  1245.84302  1252.91418  1259.98523  1267.05627  1274.12744  1281.19849  1288.26953  1295.34058  1302.41162  1309.48267  1316.55371  1323.62476  1330.69592  1337.76697  1344.83801  1351.90918  1358.98022  1366.05127  1373.12231  1380.19336  1387.26440  1394.33545  1401.40649  1408.47766  1415.54871  1422.61975  1429.69080  1436.76196  1443.83301  1450.90405  1457.97510  1465.04614  1472.11731  1479.18835  1486.25940  1493.33044  1500.40149  1507.47253  1514.54370  1521.61475  1528.68579  1535.75684  1542.82788  1549.89905  1556.97009  1564.04114  1571.11218  1578.18323  1585.25439  1592.32544  1599.39648  1606.46753  1613.53857  1620.60962  1627.68079  1634.75183  1641.82288  1648.89392  1655.96497  1663.03613  1670.10718  1677.17822  1684.24927  1691.32031  1698.39148  1705.46252  1712.53357  1719.60461  1726.67566  1733.74670  1740.81787  1747.88892  1754.95996  1762.03101  1769.10205  1776.17322  1783.24426  1790.31531  1797.38635  1804.45740  1811.52856  1818.59961  1825.67065  1832.74170  1839.81274  1846.88379  1853.95496  1861.02600  1868.09705  1875.16809  1882.23914  1889.31030  1896.38135  1903.45239  1910.52344  1917.59448  1924.66553  1931.73669  1938.80774  1945.87878  1952.94983  1960.02087  1967.09204  1974.16309  1981.23413  1988.30518  1995.37622     0.00000     0.00000     0.00000     0.00000     0.00000     0.00000     0.00000     0.00000     0.00000     0.00000     0.00000     0.00000     0.00000     0.00000     0.00000     0.00000     0.00000     0.00000     0.00000     0.00000     0.00000     0.00000     0.00000     0.00000     0.00000     0.00000     0.00000     0.00000     0.00000     0.00000     0.00000     0.00000     0.00000     0.00000     0.00000     0.00000     0.00000     0.00000     0.00000     0.00000     0.00000     0.00000     0.00000     0.00000     0.00000     0.00000     0.00000     0.00000     0.00000     0.00000     0.00000     0.00000     0.00000     0.00000     0.00000     0.00000
     0.00000     0.00000     0.00000     0.00000     0.00000     0.00000     0.00000     0.00000     0.00000     0.00000     0.00000     0.00000     0.00000     0.00000     0.00000     0.00000     0.00000     0.00000     0.00000     0.00000     0.00000     0.00000     0.00000     0.00000     0.00000     0.00000     0.00000     0.00000     0.00000     0.00000     0.00000     0.00000     0.00000     0.00000     0.00000     0.00000     0.00000     0.00000     0.00000     0.00000     0.00000     0.00000     0.00000     0.00000     0.00000     0.00000     0.00000     0.00000     0.00000     0.00000     0.00000     0.00000     0.00000     0.00000     0.00000     0.00000     0.00000  1189.27454  1196.34570  1203.41675  1210.48779  1217.55884  1224.62988  1231.70093  1238.77197  1245.84302  1252.91418  1259.98523  1267.05627  1274.12744  1281.19849  1288.26953  1295.34058  1302.41162  1309.48267  1316.55371  1323.62476  1330.69592  1337.76697  1344.83801  1351.90918  1358.98022  1366.05127  1373.12231  1380.19336  1387.26440  1394.33545  1401.40649  1408.47766  1415.54871  1422.61975  1429.69080  1436.76196  1443.83301  1450.90405  1457.97510  1465.04614  1472.11731  1479.18835  1486.25940  1493.33044  1500.40149  1507.47253  1514.54370  1521.61475  1528.68579  1535.75684  1542.82788  1549.89905  1556.97009  1564.04114  1571.11218  1578.18323  1585.25439  1592.32544  1599.39648  1606.46753  1613.53857  1620.60962  1627.68079  1634.75183  1641.82288  1648.89392  1655.96497  1663.03613  1670.10718  1677.17822  1684.24927  1691.32031  1698.39148  1705.46252  1712.53357  1719.60461  1726.67566  1733.74670  1740.81787  1747.88892  1754.95996  1762.03101  1769.10205  1776.17322  1783.24426  1790.31531  1797.38635  1804.45740  1811.52856  1818.59961  1825.67065  1832.74170  1839.81274  1846.88379  1853.95496  1861.02600  1868.09705  1875.16809  1882.23914  1889.31030  1896.38135  1903.45239  1910.52344  1917.59448  1924.66553  1931.73669  1938.80774  1945.87878  1952.94983  1960.02087  1967.09204  1974.16309  1981.23413  1988.30518  1995.37622     0.00000     0.00000     0.00000     0.00000     0.00000     0.00000     0.00000     0.00000     0.00000     0.00000     0.00000     0.00000     0.00000     0.00000     0.00000     0.00000     0.00000     0.00000     0.00000     0.00000     0.00000     0.00000     0.00000     0.00000     0.00000     0.00000     0.00000     0.00000     0.00000     0.00000     0.00000     0.00000     0.00000     0.00000     0.00000     0.00000     0.00000     0.00000     0.00000     0.00000     0.00000     0.00000     0.00000     0.00000     0.00000     0.00000     0.00000     0.00000     0.00000     0.00000     0.00000     0.00000     0.00000     0.00000     0.00000     0.00000     0.00000
     0.00000     0.00000     0.00000     0.00000     0.00000     0.00000     0.00000     0.00000     0.00000     0.00000     0.00000     0.00000     0.00000     0.00000     0.00000     0.00000     0.00000     0.00000     0.00000     0.00000     0.00000     0.00000     0.00000     0.00000     0.00000     0.00000     0.00000     0.00000     0.00000     0.00000     0.00000     0.00000     0.00000     0.00000     0.00000     0.00000     0.00000     0.00000     0.00000     0.00000     0.00000     0.00000     0.00000     0.00000     0.00000     0.00000     0.00000     0.00000     0.00000     0.00000     0.00000     0.00000     0.00000     0.00000     0.00000     0.00000     0.00000     0.00000  1203.41675  1210.48779  1217.55884  1224.62988  1231.70093  1238.77197  1245.84302  1252.91418  1259.98523  1267.05627  1274.12744  1281.19849  1288.26953  1295.34058  1302.41162  1309.48267  1316.55371  1323.62476  1330.69592  1337.76697  1344.83801  1351.90918  1358.98022  1366.05127  1373.12231  1380.19336  1387.26440  1394.33545  1401.40649  1408.47766  1415.54871  1422.61975  1429.69080  1436.76196  1443.83301  1450.90405  1457.97510  1465.04614  1472.11731  1479.18835  1486.25940  1493.33044  1500.40149  1507.47253  1514.54370  1521.61475  1528.68579  1535.75684  1542.82788  1549.89905  1556.97009  1564.04114  1571.11218  1578.18323  1585.25439  1592.32544  1599.39648  1606.46753  1613.53857  1620.60962  1627.68079  1634.75183  1641.82288  1648.89392  1655.96497  1663.03613  1670.10718  1677.17822  1684.24927  1691.32031  1698.39148  1705.46252  1712.53357  1719.60461  1726.67566  1733.74670  1740.81787  1747.88892  1754.95996  1762.03101  1769.10205  1776.17322  1783.24426  1790.31531  1797.38635  1804.45740  1811.52856  1818.59961  1825.67065  1832.74170  1839.81274  1846.88379  1853.95496  1861.02600  1868.09705  1875.16809  1882.23914  1889.31030  1896.38135  1903.45239  1910.52344  1917.59448  1924.66553  1931.73669  1938.80774  1945.87878  1952.94983  1960.02087  1967.09204  1974.16309  1981.23413  1988.30518  1995.37622     0.00000     0.00000     0.00000     0.00000     0.00000     0.00000     0.00000     0.00000     0.00000     0.00000     0.00000     0.00000     0.00000     0.00000     0.00000     0.00000     0.00000     0.00000     0.00000     0.00000     0.00000     0.00000     0.00000     0.00000     0.00000     0.00000     0.00000     0.00000     0.00000     0.00000     0.00000     0.00000     0.00000     0.00000     0.00000     0.00000     0.00000     0.00000     0.00000     0.00000     0.00000     0.00000     0.00000     0.00000     0.00000     0.00000     0.00000     0.00000     0.00000     0.00000     0.00000     0.00000     0.00000     0.00000     0.00000     0.00000     0.00000     0.00000
     0.00000     0.00000     0.00000     0.00000     0.00000     0.00000     0.00000     0.00000     0.00000     0.00000     0.00000     0.00000     0.00000     0.00000     0.00000     0.00000     0.00000     0.00000     0.00000     0.00000     0.00000     0.00000     0.00000     0.00000     0.00000     0.00000     0.00000     0.00000     0.00000     0.00000     0.00000     0.00000     0.00000     0.00000     0.00000     0.00000     0.00000     0.00000     0.00000     0.00000     0.00000     0.00000     0.00000     0.00000     0.00000     0.00000     0.00000     0.00000     0.00000     0.00000     0.00000     0.00000     0.00000     0.00000     0.00000     0.00000     0.00000     0.00000     0.00000  1217.55884  1224.62988  1231.70093  1238.77197  1245.84302  1252.91418  1259.98523  1267.05627  1274.12744  1281.19849  1288.26953  1295.34058  1302.41162  1309.48267  1316.55371  1323.62476  1330.69592  1337.76697  1344.83801  1351.90918  1358.98022  1366.05127  1373.12231  1380.19336  1387.26440  1394.33545  1401.40649  1408.47766  1415.54871  1422.61975  1429.69080  1436.76196  1443.83301  1450.90405  1457.97510  1465.04614  1472.11731  1479.18835  1486.25940  1493.33044  1500.40149  1507.47253  1514.54370  1521.61475  1528.68579  1535.75684  1542.82788  1549.89905  1556.97009  1564.04114  1571.11218  1578.18323  1585.25439  1592.32544  1599.39648  1606.46753  1613.53857  1620.60962  1627.68079  1634.75183  1641.82288  1648.89392  1655.96497  1663.03613  1670.10718  1677.17822  1684.24927  1691.32031  1698.39148  1705.46252  1712.53357  1719.60461  1726.67566  1733.74670  1740.81787  1747.88892  1754.95996  1762.03101  1769.10205  1776.17322  1783.24426  1790.31531  1797.38635  1804.45740  1811.52856  1818.59961  1825.67065  1832.74170  1839.81274  1846.88379  1853.95496  1861.02600  1868.09705  1875.16809  1882.23914  1889.31030  1896.38135  1903.45239  1910.52344  1917.59448  1924.66553  1931.73669  1938.80774  1945.87878  1952.94983  1960.02087  1967.09204  1974.16309  1981.23413  1988.30518  1995.37622     0.00000     0.00000     0.00000     0.00000     0.00000     0.00000     0.00000     0.00000     0.00000     0.00000     0.00000     0.00000     0.00000     0.00000     0.00000     0.00000     0.00000     0.00000     0.00000     0.00000     0.00000     0.00000     0.00000     0.00000     0.00000     0.00000     0.00000     0.00000     0.00000     0.00000     0.00000     0.00000     0.00000     0.00000     0.00000     0.00000     0.00000     0.00000     0.00000     0.00000     0.00000     0.00000     0.00000     0.00000     0.00000     0.00000     0.00000     0.00000     0.00000     0.00000     0.00000     0.00000     0.00000     0.00000     0.00000     0.00000     0.00000     0.00000     0.00000
     0.00000     0.00000     0.00000     0.00000     0.00000     0.00000     0.00000     0.00000     0.00000     0.00000     0.00000     0.00000     0.00000     0.00000     0.00000     0.00000     0.00000     0.00000     0.00000     0.00000     0.00000     0.00000     0.00000     0.00000     0.00000     0.00000     0.00000     0.00000     0.00000     0.00000     0.00000     0.00000     0.00000     0.00000     0.00000     0.00000     0.00000     0.00000     0.00000     0.00000     0.00000     0.00000     0.00000     0.00000     0.00000     0.00000     0.00000     0.00000     0.00000     0.00000     0.00000     0.00000     0.00000     0.00000     0.00000     0.00000     0.00000     0.00000     0.00000     0.00000  1231.70093  1238.77197  1245.84302  1252.91418  1259.98523  1267.05627  1274.12744  1281.19849  1288.26953  1295.34058  1302.41162  1309.48267  1316.55371  1323.62476  1330.69592  1337.76697  1344.83801  1351.90918  1358.98022  1366.05127  1373.12231  1380.19336  1387.26440  1394.33545  1401.40649  1408.47766  1415.54871  1422.61975  1429.69080  1436.76196  1443.83301  1450.90405  1457.97510  1465.04614  1472.11731  1479.18835  1486.25940  1493.33044  1500.40149  1507.47253  1514.54370  1521.61475  1528.68579  1535.75684  1542.82788  1549.89905  1556.97009  1564.04114  1571.11218  1578.18323  1585.25439  1592.32544  1599.39648  1606.46753  1613.53857  1620.60962  1627.68079  1634.75183  1641.82288  1648.89392  1655.96497  1663.03613  1670.10718  1677.17822  1684.24927  1691.32031  1698.39148  1705.46252  1712.53357  1719.60461  1726.67566  1733.74670  1740.81787  1747.88892  1754.95996  1762.03101  1769.10205  1776.17322  1783.24426  1790.31531  1797.38635  1804.45740  1811.52856  1818.59961  1825.67065  1832.74170  1839.81274  1846.88379  1853.95496  1861.02600  1868.09705  1875.16809  1882.23914  1889.31030  1896.38135  1903.45239  1910.52344  1917.59448  1924.66553  1931.73669  1938.80774  1945.87878  1952.94983  1960.02087  1967.09204  1974.16309  1981.23413  1988.30518  1995.37622     0.00000     0.00000     0.00000     0.00000     0.00000     0.00000     0.00000     0.00000     0.00000     0.00000     0.00000     0.00000     0.00000     0.00000     0.00000     0.00000     0.00000     0.00000     0.00000     0.00000     0.00000     0.00000     0.00000     0.00000     0.00000     0.00000     0.00000     0.00000     0.00000     0.00000     0.00000     0.00000     0.00000     0.00000     0.00000     0.00000     0.00000     0.00000     0.00000     0.00000     0.00000     0.00000     0.00000     0.00000     0.00000     0.00000     0.00000     0.00000     0.00000     0.00000     0.00000     0.00000     0.00000     0.00000     0.00000     0.00000     0.00000     0.00000     0.00000     0.00000
     0.00000     0.00000     0.00000     0.00000     0.00000     0.00000     0.00000     0.00000     0.00000     0.00000     0.00000     0.00000     0.00000     0.00000     0.00000     0.00000     0.00000     0.00000     0.00000     0.00000     0.00000     0.00000     0.00000     0.00000     0.00000     0.00000     0.00000     0.00000     0.00000     0.00000     0.00000     0.00000     0.00000     0.00000     0.00000     0.00000     0.00000     0.00000     0.00000     0.00000     0.00000     0.00000     0.00000     0.00000     0.00000     0.00000     0.00000     0.00000     0.00000     0.00000     0.00000     0.00000     0.00000     0.00000     0.00000     0.00000     0.00000     0.00000     0.00000     0.00000     0.00000  1245.84302  1252.91418  1259.98523  1267.05627  1274.12744  1281.19849  1288.26953  1295.34058  1302.41162  1309.48267  1316.55371  1323.62476  1330.69592  1337.76697  1344.83801  1351.90918  1358.98022  1366.05127  1373.12231  1380.19336  1387.26440  1394.33545  1401.40649  1408.47766  1415.54871  1422.61975  1429.69080  1436.76196  1443.83301  1450.90405  1457.97510  1465.04614  1472.11731  1479.18835  1486.25940  1493.33044  1500.40149  1507.47253  1514.54370  1521.61475  1528.68579  1535.75684  1542.82788  1549.89905  1556.97009  1564.04114  1571.11218  1578.18323  1585.25439  1592.32544  1599.39648  1606.46753  1613.53857  1620.60962  1627.68079  1634.75183  1641.82288  1648.89392  1655.96497  1663.03613  1670.10718  1677.17822  1684.24927  1691.32031  1698.39148  1705.46252  1712.53357  1719.60461  1726.67566  1733.74670  1740.81787  1747.88892  1754.95996  1762.03101  1769.10205  1776.17322  1783.24426  1790.31531  1797.38635  1804.45740  1811.52856  1818.59961  1825.67065  1832.74170  1839.81274  1846.88379  1853.95496  1861.02600  1868.09705  1875.16809  1882.23914  1889.31030  1896.38135  1903.45239  1910.52344  1917.59448  1924.66553  1931.73669  1938.80774  1945.87878  1952.94983  1960.02087  1967.09204  1974.16309  1981.23413  1988.30518  1995.37622     0.00000     0.00000     0.00000     0.00000     0.00000     0.00000     0.00000     0.00000     0.00000     0.00000     0.00000     0.00000     0.00000     0.00000     0.00000     0.00000     0.00000     0.00000     0.00000     0.00000     0.00000     0.00000     0.00000     0.00000     0.00000     0.00000     0.00000     0.00000     0.00000     0.00000     0.00000     0.00000     0.00000     0.00000     0.00000     0.00000     0.00000     0.00000     0.00000     0.00000     0.00000     0.00000     0.00000     0.00000     0.00000     0.00000     0.00000     0.00000     0.00000     0.00000     0.00000     0.00000     0.00000     0.00000     0.00000     0.00000     0.00000     0.00000     0.00000     0.00000     0.00000
     0.00000     0.00000     0.00000     0.00000     0.00000     0.00000     0.00000     0.00000     0.00000     0.00000     0.00000     0.00000     0.00000     0.00000     0.00000     0.00000     0.00000     0.00000     0.00000     0.00000     0.00000     0.00000     0.00000     0.00000     0.00000     0.00000     0.00000     0.00000     0.00000     0.00000     0.00000     0.00000     0.00000     0.00000     0.00000     0.00000     0.00000     0.00000     0.00000     0.00000     0.00000     0.00000     0.00000     0.00000     0.00000     0.00000     0.00000     0.00000     0.00000     0.00000     0.00000     0.00000     0.00000     0.00000     0.00000     0.00000     0.00000     0.00000     0.00000     0.00000     0.00000     0.00000  1259.98523  1267.05627  1274.12744  1281.19849  1288.26953  1295.34058  1302.41162  1309.48267  1316.55371  1323.62476  1330.69592  1337.76697  1344.83801  1351.90918  1358.98022  1366.05127  1373.12231  1380.19336  1387.26440  1394.33545  1401.40649  1408.47766  1415.54871  1422.61975  1429.69080  1436.76196  1443.83301  1450.90405  1457.97510  1465.04614  1472.11731  1479.18835  1486.25940  1493.33044  1500.40149  1507.47253  1514.54370  1521.61475  1528.68579  1535.75684  1542.82788  1549.89905  1556.97009  1564.04114  1571.11218  1578.18323  1585.25439  1592.32544  1599.39648  1606.46753  1613.53857  1620.60962  1627.68079  1634.75183  1641.82288  1648.89392  1655.96497  1663.03613  1670.10718  1677.17822  1684.24927  1691.32031  1698.39148  1705.46252  1712.53357  1719.60461  1726.67566  1733.74670  1740.81787  1747.88892  1754.95996  1762.03101  1769.10205  1776.17322  1783.24426  1790.31531  1797.38635  1804.45740  1811.52856  1818.59961  1825.67065  1832.74170  1839.81274  1846.88379  1853.95496  1861.02600  1868.09705  1875.16809  1882.23914  1889.31030  1896.38135  1903.45239  1910.52344  1917.59448  1924.66553  1931.73669  1938.80774  1945.87878  1952.94983  1960.02087  1967.09204  1974.16309  1981.23413  1988.30518  1995.37622     0.00000     0.00000     0.00000     0.00000     0.00000     0.00000     0.00000     0.00000     0.00000     0.00000     0.00000     0.00000     0.00000     0.00000     0.00000     0.00000     0.00000     0.00000     0.00000     0.00000     0.00000     0.00000     0.00000     0.00000     0.00000     0.00000     0.00000     0.00000     0.00000     0.00000     0.00000     0.00000     0.00000     0.00000     0.00000     0.00000     0.00000     0.00000     0.00000     0.00000     0.00000     0.00000     0.00000     0.00000     0.00000     0.00000     0.00000     0.00000     0.00000     0.00000     0.00000     0.00000     0.00000     0.00000     0.00000     0.00000     0.00000     0.00000     0.00000     0.00000     0.00000     0.00000
     0.00000     0.00000     0.00000     0.00000     0.00000     0.00000     0.00000     0.00000     0.00000     0.00000     0.00000     0.00000     0.00000     0.00000     0.00000     0.00000     0.00000     0.00000     0.00000     0.00000     0.00000     0.00000     0.00000     0.00000     0.00000     0.00000     0.00000     0.00000     0.00000     0.00000     0.00000     0.00000     0.00000     0.00000     0.00000     0.00000     0.00000     0.00000     0.00000     0.00000     0.00000     0.00000     0.00000     0.00000     0.00000     0.00000     0.00000     0.00000     0.00000     0.00000     0.00000     0.00000     0.00000     0.00000     0.00000     0.00000     0.00000     0.00000     0.00000     0.00000     0.00000     0.00000     0.00000  1274.12744  1281.19849  1288.26953  1295.34058  1302.41162  1309.48267  1316.55371  1323.62476  1330.69592  1337.76697  1344.83801  1351.90918  1358.98022  1366.05127  1373.12231  1380.19336  1387.26440  1394.33545  1401.40649  1408.47766  1415.54871  1422.61975  1429.69080  1436.76196  1443.83301  1450.90405  1457.97510  1465.04614  1472.11731  1479.18835  1486.25940  1493.33044  1500.40149  1507.47253  1514.54370  1521.61475  1528.68579  1535.75684  1542.82788  1549.89905  1556.97009  1564.04114  1571.11218  1578.18323  1585.25439  1592.32544  1599.39648  1606.46753  1613.53857  1620.60962  1627.68079  1634.75183  1641.82288  1648.89392  1655.96497  1663.03613  1670.10718  1677.17822  1684.24927  1691.32031  1698.39148  1705.46252  1712.53357  1719.60461  1726.67566  1733.74670  1740.81787  1747.88892  1754.95996  1762.03101  1769.10205  1776.17322  1783.24426  1790.31531  1797.38635  1804.45740  1811.52856  1818.59961  1825.67065  1832.74170  1839.81274  1846.88379  1853.95496  1861.02600  1868.09705  1875.16809  1882.23914  1889.31030  1896.38135  1903.45239  1910.52344  1917.59448  1924.66553  1931.73669  1938.80774  1945.87878  1952.94983  1960.02087  1967.09204  1974.16309  1981.23413  1988.30518  1995.37622     0.00000     0.00000     0.00000     0.00000     0.00000     0.00000     0.00000     0.00000     0.00000     0.00000     0.00000     0.00000     0.00000     0.00000     0.00000     0.00000     0.00000     0.00000     0.00000     0.00000     0.00000     0.00000     0.00000     0.00000     0.00000     0.00000     0.00000     0.00000     0.00000     0.00000     0.00000     0.00000     0.00000     0.00000     0.00000     0.00000     0.00000     0.00000     0.00000     0.00000     0.00000     0.00000     0.00000     0.00000     0.00000     0.00000     0.00000     0.00000     0.00000     0.00000     0.00000     0.00000     0.00000     0.00000     0.00000     0.00000     0.00000     0.00000     0.00000     0.00000     0.00000     0.00000     0.00000
     0.00000     0.00000     0.00000     0.00000     0.00000     0.00000     0.00000     0.00000     0.00000     0.00000     0.00000     0.00000     0.00000     0.00000     0.00000     0.00000     0.00000     0.00000     0.00000     0.00000     0.00000     0.00000     0.00000     0.00000     0.00000     0.00000     0.00000     0.00000     0.00000     0.00000     0.00000     0.00000     0.00000     0.00000     0.00000     0.00000     0.00000     0.00000     0.00000     0.00000     0.00000     0.00000     0.00000     0.00000     0.00000     0.00000     0.00000     0.00000     0.00000     0.00000     0.00000     0.00000     0.00000     0.00000     0.00000     0.00000     0.00000     0.00000     0.00000     0.00000     0.00000     0.00000     0.00000     0.00000  1288.26953  1295.34058  1302.41162  1309.48267  1316.55371  1323.62476  1330.69592  1337.76697  1344.83801  1351.90918  1358.98022  1366.05127  1373.12231  1380.19336  1387.26440  1394.33545  1401.40649  1408.47766  1415.54871  1422.61975  1429.69080  1436.76196  1443.83301  1450.90405  1457.97510  1465.04614  1472.11731  1479.18835  1486.25940  1493.33044  1500.40149  1507.47253  1514.54370  1521.61475  1528.68579  1535.75684  1542.82788  1549.89905  1556.97009  1564.04114  1571.11218  1578.18323  1585.25439  1592.32544  1599.39648  1606.46753  1613.53857  1620.60962  1627.68079  1634.75183  1641.82288  1648.89392  1655.96497  1663.03613  1670.10718  1677.17822  1684.24927  1691.32031  1698.39148  1705.46252  1712.53357  1719.60461  1726.67566  1733.74670  1740.81787  1747.88892  1754.95996  1762.03101  1769.10205  1776.17322  1783.24426  1790.31531  1797.38635  1804.45740  1811.52856  1818.59961  1825.67065  1832.74170  1839.81274  1846.88379  1853.95496  1861.02600  1868.09705  1875.16809  1882.23914  1889.31030  1896.38135  1903.45239  1910.52344  1917.59448  1924.66553  1931.73669  1938.80774  1945.87878  1952.94983  1960.02087  1967.09204  1974.16309  1981.23413  1988.30518  1995.37622     0.00000     0.00000     0.00000     0.00000     0.00000     0.00000     0.00000     0.00000     0.00000     0.00000     0.00000     0.00000     0.00000     0.00000     0.00000     0.00000     0.00000     0.00000     0.00000     0.00000     0.00000     0.00000     0.00000     0.00000     0.00000     0.00000     0.00000     0.00000     0.00000     0.00000     0.00000     0.00000     0.00000     0.00000     0.00000     0.00000     0.00000     0.00000     0.00000     0.00000     0.00000     0.00000     0.00000     0.00000     0.00000     0.00000     0.00000     0.00000     0.00000     0.00000     0.00000     0.00000     0.00000     0.00000     0.00000     0.00000     0.00000     0.00000     0.00000     0.00000     0.00000     0.00000     0.00000     0.00000
     0.00000     0.00000     0.00000     0.00000     0.00000     0.00000     0.00000     0.00000     0.00000     0.00000     0.00000     0.00000     0.00000     0.00000     0.00000     0.00000     0.00000     0.00000     0.00000     0.00000     0.00000     0.00000     0.00000     0.00000     0.00000     0.00000     0.00000     0.00000     0.00000     0.00000     0.00000     0.00000     0.00000     0.00000     0.00000     0.00000     0.00000     0.00000     0.00000     0.00000     0.00000     0.00000     0.00000     0.00000     0.00000     0.00000     0.00000     0.00000     0.00000     0.00000     0.00000     0.00000     0.00000     0.00000     0.00000     0.00000     0.00000     0.00000     0.00000     0.00000     0.00000     0.00000     0.00000     0.00000     0.00000  1302.41162  1309.48267  1316.55371  1323.62476  1330.69592  1337.76697  1344.83801  1351.90918  1358.98022  1366.05127  1373.12231  1380.19336  1387.26440  1394.33545  1401.40649  1408.47766  1415.54871  1422.61975  1429.69080  1436.76196  1443.83301  1450.90405  1457.97510  1465.04614  1472.11731  1479.18835  1486.25940  1493.33044  1500.40149  1507.47253  1514.54370  1521.61475  1528.68579  1535.75684  1542.82788  1549.89905  1556.97009  1564.04114  1571.11218  1578.18323  1585.25439  1592.32544  1599.39648  1606.46753  1613.53857  1620.60962  1627.68079  1634.75183  1641.82288  1648.89392  1655.96497  1663.03613  1670.10718  1677.17822  1684.24927  1691.32031  1698.39148  1705.46252  1712.53357  1719.60461  1726.67566  1733.74670  1740.81787  1747.88892  1754.95996  1762.03101  1769.10205  1776.17322  1783.24426  1790.31531  1797.38635  1804.45740  1811.52856  1818.59961  1825.67065  1832.74170  1839.81274  1846.88379  1853.95496  1861.02600  1868.09705  1875.16809  1882.23914  1889.31030  1896.38135  1903.45239  1910.52344  1917.59448  1924.66553  1931.73669  1938.80774  1945.87878  1952.94983  1960.02087  1967.09204  1974.16309  1981.23413  1988.30518  1995.37622     0.00000     0.00000     0.00000     0.00000     0.00000     0.00000     0.00000     0.00000     0.00000     0.00000     0.00000     0.00000     0.00000     0.00000     0.00000     0.00000     0.00000     0.00000     0.00000     0.00000     0.00000     0.00000     0.00000     0.00000     0.00000     0.00000     0.00000     0.00000     0.00000     0.00000     0.00000     0.00000     0.00000     0.00000     0.00000     0.00000     0.00000     0.00000     0.00000     0.00000     0.00000     0.00000     0.00000     0.00000     0.00000     0.00000     0.00000     0.00000     0.00000     0.00000     0.00000     0.00000     0.00000     0.00000     0.00000     0.00000     0.00000     0.00000     0.00000     0.00000     0.00000     0.00000     0.00000     0.00000     0.00000
     0.00000     0.00000     0.00000     0.00000     0.00000     0.00000     0.00000     0.00000     0.00000     0.00000     0.00000     0.00000     0.00000     0.00000     0.00000     0.00000     0.00000     0.00000     0.00000     0.00000     0.00000     0.00000     0.00000     0.00000     0.00000     0.00000     0.00000     0.00000     0.00000     0.00000     0.00000     0.00000     0.00000     0.00000     0.00000     0.00000     0.00000     0.00000     0.00000     0.00000     0.00000     0.00000     0.00000     0.00000     0.00000     0.00000     0.00000     0.00000     0.00000     0.00000     0.00000     0.00000     0.00000     0.00000     0.00000     0.00000     0.00000     0.00000     0.00000     0.00000     0.00000     0.00000     0.00000     0.00000     0.00000     0.00000  1316.55371  1323.62476  1330.69592  1337.76697  1344.83801  1351.90918  1358.98022  1366.05127  1373.12231  1380.19336  1387.26440  1394.33545  1401.40649  1408.47766  1415.54871  1422.61975  1429.69080  1436.76196  1443.83301  1450.90405  1457.97510  1465.04614  1472.11731  1479.18835  1486.25940  1493.33044  1500.40149  1507.47253  1514.54370  1521.61475  1528.68579  1535.75684  1542.82788  1549.89905  1556.97009  1564.04114  1571.11218  1578.18323  1585.25439  1592.32544  1599.39648  1606.46753  1613.53857  1620.60962  1627.68079  1634.75183  1641.82288  1648.89392  1655.96497  1663.03613  1670.10718  1677.17822  1684.24927  1691.32031  1698.39148  1705.46252  1712.53357  1719.60461  1726.67566  1733.74670  1740.81787  1747.88892  1754.95996  1762.03101  1769.10205  1776.17322  1783.24426  1790.31531  1797.38635  1804.45740  1811.52856  1818.59961  1825.67065  1832.74170  1839.81274  1846.88379  1853.95496  1861.02600  1868.09705  1875.16809  1882.23914  1889.31030  1896.38135  1903.45239  1910.52344  1917.59448  1924.66553  1931.73669  1938.80774  1945.87878  1952.94983  1960.02087  1967.09204  1974.16309  1981.23413  1988.30518  1995.37622     0.00000     0.00000     0.00000     0.00000     0.00000     0.00000     0.00000     0.00000     0.00000     0.00000     0.00000     0.00000     0.00000     0.00000     0.00000     0.00000     0.00000     0.00000     0.00000     0.00000     0.00000     0.00000     0.00000     0.00000     0.00000     0.00000     0.00000     0.00000     0.00000     0.00000     0.00000     0.00000     0.00000     0.00000     0.00000     0.00000     0.00000     0.00000     0.00000     0.00000     0.00000     0.00000     0.00000     0.00000     0.00000     0.00000     0.00000     0.00000     0.00000     0.00000     0.00000     0.00000     0.00000     0.00000     0.00000     0.00000     0.00000     0.00000     0.00000     0.00000     0.00000     0.00000     0.00000     0.00000     0.00000     0.00000
     0.00000     0.00000     0.00000     0.00000     0.00000     0.00000     0.00000     0.00000     0.00000     0.00000     0.00000     0.00000     0.00000     0.00000     0.00000     0.00000     0.00000     0.00000     0.00000     0.00000     0.00000     0.00000     0.00000     0.00000     0.00000     0.00000     0.00000     0.00000     0.00000     0.00000     0.00000     0.00000     0.00000     0.00000     0.00000     0.00000     0.00000     0.00000     0.00000     0.00000     0.00000     0.00000     0.00000     0.00000     0.00000     0.00000     0.00000     0.00000     0.00000     0.00000     0.00000     0.00000     0.00000     0.00000     0.00000     0.00000     0.00000     0.00000     0.00000     0.00000     0.00000     0.00000     0.00000     0.00000     0.00000     0.00000     0.00000  1330.69592  1337.76697  1344.83801  1351.90918  1358.98022  1366.05127  1373.12231  1380.19336  1387.26440  1394.33545  1401.40649  1408.47766  1415.54871  1422.61975  1429.69080  1436.76196  1443.83301  1450.90405  1457.97510  1465.04614  1472.11731  1479.18835  1486.25940  1493.33044  1500.40149  1507.47253  1514.54370  1521.61475  1528.68579  1535.75684  1542.82788  1549.89905  1556.97009  1564.04114  1571.11218  1578.18323  1585.25439  1592.32544  1599.39648  1606.46753  1613.53857  1620.60962  1627.68079  1634.75183  1641.82288  1648.89392  1655.96497  1663.03613  1670.10718  1677.17822  1684.24927  1691.32031  1698.39148  1705.46252  1712.53357  1719.60461  1726.67566  1733.74670  1740.81787  1747.88892  1754.95996  1762.03101  1769.10205  1776.17322  1783.24426  1790.31531  1797.38635  1804.45740  1811.52856  1818.59961  1825.67065  1832.74170  1839.81274  1846.88379  1853.95496  1861.02600  1868.09705  1875.16809  1882.23914  1889.31030  1896.38135  1903.45239  1910.52344  1917.59448  1924.66553  1931.73669  1938.80774  1945.87878  1952.94983  1960.02087  1967.09204  1974.16309  1981.23413  1988.30518  1995.37622     0.00000     0.00000     0.00000     0.00000     0.00000     0.00000     0.00000     0.00000     0.00000     0.00000     0.00000     0.00000     0.00000     0.00000     0.00000     0.00000     0.00000     0.00000     0.00000     0.00000     0.00000     0.00000     0.00000     0.00000     0.00000     0.00000     0.00000     0.00000     0.00000     0.00000     0.00000     0.00000     0.00000     0.00000     0.00000     0.00000     0.00000     0.00000     0.00000     0.00000     0.00000     0.00000     0.00000     0.00000     0.00000     0.00000     0.00000     0.00000     0.00000     0.00000     0.00000     0.00000     0.00000     0.00000     0.00000     0.00000     0.00000     0.00000     0.00000     0.00000     0.00000     0.00000     0.00000     0.00000     0.00000     0.00000     0.00000
     0.00000     0.00000     0.00000     0.00000     0.00000     0.00000     0.00000     0.00000     0.00000     0.00000     0.00000     0.00000     0.00000     0.00000     0.00000     0.00000     0.00000     0.00000     0.00000     0.00000     0.00000     0.00000     0.00000     0.00000     0.00000     0.00000     0.00000     0.00000     0.00000     0.00000     0.00000     0.00000     0.00000     0.00000     0.00000     0.00000     0.00000     0.00000     0.00000     0.00000     0.00000     0.00000     0.00000     0.00000     0.00000     0.00000     0.00000     0.00000     0.00000     0.00000     0.00000     0.00000     0.00000     0.00000     0.00000     0.00000     0.00000     0.00000     0.00000     0.00000     0.00000     0.00000     0.00000     0.00000     0.00000     0.00000     0.00000     0.00000  1344.83801  1351.90918  1358.98022  1366.05127  1373.12231  1380.19336  1387.26440  1394.33545  1401.40649  1408.47766  1415.54871  1422.61975  1429.69080  1436.76196  1443.83301  1450.90405  1457.97510  1465.04614  1472.11731  1479.18835  1486.25940  1493.33044  1500.40149  1507.47253  1514.54370  1521.61475  1528.68579  1535.75684  1542.82788  1549.89905  1556.97009  1564.04114  1571.11218  1578.18323  1585.25439  1592.32544  1599.39648  1606.46753  1613.53857  1620.60962  1627.68079  1634.75183  1641.82288  1648.89392  1655.96497  1663.03613  1670.10718  1677.17822  1684.24927  1691.32031  1698.39148  1705.46252  1712.53357  1719.60461  1726.67566  1733.74670  1740.81787  1747.88892  1754.95996  1762.03101  1769.10205  1776.17322  1783.24426  1790.31531  1797.38635  1804.45740  1811.52856  1818.59961  1825.67065  1832.74170  1839.81274  1846.88379  1853.95496  1861.02600  1868.09705  1875.16809  1882.23914  1889.31030  1896.38135  1903.45239  1910.52344  1917.59448  1924.66553  1931.73669  1938.80774  1945.87878  1952.94983  1960.02087  1967.09204  1974.16309  1981.23413  1988.30518  1995.37622     0.00000     0.00000     0.00000     0.00000     0.00000     0.00000     0.00000     0.00000     0.00000     0.00000     0.00000     0.00000     0.00000     0.00000     0.00000     0.00000     0.00000     0.00000     0.00000     0.00000     0.00000     0.00000     0.00000     0.00000     0.00000     0.00000     0.00000     0.00000     0.00000     0.00000     0.00000     0.00000     0.00000     0.00000     0.00000     0.00000     0.00000     0.00000     0.00000     0.00000     0.00000     0.00000     0.00000     0.00000     0.00000     0.00000     0.00000     0.00000     0.00000     0.00000     0.00000     0.00000     0.00000     0.00000     0.00000     0.00000     0.00000     0.00000     0.00000     0.00000     0.00000     0.00000     0.00000     0.00000     0.00000     0.00000     0.00000     0.00000
     0.00000     0.00000     0.00000     0.00000     0.00000     0.00000     0.00000     0.00000     0.00000     0.00000     0.00000     0.00000     0.00000     0.00000     0.00000     0.00000     0.00000     0.00000     0.00000     0.00000     0.00000     0.00000     0.00000     0.00000     0.00000     0.00000     0.00000     0.00000     0.00000     0.00000     0.00000     0.00000     0.00000     0.00000     0.00000     0.00000     0.00000     0.00000     0.00000     0.00000     0.00000     0.00000     0.00000     0.00000     0.00000     0.00000     0.00000     0.00000     0.00000     0.00000     0.00000     0.00000     0.00000     0.00000     0.00000     0.00000     0.00000     0.00000     0.00000     0.00000     0.00000     0.00000     0.00000     0.00000     0.00000     0.00000     0.00000     0.00000     0.00000  1358.98022  1366.05127  1373.12231  1380.19336  1387.26440  1394.33545  1401.40649  1408.47766  1415.54871  1422.61975  1429.69080  1436.76196  1443.83301  1450.90405  1457.97510  1465.04614  1472.11731  1479.18835  1486.25940  1493.33044  1500.40149  1507.47253  1514.54370  1521.61475  1528.68579  1535.75684  1542.82788  1549.89905  1556.97009  1564.04114  1571.11218  1578.18323  1585.25439  1592.32544  1599.39648  1606.46753  1613.53857  1620.60962  1627.68079  1634.75183  1641.82288  1648.89392  1655.96497  1663.03613  1670.10718  1677.17822  1684.24927  1691.32031  1698.39148  1705.46252  1712.53357  1719.60461  1726.67566  1733.74670  1740.81787  1747.88892  1754.95996  1762.03101  1769.10205  1776.17322  1783.24426  1790.31531  1797.38635  1804.45740  1811.52856  1818.59961  1825.67065  1832.74170  1839.81274  1846.88379  1853.95496  1861.02600  1868.09705  1875.16809  1882.23914  1889.31030  1896.38135  1903.45239  1910.52344  1917.59448  1924.66553  1931.73669  1938.80774  1945.87878  1952.94983  1960.02087  1967.09204  1974.16309  1981.23413  1988.30518  1995.37622     0.00000     0.00000     0.00000     0.00000     0.00000     0.00000     0.00000     0.00000     0.00000     0.00000     0.00000     0.00000     0.00000     0.00000     0.00000     0.00000     0.00000     0.00000     0.00000     0.00000     0.00000     0.00000     0.00000     0.00000     0.00000     0.00000     0.00000     0.00000     0.00000     0.00000     0.00000     0.00000     0.00000     0.00000     0.00000     0.00000     0.00000     0.00000     0.00000     0.00000     0.00000     0.00000     0.00000     0.00000     0.00000     0.00000     0.00000     0.00000     0.00000     0.00000     0.00000     0.00000     0.00000     0.00000     0.00000     0.00000     0.00000     0.00000     0.00000     0.00000     0.00000     0.00000     0.00000     0.00000     0.00000     0.00000     0.00000     0.00000     0.00000
     0.00000     0.00000     0.00000     0.00000     0.00000     0.00000     0.00000     0.00000     0.00000     0.00000     0.00000     0.00000     0.00000     0.00000     0.00000     0.00000     0.00000     0.00000     0.00000     0.00000     0.00000     0.00000     0.00000     0.00000     0.00000     0.00000     0.00000     0.00000     0.00000     0.00000     0.00000     0.00000     0.00000     0.00000     0.00000     0.00000     0.00000     0.00000     0.00000     0.00000     0.00000     0.00000     0.00000     0.00000     0.00000     0.00000     0.00000     0.00000     0.00000     0.00000     0.00000     0.00000     0.00000     0.00000     0.00000     0.00000     0.00000     0.00000     0.00000     0.00000     0.00000     0.00000     0.00000     0.00000     0.00000     0.00000     0.00000     0.00000     0.00000     0.00000  1373.12231  1380.19336  1387.26440  1394.33545  1401.40649  1408.47766  1415.54871  1422.61975  1429.69080  1436.76196  1443.83301  1450.90405  1457.97510  1465.04614  1472.11731  1479.18835  1486.25940  1493.33044  1500.40149  1507.47253  1514.54370  1521.61475  1528.68579  1535.75684  1542.82788  1549.89905  1556.97009  1564.04114  1571.11218  1578.18323  1585.25439  1592.32544  1599.39648  1606.46753  1613.53857  1620.60962  1627.68079  1634.75183  1641.82288  1648.89392  1655.96497  1663.03613  1670.10718  1677.17822  1684.24927  1691.32031  1698.39148  1705.46252  1712.53357  1719.60461  1726.67566  1733.74670  1740.81787  1747.88892  1754.95996  1762.03101  1769.10205  1776.17322  1783.24426  1790.31531  1797.38635  1804.45740  1811.52856  1818.59961  1825.67065  1832.74170  1839.81274  1846.88379  1853.95496  1861.02600  1868.09705  1875.16809  1882.23914  1889.31030  1896.38135  1903.45239  1910.52344  1917.59448  1924.66553  1931.73669  1938.80774  1945.87878  1952.94983  1960.02087  1967.09204  1974.16309  1981.23413  1988.30518  1995.37622     0.00000     0.00000     0.00000     0.00000     0.00000     0.00000     0.00000     0.00000     0.00000     0.00000     0.00000     0.00000     0.00000     0.00000     0.00000     0.00000     0.00000     0.00000     0.00000     0.00000     0.00000     0.00000     0.00000     0.00000     0.00000     0.00000     0.00000     0.00000     0.00000     0.00000     0.00000     0.00000     0.00000     0.00000     0.00000     0.00000     0.00000     0.00000     0.00000     0.00000     0.00000     0.00000     0.00000     0.00000     0.00000     0.00000     0.00000     0.00000     0.00000     0.00000     0.00000     0.00000     0.00000     0.00000     0.00000     0.00000     0.00000     0.00000     0.00000     0.00000     0.00000     0.00000     0.00000     0.00000     0.00000     0.00000     0.00000     0.00000     0.00000     0.00000
     0.00000     0.00000     0.00000     0.00000     0.00000     0.00000     0.00000     0.00000     0.00000     0.00000     0.00000     0.00000     0.00000     0.00000     0.00000     0.00000     0.00000     0.00000     0.00000     0.00000     0.00000     0.00000     0.00000     0.00000     0.00000     0.00000     0.00000     0.00000     0.00000     0.00000     0.00000     0.00000     0.00000     0.00000     0.00000     0.00000     0.00000     0.00000     0.00000     0.00000     0.00000     0.00000     0.00000     0.00000     0.00000     0.00000     0.00000     0.00000     0.00000     0.00000     0.00000     0.00000     0.00000     0.00000     0.00000     0.00000     0.00000     0.00000     0.00000     0.00000     0.00000     0.00000     0.00000     0.00000     0.00000     0.00000     0.00000     0.00000     0.00000     0.00000     0.00000  1387.26440  1394.33545  1401.40649  1408.47766  1415.54871  1422.61975  1429.69080  1436.76196  1443.83301  1450.90405  1457.97510  1465.04614  1472.11731  1479.18835  1486.25940  1493.33044  1500.40149  1507.47253  1514.54370  1521.61475  1528.68579  1535.75684  1542.82788  1549.89905  1556.97009  1564.04114  1571.11218  1578.18323  1585.25439  1592.32544  1599.39648  1606.46753  1613.53857  1620.60962  1627.68079  1634.75183  1641.82288  1648.89392  1655.96497  1663.03613  1670.10718  1677.17822  1684.24927  1691.32031  1698.39148  1705.46252  1712.53357  1719.60461  1726.67566  1733.74670  1740.81787  1747.88892  1754.95996  1762.03101  1769.10205  1776.17322  1783.24426  1790.31531  1797.38635  1804.45740  1811.52856  1818.59961  1825.67065  1832.74170  1839.81274  1846.88379  1853.95496  1861.02600  1868.09705  1875.16809  1882.23914  1889.31030  1896.38135  1903.45239  1910.52344  1917.59448  1924.66553  1931.73669  1938.80774  1945.87878  1952.94983  1960.02087  1967.09204  1974.16309  1981.23413  1988.30518  1995.37622     0.00000     0.00000     0.00000     0.00000     0.00000     0.00000     0.00000     0.00000     0.00000     0.00000     0.00000     0.00000     0.00000     0.00000     0.00000     0.00000     0.00000     0.00000     0.00000     0.00000     0.00000     0.00000     0.00000     0.00000     0.00000     0.00000     0.00000     0.00000     0.00000     0.00000     0.00000     0.00000     0.00000     0.00000     0.00000     0.00000     0.00000     0.00000     0.00000     0.00000     0.00000     0.00000     0.00000     0.00000     0.00000     0.00000     0.00000     0.00000     0.00000     0.00000     0.00000     0.00000     0.00000     0.00000     0.00000     0.00000     0.00000     0.00000     0.00000     0.00000     0.00000     0.00000     0.00000     0.00000     0.00000     0.00000     0.00000     0.00000     0.00000     0.00000     0.00000
     0.00000     0.00000     0.00000     0.00000     0.00000     0.00000     0.00000     0.00000     0.00000     0.00000     0.00000     0.00000     0.00000     0.00000     0.00000     0.00000     0.00000     0.00000     0.00000     0.00000     0.00000     0.00000     0.00000     0.00000     0.00000     0.00000     0.00000     0.00000     0.00000     0.00000     0.00000     0.00000     0.00000     0.00000     0.00000     0.00000     0.00000     0.00000     0.00000     0.00000     0.00000     0.00000     0.00000     0.00000     0.00000     0.00000     0.00000     0.00000     0.00000     0.00000     0.00000     0.00000     0.00000     0.00000     0.00000     0.00000     0.00000     0.00000     0.00000     0.00000     0.00000     0.00000     0.00000     0.00000     0.00000     0.00000     0.00000     0.00000     0.00000     0.00000     0.00000     0.00000  1401.40649  1408.47766  1415.54871  1422.61975  1429.69080  1436.76196  1443.83301  1450.90405  1457.97510  1465.04614  1472.11731  1479.18835  1486.25940  1493.33044  1500.40149  1507.47253  1514.54370  1521.61475  1528.68579  1535.75684  1542.82788  1549.89905  1556.97009  1564.04114  1571.11218  1578.18323  1585.25439  1592.32544  1599.39648  1606.46753  1613.53857  1620.60962  1627.68079  1634.75183  1641.82288  1648.89392  1655.96497  1663.03613  1670.10718  1677.17822  1684.24927  1691.32031  1698.39148  1705.46252  1712.53357  1719.60461  1726.67566  1733.74670  1740.81787  1747.88892  1754.95996  1762.03101  1769.10205  1776.17322  1783.24426  1790.31531  1797.38635  1804.45740  1811.52856  1818.59961  1825.67065  1832.74170  1839.81274  1846.88379  1853.95496  1861.02600  1868.09705  1875.16809  1882.23914  1889.31030  1896.38135  1903.45239  1910.52344  1917.59448  1924.66553  1931.73669  1938.80774  1945.87878  1952.94983  1960.02087  1967.09204  1974.16309  1981.23413  1988.30518  1995.37622     0.00000     0.00000     0.00000     0.00000     0.00000     0.00000     0.00000     0.00000     0.00000     0.00000     0.00000     0.00000     0.00000     0.00000     0.00000     0.00000     0.00000     0.00000     0.00000     0.00000     0.00000     0.00000     0.00000     0.00000     0.00000     0.00000     0.00000     0.00000     0.00000     0.00000     0.00000     0.00000     0.00000     0.00000     0.00000     0.00000     0.00000     0.00000     0.00000     0.00000     0.00000     0.00000     0.00000     0.00000     0.00000     0.00000     0.00000     0.00000     0.00000     0.00000     0.00000     0.00000     0.00000     0.00000     0.00000     0.00000     0.00000     0.00000     0.00000     0.00000     0.00000     0.00000     0.00000     0.00000     0.00000     0.00000     0.00000     0.00000     0.00000     0.00000     0.00000     0.00000
     0.00000     0.00000     0.00000     0.00000     0.00000     0.00000     0.00000     0.00000     0.00000     0.00000     0.00000     0.00000     0.00000     0.00000     0.00000     0.00000     0.00000     0.00000     0.00000     0.00000     0.00000     0.00000     0.00000     0.00000     0.00000     0.00000     0.00000     0.00000     0.00000     0.00000     0.00000     0.00000     0.00000     0.00000     0.00000     0.00000     0.00000     0.00000     0.00000     0.00000     0.00000     0.00000     0.00000     0.00000     0.00000     0.00000     0.00000     0.00000     0.00000     0.00000     0.00000     0.00000     0.00000     0.00000     0.00000     0.00000     0.00000     0.00000     0.00000     0.00000     0.00000     0.00000     0.00000     0.00000     0.00000     0.00000     0.00000     0.00000     0.00000     0.00000     0.00000     0.00000     0.00000  1415.54871  1422.61975  1429.69080  1436.76196  1443.83301  1450.90405  1457.97510  1465.04614  1472.11731  1479.18835  1486.25940  1493.33044  1500.40149  1507.47253  1514.54370  1521.61475  1528.68579  1535.75684  1542.82788  1549.89905  1556.97009  1564.04114  1571.11218  1578.18323  1585.25439  1592.32544  1599.39648  1606.46753  1613.53857  1620.60962  1627.68079  1634.75183  1641.82288  1648.89392  1655.96497  1663.03613  1670.10718  1677.17822  1684.24927  1691.32031  1698.39148  1705.46252  1712.53357  1719.60461  1726.67566  1733.74670  1740.81787  1747.88892  1754.95996  1762.03101  1769.10205  1776.17322  1783.24426  1790.31531  1797.38635  1804.45740  1811.52856  1818.59961  1825.67065  1832.74170  1839.81274  1846.88379  1853.95496  1861.02600  1868.09705  1875.16809  1882.23914  1889.31030  1896.38135  1903.45239  1910.52344  1917.59448  1924.66553  1931.73669  1938.80774  1945.87878  1952.94983  1960.02087  1967.09204  1974.16309  1981.23413  1988.30518  1995.37622     0.00000     0.00000     0.00000     0.00000     0.00000     0.00000     0.00000     0.00000     0.00000     0.00000     0.00000     0.00000     0.00000     0.00000     0.00000     0.00000     0.00000     0.00000     0.00000     0.00000     0.00000     0.00000     0.00000     0.00000     0.00000     0.00000     0.00000     0.00000     0.00000     0.00000     0.00000     0.00000     0.00000     0.00000     0.00000     0.00000     0.00000     0.00000     0.00000     0.00000     0.00000     0.00000     0.00000     0.00000     0.00000     0.00000     0.00000     0.00000     0.00000     0.00000     0.00000     0.00000     0.00000     0.00000     0.00000     0.00000     0.00000     0.00000     0.00000     0.00000     0.00000     0.00000     0.00000     0.00000     0.00000     0.00000     0.00000     0.00000     0.00000     0.00000     0.00000     0.00000     0.00000
     0.00000     0.00000     0.00000     0.00000     0.00000     0.00000     0.00000     0.00000     0.00000     0.00000     0.00000     0.00000     0.00000     0.00000     0.00000     0.00000     0.00000     0.00000     0.00000     0.00000     0.00000     0.00000     0.00000     0.00000     0.00000     0.00000     0.00000     0.00000     0.00000     0.00000     0.00000     0.00000     0.00000     0.00000     0.00000     0.00000     0.00000     0.00000     0.00000     0.00000     0.00000     0.00000     0.00000     0.00000     0.00000     0.00000     0.00000     0.00000     0.00000     0.00000     0.00000     0.00000     0.00000     0.00000     0.00000     0.00000     0.00000     0.00000     0.00000     0.00000     0.00000     0.00000     0.00000     0.00000     0.00000     0.00000     0.00000     0.00000     0.00000     0.00000     0.00000     0.00000     0.00000     0.00000  1429.69080  1436.76196  1443.83301  1450.90405  1457.97510  1465.04614  1472.11731  1479.18835  1486.25940  1493.33044  1500.40149  1507.47253  1514.54370  1521.61475  1528.68579  1535.75684  1542.82788  1549.89905  1556.97009  1564.04114  1571.11218  1578.18323  1585.25439  1592.32544  1599.39648  1606.46753  1613.53857  1620.60962  1627.68079  1634.75183  1641.82288  1648.89392  1655.96497  1663.03613  1670.10718  1677.17822  1684.24927  1691.32031  1698.39148  1705.46252  1712.53357  1719.60461  1726.67566  1733.74670  1740.81787  1747.88892  1754.95996  1762.03101  1769.10205  1776.17322  1783.24426  1790.31531  1797.38635  1804.45740  1811.52856  1818.59961  1825.67065  1832.74170  1839.81274  1846.88379  1853.95496  1861.02600  1868.09705  1875.16809  1882.23914  1889.31030  1896.38135  1903.45239  1910.52344  1917.59448  1924.66553  1931.73669  1938.80774  1945.87878  1952.94983  1960.02087  1967.09204  1974.16309  1981.23413  1988.30518  1995.37622     0.00000     0.00000     0.00000     0.00000     0.00000     0.00000     0.00000     0.00000     0.00000     0.00000     0.00000     0.00000     0.00000     0.00000     0.00000     0.00000     0.00000     0.00000     0.00000     0.00000     0.00000     0.00000     0.00000     0.00000     0.00000     0.00000     0.00000     0.00000     0.00000     0.00000     0.00000     0.00000     0.00000     0.00000     0.00000     0.00000     0.00000     0.00000     0.00000     0.00000     0.00000     0.00000     0.00000     0.00000     0.00000     0.00000     0.00000     0.00000     0.00000     0.00000     0.00000     0.00000     0.00000     0.00000     0.00000     0.00000     0.00000     0.00000     0.00000     0.00000     0.00000     0.00000     0.00000     0.00000     0.00000     0.00000     0.00000     0.00000     0.00000     0.00000     0.00000     0.00000     0.00000     0.00000
     0.00000     0.00000     0.00000     0.00000     0.00000     0.00000     0.00000     0.00000     0.00000     0.00000     0.00000     0.00000     0.00000     0.00000     0.00000     0.00000     0.00000     0.00000     0.00000     0.00000     0.00000     0.00000     0.00000     0.00000     0.00000     0.00000     0.00000     0.00000     0.00000     0.00000     0.00000     0.00000     0.00000     0.00000     0.00000     0.00000     0.00000     0.00000     0.00000     0.00000     0.00000     0.00000     0.00000     0.00000     0.00000     0.00000     0.00000     0.00000     0.00000     0.00000     0.00000     0.00000     0.00000     0.00000     0.00000     0.00000     0.00000     0.00000     0.00000     0.00000     0.00000     0.00000     0.00000     0.00000     0.00000     0.00000     0.00000     0.00000     0.00000     0.00000     0.00000     0.00000     0.00000     0.00000     0.00000  1443.83301  1450.90405  1457.97510  1465.04614  1472.11731  1479.18835  1486.25940  1493.33044  1500.40149  1507.47253  1514.54370  1521.61475  1528.68579  1535.75684  1542.82788  1549.89905  1556.97009  1564.04114  1571.11218  1578.18323  1585.25439  1592.32544  1599.39648  1606.46753  1613.53857  1620.60962  1627.68079  1634.75183  1641.82288  1648.89392  1655.96497  1663.03613  1670.10718  1677.17822  1684.24927  1691.32031  1698.39148  1705.46252  1712.53357  1719.60461  1726.67566  1733.74670  1740.81787  1747.88892  1754.95996  1762.03101  1769.10205  1776.17322  1783.24426  1790.31531  1797.38635  1804.45740  1811.52856  1818.59961  1825.67065  1832.74170  1839.81274  1846.88379  1853.95496  1861.02600  1868.09705  1875.16809  1882.23914  1889.31030  1896.38135  1903.45239  1910.52344  1917.59448  1924.66553  1931.73669  1938.80774  1945.87878  1952.94983  1960.02087  1967.09204  1974.16309  1981.23413  1988.30518  1995.37622     0.00000     0.00000     0.00000     0.00000     0.00000     0.00000     0.00000     0.00000     0.00000     0.00000     0.00000     0.00000     0.00000     0.00000     0.00000     0.00000     0.00000     0.00000     0.00000     0.00000     0.00000     0.00000     0.00000     0.00000     0.00000     0.00000     0.00000     0.00000     0.00000     0.00000     0.00000     0.00000     0.00000     0.00000     0.00000     0.00000     0.00000     0.00000     0.00000     0.00000     0.00000     0.00000     0.00000     0.00000     0.00000     0.00000     0.00000     0.00000     0.00000     0.00000     0.00000     0.00000     0.00000     0.00000     0.00000     0.00000     0.00000     0.00000     0.00000     0.00000     0.00000     0.00000     0.00000     0.00000     0.00000     0.00000     0.00000     0.00000     0.00000     0.00000     0.00000     0.00000     0.00000     0.00000     0.00000
     0.00000     0.00000     0.00000     0.00000     0.00000     0.00000     0.00000     0.00000     0.00000     0.00000     0.00000     0.00000     0.00000     0.00000     0.00000     0.00000     0.00000     0.00000     0.00000     0.00000     0.00000     0.00000     0.00000     0.00000     0.00000     0.00000     0.00000     0.00000     0.00000     0.00000     0.00000     0.00000     0.00000     0.00000     0.00000     0.00000     0.00000     0.00000     0.00000     0.00000     0.00000     0.00000     0.00000     0.00000     0.00000     0.00000     0.00000     0.00000     0.00000     0.00000     0.00000     0.00000     0.00000     0.00000     0.00000     0.00000     0.00000     0.00000     0.00000     0.00000     0.00000     0.00000     0.00000     0.00000     0.00000     0.00000     0.00000     0.00000     0.00000     0.00000     0.00000     0.00000     0.00000     0.00000     0.00000     0.00000  1457.97510  1465.04614  1472.11731  1479.18835  1486.25940  1493.33044  1500.40149  1507.47253  1514.54370  1521.61475  1528.68579  1535.75684  1542.82788  1549.89905  1556.97009  1564.04114  1571.11218  1578.18323  1585.25439  1592.32544  1599.39648  1606.46753  1613.53857  1620.60962  1627.68079  1634.75183  1641.82288  1648.89392  1655.96497  1663.03613  1670.10718  1677.17822  1684.24927  1691.32031  1698.39148  1705.46252  1712.53357  1719.60461  1726.67566  1733.74670  1740.81787  1747.88892  1754.95996  1762.03101  1769.10205  1776.17322  1783.24426  1790.31531  1797.38635  1804.45740  1811.52856  1818.59961  1825.67065  1832.74170  1839.81274  1846.88379  1853.95496  1861.02600  1868.09705  1875.16809  1882.23914  1889.31030  1896.38135  1903.45239  1910.52344  1917.59448  1924.66553  1931.73669  1938.80774  1945.87878  1952.94983  1960.02087  1967.09204  1974.16309  1981.23413  1988.30518  1995.37622     0.00000     0.00000     0.00000     0.00000     0.00000     0.00000     0.00000     0.00000     0.00000     0.00000     0.00000     0.00000     0.00000     0.00000     0.00000     0.00000     0.00000     0.00000     0.00000     0.00000     0.00000     0.00000     0.00000     0.00000     0.00000     0.00000     0.00000     0.00000     0.00000     0.00000     0.00000     0.00000     0.00000     0.00000     0.00000     0.00000     0.00000     0.00000     0.00000     0.00000     0.00000     0.00000     0.00000     0.00000     0.00000     0.00000     0.00000     0.00000     0.00000     0.00000     0.00000     0.00000     0.00000     0.00000     0.00000     0.00000     0.00000     0.00000     0.00000     0.00000     0.00000     0.00000     0.00000     0.00000     0.00000     0.00000     0.00000     0.00000     0.00000     0.00000     0.00000     0.00000     0.00000     0.00000     0.00000     0.00000
     0.00000     0.00000     0.00000     0.00000     0.00000     0.00000     0.00000     0.00000     0.00000     0.00000     0.00000     0.00000     0.00000     0.00000     0.00000     0.00000     0.00000     0.00000     0.00000     0.00000     0.00000     0.00000     0.00000     0.00000     0.00000     0.00000     0.00000     0.00000     0.00000     0.00000     0.00000     0.00000     0.00000     0.00000     0.00000     0.00000     0.00000     0.00000     0.00000     0.00000     0.00000     0.00000     0.00000     0.00000     0.00000     0.00000     0.00000     0.00000     0.00000     0.00000     0.00000     0.00000     0.00000     0.00000     0.00000     0.00000     0.00000     0.00000     0.00000     0.00000     0.00000     0.00000     0.00000     0.00000     0.00000     0.00000     0.00000     0.00000     0.00000     0.00000     0.00000     0.00000     0.00000     0.00000     0.00000     0.00000     0.00000  1472.11731  1479.18835  1486.25940  1493.33044  1500.40149  1507.47253  1514.54370  1521.61475  1528.68579  1535.75684  1542.82788  1549.89905  1556.97009  1564.04114  1571.11218  1578.18323  1585.25439  1592.32544  1599.39648  1606.46753  1613.53857  1620.60962  1627.68079  1634.75183  1641.82288  1648.89392  1655.96497  1663.03613  1670.10718  1677.17822  1684.24927  1691.32031  1698.39148  1705.46252  1712.53357  1719.60461  1726.67566  1733.74670  1740.81787  1747.88892  1754.95996  1762.03101  1769.10205  1776.17322  1783.24426  1790.31531  1797.38635  1804.45740  1811.52856  1818.59961  1825.67065  1832.74170  1839.81274  1846.88379  1853.95496  1861.02600  1868.09705  1875.16809  1882.23914  1889.31030  1896.38135  1903.45239  1910.52344  1917.59448  1924.66553  1931.73669  1938.80774  1945.87878  1952.94983  1960.02087  1967.09204  1974.16309  1981.23413  1988.30518  1995.37622     0.00000     0.00000     0.00000     0.00000     0.00000     0.00000     0.00000     0.00000     0.00000     0.00000     0.00000     0.00000     0.00000     0.00000     0.00000     0.00000     0.00000     0.00000     0.00000     0.00000     0.00000     0.00000     0.00000     0.00000     0.00000     0.00000     0.00000     0.00000     0.00000     0.00000     0.00000     0.00000     0.00000     0.00000     0.00000     0.00000     0.00000     0.00000     0.00000     0.00000     0.00000     0.00000     0.00000     0.00000     0.00000     0.00000     0.00000     0.00000     0.00000     0.00000     0.00000     0.00000     0.00000     0.00000     0.00000     0.00000     0.00000     0.00000     0.00000     0.00000     0.00000     0.00000     0.00000     0.00000     0.00000     0.00000     0.00000     0.00000     0.00000     0.00000     0.00000     0.00000     0.00000     0.00000     0.00000     0.00000     0.00000
     0.00000     0.00000     0.00000     0.00000     0.00000     0.00000     0.00000     0.00000     0.00000     0.00000     0.00000     0.00000     0.00000     0.00000     0.00000     0.00000     0.00000     0.00000     0.00000     0.00000     0.00000     0.00000     0.00000     0.00000     0.00000     0.00000     0.00000     0.00000     0.00000     0.00000     0.00000     0.00000     0.00000     0.00000     0.00000     0.00000     0.00000     0.00000     0.00000     0.00000     0.00000     0.00000     0.00000     0.00000     0.00000     0.00000     0.00000     0.00000     0.00000     0.00000     0.00000     0.00000     0.00000     0.00000     0.00000     0.00000     0.00000     0.00000     0.00000     0.00000     0.00000     0.00000     0.00000     0.00000     0.00000     0.00000     0.00000     0.00000     0.00000     0.00000     0.00000     0.00000     0.00000     0.00000     0.00000     0.00000     0.00000     0.00000  1486.25940  1493.33044  1500.40149  1507.47253  1514.54370  1521.61475  1528.68579  1535.75684  1542.82788  1549.89905  1556.97009  1564.04114  1571.11218  1578.18323  1585.25439  1592.32544  1599.39648  1606.46753  1613.53857  1620.60962  1627.68079  1634.75183  1641.82288  1648.89392  1655.96497  1663.03613  1670.10718  1677.17822  1684.24927  1691.32031  1698.39148  1705.46252  1712.53357  1719.60461  1726.67566  1733.74670  1740.81787  1747.88892  1754.95996  1762.03101  1769.10205  1776.17322  1783.24426  1790.31531  1797.38635  1804.45740  1811.52856  1818.59961  1825.67065  1832.74170  1839.81274  1846.88379  1853.95496  1861.02600  1868.09705  1875.16809  1882.23914  1889.31030  1896.38135  1903.45239  1910.52344  1917.59448  1924.66553  1931.73669  1938.80774  1945.87878  1952.94983  1960.02087  1967.09204  1974.16309  1981.23413  1988.30518  1995.37622     0.00000     0.00000     0.00000     0.00000     0.00000     0.00000     0.00000     0.00000     0.00000     0.00000     0.00000     0.00000     0.00000     0.00000     0.00000     0.00000     0.00000     0.00000     0.00000     0.00000     0.00000     0.00000     0.00000     0.00000     0.00000     0.00000     0.00000     0.00000     0.00000     0.00000     0.00000     0.00000     0.00000     0.00000     0.00000     0.00000     0.00000     0.00000     0.00000     0.00000     0.00000     0.00000     0.00000     0.00000     0.00000     0.00000     0.00000     0.00000     0.00000     0.00000     0.00000     0.00000     0.00000     0.00000     0.00000     0.00000     0.00000     0.00000     0.00000     0.00000     0.00000     0.00000     0.00000     0.00000     0.00000     0.00000     0.00000     0.00000     0.00000     0.00000     0.00000     0.00000     0.00000     0.00000     0.00000     0.00000     0.00000     0.00000
     0.00000     0.00000     0.00000     0.00000     0.00000     0.00000     0.00000     0.00000     0.00000     0.00000     0.00000     0.00000     0.00000     0.00000     0.00000     0.00000     0.00000     0.00000     0.00000     0.00000     0.00000     0.00000     0.00000     0.00000     0.00000     0.00000     0.00000     0.00000     0.00000     0.00000     0.00000     0.00000     0.00000     0.00000     0.00000     0.00000     0.00000     0.00000     0.00000     0.00000     0.00000     0.00000     0.00000     0.00000     0.00000     0.00000     0.00000     0.00000     0.00000     0.00000     0.00000     0.00000     0.00000     0.00000     0.00000     0.00000     0.00000     0.00000     0.00000     0.00000     0.00000     0.00000     0.00000     0.00000     0.00000     0.00000     0.00000     0.00000     0.00000     0.00000     0.00000     0.00000     0.00000     0.00000     0.00000     0.00000     0.00000     0.00000     0.00000  1500.40149  1507.47253  1514.54370  1521.61475  1528.68579  1535.75684  1542.82788  1549.89905  1556.97009  1564.04114  1571.11218  1578.18323  1585.25439  1592.32544  1599.39648  1606.46753  1613.53857  1620.60962  1627.68079  1634.75183  1641.82288  1648.89392  1655.96497  1663.03613  1670.10718  1677.17822  1684.24927  1691.32031  1698.39148  1705.46252  1712.53357  1719.60461  1726.67566  1733.74670  1740.81787  1747.88892  1754.95996  1762.03101  1769.10205  1776.17322  1783.24426  1790.31531  1797.38635  1804.45740  1811.52856  1818.59961  1825.67065  1832.74170  1839.81274  1846.88379  1853.95496  1861.02600  1868.09705  1875.16809  1882.23914  1889.31030  1896.38135  1903.45239  1910.52344  1917.59448  1924.66553  1931.73669  1938.80774  1945.87878  1952.94983  1960.02087  1967.09204  1974.16309  1981.23413  1988.30518  1995.37622     0.00000     0.00000     0.00000     0.00000     0.00000     0.00000     0.00000     0.00000     0.00000     0.00000     0.00000     0.00000     0.00000     0.00000     0.00000     0.00000     0.00000     0.00000     0.00000     0.00000     0.00000     0.00000     0.00000     0.00000     0.00000     0.00000     0.00000     0.00000     0.00000     0.00000     0.00000     0.00000     0.00000     0.00000     0.00000     0.00000     0.00000     0.00000     0.00000     0.00000     0.00000     0.00000     0.00000     0.00000     0.00000     0.00000     0.00000     0.00000     0.00000     0.00000     0.00000     0.00000     0.00000     0.00000     0.00000     0.00000     0.00000     0.00000     0.00000     0.00000     0.00000     0.00000     0.00000     0.00000     0.00000     0.00000     0.00000     0.00000     0.00000     0.00000     0.00000     0.00000     0.00000     0.00000     0.00000     0.00000     0.00000     0.00000     0.00000
     0.00000     0.00000     0.00000     0.00000     0.00000     0.00000     0.00000     0.00000     0.00000     0.00000     0.00000     0.00000     0.00000     0.00000     0.00000     0.00000     0.00000     0.00000     0.00000     0.00000     0.00000     0.00000     0.00000     0.00000     0.00000     0.00000     0.00000     0.00000     0.00000     0.00000     0.00000     0.00000     0.00000     0.00000     0.00000     0.00000     0.00000     0.00000     0.00000     0.00000     0.00000     0.00000     0.00000     0.00000     0.00000     0.00000     0.00000     0.00000     0.00000     0.00000     0.00000     0.00000     0.00000     0.00000     0.00000     0.00000     0.00000     0.00000     0.00000     0.00000     0.00000     0.00000     0.00000     0.00000     0.00000     0.00000     0.00000     0.00000     0.00000     0.00000     0.00000     0.00000     0.00000     0.00000     0.00000     0.00000     0.00000     0.00000     0.00000     0.00000  1514.54370  1521.61475  1528.68579  1535.75684  1542.82788  1549.89905  1556.97009  1564.04114  1571.11218  1578.18323  1585.25439  1592.32544  1599.39648  1606.46753  1613.53857  1620.60962  1627.68079  1634.75183  1641.82288  1648.89392  1655.96497  1663.03613  1670.10718  1677.17822  1684.24927  1691.32031  1698.39148  1705.46252  1712.53357  1719.60461  1726.67566  1733.74670  1740.81787  1747.88892  1754.95996  1762.03101  1769.10205  1776.17322  1783.24426  1790.31531  1797.38635  1804.45740  1811.52856  1818.59961  1825.67065  1832.74170  1839.81274  1846.88379  1853.95496  1861.02600  1868.09705  1875.16809  1882.23914  1889.31030  1896.38135  1903.45239  1910.52344  1917.59448  1924.66553  1931.73669  1938.80774  1945.87878  1952.94983  1960.02087  1967.09204  1974.16309  1981.23413  1988.30518  1995.37622     0.00000     0.00000     0.00000     0.00000     0.00000     0.00000     0.00000     0.00000     0.00000     0.00000     0.00000     0.00000     0.00000     0.00000     0.00000     0.00000     0.00000     0.00000     0.00000     0.00000     0.00000     0.00000     0.00000     0.00000     0.00000     0.00000     0.00000     0.00000     0.00000     0.00000     0.00000     0.00000     0.00000     0.00000     0.00000     0.00000     0.00000     0.00000     0.00000     0.00000     0.00000     0.00000     0.00000     0.00000     0.00000     0.00000     0.00000     0.00000     0.00000     0.00000     0.00000     0.00000     0.00000     0.00000     0.00000     0.00000     0.00000     0.00000     0.00000     0.00000     0.00000     0.00000     0.00000     0.00000     0.00000     0.00000     0.00000     0.00000     0.00000     0.00000     0.00000     0.00000     0.00000     0.00000     0.00000     0.00000     0.00000     0.00000     0.00000     0.00000
     0.00000     0.00000     0.00000     0.00000     0.00000     0.00000     0.00000     0.00000     0.00000     0.00000     0.00000     0.00000     0.00000     0.00000     0.00000     0.00000     0.00000     0.00000     0.00000     0.00000     0.00000     0.00000     0.00000     0.00000     0.00000     0.00000     0.00000     0.00000     0.00000     0.00000     0.00000     0.00000     0.00000     0.00000     0.00000     0.00000     0.00000     0.00000     0.00000     0.00000     0.00000     0.00000     0.00000     0.00000     0.00000     0.00000     0.00000     0.00000     0.00000     0.00000     0.00000     0.00000     0.00000     0.00000     0.00000     0.00000     0.00000     0.00000     0.00000     0.00000     0.00000     0.00000     0.00000     0.00000     0.00000     0.00000     0.00000     0.00000     0.00000     0.00000     0.00000     0.00000     0.00000     0.00000     0.00000     0.00000     0.00000     0.00000     0.00000     0.00000     0.00000  1528.68579  1535.75684  1542.82788  1549.89905  1556.97009  1564.04114  1571.11218  1578.18323  1585.25439  1592.32544  1599.39648  1606.46753  1613.53857  1620.60962  1627.68079  1634.75183  1641.82288  1648.89392  1655.96497  1663.03613  1670.10718  1677.17822  1684.24927  1691.32031  1698.39148  1705.46252  1712.53357  1719.60461  1726.67566  1733.74670  1740.81787  1747.88892  1754.95996  1762.03101  1769.10205  1776.17322  1783.24426  1790.31531  1797.38635  1804.45740  1811.52856  1818.59961  1825.67065  1832.74170  1839.81274  1846.88379  1853.95496  1861.02600  1868.09705  1875.16809  1882.23914  1889.31030  1896.38135  1903.45239  1910.52344  1917.59448  1924.66553  1931.73669  1938.80774  1945.87878  1952.94983  1960.02087  1967.09204  1974.16309  1981.23413  1988.30518  1995.37622     0.00000     0.00000     0.00000     0.00000     0.00000     0.00000     0.00000     0.00000     0.00000     0.00000     0.00000     0.00000     0.00000     0.00000     0.00000     0.00000     0.00000     0.00000     0.00000     0.00000     0.00000     0.00000     0.00000     0.00000     0.00000     0.00000     0.00000     0.00000     0.00000     0.00000     0.00000     0.00000     0.00000     0.00000     0.00000     0.00000     0.00000     0.00000     0.00000     0.00000     0.00000     0.00000     0.00000     0.00000     0.00000     0.00000     0.00000     0.00000     0.00000     0.00000     0.00000     0.00000     0.00000     0.00000     0.00000     0.00000     0.00000     0.00000     0.00000     0.00000     0.00000     0.00000     0.00000     0.00000     0.00000     0.00000     0.00000     0.00000     0.00000     0.00000     0.00000     0.00000     0.00000     0.00000     0.00000     0.00000     0.00000     0.00000     0.00000     0.00000     0.00000
     0.00000     0.00000     0.00000     0.00000     0.00000     0.00000     0.00000     0.00000     0.00000     0.00000     0.00000     0.00000     0.00000     0.00000     0.00000     0.00000     0.00000     0.00000     0.00000     0.00000     0.00000     0.00000     0.00000     0.00000     0.00000     0.00000     0.00000     0.00000     0.00000     0.00000     0.00000     0.00000     0.00000     0.00000     0.00000     0.00000     0.00000     0.00000     0.00000     0.00000     0.00000     0.00000     0.00000     0.00000     0.00000     0.00000     0.00000     0.00000     0.00000     0.00000     0.00000     0.00000     0.00000     0.00000     0.00000     0.00000     0.00000     0.00000     0.00000     0.00000     0.00000     0.00000     0.00000     0.00000     0.00000     0.00000     0.00000     0.00000     0.00000     0.00000     0.00000     0.00000     0.00000     0.00000     0.00000     0.00000     0.00000     0.00000     0.00000     0.00000     0.00000     0.00000  1542.82788  1549.89905  1556.97009  1564.04114  1571.11218  1578.18323  1585.25439  1592.32544  1599.39648  1606.46753  1613.53857  1620.60962  1627.68079  1634.75183  1641.82288  1648.89392  1655.96497  1663.03613  1670.10718  1677.17822  1684.24927  1691.32031  1698.39148  1705.46252  1712.53357  1719.60461  1726.67566  1733.74670  1740.81787  1747.88892  1754.95996  1762.03101  1769.10205  1776.17322  1783.24426  1790.31531  1797.38635  1804.45740  1811.52856  1818.59961  1825.67065  1832.74170  1839.81274  1846.88379  1853.95496  1861.02600  1868.09705  1875.16809  1882.23914  1889.31030  1896.38135  1903.45239  1910.52344  1917.59448  1924.66553  1931.73669  1938.80774  1945.87878  1952.94983  1960.02087  1967.09204  1974.16309  1981.23413  1988.30518  1995.37622     0.00000     0.00000     0.00000     0.00000     0.00000     0.00000     0.00000     0.00000     0.00000     0.00000     0.00000     0.00000     0.00000     0.00000     0.00000     0.00000     0.00000     0.00000     0.00000     0.00000     0.00000     0.00000     0.00000     0.00000     0.00000     0.00000     0.00000     0.00000     0.00000     0.00000     0.00000     0.00000     0.00000     0.00000     0.00000     0.00000     0.00000     0.00000     0.00000     0.00000     0.00000     0.00000     0.00000     0.00000     0.00000     0.00000     0.00000     0.00000     0.00000     0.00000     0.00000     0.00000     0.00000     0.00000     0.00000     0.00000     0.00000     0.00000     0.00000     0.00000     0.00000     0.00000     0.00000     0.00000     0.00000     0.00000     0.00000     0.00000     0.00000     0.00000     0.00000     0.00000     0.00000     0.00000     0.00000     0.00000     0.00000     0.00000     0.00000     0.00000     0.00000     0.00000
     0.00000     0.00000     0.00000     0.00000     0.00000     0.00000     0.00000     0.00000     0.00000     0.00000     0.00000     0.00000     0.00000     0.00000     0.00000     0.00000     0.00000     0.00000     0.00000     0.00000     0.00000     0.00000     0.00000     0.00000     0.00000     0.00000     0.00000     0.00000     0.00000     0.00000     0.00000     0.00000     0.00000     0.00000     0.00000     0.00000     0.00000     0.00000     0.00000     0.00000     0.00000     0.00000     0.00000     0.00000     0.00000     0.00000     0.00000     0.00000     0.00000     0.00000     0.00000     0.00000     0.00000     0.00000     0.00000     0.00000     0.00000     0.00000     0.00000     0.00000     0.00000     0.00000     0.00000     0.00000     0.00000     0.00000     0.00000     0.00000     0.00000     0.00000     0.00000     0.00000     0.00000     0.00000     0.00000     0.00000     0.00000     0.00000     0.00000     0.00000     0.00000     0.00000     0.00000  1556.97009  1564.04114  1571.11218  1578.18323  1585.25439  1592.32544  1599.39648  1606.46753  1613.53857  1620.60962  1627.68079  1634.75183  1641.82288  1648.89392  1655.96497  1663.03613  1670.10718  1677.17822  1684.24927  1691.32031  1698.39148  1705.46252  1712.53357  1719.60461  1726.67566  1733.74670  1740.81787  1747.88892  1754.95996  1762.03101  1769.10205  1776.17322  1783.24426  1790.31531  1797.38635  1804.45740  1811.52856  1818.59961  1825.67065  1832.74170  1839.81274  1846.88379  1853.95496  1861.02600  1868.09705  1875.16809  1882.23914  1889.31030  1896.38135  1903.45239  1910.52344  1917.59448  1924.66553  1931.73669  1938.80774  1945.87878  1952.94983  1960.02087  1967.09204  1974.16309  1981.23413  1988.30518  1995.37622     0.00000     0.00000     0.00000     0.00000     0.00000     0.00000     0.00000     0.00000     0.00000     0.00000     0.00000     0.00000     0.00000     0.00000     0.00000     0.00000     0.00000     0.00000     0.00000     0.00000     0.00000     0.00000     0.00000     0.00000     0.00000     0.00000     0.00000     0.00000     0.00000     0.00000     0.00000     0.00000     0.00000     0.00000     0.00000     0.00000     0.00000     0.00000     0.00000     0.00000     0.00000     0.00000     0.00000     0.00000     0.00000     0.00000     0.00000     0.00000     0.00000     0.00000     0.00000     0.00000     0.00000     0.00000     0.00000     0.00000     0.00000     0.00000     0.00000     0.00000     0.00000     0.00000     0.00000     0.00000     0.00000     0.00000     0.00000     0.00000     0.00000     0.00000     0.00000     0.00000     0.00000     0.00000     0.00000     0.00000     0.00000     0.00000     0.00000     0.00000     0.00000     0.00000     0.00000
     0.00000     0.00000     0.00000     0.00000     0.00000     0.00000     0.00000     0.00000     0.00000     0.00000     0.00000     0.00000     0.00000     0.00000     0.00000     0.00000     0.00000     0.00000     0.00000     0.00000     0.00000     0.00000     0.00000     0.00000     0.00000     0.00000     0.00000     0.00000     0.00000     0.00000     0.00000     0.00000     0.00000     0.00000     0.00000     0.00000     0.00000     0.00000     0.00000     0.00000     0.00000     0.00000     0.00000     0.00000     0.00000     0.00000     0.00000     0.00000     0.00000     0.00000     0.00000     0.00000     0.00000     0.00000     0.00000     0.00000     0.00000     0.00000     0.00000     0.00000     0.00000     0.00000     0.00000     0.00000     0.00000     0.00000     0.00000     0.00000     0.00000     0.00000     0.00000     0.00000     0.00000     0.00000     0.00000     0.00000     0.00000     0.00000     0.00000     0.00000     0.00000     0.00000     0.00000     0.00000  1571.11218  1578.18323  1585.25439  1592.32544  1599.39648  1606.46753  1613.53857  1620.60962  1627.68079  1634.75183  1641.82288  1648.89392  1655.96497  1663.03613  1670.10718  1677.17822  1684.24927  1691.32031  1698.39148  1705.46252  1712.53357  1719.60461  1726.67566  1733.74670  1740.81787  1747.88892  1754.95996  1762.03101  1769.10205  1776.17322  1783.24426  1790.31531  1797.38635  1804.45740  1811.52856  1818.59961  1825.67065  1832.74170  1839.81274  1846.88379  1853.95496  1861.02600  1868.09705  1875.16809  1882.23914  1889.31030  1896.38135  1903.45239  1910.52344  1917.59448  1924.66553  1931.73669  1938.80774  1945.87878  1952.94983  1960.02087  1967.09204  1974.16309  1981.23413  1988.30518  1995.37622     0.00000     0.00000     0.00000     0.00000     0.00000     0.00000     0.00000     0.00000     0.00000     0.00000     0.00000     0.00000     0.00000     0.00000     0.00000     0.00000     0.00000     0.00000     0.00000     0.00000     0.00000     0.00000     0.00000     0.00000     0.00000     0.00000     0.00000     0.00000     0.00000     0.00000     0.00000     0.00000     0.00000     0.00000     0.00000     0.00000     0.00000     0.00000     0.00000     0.00000     0.00000     0.00000     0.00000     0.00000     0.00000     0.00000     0.00000     0.00000     0.00000     0.00000     0.00000     0.00000     0.00000     0.00000     0.00000     0.00000     0.00000     0.00000     0.00000     0.00000     0.00000     0.00000     0.00000     0.00000     0.00000     0.00000     0.00000     0.00000     0.00000     0.00000     0.00000     0.00000     0.00000     0.00000     0.00000     0.00000     0.00000     0.00000     0.00000     0.00000     0.00000     0.00000     0.00000     0.00000
     0.00000     0.00000     0.00000     0.00000     0.00000     0.00000     0.00000     0.00000     0.00000     0.00000     0.00000     0.00000     0.00000     0.00000     0.00000     0.00000     0.00000     0.00000     0.00000     0.00000     0.00000     0.00000     0.00000     0.00000     0.00000     0.00000     0.00000     0.00000     0.00000     0.00000     0.00000     0.00000     0.00000     0.00000     0.00000     0.00000     0.00000     0.00000     0.00000     0.00000     0.00000     0.00000     0.00000     0.00000     0.00000     0.00000     0.00000     0.00000     0.00000     0.00000     0.00000     0.00000     0.00000     0.00000     0.00000     0.00000     0.00000     0.00000     0.00000     0.00000     0.00000     0.00000     0.00000     0.00000     0.00000     0.00000     0.00000     0.00000     0.00000     0.00000     0.00000     0.00000     0.00000     0.00000     0.00000     0.00000     0.00000     0.00000     0.00000     0.00000     0.00000     0.00000     0.00000     0.00000     0.00000  1585.25439  1592.32544  1599.39648  1606.46753  1613.53857  1620.60962  1627.68079  1634.75183  1641.82288  1648.89392  1655.96497  1663.03613  1670.10718  1677.17822  1684.24927  1691.32031  1698.39148  1705.46252  1712.53357  1719.60461  1726.67566  1733.74670  1740.81787  1747.88892  1754.95996  1762.03101  1769.10205  1776.17322  1783.24426  1790.31531  1797.38635  1804.45740  1811.52856  1818.59961  1825.67065  1832.74170  1839.81274  1846.88379  1853.95496  1861.02600  1868.09705  1875.16809  1882.23914  1889.31030  1896.38135  1903.45239  1910.52344  1917.59448  1924.66553  1931.73669  1938.80774  1945.87878  1952.94983  1960.02087  1967.09204  1974.16309  1981.23413  1988.30518  1995.37622     0.00000     0.00000     0.00000     0.00000     0.00000     0.00000     0.00000     0.00000     0.00000     0.00000     0.00000     0.00000     0.00000     0.00000     0.00000     0.00000     0.00000     0.00000     0.00000     0.00000     0.00000     0.00000     0.00000     0.00000     0.00000     0.00000     0.00000     0.00000     0.00000     0.00000     0.00000     0.00000     0.00000     0.00000     0.00000     0.00000     0.00000     0.00000     0.00000     0.00000     0.00000     0.00000     0.00000     0.00000     0.00000     0.00000     0.00000     0.00000     0.00000     0.00000     0.00000     0.00000     0.00000     0.00000     0.00000     0.00000     0.00000     0.00000     0.00000     0.00000     0.00000     0.00000     0.00000     0.00000     0.00000     0.00000     0.00000     0.00000     0.00000     0.00000     0.00000     0.00000     0.00000     0.00000     0.00000     0.00000     0.00000     0.00000     0.00000     0.00000     0.00000     0.00000     0.00000     0.00000     0.00000
     0.00000     0.00000     0.00000     0.00000     0.00000     0.00000     0.00000     0.00000     0.00000     0.00000     0.00000     0.00000     0.00000     0.00000     0.00000     0.00000     0.00000     0.00000     0.00000     0.00000     0.00000     0.00000     0.00000     0.00000     0.00000     0.00000     0.00000     0.00000     0.00000     0.00000     0.00000     0.00000     0.00000     0.00000     0.00000     0.00000     0.00000     0.00000     0.00000     0.00000     0.00000     0.00000     0.00000     0.00000     0.00000     0.00000     0.00000     0.00000     0.00000     0.00000     0.00000     0.00000     0.00000     0.00000     0.00000     0.00000     0.00000     0.00000     0.00000     0.00000     0.00000     0.00000     0.00000     0.00000     0.00000     0.00000     0.00000     0.00000     0.00000     0.00000     0.00000     0.00000     0.00000     0.00000     0.00000     0.00000     0.00000     0.00000     0.00000     0.00000     0.00000     0.00000     0.00000     0.00000     0.00000     0.00000  1599.39648  1606.46753  1613.53857  1620.60962  1627.68079  1634.75183  1641.82288  1648.89392  1655.96497  1663.03613  1670.10718  1677.17822  1684.24927  1691.32031  1698.39148  1705.46252  1712.53357  1719.60461  1726.67566  1733.74670  1740.81787  1747.88892  1754.95996  1762.03101  1769.10205  1776.17322  1783.24426  1790.31531  1797.38635  1804.45740  1811.52856  1818.59961  1825.67065  1832.74170  1839.81274  1846.88379  1853.95496  1861.02600  1868.09705  1875.16809  1882.23914  1889.31030  1896.38135  1903.45239  1910.52344  1917.59448  1924.66553  1931.73669  1938.80774  1945.87878  1952.94983  1960.02087  1967.09204  1974.16309  1981.23413  1988.30518  1995.37622     0.00000     0.00000     0.00000     0.00000     0.00000     0.00000     0.00000     0.00000     0.00000     0.00000     0.00000     0.00000     0.00000     0.00000     0.00000     0.00000     0.00000     0.00000     0.00000     0.00000     0.00000     0.00000     0.00000     0.00000     0.00000     0.00000     0.00000     0.00000     0.00000     0.00000     0.00000     0.00000     0.00000     0.00000     0.00000     0.00000     0.00000     0.00000     0.00000     0.00000     0.00000     0.00000     0.00000     0.00000     0.00000     0.00000     0.00000     0.00000     0.00000     0.00000     0.00000     0.00000     0.00000     0.00000     0.00000     0.00000     0.00000     0.00000     0.00000     0.00000     0.00000     0.00000     0.00000     0.00000     0.00000     0.00000     0.00000     0.00000     0.00000     0.00000     0.00000     0.00000     0.00000     0.00000     0.00000     0.00000     0.00000     0.00000     0.00000     0.00000     0.00000     0.00000     0.00000     0.00000     0.00000     0.00000
     0.00000     0.00000     0.00000     0.00000     0.00000     0.00000     0.00000     0.00000     0.00000     0.00000     0.00000     0.00000     0.00000     0.00000     0.00000     0.00000     0.00000     0.00000     0.00000     0.00000     0.00000     0.00000     0.00000     0.00000     0.00000     0.00000     0.00000     0.00000     0.00000     0.00000     0.00000     0.00000     0.00000     0.00000     0.00000     0.00000     0.00000     0.00000     0.00000     0.00000     0.00000     0.00000     0.00000     0.00000     0.00000     0.00000     0.00000     0.00000     0.00000     0.00000     0.00000     0.00000     0.00000     0.00000     0.00000     0.00000     0.00000     0.00000     0.00000     0.00000     0.00000     0.00000     0.00000     0.00000     0.00000     0.00000     0.00000     0.00000     0.00000     0.00000     0.00000     0.00000     0.00000     0.00000     0.00000     0.00000     0.00000     0.00000     0.00000     0.00000     0.00000     0.00000     0.00000     0.00000     0.00000     0.00000     0.00000  1613.53857  1620.60962  1627.68079  1634.75183  1641.82288  1648.89392  1655.96497  1663.03613  1670.10718  1677.17822  1684.24927  1691.32031  1698.39148  1705.46252  1712.53357  1719.60461  1726.67566  1733.74670  1740.81787  1747.88892  1754.95996  1762.03101  1769.10205  1776.17322  1783.24426  1790.31531  1797.38635  1804.45740  1811.52856  1818.59961  1825.67065  1832.74170  1839.81274  1846.88379  1853.95496  1861.02600  1868.09705  1875.16809  1882.23914  1889.31030  1896.38135  1903.45239  1910.52344  1917.59448  1924.66553  1931.73669  1938.80774  1945.87878  1952.94983  1960.02087  1967.09204  1974.16309  1981.23413  1988.30518  1995.37622     0.00000     0.00000     0.00000     0.00000     0.00000     0.00000     0.00000     0.00000     0.00000     0.00000     0.00000     0.00000     0.00000     0.00000     0.00000     0.00000     0.00000     0.00000     0.00000     0.00000     0.00000     0.00000     0.00000     0.00000     0.00000     0.00000     0.00000     0.00000     0.00000     0.00000     0.00000     0.00000     0.00000     0.00000     0.00000     0.00000     0.00000     0.00000     0.00000     0.00000     0.00000     0.00000     0.00000     0.00000     0.00000     0.00000     0.00000     0.00000     0.00000     0.00000     0.00000     0.00000     0.00000     0.00000     0.00000     0.00000     0.00000     0.00000     0.00000     0.00000     0.00000     0.00000     0.00000     0.00000     0.00000     0.00000     0.00000     0.00000     0.00000     0.00000     0.00000     0.00000     0.00000     0.00000     0.00000     0.00000     0.00000     0.00000     0.00000     0.00000     0.00000     0.00000     0.00000     0.00000     0.00000     0.00000     0.00000
     0.00000     0.00000     0.00000     0.00000     0.00000     0.00000     0.00000     0.00000     0.00000     0.00000     0.00000     0.00000     0.00000     0.00000     0.00000     0.00000     0.00000     0.00000     0.00000     0.00000     0.00000     0.00000     0.00000     0.00000     0.00000     0.00000     0.00000     0.00000     0.00000     0.00000     0.00000     0.00000     0.00000     0.00000     0.00000     0.00000     0.00000     0.00000     0.00000     0.00000     0.00000     0.00000     0.00000     0.00000     0.00000     0.00000     0.00000     0.00000     0.00000     0.00000     0.00000     0.00000     0.00000     0.00000     0.00000     0.00000     0.00000     0.00000     0.00000     0.00000     0.00000     0.00000     0.00000     0.00000     0.00000     0.00000     0.00000     0.00000     0.00000     0.00000     0.00000     0.00000     0.00000     0.00000     0.00000     0.00000     0.00000     0.00000     0.00000     0.00000     0.00000     0.00000     0.00000     0.00000     0.00000     0.00000     0.00000     0.00000  1627.68079  1634.75183  1641.82288  1648.89392  1655.96497  1663.03613  1670.10718  1677.17822  1684.24927  1691.32031  1698.39148  1705.46252  1712.53357  1719.60461  1726.67566  1733.74670  1740.81787  1747.88892  1754.95996  1762.03101  1769.10205  1776.17322  1783.24426  1790.31531  1797.38635  1804.45740  1811.52856  1818.59961  1825.67065  1832.74170  1839.81274  1846.88379  1853.95496  1861.02600  1868.09705  1875.16809  1882.23914  1889.31030  1896.38135  1903.45239  1910.52344  1917.59448  1924.66553  1931.73669  1938.80774  1945.87878  1952.94983  1960.02087  1967.09204  1974.16309  1981.23413  1988.30518  1995.37622     0.00000     0.00000     0.00000     0.00000     0.00000     0.00000     0.00000     0.00000     0.00000     0.00000     0.00000     0.00000     0.00000     0.00000     0.00000     0.00000     0.00000     0.00000     0.00000     0.00000     0.00000     0.00000     0.00000     0.00000     0.00000     0.00000     0.00000     0.00000     0.00000     0.00000     0.00000     0.00000     0.00000     0.00000     0.00000     0.00000     0.00000     0.00000     0.00000     0.00000     0.00000     0.00000     0.00000     0.00000     0.00000     0.00000     0.00000     0.00000     0.00000     0.00000     0.00000     0.00000     0.00000     0.00000     0.00000     0.00000     0.00000     0.00000     0.00000     0.00000     0.00000     0.00000     0.00000     0.00000     0.00000     0.00000     0.00000     0.00000     0.00000     0.00000     0.00000     0.00000     0.00000     0.00000     0.00000     0.00000     0.00000     0.00000     0.00000     0.00000     0.00000     0.00000     0.00000     0.00000     0.00000     0.00000     0.00000     0.00000
     0.00000     0.00000     0.00000     0.00000     0.00000     0.00000     0.00000     0.00000     0.00000     0.00000     0.00000     0.00000     0.00000     0.00000     0.00000     0.00000     0.00000     0.00000     0.00000     0.00000     0.00000     0.00000     0.00000     0.00000     0.00000     0.00000     0.00000     0.00000     0.00000     0.00000     0.00000     0.00000     0.00000     0.00000     0.00000     0.00000     0.00000     0.00000     0.00000     0.00000     0.00000     0.00000     0.00000     0.00000     0.00000     0.00000     0.00000     0.00000     0.00000     0.00000     0.00000     0.00000     0.00000     0.00000     0.00000     0.00000     0.00000     0.00000     0.00000     0.00000     0.00000     0.00000     0.00000     0.00000     0.00000     0.00000     0.00000     0.00000     0.00000     0.00000     0.00000     0.00000     0.00000     0.00000     0.00000     0.00000     0.00000     0.00000     0.00000     0.00000     0.00000     0.00000     0.00000     0.00000     0.00000     0.00000     0.00000     0.00000     0.00000  1641.82288  1648.89392  1655.96497  1663.03613  1670.10718  1677.17822  1684.24927  1691.32031  1698.39148  1705.46252  1712.53357  1719.60461  1726.67566  1733.74670  1740.81787  1747.88892  1754.95996  1762.03101  1769.10205  1776.17322  1783.24426  1790.31531  1797.38635  1804.45740  1811.52856  1818.59961  1825.67065  1832.74170  1839.81274  1846.88379  1853.95496  1861.02600  1868.09705  1875.16809  1882.23914  1889.31030  1896.38135  1903.45239  1910.52344  1917.59448  1924.66553  1931.73669  1938.80774  1945.87878  1952.94983  1960.02087  1967.09204  1974.16309  1981.23413  1988.30518  1995.37622     0.00000     0.00000     0.00000     0.00000     0.00000     0.00000     0.00000     0.00000     0.00000     0.00000     0.00000     0.00000     0.00000     0.00000     0.00000     0.00000     0.00000     0.00000     0.00000     0.00000     0.00000     0.00000     0.00000     0.00000     0.00000     0.00000     0.00000     0.00000     0.00000     0.00000     0.00000     0.00000     0.00000     0.00000     0.00000     0.00000     0.00000     0.00000     0.00000     0.00000     0.00000     0.00000     0.00000     0.00000     0.00000     0.00000     0.00000     0.00000     0.00000     0.00000     0.00000     0.00000     0.00000     0.00000     0.00000     0.00000     0.00000     0.00000     0.00000     0.00000     0.00000     0.00000     0.00000     0.00000     0.00000     0.00000     0.00000     0.00000     0.00000     0.00000     0.00000     0.00000     0.00000     0.00000     0.00000     0.00000     0.00000     0.00000     0.00000     0.00000     0.00000     0.00000     0.00000     0.00000     0.00000     0.00000     0.00000     0.00000     0.00000
     0.00000     0.00000     0.00000     0.00000     0.00000     0.00000     0.00000     0.00000     0.00000     0.00000     0.00000     0.00000     0.00000     0.00000     0.00000     0.00000     0.00000     0.00000     0.00000     0.00000     0.00000     0.00000     0.00000     0.00000     0.00000     0.00000     0.00000     0.00000     0.00000     0.00000     0.00000     0.00000     0.00000     0.00000     0.00000     0.00000     0.00000     0.00000     0.00000     0.00000     0.00000     0.00000     0.00000     0.00000     0.00000     0.00000     0.00000     0.00000     0.00000     0.00000     0.00000     0.00000     0.00000     0.00000     0.00000     0.00000     0.00000     0.00000     0.00000     0.00000     0.00000     0.00000     0.00000     0.00000     0.00000     0.00000     0.00000     0.00000     0.00000     0.00000     0.00000     0.00000     0.00000     0.00000     0.00000     0.00000     0.00000     0.00000     0.00000     0.00000     0.00000     0.00000     0.00000     0.00000     0.00000     0.00000     0.00000     0.00000     0.00000     0.00000  1655.96497  1663.03613  1670.10718  1677.17822  1684.24927  1691.32031  1698.39148  1705.46252  1712.53357  1719.60461  1726.67566  1733.74670  1740.81787  1747.88892  1754.95996  1762.03101  1769.10205  1776.17322  1783.24426  1790.31531  1797.38635  1804.45740  1811.52856  1818.59961  1825.67065  1832.74170  1839.81274  1846.88379  1853.95496  1861.02600  1868.09705  1875.16809  1882.23914  1889.31030  1896.38135  1903.45239  1910.52344  1917.59448  1924.66553  1931.73669  1938.80774  1945.87878  1952.94983  1960.02087  1967.09204  1974.16309  1981.23413  1988.30518  1995.37622     0.00000     0.00000     0.00000     0.00000     0.00000     0.00000     0.00000     0.00000     0.00000     0.00000     0.00000     0.00000     0.00000     0.00000     0.00000     0.00000     0.00000     0.00000     0.00000     0.00000     0.00000     0.00000     0.00000     0.00000     0.00000     0.00000     0.00000     0.00000     0.00000     0.00000     0.00000     0.00000     0.00000     0.00000     0.00000     0.00000     0.00000     0.00000     0.00000     0.00000     0.00000     0.00000     0.00000     0.00000     0.00000     0.00000     0.00000     0.00000     0.00000     0.00000     0.00000     0.00000     0.00000     0.00000     0.00000     0.00000     0.00000     0.00000     0.00000     0.00000     0.00000     0.00000     0.00000     0.00000     0.00000     0.00000     0.00000     0.00000     0.00000     0.00000     0.00000     0.00000     0.00000     0.00000     0.00000     0.00000     0.00000     0.00000     0.00000     0.00000     0.00000     0.00000     0.00000     0.00000     0.00000     0.00000     0.00000     0.00000     0.00000     0.00000
     0.00000     0.00000     0.00000     0.00000     0.00000     0.00000     0.00000     0.00000     0.00000     0.00000     0.00000     0.00000     0.00000     0.00000     0.00000     0.00000     0.00000     0.00000     0.00000     0.00000     0.00000     0.00000     0.00000     0.00000     0.00000     0.00000     0.00000     0.00000     0.00000     0.00000     0.00000     0.00000     0.00000     0.00000     0.00000     0.00000     0.00000     0.00000     0.00000     0.00000     0.00000     0.00000     0.00000     0.00000     0.00000     0.00000     0.00000     0.00000     0.00000     0.00000     0.00000     0.00000     0.00000     0.00000     0.00000     0.00000     0.00000     0.00000     0.00000     0.00000     0.00000     0.00000     0.00000     0.00000     0.00000     0.00000     0.00000     0.00000     0.00000     0.00000     0.00000     0.00000     0.00000     0.00000     0.00000     0.00000     0.00000     0.00000     0.00000     0.00000     0.00000     0.00000     0.00000     0.00000     0.00000     0.00000     0.00000     0.00000     0.00000     0.00000     0.00000  1670.10718  1677.17822  1684.24927  1691.32031  1698.39148  1705.46252  1712.53357  1719.60461  1726.67566  1733.74670  1740.81787  1747.88892  1754.95996  1762.03101  1769.10205  1776.17322  1783.24426  1790.31531  1797.38635  1804.45740  1811.52856  1818.59961  1825.67065  1832.74170  1839.81274  1846.88379  1853.95496  1861.02600  1868.09705  1875.16809  1882.23914  1889.31030  1896.38135  1903.45239  1910.52344  1917.59448  1924.66553  1931.73669  1938.80774  1945.87878  1952.94983  1960.02087  1967.09204  1974.16309  1981.23413  1988.30518  1995.37622     0.00000     0.00000     0.00000     0.00000     0.00000     0.00000     0.00000     0.00000     0.00000     0.00000     0.00000     0.00000     0.00000     0.00000     0.00000     0.00000     0.00000     0.00000     0.00000     0.00000     0.00000     0.00000     0.00000     0.00000     0.00000     0.00000     0.00000     0.00000     0.00000     0.00000     0.00000     0.00000     0.00000     0.00000     0.00000     0.00000     0.00000     0.00000     0.00000     0.00000     0.00000     0.00000     0.00000     0.00000     0.00000     0.00000     0.00000     0.00000     0.00000     0.00000     0.00000     0.00000     0.00000     0.00000     0.00000     0.00000     0.00000     0.00000     0.00000     0.00000     0.00000     0.00000     0.00000     0.00000     0.00000     0.00000     0.00000     0.00000     0.00000     0.00000     0.00000     0.00000     0.00000     0.00000     0.00000     0.00000     0.00000     0.00000     0.00000     0.00000     0.00000     0.00000     0.00000     0.00000     0.00000     0.00000     0.00000     0.00000     0.00000     0.00000     0.00000
     0.00000     0.00000     0.00000     0.00000     0.00000     0.00000     0.00000     0.00000     0.00000     0.00000     0.00000     0.00000     0.00000     0.00000     0.00000     0.00000     0.00000     0.00000     0.00000     0.00000     0.00000     0.00000     0.00000     0.00000     0.00000     0.00000     0.00000     0.00000     0.00000     0.00000     0.00000     0.00000     0.00000     0.00000     0.00000     0.00000     0.00000     0.00000     0.00000     0.00000     0.00000     0.00000     0.00000     0.00000     0.00000     0.00000     0.00000     0.00000     0.00000     0.00000     0.00000     0.00000     0.00000     0.00000     0.00000     0.00000     0.00000     0.00000     0.00000     0.00000     0.00000     0.00000     0.00000     0.00000     0.00000     0.00000     0.00000     0.00000     0.00000     0.00000     0.00000     0.00000     0.00000     0.00000     0.00000     0.00000     0.00000     0.00000     0.00000     0.00000     0.00000     0.00000     0.00000     0.00000     0.00000     0.00000     0.00000     0.00000     0.00000     0.00000     0.00000     0.00000  1684.24927  1691.32031  1698.39148  1705.46252  1712.53357  1719.60461  1726.67566  1733.74670  1740.81787  1747.88892  1754.95996  1762.03101  1769.10205  1776.17322  1783.24426  1790.31531  1797.38635  1804.45740  1811.52856  1818.59961  1825.67065  1832.74170  1839.81274  1846.88379  1853.95496  1861.02600  1868.09705  1875.16809  1882.23914  1889.31030  1896.38135  1903.45239  1910.52344  1917.59448  1924.66553  1931.73669  1938.80774  1945.87878  1952.94983  1960.02087  1967.09204  1974.16309  1981.23413  1988.30518  1995.37622     0.00000     0.00000     0.00000     0.00000     0.00000     0.00000     0.00000     0.00000     0.00000     0.00000     0.00000     0.00000     0.00000     0.00000     0.00000     0.00000     0.00000     0.00000     0.00000     0.00000     0.00000     0.00000     0.00000     0.00000     0.00000     0.00000     0.00000     0.00000     0.00000     0.00000     0.00000     0.00000     0.00000     0.00000     0.00000     0.00000     0.00000     0.00000     0.00000     0.00000     0.00000     0.00000     0.00000     0.00000     0.00000     0.00000     0.00000     0.00000     0.00000     0.00000     0.00000     0.00000     0.00000     0.00000     0.00000     0.00000     0.00000     0.00000     0.00000     0.00000     0.00000     0.00000     0.00000     0.00000     0.00000     0.00000     0.00000     0.00000     0.00000     0.00000     0.00000     0.00000     0.00000     0.00000     0.00000     0.00000     0.00000     0.00000     0.00000     0.00000     0.00000     0.00000     0.00000     0.00000     0.00000     0.00000     0.00000     0.00000     0.00000     0.00000     0.00000     0.00000
     0.00000     0.00000     0.00000     0.00000     0.00000     0.00000     0.00000     0.00000     0.00000     0.00000     0.00000     0.00000     0.00000     0.00000     0.00000     0.00000     0.00000     0.00000     0.00000     0.00000     0.00000     0.00000     0.00000     0.00000     0.00000     0.00000     0.00000     0.00000     0.00000     0.00000     0.00000     0.00000     0.00000     0.00000     0.00000     0.00000     0.00000     0.00000     0.00000     0.00000     0.00000     0.00000     0.00000     0.00000     0.00000     0.00000     0.00000     0.00000     0.00000     0.00000     0.00000     0.00000     0.00000     0.00000     0.00000     0.00000     0.00000     0.00000     0.00000     0.00000     0.00000     0.00000     0.00000     0.00000     0.00000     0.00000     0.00000     0.00000     0.00000     0.00000     0.00000     0.00000     0.00000     0.00000     0.00000     0.00000     0.00000     0.00000     0.00000     0.00000     0.00000     0.00000     0.00000     0.00000     0.00000     0.00000     0.00000     0.00000     0.00000     0.00000     0.00000     0.00000     0.00000  1698.39148  1705.46252  1712.53357  1719.60461  1726.67566  1733.74670  1740.81787  1747.88892  1754.95996  1762.03101  1769.10205  1776.17322  1783.24426  1790.31531  1797.38635  1804.45740  1811.52856  1818.59961  1825.67065  1832.74170  1839.81274  1846.88379  1853.95496  1861.02600  1868.09705  1875.16809  1882.23914  1889.31030  1896.38135  1903.45239  1910.52344  1917.59448  1924.66553  1931.73669  1938.80774  1945.87878  1952.94983  1960.02087  1967.09204  1974.16309  1981.23413  1988.30518  1995.37622     0.00000     0.00000     0.00000     0.00000     0.00000     0.00000     0.00000     0.00000     0.00000     0.00000     0.00000     0.00000     0.00000     0.00000     0.00000     0.00000     0.00000     0.00000     0.00000     0.00000     0.00000     0.00000     0.00000     0.00000     0.00000     0.00000     0.00000     0.00000     0.00000     0.00000     0.00000     0.00000     0.00000     0.00000     0.00000     0.00000     0.00000     0.00000     0.00000     0.00000     0.00000     0.00000     0.00000     0.00000     0.00000     0.00000     0.00000     0.00000     0.00000     0.00000     0.00000     0.00000     0.00000     0.00000     0.00000     0.00000     0.00000     0.00000     0.00000     0.00000     0.00000     0.00000     0.00000     0.00000     0.00000     0.00000     0.00000     0.00000     0.00000     0.00000     0.00000     0.00000     0.00000     0.00000     0.00000     0.00000     0.00000     0.00000     0.00000     0.00000     0.00000     0.00000     0.00000     0.00000     0.00000     0.00000     0.00000     0.00000     0.00000     0.00000     0.00000     0.00000     0.00000
     0.00000     0.00000     0.00000     0.00000     0.00000     0.00000     0.00000     0.00000     0.00000     0.00000     0.00000     0.00000     0.00000     0.00000     0.00000     0.00000     0.00000     0.00000     0.00000     0.00000     0.00000     0.00000     0.00000     0.00000     0.00000     0.00000     0.00000     0.00000     0.00000     0.00000     0.00000     0.00000     0.00000     0.00000     0.00000     0.00000     0.00000     0.00000     0.00000     0.00000     0.00000     0.00000     0.00000     0.00000     0.00000     0.00000     0.00000     0.00000     0.00000     0.00000     0.00000     0.00000     0.00000     0.00000     0.00000     0.00000     0.00000     0.00000     0.00000     0.00000     0.00000     0.00000     0.00000     0.00000     0.00000     0.00000     0.00000     0.00000     0.00000     0.00000     0.00000     0.00000     0.00000     0.00000     0.00000     0.00000     0.00000     0.00000     0.00000     0.00000     0.00000     0.00000     0.00000     0.00000     0.00000     0.00000     0.00000     0.00000     0.00000     0.00000     0.00000     0.00000     0.00000     0.00000  1712.53357  1719.60461  1726.67566  1733.74670  1740.81787  1747.88892  1754.95996  1762.03101  1769.10205  1776.17322  1783.24426  1790.31531  1797.38635  1804.45740  1811.52856  1818.59961  1825.67065  1832.74170  1839.81274  1846.88379  1853.95496  1861.02600  1868.09705  1875.16809  1882.23914  1889.31030  1896.38135  1903.45239  1910.52344  1917.59448  1924.66553  1931.73669  1938.80774  1945.87878  1952.94983  1960.02087  1967.09204  1974.16309  1981.23413  1988.30518  1995.37622     0.00000     0.00000     0.00000     0.00000     0.00000     0.00000     0.00000     0.00000     0.00000     0.00000     0.00000     0.00000     0.00000     0.00000     0.00000     0.00000     0.00000     0.00000     0.00000     0.00000     0.00000     0.00000     0.00000     0.00000     0.00000     0.00000     0.00000     0.00000     0.00000     0.00000     0.00000     0.00000     0.00000     0.00000     0.00000     0.00000     0.00000     0.00000     0.00000     0.00000     0.00000     0.00000     0.00000     0.00000     0.00000     0.00000     0.00000     0.00000     0.00000     0.00000     0.00000     0.00000     0.00000     0.00000     0.00000     0.00000     0.00000     0.00000     0.00000     0.00000     0.00000     0.00000     0.00000     0.00000     0.00000     0.00000     0.00000     0.00000     0.00000     0.00000     0.00000     0.00000     0.00000     0.00000     0.00000     0.00000     0.00000     0.00000     0.00000     0.00000     0.00000     0.00000     0.00000     0.00000     0.00000     0.00000     0.00000     0.00000     0.00000     0.00000     0.00000     0.00000     0.00000     0.00000
     0.00000     0.00000     0.00000     0.00000     0.00000     0.00000     0.00000     0.00000     0.00000     0.00000     0.00000     0.00000     0.00000     0.00000     0.00000     0.00000     0.00000     0.00000     0.00000     0.00000     0.00000     0.00000     0.00000     0.00000     0.00000     0.00000     0.00000     0.00000     0.00000     0.00000     0.00000     0.00000     0.00000     0.00000     0.00000     0.00000     0.00000     0.00000     0.00000     0.00000     0.00000     0.00000     0.00000     0.00000     0.00000     0.00000     0.00000     0.00000     0.00000     0.00000     0.00000     0.00000     0.00000     0.00000     0.00000     0.00000     0.00000     0.00000     0.00000     0.00000     0.00000     0.00000     0.00000     0.00000     0.00000     0.00000     0.00000     0.00000     0.00000     0.00000     0.00000     0.00000     0.00000     0.00000     0.00000     0.00000     0.00000     0.00000     0.00000     0.00000     0.00000     0.00000     0.00000     0.00000     0.00000     0.00000     0.00000     0.00000     0.00000     0.00000     0.00000     0.00000     0.00000     0.00000     0.00000  1726.67566  1733.74670  1740.81787  1747.88892  1754.95996  1762.03101  1769.10205  1776.17322  1783.24426  1790.31531  1797.38635  1804.45740  1811.52856  1818.59961  1825.67065  1832.74170  1839.81274  1846.88379  1853.95496  1861.02600  1868.09705  1875.16809  1882.23914  1889.31030  1896.38135  1903.45239  1910.52344  1917.59448  1924.66553  1931.73669  1938.80774  1945.87878  1952.94983  1960.02087  1967.09204  1974.16309  1981.23413  1988.30518  1995.37622     0.00000     0.00000     0.00000     0.00000     0.00000     0.00000     0.00000     0.00000     0.00000     0.00000     0.00000     0.00000     0.00000     0.00000     0.00000     0.00000     0.00000     0.00000     0.00000     0.00000     0.00000     0.00000     0.00000     0.00000     0.00000     0.00000     0.00000     0.00000     0.00000     0.00000     0.00000     0.00000     0.00000     0.00000     0.00000     0.00000     0.00000     0.00000     0.00000     0.00000     0.00000     0.00000     0.00000     0.00000     0.00000     0.00000     0.00000     0.00000     0.00000     0.00000     0.00000     0.00000     0.00000     0.00000     0.00000     0.00000     0.00000     0.00000     0.00000     0.00000     0.00000     0.00000     0.00000     0.00000     0.00000     0.00000     0.00000     0.00000     0.00000     0.00000     0.00000     0.00000     0.00000     0.00000     0.00000     0.00000     0.00000     0.00000     0.00000     0.00000     0.00000     0.00000     0.00000     0.00000     0.00000     0.00000     0.00000     0.00000     0.00000     0.00000     0.00000     0.00000     0.00000     0.00000     0.00000
     0.00000     0.00000     0.00000     0.00000     0.00000     0.00000     0.00000     0.00000     0.00000     0.00000     0.00000     0.00000     0.00000     0.00000     0.00000     0.00000     0.00000     0.00000     0.00000     0.00000     0.00000     0.00000     0.00000     0.00000     0.00000     0.00000     0.00000     0.00000     0.00000     0.00000     0.00000     0.00000     0.00000     0.00000     0.00000     0.00000     0.00000     0.00000     0.00000     0.00000     0.00000     0.00000     0.00000     0.00000     0.00000     0.00000     0.00000     0.00000     0.00000     0.00000     0.00000     0.00000     0.00000     0.00000     0.00000     0.00000     0.00000     0.00000     0.00000     0.00000     0.00000     0.00000     0.00000     0.00000     0.00000     0.00000     0.00000     0.00000     0.00000     0.00000     0.00000     0.00000     0.00000     0.00000     0.00000     0.00000     0.00000     0.00000     0.00000     0.00000     0.00000     0.00000     0.00000     0.00000     0.00000     0.00000     0.00000     0.00000     0.00000     0.00000     0.00000     0.00000     0.00000     0.00000     0.00000     0.00000  1740.81787  1747.88892  1754.95996  1762.03101  1769.10205  1776.17322  1783.24426  1790.31531  1797.38635  1804.45740  1811.52856  1818.59961  1825.67065  1832.74170  1839.81274  1846.88379  1853.95496  1861.02600  1868.09705  1875.16809  1882.23914  1889.31030  1896.38135  1903.45239  1910.52344  1917.59448  1924.66553  1931.73669  1938.80774  1945.87878  1952.94983  1960.02087  1967.09204  1974.16309  1981.23413  1988.30518  1995.37622     0.00000     0.00000     0.00000     0.00000     0.00000     0.00000     0.00000     0.00000     0.00000     0.00000     0.00000     0.00000     0.00000     0.00000     0.00000     0.00000     0.00000     0.00000     0.00000     0.00000     0.00000     0.00000     0.00000     0.00000     0.00000     0.00000     0.00000     0.00000     0.00000     0.00000     0.00000     0.00000     0.00000     0.00000     0.00000     0.00000     0.00000     0.00000     0.00000     0.00000     0.00000     0.00000     0.00000     0.00000     0.00000     0.00000     0.00000     0.00000     0.00000     0.00000     0.00000     0.00000     0.00000     0.00000     0.00000     0.00000     0.00000     0.00000     0.00000     0.00000     0.00000     0.00000     0.00000     0.00000     0.00000     0.00000     0.00000     0.00000     0.00000     0.00000     0.00000     0.00000     0.00000     0.00000     0.00000     0.00000     0.00000     0.00000     0.00000     0.00000     0.00000     0.00000     0.00000     0.00000     0.00000     0.00000     0.00000     0.00000     0.00000     0.00000     0.00000     0.00000     0.00000     0.00000     0.00000     0.00000
     0.00000     0.00000     0.00000     0.00000     0.00000     0.00000     0.00000     0.00000     0.00000     0.00000     0.00000     0.00000     0.00000     0.00000     0.00000     0.00000     0.00000     0.00000     0.00000     0.00000     0.00000     0.00000     0.00000     0.00000     0.00000     0.00000     0.00000     0.00000     0.00000     0.00000     0.00000     0.00000     0.00000     0.00000     0.00000     0.00000     0.00000     0.00000     0.00000     0.00000     0.00000     0.00000     0.00000     0.00000     0.00000     0.00000     0.00000     0.00000     0.00000     0.00000     0.00000     0.00000     0.00000     0.00000     0.00000     0.00000     0.00000     0.00000     0.00000     0.00000     0.00000     0.00000     0.00000     0.00000     0.00000     0.00000     0.00000     0.00000     0.00000     0.00000     0.00000     0.00000     0.00000     0.00000     0.00000     0.00000     0.00000     0.00000     0.00000     0.00000     0.00000     0.00000     0.00000     0.00000     0.00000     0.00000     0.00000     0.00000     0.00000     0.00000     0.00000     0.00000     0.00000     0.00000     0.00000     0.00000     0.00000  1754.95996  1762.03101  1769.10205  1776.17322  1783.24426  1790.31531  1797.38635  1804.45740  1811.52856  1818.59961  1825.67065  1832.74170  1839.81274  1846.88379  1853.95496  1861.02600  1868.09705  1875.16809  1882.23914  1889.31030  1896.38135  1903.45239  1910.52344  1917.59448  1924.66553  1931.73669  1938.80774  1945.87878  1952.94983  1960.02087  1967.09204  1974.16309  1981.23413  1988.30518  1995.37622     0.00000     0.00000     0.00000     0.00000     0.00000     0.00000     0.00000     0.00000     0.00000     0.00000     0.00000     0.00000     0.00000     0.00000     0.00000     0.00000     0.00000     0.00000     0.00000     0.00000     0.00000     0.00000     0.00000     0.00000     0.00000     0.00000     0.00000     0.00000     0.00000     0.00000     0.00000     0.00000     0.00000     0.00000     0.00000     0.00000     0.00000     0.00000     0.00000     0.00000     0.00000     0.00000     0.00000     0.00000     0.00000     0.00000     0.00000     0.00000     0.00000     0.00000     0.00000     0.00000     0.00000     0.00000     0.00000     0.00000     0.00000     0.00000     0.00000     0.00000     0.00000     0.00000     0.00000     0.00000     0.00000     0.00000     0.00000     0.00000     0.00000     0.00000     0.00000     0.00000     0.00000     0.00000     0.00000     0.00000     0.00000     0.00000     0.00000     0.00000     0.00000     0.00000     0.00000     0.00000     0.00000     0.00000     0.00000     0.00000     0.00000     0.00000     0.00000     0.00000     0.00000     0.00000     0.00000     0.00000     0.00000
     0.00000     0.00000     0.00000     0.00000     0.00000     0.00000     0.00000     0.00000     0.00000     0.00000     0.00000     0.00000     0.00000     0.00000     0.00000     0.00000     0.00000     0.00000     0.00000     0.00000     0.00000     0.00000     0.00000     0.00000     0.00000     0.00000     0.00000     0.00000     0.00000     0.00000     0.00000     0.00000     0.00000     0.00000     0.00000     0.00000     0.00000     0.00000     0.00000     0.00000     0.00000     0.00000     0.00000     0.00000     0.00000     0.00000     0.00000     0.00000     0.00000     0.00000     0.00000     0.00000     0.00000     0.00000     0.00000     0.00000     0.00000     0.00000     0.00000     0.00000     0.00000     0.00000     0.00000     0.00000     0.00000     0.00000     0.00000     0.00000     0.00000     0.00000     0.00000     0.00000     0.00000     0.00000     0.00000     0.00000     0.00000     0.00000     0.00000     0.00000     0.00000     0.00000     0.00000     0.00000     0.00000     0.00000     0.00000     0.00000     0.00000     0.00000     0.00000     0.00000     0.00000     0.00000     0.00000     0.00000     0.00000     0.00000  1769.10205  1776.17322  1783.24426  1790.31531  1797.38635  1804.45740  1811.52856  1818.59961  1825.67065  1832.74170  1839.81274  1846.88379  1853.95496  1861.02600  1868.09705  1875.16809  1882.23914  1889.31030  1896.38135  1903.45239  1910.52344  1917.59448  1924.66553  1931.73669  1938.80774  1945.87878  1952.94983  1960.02087  1967.09204  1974.16309  1981.23413  1988.30518  1995.37622     0.00000     0.00000     0.00000     0.00000     0.00000     0.00000     0.00000     0.00000     0.00000     0.00000     0.00000     0.00000     0.00000     0.00000     0.00000     0.00000     0.00000     0.00000     0.00000     0.00000     0.00000     0.00000     0.00000     0.00000     0.00000     0.00000     0.00000     0.00000     0.00000     0.00000     0.00000     0.00000     0.00000     0.00000     0.00000     0.00000     0.00000     0.00000     0.00000     0.00000     0.00000     0.00000     0.00000     0.00000     0.00000     0.00000     0.00000     0.00000     0.00000     0.00000     0.00000     0.00000     0.00000     0.00000     0.00000     0.00000     0.00000     0.00000     0.00000     0.00000     0.00000     0.00000     0.00000     0.00000     0.00000     0.00000     0.00000     0.00000     0.00000     0.00000     0.00000     0.00000     0.00000     0.00000     0.00000     0.00000     0.00000     0.00000     0.00000     0.00000     0.00000     0.00000     0.00000     0.00000     0.00000     0.00000     0.00000     0.00000     0.00000     0.00000     0.00000     0.00000     0.00000     0.00000     0.00000     0.00000     0.00000     0.00000
     0.00000     0.00000     0.00000     0.00000     0.00000     0.00000     0.00000     0.00000     0.00000     0.00000     0.00000     0.00000     0.00000     0.00000     0.00000     0.00000     0.00000     0.00000     0.00000     0.00000     0.00000     0.00000     0.00000     0.00000     0.00000     0.00000     0.00000     0.00000     0.00000     0.00000     0.00000     0.00000     0.00000     0.00000     0.00000     0.00000     0.00000     0.00000     0.00000     0.00000     0.00000     0.00000     0.00000     0.00000     0.00000     0.00000     0.00000     0.00000     0.00000     0.00000     0.00000     0.00000     0.00000     0.00000     0.00000     0.00000     0.00000     0.00000     0.00000     0.00000     0.00000     0.00000     0.00000     0.00000     0.00000     0.00000     0.00000     0.00000     0.00000     0.00000     0.00000     0.00000     0.00000     0.00000     0.00000     0.00000     0.00000     0.00000     0.00000     0.00000     0.00000     0.00000     0.00000     0.00000     0.00000     0.00000     0.00000     0.00000     0.00000     0.00000     0.00000     0.00000     0.00000     0.00000     0.00000     0.00000     0.00000     0.00000     0.00000  1783.24426  1790.31531  1797.38635  1804.45740  1811.52856  1818.59961  1825.67065  1832.74170  1839.81274  1846.88379  1853.95496  1861.02600  1868.09705  1875.16809  1882.23914  1889.31030  1896.38135  1903.45239  1910.52344  1917.59448  1924.66553  1931.73669  1938.80774  1945.87878  1952.94983  1960.02087  1967.09204  1974.16309  1981.23413  1988.30518  1995.37622     0.00000     0.00000     0.00000     0.00000     0.00000     0.00000     0.00000     0.00000     0.00000     0.00000     0.00000     0.00000     0.00000     0.00000     0.00000     0.00000     0.00000     0.00000     0.00000     0.00000     0.00000     0.00000     0.00000     0.00000     0.00000     0.00000     0.00000     0.00000     0.00000     0.00000     0.00000     0.00000     0.00000     0.00000     0.00000     0.00000     0.00000     0.00000     0.00000     0.00000     0.00000     0.00000     0.00000     0.00000     0.00000     0.00000     0.00000     0.00000     0.00000     0.00000     0.00000     0.00000     0.00000     0.00000     0.00000     0.00000     0.00000     0.00000     0.00000     0.00000     0.00000     0.00000     0.00000     0.00000     0.00000     0.00000     0.00000     0.00000     0.00000     0.00000     0.00000     0.00000     0.00000     0.00000     0.00000     0.00000     0.00000     0.00000     0.00000     0.00000     0.00000     0.00000     0.00000     0.00000     0.00000     0.00000     0.00000     0.00000     0.00000     0.00000     0.00000     0.00000     0.00000     0.00000     0.00000     0.00000     0.00000     0.00000     0.00000
     0.00000     0.00000     0.00000     0.00000     0.00000     0.00000     0.00000     0.00000     0.00000     0.00000     0.00000     0.00000     0.00000     0.00000     0.00000     0.00000     0.00000     0.00000     0.00000     0.00000     0.00000     0.00000     0.00000     0.00000     0.00000     0.00000     0.00000     0.00000     0.00000     0.00000     0.00000     0.00000     0.00000     0.00000     0.00000     0.00000     0.00000     0.00000     0.00000     0.00000     0.00000     0.00000     0.00000     0.00000     0.00000     0.00000     0.00000     0.00000     0.00000     0.00000     0.00000     0.00000     0.00000     0.00000     0.00000     0.00000     0.00000     0.00000     0.00000     0.00000     0.00000     0.00000     0.00000     0.00000     0.00000     0.00000     0.00000     0.00000     0.00000     0.00000     0.00000     0.00000     0.00000     0.00000     0.00000     0.00000     0.00000     0.00000     0.00000     0.00000     0.00000     0.00000     0.00000     0.00000     0.00000     0.00000     0.00000     0.00000     0.00000     0.00000     0.00000     0.00000     0.00000     0.00000     0.00000     0.00000     0.00000     0.00000     0.00000     0.00000  1797.38635  1804.45740  1811.52856  1818.59961  1825.67065  1832.74170  1839.81274  1846.88379  1853.95496  1861.02600  1868.09705  1875.16809  1882.23914  1889.31030  1896.38135  1903.45239  1910.52344  1917.59448  1924.66553  1931.73669  1938.80774  1945.87878  1952.94983  1960.02087  1967.09204  1974.16309  1981.23413  1988.30518  1995.37622     0.00000     0.00000     0.00000     0.00000     0.00000     0.00000     0.00000     0.00000     0.00000     0.00000     0.00000     0.00000     0.00000     0.00000     0.00000     0.00000     0.00000     0.00000     0.00000     0.00000     0.00000     0.00000     0.00000     0.00000     0.00000     0.00000     0.00000     0.00000     0.00000     0.00000     0.00000     0.00000     0.00000     0.00000     0.00000     0.00000     0.00000     0.00000     0.00000     0.00000     0.00000     0.00000     0.00000     0.00000     0.00000     0.00000     0.00000     0.00000     0.00000     0.00000     0.00000     0.00000     0.00000     0.00000     0.00000     0.00000     0.00000     0.00000     0.00000     0.00000     0.00000     0.00000     0.00000     0.00000     0.00000     0.00000     0.00000     0.00000     0.00000     0.00000     0.00000     0.00000     0.00000     0.00000     0.00000     0.00000     0.00000     0.00000     0.00000     0.00000     0.00000     0.00000     0.00000     0.00000     0.00000     0.00000     0.00000     0.00000     0.00000     0.00000     0.00000     0.00000     0.00000     0.00000     0.00000     0.00000     0.00000     0.00000     0.00000     0.00000
     0.00000     0.00000     0.00000     0.00000     0.00000     0.00000     0.00000     0.00000     0.00000     0.00000     0.00000     0.00000     0.00000     0.00000     0.00000     0.00000     0.00000     0.00000     0.00000     0.00000     0.00000     0.00000     0.00000     0.00000     0.00000     0.00000     0.00000     0.00000     0.00000     0.00000     0.00000     0.00000     0.00000     0.00000     0.00000     0.00000     0.00000     0.00000     0.00000     0.00000     0.00000     0.00000     0.00000     0.00000     0.00000     0.00000     0.00000     0.00000     0.00000     0.00000     0.00000     0.00000     0.00000     0.00000     0.00000     0.00000     0.00000     0.00000     0.00000     0.00000     0.00000     0.00000     0.00000     0.00000     0.00000     0.00000     0.00000     0.00000     0.00000     0.00000     0.00000     0.00000     0.00000     0.00000     0.00000     0.00000     0.00000     0.00000     0.00000     0.00000     0.00000     0.00000     0.00000     0.00000     0.00000     0.00000     0.00000     0.00000     0.00000     0.00000     0.00000     0.00000     0.00000     0.00000     0.00000     0.00000     0.00000     0.00000     0.00000     0.00000     0.00000  1811.52856  1818.59961  1825.67065  1832.74170  1839.81274  1846.88379  1853.95496  1861.02600  1868.09705  1875.16809  1882.23914  1889.31030  1896.38135  1903.45239  1910.52344  1917.59448  1924.66553  1931.73669  1938.80774  1945.87878  1952.94983  1960.02087  1967.09204  1974.16309  1981.23413  1988.30518  1995.37622     0.00000     0.00000     0.00000     0.00000     0.00000     0.00000     0.00000     0.00000     0.00000     0.00000     0.00000     0.00000     0.00000     0.00000     0.00000     0.00000     0.00000     0.00000     0.00000     0.00000     0.00000     0.00000     0.00000     0.00000     0.00000     0.00000     0.00000     0.00000     0.00000     0.00000     0.00000     0.00000     0.00000     0.00000     0.00000     0.00000     0.00000     0.00000     0.00000     0.00000     0.00000     0.00000     0.00000     0.00000     0.00000     0.00000     0.00000     0.00000     0.00000     0.00000     0.00000     0.00000     0.00000     0.00000     0.00000     0.00000     0.00000     0.00000     0.00000     0.00000     0.00000     0.00000     0.00000     0.00000     0.00000     0.00000     0.00000     0.00000     0.00000     0.00000     0.00000     0.00000     0.00000     0.00000     0.00000     0.00000     0.00000     0.00000     0.00000     0.00000     0.00000     0.00000     0.00000     0.00000     0.00000     0.00000     0.00000     0.00000     0.00000     0.00000     0.00000     0.00000     0.00000     0.00000     0.00000     0.00000     0.00000     0.00000     0.00000     0.00000     0.00000
     0.00000     0.00000     0.00000     0.00000     0.00000     0.00000     0.00000     0.00000     0.00000     0.00000     0.00000     0.00000     0.00000     0.00000     0.00000     0.00000     0.00000     0.00000     0.00000     0.00000     0.00000     0.00000     0.00000     0.00000     0.00000     0.00000     0.00000     0.00000     0.00000     0.00000     0.00000     0.00000     0.00000     0.00000     0.00000     0.00000     0.00000     0.00000     0.00000     0.00000     0.00000     0.00000     0.00000     0.00000     0.00000     0.00000     0.00000     0.00000     0.00000     0.00000     0.00000     0.00000     0.00000     0.00000     0.00000     0.00000     0.00000     0.00000     0.00000     0.00000     0.00000     0.00000     0.00000     0.00000     0.00000     0.00000     0.00000     0.00000     0.00000     0.00000     0.00000     0.00000     0.00000     0.00000     0.00000     0.00000     0.00000     0.00000     0.00000     0.00000     0.00000     0.00000     0.00000     0.00000     0.00000     0.00000     0.00000     0.00000     0.00000     0.00000     0.00000     0.00000     0.00000     0.00000     0.00000     0.00000     0.00000     0.00000     0.00000     0.00000     0.00000     0.00000  1825.67065  1832.74170  1839.81274  1846.88379  1853.95496  1861.02600  1868.09705  1875.16809  1882.23914  1889.31030  1896.38135  1903.45239  1910.52344  1917.59448  1924.66553  1931.73669  1938.80774  1945.87878  1952.94983  1960.02087  1967.09204  1974.16309  1981.23413  1988.30518  1995.37622     0.00000     0.00000     0.00000     0.00000     0.00000     0.00000     0.00000     0.00000     0.00000     0.00000     0.00000     0.00000     0.00000     0.00000     0.00000     0.00000     0.00000     0.00000     0.00000     0.00000     0.00000     0.00000     0.00000     0.00000     0.00000     0.00000     0.00000     0.00000     0.00000     0.00000     0.00000     0.00000     0.00000     0.00000     0.00000     0.00000     0.00000     0.00000     0.00000     0.00000     0.00000     0.00000     0.00000     0.00000     0.00000     0.00000     0.00000     0.00000     0.00000     0.00000     0.00000     0.00000     0.00000     0.00000     0.00000     0.00000     0.00000     0.00000     0.00000     0.00000     0.00000     0.00000     0.00000     0.00000     0.00000     0.00000     0.00000     0.00000     0.00000     0.00000     0.00000     0.00000     0.00000     0.00000     0.00000     0.00000     0.00000     0.00000     0.00000     0.00000     0.00000     0.00000     0.00000     0.00000     0.00000     0.00000     0.00000     0.00000     0.00000     0.00000     0.00000     0.00000     0.00000     0.00000     0.00000     0.00000     0.00000     0.00000     0.00000     0.00000     0.00000     0.00000
     0.00000     0.00000     0.00000     0.00000     0.00000     0.00000     0.00000     0.00000     0.00000     0.00000     0.00000     0.00000     0.00000     0.00000     0.00000     0.00000     0.00000     0.00000     0.00000     0.00000     0.00000     0.00000     0.00000     0.00000     0.00000     0.00000     0.00000     0.00000     0.00000     0.00000     0.00000     0.00000     0.00000     0.00000     0.00000     0.00000     0.00000     0.00000     0.00000     0.00000     0.00000     0.00000     0.00000     0.00000     0.00000     0.00000     0.00000     0.00000     0.00000     0.00000     0.00000     0.00000     0.00000     0.00000     0.00000     0.00000     0.00000     0.00000     0.00000     0.00000     0.00000     0.00000     0.00000     0.00000     0.00000     0.00000     0.00000     0.00000     0.00000     0.00000     0.00000     0.00000     0.00000     0.00000     0.00000     0.00000     0.00000     0.00000     0.00000     0.00000     0.00000     0.00000     0.00000     0.00000     0.00000     0.00000     0.00000     0.00000     0.00000     0.00000     0.00000     0.00000     0.00000     0.00000     0.00000     0.00000     0.00000     0.00000     0.00000     0.00000     0.00000     0.00000     0.00000  1839.81274  1846.88379  1853.95496  1861.02600  1868.09705  1875.16809  1882.23914  1889.31030  1896.38135  1903.45239  1910.52344  1917.59448  1924.66553  1931.73669  1938.80774  1945.87878  1952.94983  1960.02087  1967.09204  1974.16309  1981.23413  1988.30518  1995.37622     0.00000     0.00000     0.00000     0.00000     0.00000     0.00000     0.00000     0.00000     0.00000     0.00000     0.00000     0.00000     0.00000     0.00000     0.00000     0.00000     0.00000     0.00000     0.00000     0.00000     0.00000     0.00000     0.00000     0.00000     0.00000     0.00000     0.00000     0.00000     0.00000     0.00000     0.00000     0.00000     0.00000     0.00000     0.00000     0.00000     0.00000     0.00000     0.00000     0.00000     0.00000     0.00000     0.00000     0.00000     0.00000     0.00000     0.00000     0.00000     0.00000     0.00000     0.00000     0.00000     0.00000     0.00000     0.00000     0.00000     0.00000     0.00000     0.00000     0.00000     0.00000     0.00000     0.00000     0.00000     0.00000     0.00000     0.00000     0.00000     0.00000     0.00000     0.00000     0.00000     0.00000     0.00000     0.00000     0.00000     0.00000     0.00000     0.00000     0.00000     0.00000     0.00000     0.00000     0.00000     0.00000     0.00000     0.00000     0.00000     0.00000     0.00000     0.00000     0.00000     0.00000     0.00000     0.00000     0.00000     0.00000     0.00000     0.00000     0.00000     0.00000     0.00000     0.00000
     0.00000     0.00000     0.00000     0.00000     0.00000     0.00000     0.00000     0.00000     0.00000     0.00000     0.00000     0.00000     0.00000     0.00000     0.00000     0.00000     0.00000     0.00000     0.00000     0.00000     0.00000     0.00000     0.00000     0.00000     0.00000     0.00000     0.00000     0.00000     0.00000     0.00000     0.00000     0.00000     0.00000     0.00000     0.00000     0.00000     0.00000     0.00000     0.00000     0.00000     0.00000     0.00000     0.00000     0.00000     0.00000     0.00000     0.00000     0.00000     0.00000     0.00000     0.00000     0.00000     0.00000     0.00000     0.00000     0.00000     0.00000     0.00000     0.00000     0.00000     0.00000     0.00000     0.00000     0.00000     0.00000     0.00000     0.00000     0.00000     0.00000     0.00000     0.00000     0.00000     0.00000     0.00000     0.00000     0.00000     0.00000     0.00000     0.00000     0.00000     0.00000     0.00000     0.00000     0.00000     0.00000     0.00000     0.00000     0.00000     0.00000     0.00000     0.00000     0.00000     0.00000     0.00000     0.00000     0.00000     0.00000     0.00000     0.00000     0.00000     0.00000     0.00000     0.00000     0.00000  1853.95496  1861.02600  1868.09705  1875.16809  1882.23914  1889.31030  1896.38135  1903.45239  1910.52344  1917.59448  1924.66553  1931.73669  1938.80774  1945.87878  1952.94983  1960.02087  1967.09204  1974.16309  1981.23413  1988.30518  1995.37622     0.00000     0.00000     0.00000     0.00000     0.00000     0.00000     0.00000     0.00000     0.00000     0.00000     0.00000     0.00000     0.00000     0.00000     0.00000     0.00000     0.00000     0.00000     0.00000     0.00000     0.00000     0.00000     0.00000     0.00000     0.00000     0.00000     0.00000     0.00000     0.00000     0.00000     0.00000     0.00000     0.00000     0.00000     0.00000     0.00000     0.00000     0.00000     0.00000     0.00000     0.00000     0.00000     0.00000     0.00000     0.00000     0.00000     0.00000     0.00000     0.00000     0.00000     0.00000     0.00000     0.00000     0.00000     0.00000     0.00000     0.00000     0.00000     0.00000     0.00000     0.00000     0.00000     0.00000     0.00000     0.00000     0.00000     0.00000     0.00000     0.00000     0.00000     0.00000     0.00000     0.00000     0.00000     0.00000     0.00000     0.00000     0.00000     0.00000     0.00000     0.00000     0.00000     0.00000     0.00000     0.00000     0.00000     0.00000     0.00000     0.00000     0.00000     0.00000     0.00000     0.00000     0.00000     0.00000     0.00000     0.00000     0.00000     0.00000     0.00000     0.00000     0.00000     0.00000     0.00000
     0.00000     0.00000     0.00000     0.00000     0.00000     0.00000     0.00000     0.00000     0.00000     0.00000     0.00000     0.00000     0.00000     0.00000     0.00000     0.00000     0.00000     0.00000     0.00000     0.00000     0.00000     0.00000     0.00000     0.00000     0.00000     0.00000     0.00000     0.00000     0.00000     0.00000     0.00000     0.00000     0.00000     0.00000     0.00000     0.00000     0.00000     0.00000     0.00000     0.00000     0.00000     0.00000     0.00000     0.00000     0.00000     0.00000     0.00000     0.00000     0.00000     0.00000     0.00000     0.00000     0.00000     0.00000     0.00000     0.00000     0.00000     0.00000     0.00000     0.00000     0.00000     0.00000     0.00000     0.00000     0.00000     0.00000     0.00000     0.00000     0.00000     0.00000     0.00000     0.00000     0.00000     0.00000     0.00000     0.00000     0.00000     0.00000     0.00000     0.00000     0.00000     0.00000     0.00000     0.00000     0.00000     0.00000     0.00000     0.00000     0.00000     0.00000     0.00000     0.00000     0.00000     0.00000     0.00000     0.00000     0.00000     0.00000     0.00000     0.00000     0.00000     0.00000     0.00000     0.00000     0.00000  1868.09705  1875.16809  1882.23914  1889.31030  1896.38135  1903.45239  1910.52344  1917.59448  1924.66553  1931.73669  1938.80774  1945.87878  1952.94983  1960.02087  1967.09204  1974.16309  1981.23413  1988.30518  1995.37622     0.00000     0.00000     0.00000     0.00000     0.00000     0.00000     0.00000     0.00000     0.00000     0.00000     0.00000     0.00000     0.00000     0.00000     0.00000     0.00000     0.00000     0.00000     0.00000     0.00000     0.00000     0.00000     0.00000     0.00000     0.00000     0.00000     0.00000     0.00000     0.00000     0.00000     0.00000     0.00000     0.00000     0.00000     0.00000     0.00000     0.00000     0.00000     0.00000     0.00000     0.00000     0.00000     0.00000     0.00000     0.00000     0.00000     0.00000     0.00000     0.00000     0.00000     0.00000     0.00000     0.00000     0.00000     0.00000     0.00000     0.00000     0.00000     0.00000     0.00000     0.00000     0.00000     0.00000     0.00000     0.00000     0.00000     0.00000     0.00000     0.00000     0.00000     0.00000     0.00000     0.00000     0.00000     0.00000     0.00000     0.00000     0.00000     0.00000     0.00000     0.00000     0.00000     0.00000     0.00000     0.00000     0.00000     0.00000     0.00000     0.00000     0.00000     0.00000     0.00000     0.00000     0.00000     0.00000     0.00000     0.00000     0.00000     0.00000     0.00000     0.00000     0.00000     0.00000     0.00000     0.00000
     0.00000     0.00000     0.00000     0.00000     0.00000     0.00000     0.00000     0.00000     0.00000     0.00000     0.00000     0.00000     0.00000     0.00000     0.00000     0.00000     0.00000     0.00000     0.00000     0.00000     0.00000     0.00000     0.00000     0.00000     0.00000     0.00000     0.00000     0.00000     0.00000     0.00000     0.00000     0.00000     0.00000     0.00000     0.00000     0.00000     0.00000     0.00000     0.00000     0.00000     0.00000     0.00000     0.00000     0.00000     0.00000     0.00000     0.00000     0.00000     0.00000     0.00000     0.00000     0.00000     0.00000     0.00000     0.00000     0.00000     0.00000     0.00000     0.00000     0.00000     0.00000     0.00000     0.00000     0.00000     0.00000     0.00000     0.00000     0.00000     0.00000     0.00000     0.00000     0.00000     0.00000     0.00000     0.00000     0.00000     0.00000     0.00000     0.00000     0.00000     0.00000     0.00000     0.00000     0.00000     0.00000     0.00000     0.00000     0.00000     0.00000     0.00000     0.00000     0.00000     0.00000     0.00000     0.00000     0.00000     0.00000     0.00000     0.00000     0.00000     0.00000     0.00000     0.00000     0.00000     0.00000     0.00000  1882.23914  1889.31030  1896.38135  1903.45239  1910.52344  1917.59448  1924.66553  1931.73669  1938.80774  1945.87878  1952.94983  1960.02087  1967.09204  1974.16309  1981.23413  1988.30518  1995.37622     0.00000     0.00000     0.00000     0.00000     0.00000     0.00000     0.00000     0.00000     0.00000     0.00000     0.00000     0.00000     0.00000     0.00000     0.00000     0.00000     0.00000     0.00000     0.00000     0.00000     0.00000     0.00000     0.00000     0.00000     0.00000     0.00000     0.00000     0.00000     0.00000     0.00000     0.00000     0.00000     0.00000     0.00000     0.00000     0.00000     0.00000     0.00000     0.00000     0.00000     0.00000     0.00000     0.00000     0.00000     0.00000     0.00000     0.00000     0.00000     0.00000     0.00000     0.00000     0.00000     0.00000     0.00000     0.00000     0.00000     0.00000     0.00000     0.00000     0.00000     0.00000     0.00000     0.00000     0.00000     0.00000     0.00000     0.00000     0.00000     0.00000     0.00000     0.00000     0.00000     0.00000     0.00000     0.00000     0.00000     0.00000     0.00000     0.00000     0.00000     0.00000     0.00000     0.00000     0.00000     0.00000     0.00000     0.00000     0.00000     0.00000     0.00000     0.00000     0.00000     0.00000     0.00000     0.00000     0.00000     0.00000     0.00000     0.00000     0.00000     0.00000     0.00000     0.00000     0.00000     0.00000     0.00000
     0.00000     0.00000     0.00000     0.00000     0.00000     0.00000     0.00000     0.00000     0.00000     0.00000     0.00000     0.00000     0.00000     0.00000     0.00000     0.00000     0.00000     0.00000     0.00000     0.00000     0.00000     0.00000     0.00000     0.00000     0.00000     0.00000     0.00000     0.00000     0.00000     0.00000     0.00000     0.00000     0.00000     0.00000     0.00000     0.00000     0.00000     0.00000     0.00000     0.00000     0.00000     0.00000     0.00000     0.00000     0.00000     0.00000     0.00000     0.00000     0.00000     0.00000     0.00000     0.00000     0.00000     0.00000     0.00000     0.00000     0.00000     0.00000     0.00000     0.00000     0.00000     0.00000     0.00000     0.00000     0.00000     0.00000     0.00000     0.00000     0.00000     0.00000     0.00000     0.00000     0.00000     0.00000     0.00000     0.00000     0.00000     0.00000     0.00000     0.00000     0.00000     0.00000     0.00000     0.00000     0.00000     0.00000     0.00000     0.00000     0.00000     0.00000     0.00000     0.00000     0.00000     0.00000     0.00000     0.00000     0.00000     0.00000     0.00000     0.00000     0.00000     0.00000     0.00000     0.00000     0.00000     0.00000     0.00000  1896.38135  1903.45239  1910.52344  1917.59448  1924.66553  1931.73669  1938.80774  1945.87878  1952.94983  1960.02087  1967.09204  1974.16309  1981.23413  1988.30518  1995.37622     0.00000     0.00000     0.00000     0.00000     0.00000     0.00000     0.00000     0.00000     0.00000     0.00000     0.00000     0.00000     0.00000     0.00000     0.00000     0.00000     0.00000     0.00000     0.00000     0.00000     0.00000     0.00000     0.00000     0.00000     0.00000     0.00000     0.00000     0.00000     0.00000     0.00000     0.00000     0.00000     0.00000     0.00000     0.00000     0.00000     0.00000     0.00000     0.00000     0.00000     0.00000     0.00000     0.00000     0.00000     0.00000     0.00000     0.00000     0.00000     0.00000     0.00000     0.00000     0.00000     0.00000     0.00000     0.00000     0.00000     0.00000     0.00000     0.00000     0.00000     0.00000     0.00000     0.00000     0.00000     0.00000     0.00000     0.00000     0.00000     0.00000     0.00000     0.00000     0.00000     0.00000     0.00000     0.00000     0.00000     0.00000     0.00000     0.00000     0.00000     0.00000     0.00000     0.00000     0.00000     0.00000     0.00000     0.00000     0.00000     0.00000     0.00000     0.00000     0.00000     0.00000     0.00000     0.00000     0.00000     0.00000     0.00000     0.00000     0.00000     0.00000     0.00000     0.00000     0.00000     0.00000     0.00000     0.00000
     0.00000     0.00000     0.00000     0.00000     0.00000     0.00000     0.00000     0.00000     0.00000     0.00000     0.00000     0.00000     0.00000     0.00000     0.00000     0.00000     0.00000     0.00000     0.00000     0.00000     0.00000     0.00000     0.00000     0.00000     0.00000     0.00000     0.00000     0.00000     0.00000     0.00000     0.00000     0.00000     0.00000     0.00000     0.00000     0.00000     0.00000     0.00000     0.00000     0.00000     0.00000     0.00000     0.00000     0.00000     0.00000     0.00000     0.00000     0.00000     0.00000     0.00000     0.00000     0.00000     0.00000     0.00000     0.00000     0.00000     0.00000     0.00000     0.00000     0.00000     0.00000     0.00000     0.00000     0.00000     0.00000     0.00000     0.00000     0.00000     0.00000     0.00000     0.00000     0.00000     0.00000     0.00000     0.00000     0.00000     0.00000     0.00000     0.00000     0.00000     0.00000     0.00000     0.00000     0.00000     0.00000     0.00000     0.00000     0.00000     0.00000     0.00000     0.00000     0.00000     0.00000     0.00000     0.00000     0.00000     0.00000     0.00000     0.00000     0.00000     0.00000     0.00000     0.00000     0.00000     0.00000     0.00000     0.00000     0.00000  1910.52344  1917.59448  1924.66553  1931.73669  1938.80774  1945.87878  1952.94983  1960.02087  1967.09204  1974.16309  1981.23413  1988.30518  1995.37622     0.00000     0.00000     0.00000     0.00000     0.00000     0.00000     0.00000     0.00000     0.00000     0.00000     0.00000     0.00000     0.00000     0.00000     0.00000     0.00000     0.00000     0.00000     0.00000     0.00000     0.00000     0.00000     0.00000     0.00000     0.00000     0.00000     0.00000     0.00000     0.00000     0.00000     0.00000     0.00000     0.00000     0.00000     0.00000     0.00000     0.00000     0.00000     0.00000     0.00000     0.00000     0.00000     0.00000     0.00000     0.00000     0.00000     0.00000     0.00000     0.00000     0.00000     0.00000     0.00000     0.00000     0.00000     0.00000     0.00000     0.00000     0.00000     0.00000     0.00000     0.00000     0.00000     0.00000     0.00000     0.00000     0.00000     0.00000     0.00000     0.00000     0.00000     0.00000     0.00000     0.00000     0.00000     0.00000     0.00000     0.00000     0.00000     0.00000     0.00000     0.00000     0.00000     0.00000     0.00000     0.00000     0.00000     0.00000     0.00000     0.00000     0.00000     0.00000     0.00000     0.00000     0.00000     0.00000     0.00000     0.00000     0.00000     0.00000     0.00000     0.00000     0.00000     0.00000     0.00000     0.00000     0.00000     0.00000     0.00000
     0.00000     0.00000     0.00000     0.00000     0.00000     0.00000     0.00000     0.00000     0.00000     0.00000     0.00000     0.00000     0.00000     0.00000     0.00000     0.00000     0.00000     0.00000     0.00000     0.00000     0.00000     0.00000     0.00000     0.00000     0.00000     0.00000     0.00000     0.00000     0.00000     0.00000     0.00000     0.00000     0.00000     0.00000     0.00000     0.00000     0.00000     0.00000     0.00000     0.00000     0.00000     0.00000     0.00000     0.00000     0.00000     0.00000     0.00000     0.00000     0.00000     0.00000     0.00000     0.00000     0.00000     0.00000     0.00000     0.00000     0.00000     0.00000     0.00000     0.00000     0.00000     0.00000     0.00000     0.00000     0.00000     0.00000     0.00000     0.00000     0.00000     0.00000     0.00000     0.00000     0.00000     0.00000     0.00000     0.00000     0.00000     0.00000     0.00000     0.00000     0.00000     0.00000     0.00000     0.00000     0.00000     0.00000     0.00000     0.00000     0.00000     0.00000     0.00000     0.00000     0.00000     0.00000     0.00000     0.00000     0.00000     0.00000     0.00000     0.00000     0.00000     0.00000     0.00000     0.00000     0.00000     0.00000     0.00000     0.00000     0.00000  1924.66553  1931.73669  1938.80774  1945.87878  1952.94983  1960.02087  1967.09204  1974.16309  1981.23413  1988.30518  1995.37622     0.00000     0.00000     0.00000     0.00000     0.00000     0.00000     0.00000     0.00000     0.00000     0.00000     0.00000     0.00000     0.00000     0.00000     0.00000     0.00000     0.00000     0.00000     0.00000     0.00000     0.00000     0.00000     0.00000     0.00000     0.00000     0.00000     0.00000     0.00000     0.00000     0.00000     0.00000     0.00000     0.00000     0.00000     0.00000     0.00000     0.00000     0.00000     0.00000     0.00000     0.00000     0.00000     0.00000     0.00000     0.00000     0.00000     0.00000     0.00000     0.00000     0.00000     0.00000     0.00000     0.00000     0.00000     0.00000     0.00000     0.00000     0.00000     0.00000     0.00000     0.00000     0.00000     0.00000     0.00000     0.00000     0.00000     0.00000     0.00000     0.00000     0.00000     0.00000     0.00000     0.00000     0.00000     0.00000     0.00000     0.00000     0.00000     0.00000     0.00000     0.00000     0.00000     0.00000     0.00000     0.00000     0.00000     0.00000     0.00000     0.00000     0.00000     0.00000     0.00000     0.00000     0.00000     0.00000     0.00000     0.00000     0.00000     0.00000     0.00000     0.00000     0.00000     0.00000     0.00000     0.00000     0.00000     0.00000     0.00000     0.00000
     0.00000     0.00000     0.00000     0.00000     0.00000     0.00000     0.00000     0.00000     0.00000     0.00000     0.00000     0.00000     0.00000     0.00000     0.00000     0.00000     0.00000     0.00000     0.00000     0.00000     0.00000     0.00000     0.00000     0.00000     0.00000     0.00000     0.00000     0.00000     0.00000     0.00000     0.00000     0.00000     0.00000     0.00000     0.00000     0.00000     0.00000     0.00000     0.00000     0.00000     0.00000     0.00000     0.00000     0.00000     0.00000     0.00000     0.00000     0.00000     0.00000     0.00000     0.00000     0.00000     0.00000     0.00000     0.00000     0.00000     0.00000     0.00000     0.00000     0.00000     0.00000     0.00000     0.00000     0.00000     0.00000     0.00000     0.00000     0.00000     0.00000     0.00000     0.00000     0.00000     0.00000     0.00000     0.00000     0.00000     0.00000     0.00000     0.00000     0.00000     0.00000     0.00000     0.00000     0.00000     0.00000     0.00000     0.00000     0.00000     0.00000     0.00000     0.00000     0.00000     0.00000     0.00000     0.00000     0.00000     0.00000     0.00000     0.00000     0.00000     0.00000     0.00000     0.00000     0.00000     0.00000     0.00000     0.00000     0.00000     0.00000     0.00000  1938.80774  1945.87878  1952.94983  1960.02087  1967.09204  1974.16309  1981.23413  1988.30518  1995.37622     0.00000     0.00000     0.00000     0.00000     0.00000     0.00000     0.00000     0.00000     0.00000     0.00000     0.00000     0.00000     0.00000     0.00000     0.00000     0.00000     0.00000     0.00000     0.00000     0.00000     0.00000     0.00000     0.00000     0.00000     0.00000     0.00000     0.00000     0.00000     0.00000     0.00000     0.00000     0.00000     0.00000     0.00000     0.00000     0.00000     0.00000     0.00000     0.00000     0.00000     0.00000     0.00000     0.00000     0.00000     0.00000     0.00000     0.00000     0.00000     0.00000     0.00000     0.00000     0.00000     0.00000     0.00000     0.00000     0.00000     0.00000     0.00000     0.00000     0.00000     0.00000     0.00000     0.00000     0.00000     0.00000     0.00000     0.00000     0.00000     0.00000     0.00000     0.00000     0.00000     0.00000     0.00000     0.00000     0.00000     0.00000     0.00000     0.00000     0.00000     0.00000     0.00000     0.00000     0.00000     0.00000     0.00000     0.00000     0.00000     0.00000     0.00000     0.00000     0.00000     0.00000     0.00000     0.00000     0.00000     0.00000     0.00000     0.00000     0.00000     0.00000     0.00000     0.00000     0.00000     0.00000     0.00000     0.00000     0.00000     0.00000     0.00000
     0.00000     0.00000     0.00000     0.00000     0.00000     0.00000     0.00000     0.00000     0.00000     0.00000     0.00000     0.00000     0.00000     0.00000     0.00000     0.00000     0.00000     0.00000     0.00000     0.00000     0.00000     0.00000     0.00000     0.00000     0.00000     0.00000     0.00000     0.00000     0.00000     0.00000     0.00000     0.00000     0.00000     0.00000     0.00000     0.00000     0.00000     0.00000     0.00000     0.00000     0.00000     0.00000     0.00000     0.00000     0.00000     0.00000     0.00000     0.00000     0.00000     0.00000     0.00000     0.00000     0.00000     0.00000     0.00000     0.00000     0.00000     0.00000     0.00000     0.00000     0.00000     0.00000     0.00000     0.00000     0.00000     0.00000     0.00000     0.00000     0.00000     0.00000     0.00000     0.00000     0.00000     0.00000     0.00000     0.00000     0.00000     0.00000     0.00000     0.00000     0.00000     0.00000     0.00000     0.00000     0.00000     0.00000     0.00000     0.00000     0.00000     0.00000     0.00000     0.00000     0.00000     0.00000     0.00000     0.00000     0.00000     0.00000     0.00000     0.00000     0.00000     0.00000     0.00000     0.00000     0.00000     0.00000     0.00000     0.00000     0.00000     0.00000     0.00000  1952.94983  1960.02087  1967.09204  1974.16309  1981.23413  1988.30518  1995.37622     0.00000     0.00000     0.00000     0.00000     0.00000     0.00000     0.00000     0.00000     0.00000     0.00000     0.00000     0.00000     0.00000     0.00000     0.00000     0.00000     0.00000     0.00000     0.00000     0.00000     0.00000     0.00000     0.00000     0.00000     0.00000     0.00000     0.00000     0.00000     0.00000     0.00000     0.00000     0.00000     0.00000     0.00000     0.00000     0.00000     0.00000     0.00000     0.00000     0.00000     0.00000     0.00000     0.00000     0.00000     0.00000     0.00000     0.00000     0.00000     0.00000     0.00000     0.00000     0.00000     0.00000     0.00000     0.00000     0.00000     0.00000     0.00000     0.00000     0.00000     0.00000     0.00000     0.00000     0.00000     0.00000     0.00000     0.00000     0.00000     0.00000     0.00000     0.00000     0.00000     0.00000     0.00000     0.00000     0.00000     0.00000     0.00000     0.00000     0.00000     0.00000     0.00000     0.00000     0.00000     0.00000     0.00000     0.00000     0.00000     0.00000     0.00000     0.00000     0.00000     0.00000     0.00000     0.00000     0.00000     0.00000     0.00000     0.00000     0.00000     0.00000     0.00000     0.00000     0.00000     0.00000     0.00000     0.00000     0.00000     0.00000     0.00000     0.00000
     0.00000     0.00000     0.00000     0.00000     0.00000     0.00000     0.00000     0.00000     0.00000     0.00000     0.00000     0.00000     0.00000     0.00000     0.00000     0.00000     0.00000     0.00000     0.00000     0.00000     0.00000     0.00000     0.00000     0.00000     0.00000     0.00000     0.00000     0.00000     0.00000     0.00000     0.00000     0.00000     0.00000     0.00000     0.00000     0.00000     0.00000     0.00000     0.00000     0.00000     0.00000     0.00000     0.00000     0.00000     0.00000     0.00000     0.00000     0.00000     0.00000     0.00000     0.00000     0.00000     0.00000     0.00000     0.00000     0.00000     0.00000     0.00000     0.00000     0.00000     0.00000     0.00000     0.00000     0.00000     0.00000     0.00000     0.00000     0.00000     0.00000     0.00000     0.00000     0.00000     0.00000     0.00000     0.00000     0.00000     0.00000     0.00000     0.00000     0.00000     0.00000     0.00000     0.00000     0.00000     0.00000     0.00000     0.00000     0.00000     0.00000     0.00000     0.00000     0.00000     0.00000     0.00000     0.00000     0.00000     0.00000     0.00000     0.00000     0.00000     0.00000     0.00000     0.00000     0.00000     0.00000     0.00000     0.00000     0.00000     0.00000     0.00000     0.00000     0.00000  1967.09204  1974.16309  1981.23413  1988.30518  1995.37622     0.00000     0.00000     0.00000     0.00000     0.00000     0.00000     0.00000     0.00000     0.00000     0.00000     0.00000     0.00000     0.00000     0.00000     0.00000     0.00000     0.00000     0.00000     0.00000     0.00000     0.00000     0.00000     0.00000     0.00000     0.00000     0.00000     0.00000     0.00000     0.00000     0.00000     0.00000     0.00000     0.00000     0.00000     0.00000     0.00000     0.00000     0.00000     0.00000     0.00000     0.00000     0.00000     0.00000     0.00000     0.00000     0.00000     0.00000     0.00000     0.00000     0.00000     0.00000     0.00000     0.00000     0.00000     0.00000     0.00000     0.00000     0.00000     0.00000     0.00000     0.00000     0.00000     0.00000     0.00000     0.00000     0.00000     0.00000     0.00000     0.00000     0.00000     0.00000     0.00000     0.00000     0.00000     0.00000     0.00000     0.00000     0.00000     0.00000     0.00000     0.00000     0.00000     0.00000     0.00000     0.00000     0.00000     0.00000     0.00000     0.00000     0.00000     0.00000     0.00000     0.00000     0.00000     0.00000     0.00000     0.00000     0.00000     0.00000     0.00000     0.00000     0.00000     0.00000     0.00000     0.00000     0.00000     0.00000     0.00000     0.00000     0.00000     0.00000     0.00000
     0.00000     0.00000     0.00000     0.00000     0.00000     0.00000     0.00000     0.00000     0.00000     0.00000     0.00000     0.00000     0.00000     0.00000     0.00000     0.00000     0.00000     0.00000     0.00000     0.00000     0.00000     0.00000     0.00000     0.00000     0.00000     0.00000     0.00000     0.00000     0.00000     0.00000     0.00000     0.00000     0.00000     0.00000     0.00000     0.00000     0.00000     0.00000     0.00000     0.00000     0.00000     0.00000     0.00000     0.00000     0.00000     0.00000     0.00000     0.00000     0.00000     0.00000     0.00000     0.00000     0.00000     0.00000     0.00000     0.00000     0.00000     0.00000     0.00000     0.00000     0.00000     0.00000     0.00000     0.00000     0.00000     0.00000     0.00000     0.00000     0.00000     0.00000     0.00000     0.00000     0.00000     0.00000     0.00000     0.00000     0.00000     0.00000     0.00000     0.00000     0.00000     0.00000     0.00000     0.00000     0.00000     0.00000     0.00000     0.00000     0.00000     0.00000     0.00000     0.00000     0.00000     0.00000     0.00000     0.00000     0.00000     0.00000     0.00000     0.00000     0.00000     0.00000     0.00000     0.00000     0.00000     0.00000     0.00000     0.00000     0.00000     0.00000     0.00000     0.00000     0.00000  1981.23413  1988.30518  1995.37622     0.00000     0.00000     0.00000     0.00000     0.00000     0.00000     0.00000     0.00000     0.00000     0.00000     0.00000     0.00000     0.00000     0.00000     0.00000     0.00000     0.00000     0.00000     0.00000     0.00000     0.00000     0.00000     0.00000     0.00000     0.00000     0.00000     0.00000     0.00000     0.00000     0.00000     0.00000     0.00000     0.00000     0.00000     0.00000     0.00000     0.00000     0.00000     0.00000     0.00000     0.00000     0.00000     0.00000     0.00000     0.00000     0.00000     0.00000     0.00000     0.00000     0.00000     0.00000     0.00000     0.00000     0.00000     0.00000     0.00000     0.00000     0.00000     0.00000     0.00000     0.00000     0.00000     0.00000     0.00000     0.00000     0.00000     0.00000     0.00000     0.00000     0.00000     0.00000     0.00000     0.00000     0.00000     0.00000     0.00000     0.00000     0.00000     0.00000     0.00000     0.00000     0.00000     0.00000     0.00000     0.00000     0.00000     0.00000     0.00000     0.00000     0.00000     0.00000     0.00000     0.00000     0.00000     0.00000     0.00000     0.00000     0.00000     0.00000     0.00000     0.00000     0.00000     0.00000     0.00000     0.00000     0.00000     0.00000     0.00000     0.00000     0.00000     0.00000     0.00000     0.00000
     0.00000     0.00000     0.00000     0.00000     0.00000     0.00000     0.00000     0.00000     0.00000     0.00000     0.00000     0.00000     0.00000     0.00000     0.00000     0.00000     0.00000     0.00000     0.00000     0.00000     0.00000     0.00000     0.00000     0.00000     0.00000     0.00000     0.00000     0.00000     0.00000     0.00000     0.00000     0.00000     0.00000     0.00000     0.00000     0.00000     0.00000     0.00000     0.00000     0.00000     0.00000     0.00000     0.00000     0.00000     0.00000     0.00000     0.00000     0.00000     0.00000     0.00000     0.00000     0.00000     0.00000     0.00000     0.00000     0.00000     0.00000     0.00000     0.00000     0.00000     0.00000     0.00000     0.00000     0.00000     0.00000     0.00000     0.00000     0.00000     0.00000     0.00000     0.00000     0.00000     0.00000     0.00000     0.00000     0.00000     0.00000     0.00000     0.00000     0.00000     0.00000     0.00000     0.00000     0.00000     0.00000     0.00000     0.00000     0.00000     0.00000     0.00000     0.00000     0.00000     0.00000     0.00000     0.00000     0.00000     0.00000     0.00000     0.00000     0.00000     0.00000     0.00000     0.00000     0.00000     0.00000     0.00000     0.00000     0.00000     0.00000     0.00000     0.00000     0.00000     0.00000     0.00000  1995.37622     0.00000     0.00000     0.00000     0.00000     0.00000     0.00000     0.00000     0.00000     0.00000     0.00000     0.00000     0.00000     0.00000     0.00000     0.00000     0.00000     0.00000     0.00000     0.00000     0.00000     0.00000     0.00000     0.00000     0.00000     0.00000     0.00000     0.00000     0.00000     0.00000     0.00000     0.00000     0.00000     0.00000     0.00000     0.00000     0.00000     0.00000     0.00000     0.00000     0.00000     0.00000     0.00000     0.00000     0.00000     0.00000     0.00000     0.00000     0.00000     0.00000     0.00000     0.00000     0.00000     0.00000     0.00000     0.00000     0.00000     0.00000     0.00000     0.00000     0.00000     0.00000     0.00000     0.00000     0.00000     0.00000     0.00000     0.00000     0.00000     0.00000     0.00000     0.00000     0.00000     0.00000     0.00000     0.00000     0.00000     0.00000     0.00000     0.00000     0.00000     0.00000     0.00000     0.00000     0.00000     0.00000     0.00000     0.00000     0.00000     0.00000     0.00000     0.00000     0.00000     0.00000     0.00000     0.00000     0.00000     0.00000     0.00000     0.00000     0.00000     0.00000     0.00000     0.00000     0.00000     0.00000     0.00000     0.00000     0.00000     0.00000     0.00000     0.00000     0.00000     0.00000     0.00000
